record_id,country,date,year,speaker_name,speaker_position,speaker_level,institution,document_type,document_title,question_text,response_text,relevant_excerpt,issue_primary,issue_secondary,kingdon_problem,kingdon_policy,kingdon_politics,kingdon_confidence,apology,explanation,remorse,reflection,remedy,pardon_or_forgiveness,responsibility_actor,agency_explicit,audience_orientation,source_language,official_translation,source_url,retrieval_date,archive_url,collection_method,coder_notes,classification_confidence,duplicate_group_id,canonical_record
37339e32-cd17-43ae-bc8b-654c9b92a7b0,japan,2022-08-15,2022,KISHIDA Fumio,Prime Minister of Japan,HEAD,Prime Minister's Office of Japan (Kantei),SPEECH,Address by Prime Minister Kishida at the Seventy-Seventh National Memorial Ceremony for the War Dead (Speeches and Statements <br>by the Prime Minister) | Prime Minister's Office of Japan,,"Address by Prime Minister Kishida at the Seventy-Seventh National Memorial Ceremony for the War Dead (Speeches and Statements <br>by the Prime Minister) | Prime Minister's Office of Japan
Address by Prime Minister Kishida at the Seventy-Seventh National Memorial Ceremony for the War Dead
August 15, 2022
Tweet
[Provisional translation]
In the gracious presence of Their Majesties the Emperor and Empress, and with the attendance of bereaved families of the war dead, distinguished representatives of all sectors of society, and many others, I hereby commence the annual National Memorial Ceremony for the War Dead.
More than three million of our compatriots lost their lives during the war.
Some fell on the battlefields worrying about the future of their homeland and wishing for the happiness of their families. Others perished in remote foreign countries after the war. And many fell victim to the violent turmoil of war in the atomic bombings of Hiroshima and Nagasaki, the air raids on numerous cities, and the ground battles in Okinawa, among others. Here, before the souls of all who lost their lives, I offer my heartfelt prayers for their repose.
We will not forget, even for a moment, that the peace and prosperity we enjoy today was built atop the precious lives and the history of suffering of the war dead. I express my deepest respect and gratitude once more.
Never will we forget the large number of war dead whose remains have still not been recovered. Taking it as the responsibility of the nation, we shall spare no effort to enable their remains to return to their hometowns at the earliest possible time.
Since the end of the war, Japan has consistently walked the path of a peace-loving nation. Taking the lessons of history deeply into our hearts, we have made all possible efforts for world peace and prosperity.
We must never again repeat the devastation of war. We will continue to remain committed to this resolute pledge. In this world in which conflicts have not yet ceased, under the banner of ""Proactive Contribution to Peace,"" Japan is determined to join forces with the international community and do its utmost to resolve the various challenges facing the world. We shall carve out the future of our nation for the sake of the generation alive now and the generations of tomorrow.
I will conclude my address by once again offering my heartfelt prayers for the repose of the souls of the war dead and for the happiness of the members of their bereaved families.
KISHIDA Fumio
Prime Minister of Japan
August 15, 2022
More
Related Link
Japanese
Tweet
Archives (Archived entries for the 101st through 103rd Prime Ministers)
The 103rd Prime Minister
ISHIBA Shigeru
Open
Close
2025
2024
The 102nd Prime Minister
ISHIBA Shigeru
Open
Close
2024
The 101st Prime Minister
KISHIDA Fumio
Open
Close
2024
2023
2022
2021
Tag List
View All
Return to the Speeches and Statements by the Prime Minister","Address by Prime Minister Kishida at the Seventy-Seventh National Memorial Ceremony for the War Dead (Speeches and Statements <br>by the Prime Minister) | Prime Minister's Office of Japan
Address by Prime Minister Kishida at the Seventy-Seventh National Memorial Ceremony for the War Dead
August 15, 2022
Tweet
[Provisional translation]
In the gracious presence of Their Majesties the Emperor and Empress, and with the attendance of bereaved families of the war dead, distinguished representatives of all sectors of society, and many others, I hereby commence the annual National Memorial Ceremony for the War Dead. More than three million of our compatriots lost their lives during the war. Some fell on the battlefields worrying about the future of their homeland and wishing for the happiness of their families. Others perished in remote foreign countries after the war. And many fell victim to the violent turmoil of war in the atomic bombings of Hiroshima and Nagasaki, the air raids on numerous cities, and the ground battles in Okinawa, among others. Here, before the souls of all who lost their lives, I offer my heartfelt prayers for their repose. We will not forget, even for a moment, that the peace and prosperity we enjoy today was built atop the precious lives and the history of suffering of the war dead. I express my deepest respect and gratitude once more. Never will we forget the large number of war dead whose remains have still not been recovered. Taking it as the responsibility of the nation, we shall spare no effort to enable their remains to return to their hometowns at the earliest possible time. Since the end of the war, Japan has consistently walked the path of a peace-loving nation. Taking the lessons of history deeply into our hearts, we have made all possible efforts for world peace and prosperity. We must never again repeat the devastation of war. We will continue to remain committed to this resolute pledge. In this world in which conflicts have not yet ceased, under the banner of ""Proactive Contribution to Peace,"" Japan is determined to join forces with the international community and do its utmost to resolve the various challenges facing the world. We shall carve out the future of our nation for the sake of the generation alive now and the generations of tomorrow. I will conclude my address by once again offering my heartfelt prayers for the repose of the souls of the war dead and for the happiness of the members of their bereaved families. KISHIDA Fumio
Prime Minister of Japan
August 15, 2022
More
Related Link
Japanese
Tweet
Archives (Archived entries for the 101st through 103rd Prime Ministers)
The 103rd Prime Minister
ISHIBA Shigeru
Open
Close
2025
2024
The 102nd Prime Minister
ISHIBA Shigeru
Open
Close
2024
The 101st Prime Minister
KISHIDA Fumio
Open
Close
2024
2023
2022
2021
Tag List
View All
Return to the Speeches and Statements by the Prime Minister",WAR_GENERAL,NA,0,1,0,MEDIUM,0,0,0,1,1,0,UNSPECIFIED,0,DOMESTIC,en,1,https://japan.kantei.go.jp/101_kishida/statement/202208/_00006.html,NA,NA,NA,"77th National Memorial Ceremony for the War Dead (Kishida's first). Adds ""taking the lessons of history deeply into our hearts"" but still no apology/remorse toward foreign victims.",MEDIUM,6d37ea79-403b-52b7-a520-3f8875766af8,1
e7c2f241-4e6c-44d2-8461-4db00c0314ab,japan,2023-03-06,2023,KISHIDA Fumio,Prime Minister of Japan,HEAD,Prime Minister's Office of Japan (Kantei),PRESS_CONFERENCE,Press Conference by the Prime Minister regarding the Issue of Former Civilian Workers from the Korean Peninsula (Speeches and Statements <br>by the Prime Minister) | Prime Minister's Office of Japan,,"Press Conference by the Prime Minister regarding the Issue of Former Civilian Workers from the Korean Peninsula (Speeches and Statements <br>by the Prime Minister) | Prime Minister's Office of Japan
#DiplomacySecurity
Press Conference by the Prime Minister regarding the Issue of Former Civilian Workers from the Korean Peninsula
March 6, 2023
Tweet
[Provisional translation]
[Provisional translation]
(On the Government’s reaction to the issue of former civilian workers from the Korean Peninsula, the Japan-ROK Summit Meeting and his historic recognition of the Japan-ROK relations)
Earlier today, the Government of the Republic of Korea (ROK) announced their measures regarding the issue of former civilian workers from the Korean Peninsula. We regard the latest measures announced by the Government of ROK as a step towards restoring healthy Japan-ROK relations. ROK President Yoon Suk Yeol and I have been in communication on various occasions, including our meeting in New York and the Japan-ROK Summit Meeting in Cambodia. I believe that Japan and the ROK are important neighboring countries in addressing various issues in the international community, and in light of the current international situation and strategic environment, we recognize the importance of Japan-ROK and Japan-U.S.-ROK cooperation, as well as the importance of cooperation with the ROK in working toward a Free and Open Indo-Pacific. We intend to closely communicate with President Yoon down the road. Regarding the question about a future Japan-ROK Summit Meeting, we have not yet decided on any specific diplomatic schedule in Japan-ROK relations. We have taken over the position of previous cabinets on the recognition of the history, including the Japan-ROK Joint Declaration announced in October 1998. This is the position that the Government of Japan takes.
(On his thoughts on ensuring the irreversibility)
We regard the measures announced today by the Government of ROK as a step towards restoring healthy Japan-ROK relations. We understand that the Government of ROK has also made various efforts on its part. We have high hopes that this could be an opportunity to strengthen and strongly advance Japan-ROK relations while implementing the measures. To this end, I would like to emphasize the importance of communicating closely with President Yoon.
(On whether the concerns over possible reversal on the irreversibility has been eliminated)
I would like to refrain from going into a hypothetical question. We appreciate the announced measures and hope that Japan-ROK relations will move forward. To that end, we will continue to communicate with each other.
(On the Japan-ROK Export Control Policy Dialogue)
Let me first clarify that the ""update of licensing policies and procedures on exports of controlled items to the ROK"" has been conducted to ensure proper implementation of export control from a security perspective and therefore is a separate issue from the issue of former civilian workers from the Korean Peninsula. And today, I have been informed that in order to restore the pre-July 2019 status quo regarding the pending issue of export control, both sides have decided to promptly hold related bilateral consultations between the Japanese and ROK authorities, in light of the ROK's announcement of its decision to suspend its WTO dispute settlement procedures. I hope that the consultations will proceed steadily. For further details, the Ministry of Economy, Trade and Industry is ready to answer your questions.
More
Related Link
Japanese
Tweet
Archives (Archived entries for the 101st through 103rd Prime Ministers)
The 103rd Prime Minister
ISHIBA Shigeru
Open
Close
2025
2024
The 102nd Prime Minister
ISHIBA Shigeru
Open
Close
2024
The 101st Prime Minister
KISHIDA Fumio
Open
Close
2024
2023
2022
2021
Tag List
View All
Related Pages
Return to the Speeches and Statements by the Prime Minister","Press Conference by the Prime Minister regarding the Issue of Former Civilian Workers from the Korean Peninsula (Speeches and Statements <br>by the Prime Minister) | Prime Minister's Office of Japan
#DiplomacySecurity
Press Conference by the Prime Minister regarding the Issue of Former Civilian Workers from the Korean Peninsula
March 6, 2023
Tweet
[Provisional translation]
[Provisional translation]
(On the Government’s reaction to the issue of former civilian workers from the Korean Peninsula, the Japan-ROK Summit Meeting and his historic recognition of the Japan-ROK relations)
Earlier today, the Government of the Republic of Korea (ROK) announced their measures regarding the issue of former civilian workers from the Korean Peninsula. We regard the latest measures announced by the Government of ROK as a step towards restoring healthy Japan-ROK relations. ROK President Yoon Suk Yeol and I have been in communication on various occasions, including our meeting in New York and the Japan-ROK Summit Meeting in Cambodia. I believe that Japan and the ROK are important neighboring countries in addressing various issues in the international community, and in light of the current international situation and strategic environment, we recognize the importance of Japan-ROK and Japan-U.S.-ROK cooperation, as well as the importance of cooperation with the ROK in working toward a Free and Open Indo-Pacific. We intend to closely communicate with President Yoon down the road. Regarding the question about a future Japan-ROK Summit Meeting, we have not yet decided on any specific diplomatic schedule in Japan-ROK relations. We have taken over the position of previous cabinets on the recognition of the history, including the Japan-ROK Joint Declaration announced in October 1998. This is the position that the Government of Japan takes. (On his thoughts on ensuring the irreversibility)
We regard the measures announced today by the Government of ROK as a step towards restoring healthy Japan-ROK relations. We understand that the Government of ROK has also made various efforts on its part. We have high hopes that this could be an opportunity to strengthen and strongly advance Japan-ROK relations while implementing the measures. To this end, I would like to emphasize the importance of communicating closely with President Yoon. (On whether the concerns over possible reversal on the irreversibility has been eliminated)
I would like to refrain from going into a hypothetical question. We appreciate the announced measures and hope that Japan-ROK relations will move forward. To that end, we will continue to communicate with each other. (On the Japan-ROK Export Control Policy Dialogue)
Let me first clarify that the ""update of licensing policies and procedures on exports of controlled items to the ROK"" has been conducted to ensure proper implementation of export control from a security perspective and therefore is a separate issue from the issue of former civilian workers from the Korean Peninsula.",FORCED_LABOR,COMPENSATION_REPARATION;HISTORICAL_RECOGNITION_GENERAL,1,1,1,HIGH,0,1,0,0,1,0,UNSPECIFIED,0,MIXED,en,1,https://japan.kantei.go.jp/101_kishida/statement/202303/_00004.html,NA,NA,NA,"Kishida's reaction to the ROK government's March 2023 third-party reimbursement plan for wartime forced-labor court judgments against Japanese firms. Cites the Oct 1998 Japan-ROK Joint Declaration (Obuchi-Kim) as the standing ""recognition of history"" position by reference only, without re-quoting its apology/remorse language. remedy=1 refers to the ROK's own compensation measure, which Japan welcomes, not a new Japanese remedy.",HIGH,fcb0a3eb-0570-5882-8283-33e807cdb232,1
da272986-2674-4610-864b-a25a61e8e58e,japan,2023-03-16,2023,KISHIDA Fumio,Prime Minister of Japan,HEAD,Prime Minister's Office of Japan (Kantei),PRESS_CONFERENCE,Joint Press Conference by the Leaders of Japan and the Republic of Korea (Speeches and Statements <br>by the Prime Minister) | Prime Minister's Office of Japan,,"Joint Press Conference by the Leaders of Japan and the Republic of Korea (Speeches and Statements <br>by the Prime Minister) | Prime Minister's Office of Japan
#DiplomacySecurity
#JPNKORsummit
#FreeOpenIndoPacific
#AbductionsByNK
#NKmissile
Joint Press Conference by the Leaders of Japan and the Republic of Korea
March 16, 2023
Tweet
[Provisional translation]
[Opening Statement by Prime Minister KISHIDA Fumio]
I welcome President YOON Suk Yeol of the Republic of Korea (ROK) most wholeheartedly in his visit to Japan. This week, in Tokyo the cherry blossoms have come into full bloom, and now, as we emerge from a long period of winter, we welcome the President of the ROK to Japan as the first bilateral visit in roughly 12 years.
In my meeting with President Yoon, we were in full agreement that the strengthening of Japan-ROK relations is a matter of pressing urgency in the current strategic environment, and that we will further develop Japan-ROK relations, based on the foundation of the friendly and cooperative relations we have cultivated since the normalization of our diplomatic relations in 1965.
Recently, the ROK Government announced measures regarding the issue of former civilian workers from the Korean Peninsula. The Government of Japan commends these measures as a step towards restoring healthy Japan-ROK relations, which have been in extremely severe circumstances. During our summit meeting, we confirmed that the Government of Japan takes up in its entirety the position of previous cabinets on the recognition of the history, including the Japan-ROK Joint Declaration announced in October 1998. I look forward to a robust expansion of exchanges between our two countries in the future in such fields as politics, the economy, and culture, alongside the implementation of these measures.
In order to open up a new chapter in Japan-ROK relations, during the meeting I held with President Yoon today, we agreed to restart ""shuttle diplomacy,"" with the leaders of our nations each frequently visiting the other's country, regardless of the form in which those visits take place.
In addition, with regard to Japan-ROK relations, we agreed to invigorate communications between our governments across a wide range of fields. In concrete terms, first of all, we shared the same stance that we will restart at an early time the Japan-ROK Security Dialogue and also the Japan-ROK Vice-Ministerial Strategic Dialogue, both of which have been suspended for a long time, and we agreed on the importance of relaunching the high-level Japan-ROK-China trilateral process at an early time. We also decided to launch consultations between Japan and the ROK regarding economic security. In addition, we made progress in the area of export control. In the future we will promote a wide range of dialogue in various policy areas between our respective ministries and agencies in charge.
In addition, private sector exchanges and cooperation are a framework supporting bilateral relations. I welcome the fact that, taking the opportunity of President Yoon's visit to Japan, economic federations in both Japan and the ROK have announced they will each establish a fund for future-oriented Japan-ROK cooperation and exchange. The Government of Japan will continue to support exchanges among young people, who will hold the key to our nations' futures.
Exchanges between our two countries have now recovered, and as for the number of foreign visitors to our two countries, it is ROK and Japanese nationals that are each visiting the other's country in the greatest number. I very much look forward to a further acceleration of the virtuous cycle of increasingly active people-to-people exchanges and improvements in our relations.
President Yoon and I also shared a common recognition of the current harsh security environment. In particular, with regard to responses to North Korea, which is further pursuing nuclear and missile activities, including this morning's launch of an ICBM-class ballistic missile, we confirmed the importance of further reinforcing the deterrence and response capabilities of the Japan-U.S. Alliance and ROK-U.S. Alliance and of vigorously promoting security cooperation both between Japan and the ROK and among Japan, the ROK, and the U.S. The window for dialogue with North Korea remains open. That fact has not changed. President Yoon also expressed strong support once again regarding the abductions issue.
Moreover, we reaffirmed the importance of bringing about a free and open Indo-Pacific at this historic turning point, and we shared a common recognition of the importance of like-minded countries working together to fully defend the free and open international order based on the rule of law.
This visit by President Yoon to Japan has been a major step forward for the normalization of Japan-ROK relations. I am looking forward to the opportunity to speak in even greater depth with President Yoon and the First Lady at the dinner scheduled to take place after this. With President Yoon's visit to Japan as a turning point, I have high hopes for us to cultivate our trust and friendship and for Japan-ROK relations to make great strides forward.
More
Related Link
Photos (PM in Action)
Summary
Japanese
Tweet
Archives (Archived entries for the 101st through 103rd Prime Ministers)
The 103rd Prime Minister
ISHIBA Shigeru
Open
Close
2025
2024
The 102nd Prime Minister
ISHIBA Shigeru
Open
Close
2024
The 101st Prime Minister
KISHIDA Fumio
Open
Close
2024
2023
2022
2021
Tag List
View All
Related Pages
Return to the Speeches and Statements by the Prime Minister","In my meeting with President Yoon, we were in full agreement that the strengthening of Japan-ROK relations is a matter of pressing urgency in the current strategic environment, and that we will further develop Japan-ROK relations, based on the foundation of the friendly and cooperative relations we have cultivated since the normalization of our diplomatic relations in 1965. Recently, the ROK Government announced measures regarding the issue of former civilian workers from the Korean Peninsula. The Government of Japan commends these measures as a step towards restoring healthy Japan-ROK relations, which have been in extremely severe circumstances. During our summit meeting, we confirmed that the Government of Japan takes up in its entirety the position of previous cabinets on the recognition of the history, including the Japan-ROK Joint Declaration announced in October 1998. I look forward to a robust expansion of exchanges between our two countries in the future in such fields as politics, the economy, and culture, alongside the implementation of these measures. In order to open up a new chapter in Japan-ROK relations, during the meeting I held with President Yoon today, we agreed to restart ""shuttle diplomacy,"" with the leaders of our nations each frequently visiting the other's country, regardless of the form in which those visits take place. In addition, with regard to Japan-ROK relations, we agreed to invigorate communications between our governments across a wide range of fields. In the future we will promote a wide range of dialogue in various policy areas between our respective ministries and agencies in charge. In addition, private sector exchanges and cooperation are a framework supporting bilateral relations. I welcome the fact that, taking the opportunity of President Yoon's visit to Japan, economic federations in both Japan and the ROK have announced they will each establish a fund for future-oriented Japan-ROK cooperation and exchange. The Government of Japan will continue to support exchanges among young people, who will hold the key to our nations' futures. Exchanges between our two countries have now recovered, and as for the number of foreign visitors to our two countries, it is ROK and Japanese nationals that are each visiting the other's country in the greatest number. I very much look forward to a further acceleration of the virtuous cycle of increasingly active people-to-people exchanges and improvements in our relations. President Yoon and I also shared a common recognition of the current harsh security environment. In particular, with regard to responses to North Korea, which is further pursuing nuclear and missile activities, including this morning's launch of an ICBM-class ballistic missile, we confirmed the importance of further reinforcing the deterrence and response capabilities of the Japan-U.S. President Yoon also expressed strong support once again regarding the abductions issue. Moreover, we reaffirmed the importance of bringing about a free and open Indo-Pacific at this historic turning point, and we shared a common recognition of the importance of like-minded countries working together to fully defend the free and open international order based on the rule of law. This visit by President Yoon to Japan has been a major step forward for the normalization of Japan-ROK relations. I am looking forward to the opportunity to speak in even greater depth with President Yoon and the First Lady at the dinner scheduled to take place after this. With President Yoon's visit to Japan as a turning point, I have high hopes for us to cultivate our trust and friendship and for Japan-ROK relations to make great strides forward. More
Related Link
Photos (PM in Action)
Summary
Japanese
Tweet
Archives (Archived entries for the 101st through 103rd Prime Ministers)
The 103rd Prime Minister
ISHIBA Shigeru
Open
Close
2025
2024
The 102nd Prime Minister
ISHIBA Shigeru
Open
Close
2024
The 101st Prime Minister
KISHIDA Fumio
Open
Close
2024
2023
2022
2021
Tag List
View All
Related Pages
Return to the Speeches and Statements by the Prime Minister",FORCED_LABOR,HISTORICAL_RECOGNITION_GENERAL,1,1,1,HIGH,0,1,0,0,1,0,UNSPECIFIED,0,MIXED,en,1,https://japan.kantei.go.jp/101_kishida/statement/202303/_00010.html,NA,NA,NA,"Opening statement, joint press conference with ROK President Yoon Suk Yeol marking the restart of ""shuttle diplomacy"" (first bilateral visit in ~12 years). Confirms Japan ""takes up in its entirety the position of previous cabinets on the recognition of the history, including the Japan-ROK Joint Declaration announced in October 1998"" -- by reference only, no apology/remorse language re-quoted directly. Coded from the opening statement only; the source page may contain a following Q&A section not captured by the automated Q&A splitter (no ""Question:""-style markers) -- flagged for a follow-up pass.",HIGH,572c38b4-5546-595a-afd6-e20a9c92e73a,1
ea95870d-a541-41ec-b5dd-f5683284710e,japan,2023-08-15,2023,KISHIDA Fumio,Prime Minister of Japan,HEAD,Prime Minister's Office of Japan (Kantei),SPEECH,Address by Prime Minister Kishida at the Seventy-Eighth National Memorial Ceremony for the War Dead (Speeches and Statements <br>by the Prime Minister) | Prime Minister's Office of Japan,,"Address by Prime Minister Kishida at the Seventy-Eighth National Memorial Ceremony for the War Dead (Speeches and Statements <br>by the Prime Minister) | Prime Minister's Office of Japan
Address by Prime Minister Kishida at the Seventy-Eighth National Memorial Ceremony for the War Dead
August 15, 2023
Tweet
[Provisional translation]
In the gracious presence of Their Majesties the Emperor and Empress, and with the attendance of bereaved families of the war dead, distinguished representatives of all sectors of society, and many others, I hereby commence the annual National Memorial Ceremony for the War Dead.
More than three million of our compatriots lost their lives during the war.
Some fell on the battlefields worrying about the future of their homeland and wishing for the happiness of their families. Others perished in remote foreign countries after the war. And many fell victim to the atomic bombings of Hiroshima and Nagasaki, the air raids on numerous cities, and the ground battles in Okinawa, among others. Here, before the souls of all who lost their lives, I offer my heartfelt prayers for their repose.
We will not forget, even for a moment, that the peace and prosperity that Japan enjoys today was built atop the precious lives and the history of suffering of the war dead. I express my deepest respect and gratitude once more.
Never will we forget the large number of war dead whose remains have still not been recovered. Taking it as the responsibility of the nation, we shall continue to spare no effort to collect the remains of the war dead in an intensive manner and bring them back to their hometowns at the earliest possible time.
Since the end of the war, Japan has consistently walked the path of a peace-loving nation. Taking the lessons of history deeply into our hearts, we have made all possible efforts for world peace and prosperity.
We must never again repeat the devastation of war. We will remain committed to this resolute pledge. In this world in which conflicts have not yet ceased, under the banner of “Proactive Contribution to Peace,” Japan is determined to join forces with the international community and do its utmost to resolve the various challenges facing the world. We shall carve out the future of our nation for the sake of the present generations and the generations of the future.
I will conclude my address by once again offering my heartfelt prayers for the repose of the souls of the war dead and for the happiness of the members of their bereaved families.
KISHIDA Fumio
Prime Minister of Japan
August 15, 2023
More
Related Link
Japanese
Tweet
Archives (Archived entries for the 101st through 103rd Prime Ministers)
The 103rd Prime Minister
ISHIBA Shigeru
Open
Close
2025
2024
The 102nd Prime Minister
ISHIBA Shigeru
Open
Close
2024
The 101st Prime Minister
KISHIDA Fumio
Open
Close
2024
2023
2022
2021
Tag List
View All
Return to the Speeches and Statements by the Prime Minister","Address by Prime Minister Kishida at the Seventy-Eighth National Memorial Ceremony for the War Dead (Speeches and Statements <br>by the Prime Minister) | Prime Minister's Office of Japan
Address by Prime Minister Kishida at the Seventy-Eighth National Memorial Ceremony for the War Dead
August 15, 2023
Tweet
[Provisional translation]
In the gracious presence of Their Majesties the Emperor and Empress, and with the attendance of bereaved families of the war dead, distinguished representatives of all sectors of society, and many others, I hereby commence the annual National Memorial Ceremony for the War Dead. More than three million of our compatriots lost their lives during the war. Some fell on the battlefields worrying about the future of their homeland and wishing for the happiness of their families. Others perished in remote foreign countries after the war. And many fell victim to the atomic bombings of Hiroshima and Nagasaki, the air raids on numerous cities, and the ground battles in Okinawa, among others. Here, before the souls of all who lost their lives, I offer my heartfelt prayers for their repose. We will not forget, even for a moment, that the peace and prosperity that Japan enjoys today was built atop the precious lives and the history of suffering of the war dead. I express my deepest respect and gratitude once more. Never will we forget the large number of war dead whose remains have still not been recovered. Taking it as the responsibility of the nation, we shall continue to spare no effort to collect the remains of the war dead in an intensive manner and bring them back to their hometowns at the earliest possible time. Since the end of the war, Japan has consistently walked the path of a peace-loving nation. Taking the lessons of history deeply into our hearts, we have made all possible efforts for world peace and prosperity. We must never again repeat the devastation of war. We will remain committed to this resolute pledge. In this world in which conflicts have not yet ceased, under the banner of “Proactive Contribution to Peace,” Japan is determined to join forces with the international community and do its utmost to resolve the various challenges facing the world. We shall carve out the future of our nation for the sake of the present generations and the generations of the future. I will conclude my address by once again offering my heartfelt prayers for the repose of the souls of the war dead and for the happiness of the members of their bereaved families. KISHIDA Fumio
Prime Minister of Japan
August 15, 2023
More
Related Link
Japanese
Tweet
Archives (Archived entries for the 101st through 103rd Prime Ministers)
The 103rd Prime Minister
ISHIBA Shigeru
Open
Close
2025
2024
The 102nd Prime Minister
ISHIBA Shigeru
Open
Close
2024
The 101st Prime Minister
KISHIDA Fumio
Open
Close
2024
2023
2022
2021
Tag List
View All
Return to the Speeches and Statements by the Prime Minister",WAR_GENERAL,NA,0,1,0,MEDIUM,0,0,0,1,1,0,UNSPECIFIED,0,DOMESTIC,en,1,https://japan.kantei.go.jp/101_kishida/statement/202308/15shikiji.html,NA,NA,NA,78th National Memorial Ceremony for the War Dead. Same pattern as 2022.,MEDIUM,dd35d14a-9e02-57bc-a3d8-9c2909307f26,1
6a6bdd86-6ab9-453b-917b-82e8da839b94,japan,2024-08-15,2024,KISHIDA Fumio,Prime Minister of Japan,HEAD,Prime Minister's Office of Japan (Kantei),SPEECH,Address by Prime Minister Kishida at the Seventy-Ninth National Memorial Ceremony for the War Dead (Speeches and Statements <br>by the Prime Minister) | Prime Minister's Office of Japan,,"Address by Prime Minister Kishida at the Seventy-Ninth National Memorial Ceremony for the War Dead (Speeches and Statements <br>by the Prime Minister) | Prime Minister's Office of Japan
Address by Prime Minister Kishida at the Seventy-Ninth National Memorial Ceremony for the War Dead
August 15, 2024
Tweet
[Provisional translation]
In the gracious presence of Their Majesties the Emperor and Empress, and with the attendance of bereaved families of the war dead, distinguished representatives of all sectors of society, and many others, I hereby commence the annual National Memorial Ceremony for the War Dead.
More than three million of our compatriots lost their lives during the war.
Some fell on the battlefields worrying about the future of their homeland and wishing for the happiness of their families. Others perished in remote foreign countries after the war. And many fell victim to the atomic bombings of Hiroshima and Nagasaki, the air raids on numerous cities, and the ground battles in Okinawa, among others. Here, before the souls of all who lost their lives, I offer my heartfelt prayers for their repose.
We will not forget, even for a moment, that the peace and prosperity that Japan enjoys today was built atop the precious lives and the history of suffering of the war dead. I express my deepest respect and gratitude once more.
Never will we forget the large number of war dead whose remains have still not been recovered. We will continue to spare no effort to collect the remains of the war dead in an intensive manner and return them to their hometowns at the earliest possible time, taking it as the responsibility of the nation.
Since the end of the war, Japan has consistently walked the path of a peace-loving nation. Taking the lessons of history deeply into our hearts, we have made all possible efforts for world peace and prosperity.
We must never again repeat the devastation of war. Although 79 years have now passed, no matter how time flows, we will remain committed to this resolute pledge, passing it down across generations. In this world in which tragic conflicts have not yet ceased, Japan will do its utmost to resolve the various challenges facing the world as it works to maintain and strengthen the free and open international order based on the rule of law while placing human dignity at the very center. In this way we will carve out the future of our nation.
I will conclude my address by once again offering my heartfelt prayers for the repose of the souls of the war dead and for the happiness of the members of their bereaved families.
KISHIDA Fumio
Prime Minister of Japan
August 15, 2024
More
Related Link
Japanese
Tweet
Archives (Archived entries for the 101st through 103rd Prime Ministers)
The 103rd Prime Minister
ISHIBA Shigeru
Open
Close
2025
2024
The 102nd Prime Minister
ISHIBA Shigeru
Open
Close
2024
The 101st Prime Minister
KISHIDA Fumio
Open
Close
2024
2023
2022
2021
Tag List
View All
Return to the Speeches and Statements by the Prime Minister","Address by Prime Minister Kishida at the Seventy-Ninth National Memorial Ceremony for the War Dead (Speeches and Statements <br>by the Prime Minister) | Prime Minister's Office of Japan
Address by Prime Minister Kishida at the Seventy-Ninth National Memorial Ceremony for the War Dead
August 15, 2024
Tweet
[Provisional translation]
In the gracious presence of Their Majesties the Emperor and Empress, and with the attendance of bereaved families of the war dead, distinguished representatives of all sectors of society, and many others, I hereby commence the annual National Memorial Ceremony for the War Dead. More than three million of our compatriots lost their lives during the war. Some fell on the battlefields worrying about the future of their homeland and wishing for the happiness of their families. Others perished in remote foreign countries after the war. And many fell victim to the atomic bombings of Hiroshima and Nagasaki, the air raids on numerous cities, and the ground battles in Okinawa, among others. Here, before the souls of all who lost their lives, I offer my heartfelt prayers for their repose. We will not forget, even for a moment, that the peace and prosperity that Japan enjoys today was built atop the precious lives and the history of suffering of the war dead. I express my deepest respect and gratitude once more. Never will we forget the large number of war dead whose remains have still not been recovered. We will continue to spare no effort to collect the remains of the war dead in an intensive manner and return them to their hometowns at the earliest possible time, taking it as the responsibility of the nation. Since the end of the war, Japan has consistently walked the path of a peace-loving nation. Taking the lessons of history deeply into our hearts, we have made all possible efforts for world peace and prosperity. We must never again repeat the devastation of war. Although 79 years have now passed, no matter how time flows, we will remain committed to this resolute pledge, passing it down across generations. In this world in which tragic conflicts have not yet ceased, Japan will do its utmost to resolve the various challenges facing the world as it works to maintain and strengthen the free and open international order based on the rule of law while placing human dignity at the very center. In this way we will carve out the future of our nation. I will conclude my address by once again offering my heartfelt prayers for the repose of the souls of the war dead and for the happiness of the members of their bereaved families. KISHIDA Fumio
Prime Minister of Japan
August 15, 2024
More
Related Link
Japanese
Tweet
Archives (Archived entries for the 101st through 103rd Prime Ministers)
The 103rd Prime Minister
ISHIBA Shigeru
Open
Close
2025
2024
The 102nd Prime Minister
ISHIBA Shigeru
Open
Close
2024
The 101st Prime Minister
KISHIDA Fumio
Open
Close
2024
2023
2022
2021
Tag List
View All
Return to the Speeches and Statements by the Prime Minister",WAR_GENERAL,NA,0,1,0,MEDIUM,0,0,0,1,1,0,UNSPECIFIED,0,DOMESTIC,en,1,https://japan.kantei.go.jp/101_kishida/statement/202408/15shikiji.html,NA,NA,NA,"79th National Memorial Ceremony for the War Dead. Adds ""human dignity"" / ""free and open international order"" framing; still no apology/remorse toward foreign victims.",MEDIUM,93f33e5f-3eee-57cb-ba7f-d3a247a4160f,1
faf66366-9100-4ce8-aff8-5dc9657eadfe,japan,2025-08-15,2025,ISHIBA Shigeru,Prime Minister of Japan,HEAD,Prime Minister's Office of Japan (Kantei),PRESS_CONFERENCE,Press Conference by Prime Minister ISHIBA Shigeru regarding the Address He Delivered at the National Memorial Ceremony for the War Dead and Other Matters (Speeches and Statements <br>by the Prime Minister) | Prime Minister's Office of Japan,,"Press Conference by Prime Minister ISHIBA Shigeru regarding the Address He Delivered at the National Memorial Ceremony for the War Dead and Other Matters (Speeches and Statements <br>by the Prime Minister) | Prime Minister's Office of Japan
Press Conference by Prime Minister ISHIBA Shigeru regarding the Address He Delivered at the National Memorial Ceremony for the War Dead and Other Matters
August 15, 2025
Tweet
[Provisional translation]
(On why, in the address he delivered at the National Memorial Ceremony for the War Dead, Prime Minister Ishiba used the word ""remorse"" when stating that Japan must take remorse and also the lessons learned from that war deeply to heart, in the context of that word being used by the prime minister during that address for the first time in 13 years; on when, and in what format, Prime Minister Ishiba intends to release a message to mark the passing of 80 years since the end of the war)
At today's ceremony, I delivered my remarks with the aims of offering my heartfelt condolences to all the war dead, and also of handing down across generations the sorrowful memories of the war once again, in consideration of the fact that 80 years have now passed since the war ended and generations with no firsthand experience of war now make up the great majority. Another aim I had was to state we will continue to make all possible efforts for world peace and prosperity while never again repeating the horrors of war.
As for using the word ""remorse"" in my address, I believe that lessons to be learned arise through remorse -- one feels remorse and then lessons emerge from that. It is not the case that lessons to be learned suddenly appear out of nowhere. So my personal philosophy on the matter is that remorse comes first, and after that, lessons to be learned will come to light. In that sense we could say that it forms an interconnected whole.
I do not believe that thinking is in any way different from the views and the thinking held by the Government until now. I made that statement intending to express the need for us to take deeply into our hearts once again our remorse and also the lessons learned, so that we never again repeat such a war.
As for a message marking 80 years since the end of the war, if I may speak hypothetically, my cabinet would maintain overall the position held by previous administrations with regard to our recognition of history, including the official statements made by prime ministers over the years. We would carry that into the future.
As for what the message for the 80th anniversary year would entail, as of right now, nothing has been decided in concrete terms. As I stated recently in the Diet in response to a question, I will make an appropriate decision on the matter giving due consideration to the official statements released by prime ministers over the years.
If I were to release a message, I would consider it important to come from the perspective that we must not allow memories of the war to fade, and that such a war must never be repeated. Building upon the official statements made by prime ministers until now, I would also consider one of the significant aspects to be articulating a message regarding the matters raised in those statements as well as things we must contemplate. But it is not the case that the specific contents of any such message have been decided.
Related Link
Japanese
Tweet
Return to the Speeches and Statements by the Prime Minister","Press Conference by Prime Minister ISHIBA Shigeru regarding the Address He Delivered at the National Memorial Ceremony for the War Dead and Other Matters (Speeches and Statements <br>by the Prime Minister) | Prime Minister's Office of Japan
Press Conference by Prime Minister ISHIBA Shigeru regarding the Address He Delivered at the National Memorial Ceremony for the War Dead and Other Matters
August 15, 2025
Tweet
[Provisional translation]
(On why, in the address he delivered at the National Memorial Ceremony for the War Dead, Prime Minister Ishiba used the word ""remorse"" when stating that Japan must take remorse and also the lessons learned from that war deeply to heart, in the context of that word being used by the prime minister during that address for the first time in 13 years; on when, and in what format, Prime Minister Ishiba intends to release a message to mark the passing of 80 years since the end of the war)
At today's ceremony, I delivered my remarks with the aims of offering my heartfelt condolences to all the war dead, and also of handing down across generations the sorrowful memories of the war once again, in consideration of the fact that 80 years have now passed since the war ended and generations with no firsthand experience of war now make up the great majority. Another aim I had was to state we will continue to make all possible efforts for world peace and prosperity while never again repeating the horrors of war. As for using the word ""remorse"" in my address, I believe that lessons to be learned arise through remorse -- one feels remorse and then lessons emerge from that. It is not the case that lessons to be learned suddenly appear out of nowhere. So my personal philosophy on the matter is that remorse comes first, and after that, lessons to be learned will come to light. In that sense we could say that it forms an interconnected whole. I do not believe that thinking is in any way different from the views and the thinking held by the Government until now. I made that statement intending to express the need for us to take deeply into our hearts once again our remorse and also the lessons learned, so that we never again repeat such a war. As for a message marking 80 years since the end of the war, if I may speak hypothetically, my cabinet would maintain overall the position held by previous administrations with regard to our recognition of history, including the official statements made by prime ministers over the years. We would carry that into the future. As for what the message for the 80th anniversary year would entail, as of right now, nothing has been decided in concrete terms. As I stated recently in the Diet in response to a question, I will make an appropriate decision on the matter giving due consideration to the official statements released by prime ministers over the years. If I were to release a message, I would consider it important to come from the perspective that we must not allow memories of the war to fade, and that such a war must never be repeated. Building upon the official statements made by prime ministers until now, I would also consider one of the significant aspects to be articulating a message regarding the matters raised in those statements as well as things we must contemplate. But it is not the case that the specific contents of any such message have been decided.",HISTORICAL_RECOGNITION_GENERAL,WAR_GENERAL,1,1,1,HIGH,0,1,1,1,0,0,STATE,0,MIXED,en,1,https://japan.kantei.go.jp/103/statement/202508/15kaiken.html,NA,NA,NA,"Same-day press conference where Ishiba is asked directly why he used ""remorse"" for the first time in 13 years, and whether/when he will issue an 80th-anniversary statement. He explicitly says his Cabinet ""would maintain overall the position held by previous administrations with regard to our recognition of history, including the official statements made by prime ministers over the years"" and that nothing on a possible anniversary statement has been decided. High-value record for tracking continuity/change in Japan's official historical-recognition posture.",HIGH,65c1d6c7-b98a-5355-a64f-2c88296af848,1
6d0a0699-97fe-47d9-a5bd-94833e57b5fe,japan,2025-08-15,2025,ISHIBA Shigeru,Prime Minister of Japan,HEAD,Prime Minister's Office of Japan (Kantei),SPEECH,Address by Prime Minister Ishiba at the Eightieth National Memorial Ceremony for the War Dead (Speeches and Statements <br>by the Prime Minister) | Prime Minister's Office of Japan,,"Address by Prime Minister Ishiba at the Eightieth National Memorial Ceremony for the War Dead (Speeches and Statements <br>by the Prime Minister) | Prime Minister's Office of Japan
Address by Prime Minister Ishiba at the Eightieth National Memorial Ceremony for the War Dead
August 15, 2025
Tweet
[Provisional translation]
In the gracious presence of Their Majesties the Emperor and Empress, and with the attendance of bereaved families of the war dead, distinguished representatives of all sectors of society, and many others, I hereby commence the annual National Memorial Ceremony for the War Dead.
More than three million of our compatriots lost their lives during the war.
Some fell on the battlefields worrying about the future of their homeland and wishing for the happiness of their families. Many fell victim to the atomic bombings of Hiroshima and Nagasaki, the air raids and naval bombardments on numerous cities, and the ground battles in Okinawa. Others, after the war ended, died in distant foreign lands. Here, before the souls of all who lost their lives, I offer my heartfelt prayers for their repose.
We will not forget, even for a moment, that the peace and prosperity that Japan enjoys today was built atop the precious lives and the history of suffering of the war dead. I express my deepest respect and gratitude once more.
Never will we forget the large number of war dead whose remains have still not been recovered. We will continue to spare no effort to return them to their hometowns at the earliest possible time.
Eighty years have now passed since the war ended. Today, generations with no firsthand experience of war make up the great majority. We must never again repeat the horrors of war. We must never again lose our way. We must now take deeply into our hearts once again our remorse and also the lessons learned from that war.
At the same time, over the past 80 years, Japan has consistently walked the path of a peace-loving nation and made all possible efforts for world peace and prosperity.
No matter how much time passes, we will hand down across generations the sorrowful memories of the war and our resolute pledge to renounce war, and we will remain steadfast in our actions to foster lasting peace. In this world in which tragic conflicts rage on, Japan will, by rejecting division and cultivating tolerance, pave the way to a better tomorrow for the sake of both present and future generations.
I will conclude my address by once again offering my heartfelt prayers for the repose of the souls of the war dead and for the happiness of the members of their bereaved families.
ISHIBA Shigeru
Prime Minister of Japan
August 15, 2025
Related Link
Japanese
Tweet
Return to the Speeches and Statements by the Prime Minister","Address by Prime Minister Ishiba at the Eightieth National Memorial Ceremony for the War Dead (Speeches and Statements <br>by the Prime Minister) | Prime Minister's Office of Japan
Address by Prime Minister Ishiba at the Eightieth National Memorial Ceremony for the War Dead
August 15, 2025
Tweet
[Provisional translation]
In the gracious presence of Their Majesties the Emperor and Empress, and with the attendance of bereaved families of the war dead, distinguished representatives of all sectors of society, and many others, I hereby commence the annual National Memorial Ceremony for the War Dead. More than three million of our compatriots lost their lives during the war. Some fell on the battlefields worrying about the future of their homeland and wishing for the happiness of their families. Many fell victim to the atomic bombings of Hiroshima and Nagasaki, the air raids and naval bombardments on numerous cities, and the ground battles in Okinawa. Others, after the war ended, died in distant foreign lands. Here, before the souls of all who lost their lives, I offer my heartfelt prayers for their repose. We will not forget, even for a moment, that the peace and prosperity that Japan enjoys today was built atop the precious lives and the history of suffering of the war dead. I express my deepest respect and gratitude once more. Never will we forget the large number of war dead whose remains have still not been recovered. We will continue to spare no effort to return them to their hometowns at the earliest possible time. Eighty years have now passed since the war ended. Today, generations with no firsthand experience of war make up the great majority. We must never again repeat the horrors of war. We must never again lose our way. We must now take deeply into our hearts once again our remorse and also the lessons learned from that war. At the same time, over the past 80 years, Japan has consistently walked the path of a peace-loving nation and made all possible efforts for world peace and prosperity. No matter how much time passes, we will hand down across generations the sorrowful memories of the war and our resolute pledge to renounce war, and we will remain steadfast in our actions to foster lasting peace. In this world in which tragic conflicts rage on, Japan will, by rejecting division and cultivating tolerance, pave the way to a better tomorrow for the sake of both present and future generations. I will conclude my address by once again offering my heartfelt prayers for the repose of the souls of the war dead and for the happiness of the members of their bereaved families. ISHIBA Shigeru
Prime Minister of Japan
August 15, 2025
Related Link
Japanese
Tweet
Return to the Speeches and Statements by the Prime Minister",WAR_GENERAL,HISTORICAL_RECOGNITION_GENERAL,1,1,0,MEDIUM,0,0,1,1,1,0,UNSPECIFIED,0,DOMESTIC,en,1,https://japan.kantei.go.jp/103/statement/202508/15shikiji.html,NA,NA,NA,"80th National Memorial Ceremony for the War Dead. Notable: first use of the word ""remorse"" in this annual address in 13 years (see companion press conference same day) -- ""we must now take deeply into our hearts once again our remorse and also the lessons learned from that war."" Still agentless/general (does not name Japan or specific foreign victims as the object of remorse) -- coded agency_explicit=0 on that basis; flag for review as this is a genuinely borderline call given the significance of reintroducing ""remorse.""",MEDIUM,eebad3b7-7af8-50d4-93c7-ab295412b511,1
4bc72084-d0ff-41c3-accd-fc21ca848cef,japan,2020-08-15,2020,ABE Shinzo,Prime Minister of Japan,HEAD,Prime Minister's Office of Japan (Kantei),SPEECH,Address by the Prime Minister at the Seventy-Fifth National Memorial Ceremony for the War Dead (Speeches and Statements by the Prime Minister) | Prime Minister of Japan and His Cabinet,,"Address by the Prime Minister at the Seventy-Fifth National Memorial Ceremony for the War Dead (Speeches and Statements by the Prime Minister) | Prime Minister of Japan and His Cabinet
Skip to main content
Home
News
Videos
Policy
The Cabinet
Links
Home
>
News
>
Speeches and Statements by the Prime Minister
>
August 2020
>
Address by the Prime Minister at the Seventy-Fifth National Memorial Ceremony for the War Dead
Speeches and Statements by the Prime Minister
Address by the Prime Minister at the Seventy-Fifth National Memorial Ceremony for the War Dead
August 15, 2020
Tweet
[Provisional Translation]
In the gracious presence of Their Majesties the Emperor and Empress, and with the attendance of bereaved families of the war dead and distinguished representatives of all sectors of society, I hereby commence the annual National Memorial Ceremony for the War Dead.
More than three million of our compatriots lost their lives during the war, which was extremely fierce and harsh.
Some fell on the battlefields worrying about the future of their homeland and wishing for the happiness of their families. Others perished in remote foreign countries after the war. The atomic bombings of Hiroshima and Nagasaki, the air raids on Tokyo and other cities, and the ground battles in Okinawa, among others, took a heavy toll without mercy. Here, before the souls of all who lost their lives, I offer my heartfelt prayers for their repose.
Again now on the 75th anniversary of the end of the war, we will never forget that the peace and prosperity we enjoy today was built atop the precious sacrifices of the war dead. I express my deepest respect and gratitude once more.
Never will we forget the large number of war dead whose remains have still not been recovered. Taking it as the responsibility of the nation, we shall spare no effort to enable their remains to return to their hometowns at the earliest possible time.
Over the 75 years since the end of the war, Japan has consistently walked the path of a country that values peace. We have worked to the very best of our ability to transform the world into a better place.
We must never again repeat the devastation of war. We will continue to remain committed to this resolute pledge. Under the banner of ""Proactive Contribution to Peace,"" we are determined to join hands with the international community and play a greater role than ever before in resolving the various challenges facing the world. We shall overcome the current novel coronavirus disease (COVID-19) and carve out the future of our nation for the sake of the generation alive now and the generations of tomorrow.
I will conclude my address by once again offering my heartfelt prayers for the repose of the souls of the war dead and for the happiness of the members of their bereaved families.
ABE Shinzo
Prime Minister of Japan
August 15, 2020
Related Link
Japanese
Home
News
Videos
Policy
The Cabinet
Links
Cabinet Public Affairs Office, Cabinet Secretariat, 1-6-1 Nagata-cho, Chiyoda-ku, Tokyo 100 - 8968, Japan
Copyright© Cabinet Public Affairs Office, Cabinet Secretariat. All Rights Reserved.","Address by the Prime Minister at the Seventy-Fifth National Memorial Ceremony for the War Dead (Speeches and Statements by the Prime Minister) | Prime Minister of Japan and His Cabinet
Skip to main content
Home
News
Videos
Policy
The Cabinet
Links
Home
>
News
>
Speeches and Statements by the Prime Minister
>
August 2020
>
Address by the Prime Minister at the Seventy-Fifth National Memorial Ceremony for the War Dead
Speeches and Statements by the Prime Minister
Address by the Prime Minister at the Seventy-Fifth National Memorial Ceremony for the War Dead
August 15, 2020
Tweet
[Provisional Translation]
In the gracious presence of Their Majesties the Emperor and Empress, and with the attendance of bereaved families of the war dead and distinguished representatives of all sectors of society, I hereby commence the annual National Memorial Ceremony for the War Dead. More than three million of our compatriots lost their lives during the war, which was extremely fierce and harsh. Some fell on the battlefields worrying about the future of their homeland and wishing for the happiness of their families. Others perished in remote foreign countries after the war. The atomic bombings of Hiroshima and Nagasaki, the air raids on Tokyo and other cities, and the ground battles in Okinawa, among others, took a heavy toll without mercy. Here, before the souls of all who lost their lives, I offer my heartfelt prayers for their repose. Again now on the 75th anniversary of the end of the war, we will never forget that the peace and prosperity we enjoy today was built atop the precious sacrifices of the war dead. I express my deepest respect and gratitude once more. Never will we forget the large number of war dead whose remains have still not been recovered. Taking it as the responsibility of the nation, we shall spare no effort to enable their remains to return to their hometowns at the earliest possible time. Over the 75 years since the end of the war, Japan has consistently walked the path of a country that values peace. We have worked to the very best of our ability to transform the world into a better place. We must never again repeat the devastation of war. We will continue to remain committed to this resolute pledge. Under the banner of ""Proactive Contribution to Peace,"" we are determined to join hands with the international community and play a greater role than ever before in resolving the various challenges facing the world. We shall overcome the current novel coronavirus disease (COVID-19) and carve out the future of our nation for the sake of the generation alive now and the generations of tomorrow. I will conclude my address by once again offering my heartfelt prayers for the repose of the souls of the war dead and for the happiness of the members of their bereaved families. ABE Shinzo
Prime Minister of Japan
August 15, 2020
Related Link
Japanese
Home
News
Videos
Policy
The Cabinet
Links
Cabinet Public Affairs Office, Cabinet Secretariat, 1-6-1 Nagata-cho, Chiyoda-ku, Tokyo 100 - 8968, Japan
Copyright© Cabinet Public Affairs Office, Cabinet Secretariat. All Rights Reserved.",WAR_GENERAL,NA,0,1,0,MEDIUM,0,0,0,1,1,0,UNSPECIFIED,0,DOMESTIC,en,1,https://japan.kantei.go.jp/98_abe/statement/202008/_00003.html,NA,NA,NA,"75th National Memorial Ceremony for the War Dead. Domestic mourning address for Japan's own war dead; no apology/remorse toward foreign victims; ""responsibility of the nation"" refers to remains repatriation, not war-causing responsibility. remedy=1 refers to the remains-repatriation program (directed at Japan's own bereaved families, not foreign victims -- noted for coder review).",MEDIUM,671e0049-f3ab-5fcc-947b-8886e29b704e,1
67f3aa0d-c086-4894-b5e5-e70e1b091f0c,japan,2021-01-08,2021,SUGA Yoshihide,Prime Minister of Japan,HEAD,Prime Minister's Office of Japan (Kantei),PRESS_CONFERENCE,Press Conference by the Prime Minister on the court case brought by a group of former comfort women (Speeches and Statements by the Prime Minister) | Prime Minister of Japan and His Cabinet,,"Press Conference by the Prime Minister on the court case brought by a group of former comfort women (Speeches and Statements by the Prime Minister) | Prime Minister of Japan and His Cabinet
Skip to main content
Home
News
Videos
Policy
The Cabinet
Links
Home
>
News
>
Speeches and Statements by the Prime Minister
>
January 2021
>
Press Conference by the Prime Minister on the court case brought by a group of former comfort women
Speeches and Statements by the Prime Minister
Press Conference by the Prime Minister on the court case brought by a group of former comfort women
January 8, 2021
Tweet
[Provisional Translation]
(On the court case brought by a group of former comfort women in the Republic of Korea)
First and foremost, under international law, sovereign states are immune from the jurisdiction of foreign courts. Since that is well-established, we believe that this suit must be dismissed. The issue of comfort women between Japan and the Republic of Korea is already settled completely and finally, through the 1965 Agreement on the Settlement of Problems concerning Property and Claims and on Economic Cooperation. We strongly demand that the ROK take measures to remedy breaches of international law.
Such a ruling is totally unacceptable in light of Japan's position.
(On the intrusion by rioters at the U.S. Capitol)
I hope the citizens of the United States will unite and move on under President-elect Biden.
(On the future responses regarding Japan-ROK relations)
Firstly, this case must be dismissed. That must be the starting point.
Related Link
Japanese
Home
News
Videos
Policy
The Cabinet
Links
Cabinet Public Affairs Office, Cabinet Secretariat, 1-6-1 Nagata-cho, Chiyoda-ku, Tokyo 100 - 8968, Japan
Copyright© Cabinet Public Affairs Office, Cabinet Secretariat. All Rights Reserved.","Press Conference by the Prime Minister on the court case brought by a group of former comfort women (Speeches and Statements by the Prime Minister) | Prime Minister of Japan and His Cabinet
Skip to main content
Home
News
Videos
Policy
The Cabinet
Links
Home
>
News
>
Speeches and Statements by the Prime Minister
>
January 2021
>
Press Conference by the Prime Minister on the court case brought by a group of former comfort women
Speeches and Statements by the Prime Minister
Press Conference by the Prime Minister on the court case brought by a group of former comfort women
January 8, 2021
Tweet
[Provisional Translation]
(On the court case brought by a group of former comfort women in the Republic of Korea)
First and foremost, under international law, sovereign states are immune from the jurisdiction of foreign courts. Since that is well-established, we believe that this suit must be dismissed. The issue of comfort women between Japan and the Republic of Korea is already settled completely and finally, through the 1965 Agreement on the Settlement of Problems concerning Property and Claims and on Economic Cooperation. We strongly demand that the ROK take measures to remedy breaches of international law. Such a ruling is totally unacceptable in light of Japan's position.",COMFORT_WOMEN,COMPENSATION_REPARATION,1,1,1,HIGH,0,1,0,0,1,0,UNSPECIFIED,0,MIXED,en,1,https://japan.kantei.go.jp/99_suga/statement/202101/_00004.html,NA,NA,NA,"Suga's response to the Seoul Central District Court ruling ordering Japan to pay compensation to former comfort women. Asserts sovereign immunity and that the issue is ""already settled completely and finally"" via the 1965 Agreement; demands the ROK ""take measures to remedy breaches of international law."" A denial/closure-framing statement rather than an apology -- remedy=1 refers to the pre-existing 1965 Agreement being invoked as the settlement mechanism, not a new remedy offered here.",HIGH,eeb64e05-d5db-505f-af4c-561e7108ba3e,1
cf65781c-248e-490c-9711-d8e5d039f43d,japan,2021-08-15,2021,SUGA Yoshihide,Prime Minister of Japan,HEAD,Prime Minister's Office of Japan (Kantei),SPEECH,Address by the Prime Minister at the Seventy-Sixth National Memorial Ceremony for the War Dead (Speeches and Statements by the Prime Minister) | Prime Minister of Japan and His Cabinet,,"Address by the Prime Minister at the Seventy-Sixth National Memorial Ceremony for the War Dead (Speeches and Statements by the Prime Minister) | Prime Minister of Japan and His Cabinet
Skip to main content
Home
News
Videos
Policy
The Cabinet
Links
Home
>
News
>
Speeches and Statements by the Prime Minister
>
August 2021
>
Address by the Prime Minister at the Seventy-Sixth National Memorial Ceremony for the War Dead
Speeches and Statements by the Prime Minister
Address by the Prime Minister at the Seventy-Sixth National Memorial Ceremony for the War Dead
August 15, 2021
Tweet
[Provisional translation]
In the gracious presence of Their Majesties the Emperor and Empress, and with the attendance of bereaved families of the war dead and distinguished representatives of all sectors of society, I hereby commence the annual National Memorial Ceremony for the War Dead.
More than three million of our compatriots lost their lives during the war.
Some fell on the battlefields worrying about the future of their homeland and wishing for the happiness of their families. Others perished in remote foreign countries after the war. And many fell victim to the violent turmoil of war in the atomic bombings of Hiroshima and Nagasaki, the air raids on numerous cities, and the ground battles in Okinawa, among others. Here, before the souls of all who lost their lives, I offer my heartfelt prayers for their repose.
We will not forget, even for a moment, that the peace and prosperity we enjoy today was built atop the precious lives and the history of suffering of the war dead. I express my deepest respect and gratitude once more.
Never will we forget the large number of war dead whose remains have still not been recovered. Taking it as the responsibility of the nation, we shall spare no effort to enable their remains to return to their hometowns at the earliest possible time.
Since the end of the war, Japan has consistently walked the path of a country that values peace. We have made every possible effort to bring about a world in which all people around the globe can enjoy peace and live in a way rich in spirit.
We will remain committed to our conviction that we must never again repeat the devastation of war. Under the banner of ""Proactive Contribution to Peace,"" we are determined to join forces with the international community and do our utmost to resolve the various challenges facing the world. We will overcome COVID-19, which continues to spread even now, restore at the earliest possible time our vibrant daily lives in which we feel at ease, and carve out the future of our nation.
I will conclude my address by once again offering my heartfelt prayers for the repose of the souls of the war dead and for the happiness of the members of their bereaved families.
SUGA Yoshihide
Prime Minister of Japan
August 15, 2021
Related Link
Japanese
Home
News
Videos
Policy
The Cabinet
Links
Cabinet Public Affairs Office, Cabinet Secretariat, 1-6-1 Nagata-cho, Chiyoda-ku, Tokyo 100 - 8968, Japan
Copyright© Cabinet Public Affairs Office, Cabinet Secretariat. All Rights Reserved.","Address by the Prime Minister at the Seventy-Sixth National Memorial Ceremony for the War Dead (Speeches and Statements by the Prime Minister) | Prime Minister of Japan and His Cabinet
Skip to main content
Home
News
Videos
Policy
The Cabinet
Links
Home
>
News
>
Speeches and Statements by the Prime Minister
>
August 2021
>
Address by the Prime Minister at the Seventy-Sixth National Memorial Ceremony for the War Dead
Speeches and Statements by the Prime Minister
Address by the Prime Minister at the Seventy-Sixth National Memorial Ceremony for the War Dead
August 15, 2021
Tweet
[Provisional translation]
In the gracious presence of Their Majesties the Emperor and Empress, and with the attendance of bereaved families of the war dead and distinguished representatives of all sectors of society, I hereby commence the annual National Memorial Ceremony for the War Dead. More than three million of our compatriots lost their lives during the war. Some fell on the battlefields worrying about the future of their homeland and wishing for the happiness of their families. Others perished in remote foreign countries after the war. And many fell victim to the violent turmoil of war in the atomic bombings of Hiroshima and Nagasaki, the air raids on numerous cities, and the ground battles in Okinawa, among others. Here, before the souls of all who lost their lives, I offer my heartfelt prayers for their repose. We will not forget, even for a moment, that the peace and prosperity we enjoy today was built atop the precious lives and the history of suffering of the war dead. I express my deepest respect and gratitude once more. Never will we forget the large number of war dead whose remains have still not been recovered. Taking it as the responsibility of the nation, we shall spare no effort to enable their remains to return to their hometowns at the earliest possible time. Since the end of the war, Japan has consistently walked the path of a country that values peace. We have made every possible effort to bring about a world in which all people around the globe can enjoy peace and live in a way rich in spirit. We will remain committed to our conviction that we must never again repeat the devastation of war. Under the banner of ""Proactive Contribution to Peace,"" we are determined to join forces with the international community and do our utmost to resolve the various challenges facing the world. We will overcome COVID-19, which continues to spread even now, restore at the earliest possible time our vibrant daily lives in which we feel at ease, and carve out the future of our nation. I will conclude my address by once again offering my heartfelt prayers for the repose of the souls of the war dead and for the happiness of the members of their bereaved families. SUGA Yoshihide
Prime Minister of Japan
August 15, 2021
Related Link
Japanese
Home
News
Videos
Policy
The Cabinet
Links
Cabinet Public Affairs Office, Cabinet Secretariat, 1-6-1 Nagata-cho, Chiyoda-ku, Tokyo 100 - 8968, Japan
Copyright© Cabinet Public Affairs Office, Cabinet Secretariat. All Rights Reserved.",WAR_GENERAL,NA,0,1,0,MEDIUM,0,0,0,1,1,0,UNSPECIFIED,0,DOMESTIC,en,1,https://japan.kantei.go.jp/99_suga/statement/202108/_00006.html,NA,NA,NA,76th National Memorial Ceremony for the War Dead. Same genre/pattern as the 2020 (75th) address; no apology/remorse toward foreign victims.,MEDIUM,5926ff7f-ab33-5fb8-af79-578cbec6ccc6,1
ff14562b-1f5e-4786-9ca8-e650245bfdad,korea,2020-08-15,2020,Moon Jae-in,President of the Republic of Korea,HEAD,"Office of the President, Republic of Korea (via National Archives of Korea web archive)",PRESS_CONFERENCE,Address by President Moon Jae-in on Korea’s 75th Liberation Day,,"Address by President Moon Jae-in on Korea’s 75th Liberation Day
컨텐츠바로가기
Skip To main Contents
﻿
이 웹사이트는 제19대 대통령 임기 종료에 따라 대통령기록관이 「대통령기록물 관리에 관한 법률」에 의해 이관받아 서비스하는 대통령기록물입니다. 자료의 열람만 가능하며 수정 · 추가 · 삭제는 불가능합니다.
다만,
「개인정보보호법」
에 의하여 개인의 정보를 보호받기 원하시는 분은 관련 내용(요청자, 요청내용, 연락처, 글위치)을
대통령 웹기록물 담당자(044-211-2253)에게
요청해 주시면 신속히 검토하여 조치해 드리겠습니다. 감사합니다.
[오늘 그만 보기]
이 웹사이트는 국민의 알권리 보장을 위해 대통령기록관에서 보존·서비스하고 있는 대통령기록물입니다.
This Website is the Presidential Records maintained and serviced by the Presidential Archives of Korea to ensure the people's right to know.
PRESIDENT
Greetings
Profile
Life Story
The Administration
SPEECHES & REMARKS
BRIEFINGS
Speeches & Remarks
Briefings
MEDIA
Interviews
Korea.net News
CONTENTS
Infographics
Photos
Videos
Publications
CONTACT
General Information
Tours
Search
KR
JP
CN
Twitter
SPEECHES & REMARKS
BRIEFINGS
SPEECHES & REMARKS
BRIEFING
Address by President Moon Jae-in on Korea’s 75th Liberation Day
August 15, 2020
Share
(Unofficial Translation)
Fellow Koreans, decorated independence activists, bereaved relatives of those departed and Korean compatriots abroad,
As we mark the 75th Liberation Day, we contemplate the noble sacrifice and spirit of our patriotic forebears who gave their all to achieve our nation’s independence.
Today’s celebration began by welcoming the surviving patriots who dedicated themselves to the cause of independence. Patriot Lim Wu-cheol is 101 years old, and the other three are almost centenarians as well. Any effort to honor them will pale in comparison to the Republic of Korea’s proud progress and esteem that every one of them helped to accomplish.
There are now only 31 surviving patriotic independence activists. I would like to ask everyone to vigorously applaud those patriots here with us: Lim Wu-cheol, Kim Yeong-gwan, Lee Yeong-su and Jang Byeong-ha to express our deepest respect and gratitude. Their valued presence makes this event all the more meaningful.
Our liberation was obtained by each and every Korean rising together as the rightful owners of a democratic republic. All of those who have achieved accomplishments big and small as masters of their own lives comprise the roots of what we are today.
Our forebears left us a conviction that has formed an immense root of our history: “If we unite, we can prevail over any crisis.” In the process of overcoming the COVID-19 outbreak, we have been able to reaffirm our capabilities while surmounting the crisis together.
Presently, massive natural disasters caused by abnormal weather conditions are threatening our everyday lives yet again. Nonetheless, we will certainly prevail over them this time as we always have. I extend my profound sympathy to everyone who has suffered damage from these catastrophes, most of all to those who lost what is most precious – life itself. We will confront disasters until they are over in order to protect the lives and property of the people. We will also do as much as we can for disaster recovery. Moreover, in preparation for extreme weather becoming increasingly severe, we will muster all available capabilities to safeguard the people’s safety, thereby sparing them from repeated suffering.
I salute the decorated independence activists and bereaved families who have become a source of pride for the Republic of Korea. I promise that with the people we will weather today’s crisis and calamities without fail.
Fellow Koreans,
Dongdaemun Design Plaza, where we are gathered today, is built upon the site of the Joseon Dynasty’s Military Training Command and installations. Gyeongseong Stadium was built here during the Japanese colonial period and was renamed Seoul Stadium after liberation. Numerous sweat-stained historic chapters have been recorded on this site, which was long referred to as Dongdaemun Stadium.
Among these, the beads of sweat shed by young Joseon marathoner Sohn Kee-chung under colonial rule must be remembered as the most ardent and regrettable. In 1935, he broke away from a field of runners in a 10,000 meter race at Gyeongseong Stadium and won. The next year, he set a world record while winning the marathon at the Berlin Olympics. As the Japanese national anthem began to play during the award ceremony, Olympic gold medalist Sohn Kee-chung hid the Japanese flag on his chest with the laurel sapling presented to him. The Korean Olympian Nam Seung-yong, who won bronze in that marathon, could only hang his head and close his eyes. They pulled off a great victory that helped restore Korean pride, but they had no country upon which to bestow that glory.
Our independence movement involved reclaiming the country and, at the same time, upholding the dignity of individuals. We simultaneously achieved independence and a revolution to establish a democratic republic based on popular sovereignty. Our efforts to create a dignified country that will never again lose to anyone have never ceased even after liberation.
From being the most impoverished country to receive international aid, we have soared to become one of the 10 largest global economic powerhouses. In the face of dictatorship, we left the world a milestone for democracy. Though we endured a period when individual sacrifices were demanded and human rights were oppressed in the name of the state, we have never stopped marching toward a properly functioning country where each citizen is guaranteed inherent rights for freedom, equality, dignity and safety.
Our people have withstood many crises. We rose from the ashes of war and overcame the Asian foreign exchange and global financial crises. Together, we have also surmounted the crisis prompted by Japan’s export restrictions. We have actually turned that into an opportunity to leap forward as a nation that cannot be shaken. Mutually beneficial cooperation between large businesses and SMEs has led to independence in the production of materials, parts and equipment. Some of these ventures have even attracted foreign investors.
We have also overcome the COVID-19 crisis through the Government, individuals, medical professionals and business leaders trusting and relying on one another.
The Government has transparently disclosed all the information needed for epidemic prevention and control. The people trust the Government’s approach and have voluntarily become the principal agents in anti-epidemic efforts. Korean businesses developed the first fast and accurate COVID-19 test kit in the world. Workers have produced epidemic prevention supplies, putting their neighbors first. Medical staff, volunteers, the public and businesses brought together their respective efforts, creating a catalyst for overcoming the COVID-19 crisis and setting an example lauded by the entire world.
However, we are in a situation that requires yet an even higher level of alertness. The Government will do everything possible until the situation is over to protect the people from the virus, including the securing of vaccines and early development of treatments. Our successful epidemic prevention and control – free of border closures, regional lockdowns and an economic shutdown – has helped our economy fare well. Thanks to this success, the Government’s rapid countermeasures to revive the economy through expansionary spending have been effective.
Amid the global economic crisis, Korea’s economic growth this year is projected to rank first among the 37 OECD member states. Our GDP is also forecast to join the ranks of the 10 largest economies in the world. I cannot but extend my respect and gratitude to our people once again, who are turning crises into opportunities even while enduring great suffering.
We have now affirmed the fact that our neighbors’ safety equals our own and are preparing for a post-COVID-19 era. While bringing implementation of the Korean New Deal into full gear, we will reform and upgrade our economic fundamentals – employing the Digital New Deal and the Green New Deal as our wings. From a fast follower-type economy to a pace-setting one and from a carbon-dependent economy to a low-carbon one, we will fundamentally transform the Republic of Korea and once again leap forward.
The spirit that permeates the core of the Korean New Deal is also people-centered mutual benefit. A new social contract for mutual benefit, the Korean New Deal is also a pledge to achieve and share prosperity together by further strengthening the employment and social safety nets and increasing investments in people.
What matters the most is to reduce gaps and inequality. Only when everyone is living well can we say that genuine liberation has been achieved. I believe that the people will join us on the path toward sustainable development for both their own benefit as well as that of future generations.
Fellow Koreans,
In the winter of 2016, squares and streets throughout the country were filled with the spirit of Article 1 of the Constitution: All state authority shall emanate from the people. Our people held aloft lit candles and once more etched onto the chapters of history the fact that the power to change the world always rests with them. That spirit became the foundation of our Administration.
Today, on the occasion of the 75th anniversary of Liberation Day, I look back to see whether each individual really has achieved liberation. And I think of a country that exists to guarantee individuals’ decent lives – not one where individuals exist for it. This is also about an era marked by Article 10 of the Constitution: All citizens shall be assured of human value and dignity and have the right to pursue happiness. This is the goal that my Administration is aiming to achieve.
To date, the Government has solidified our practical foundation of freedom and equality. While people exert individuality and ability to the fullest thanks to the social safety net and security in their daily lives, we have also made efforts to build a nation where individual achievements are respected by everyone.
I do not believe that we can achieve all of these tasks before the end of my Administration. However, we will give people the firm belief that our society is heading in that direction and do all we can to build a solid foundation.
We remember our compatriots who emigrated from the Empire of Korea to work in Hawaii and Mexico but could not return as they lost their homeland. We must never forget that tearful history. Although the motherland could not protect its people, they collected wages from labor and spoonfuls of rice to fund the Provisional Republic of Korea Government’s independence movement. As such, they became a root of the overseas independence movement. We must remember forever those who were never able to return to the arms of their families in a liberated homeland. We must ask whether the country did its due then and is doing so now for its people.
The Republic of Korea has grown enough and possesses enough confidence to ensure that not even a single citizen is ever abandoned again.
On April 30, 2018, three Korean sailors who were kidnapped in waters off Ghana returned to their homeland along with the Cheonghae unit aboard the destroyer that rescued them, the ROKS Munmu the Great. Also rescued safely were Koreans kidnapped by armed assailants in Libya in July 2018 and five crew members abducted in waters off Benin, West Africa, in July 2020.
Despite the COVID-19 outbreak, we dispatched military aircraft to Iraq and brought back 293 Korean workers. Charter flights, military aircraft and even a presidential airplane were mobilized to help 2,000 Koreans return home safely from seven countries under serious threats from the spreading virus. The Government has safely evacuated over 46,000 Korean expatriates from 119 countries through charter flights. It was deeply meaningful to mark the centennials of the March First Independence Movement and the establishment of the Provisional Republic of Korea Government last year by repatriating the remains of five decorated independence activists. We as a nation must also respond without fail to the efforts of individuals to prove their own dignity and pool our wisdom to find ways to devise solutions.
In 2005, four victims of forced labor filed a damage suit against Japanese companies that mobilized Korean workers in the colonial period. In 2018, the Supreme Court of Korea ruled in their favor.
Although the Supreme Court acknowledged the validity of the 1965 Claims Agreement between Korea and Japan, it ruled that the right of an individual to claim damages against unlawful acts had never been waived. A Supreme Court ruling has the highest legal authority and executory power within the Republic of Korea. My Administration respects the judiciary’s decision, and we have been engaging in consultations with the Japanese Government on how to reach a satisfactory resolution to which the victims could agree. The door for such consultations remains wide open. My Administration is ready to sit down with the Japanese Government at any time to discuss these issues.
Three of the plaintiffs have already passed away. When Japan’s export restriction measures were put in place last year, Lee Chun-sik, now the sole surviving plaintiff, wondered out loud whether the Republic of Korea was “suffering a loss” because of him. We will affirm the fact that protecting an individual’s dignity will never end up incurring a loss for his country.
At the same time, we will work with Japan to protect universal values of humanity, the principles of international law and democracy based on the separation of powers.
I believe that joint efforts by Japan and Korea to respect individual human rights will become a bridge for friendship and future cooperation between the peoples of our two countries.
Fellow Koreans,
Dongdaemun Stadium is a place imbued with both the joy of liberation and the pain of inter-Korean division.
On December 19, 1945, a national ceremony to welcome the Provisional Republic of Korea Government was held here. That day, independence activist Kim Gu – pen name Baekbeom – called on the public to “Let the entire Korean people unite and build a new Korea of self-reliance, equality and happiness.”
However, on July 5, 1949, our people had to bid him a tearful farewell, as one million mourners gathered here. Kim Gu dreamed of completing the liberation of Korea that was left unfinished due to the division by bringing about the unification of the Korean Peninsula. That dream has become a task for all of us who remain.
Genuine liberation can be achieved when the dreams and lives of each and every one of us are guaranteed on a unified, peaceful and safe Korean Peninsula. The reason we pursue peace and promote inter-Korean cooperation is to ensure that the people of the two Koreas can live together, safe and well.
We have awakened to the fact that everyone’s health and safety are closely connected as we fight infectious diseases in livestock and the COVID-19 pandemic while enduring unprecedented downpours triggered by extreme weather. The fact that South and North Korea are one community when it comes to life and safety has been confirmed repeatedly.
Security and peace in this era are about guaranteeing the life and safety of everyone living on the Korean Peninsula. I hope that cooperation on epidemic prevention and control and the joint management of transboundary rivers will help the people of the two Koreas sense tangible benefits from peace. It is my hope that along with communities for peace and economic prosperity, there will be a breakthrough for mutual benefit and peace to achieve a community for life. This should accompany closer cooperation on a new security situation in the COVID-19 era through collaboration on healthcare, medical services and forestry and joint research on agricultural technology and the development of new crop varieties.
Along with humanitarian cooperation for the life and safety of the people, working together to allow them to meet whomever they want and visit wherever they want before they die is practical inter-Korean collaboration. Inter-Korean cooperation is indeed the best security policy that allows both Koreas to break away from reliance on nuclear or military strength. The stronger inter-Korean cooperation grows, the more solid the security of each Korea will be. This will in turn become a force that moves us toward prosperity in cooperation with the international community.
As agreed upon in the Panmunjom Declaration, we will permanently remove the threat of war and build the foundation of genuine liberation that our forebears dreamed of. The two Koreas conducted a joint survey of and even held a groundbreaking ceremony for the reconnection of inter-Korean railways. It is the key driving force to expand future inter-Korean cooperation into the continent. We will move toward a Korean Peninsula of peace and common prosperity while examining and implementing every single aspect of agreements already reached between the two Koreas.
Fellow Koreans, decorated independence activists, bereaved relatives and overseas Koreans,
Here are our beliefs: sacrifice for our country will be remembered, our county will assure safety in the face of disasters and catastrophes, it will save us when we suffer hardships in a foreign land, it will attend to each individual’s difficulty and it will guarantee an opportunity to carry on even after a setback.
These beliefs allow individuals to take on new challenges and endure hardships. When a country lives up to these beliefs, individuals – not just a nation – will be liberated.
Dongdaemun Design Plaza is embedded with the sweat and smoldering frustration of a marathoner in the colonial era, the joy of liberation and lament over national division. Today, upon such historical strata, the creativity and individuality of each person is blossoming fully.
Beyond the path to this democratic republic initiated a century ago, we will move with the people toward a Republic of Korea brimming with individual freedom and equality. Beyond the self-reliant independent country that our forebears envisioned, we will move toward a peaceful, prosperous and unified Korean Peninsula with the people.
Thank you.
LIST
PRINT
Remarks by President Moon Jae-in during Visit to Middle School Emerging as Green Smart School
Message from President Moon Jae-in on National Day to Honor Japanese Military Comfort Women Victims
PRESIDENT
Greetings
Profile
Life Story
The Administration
SPEECHES & REMARKS
BRIEFINGS
Speeches & Remarks
Briefings
MEDIA
Interviews
Korea.net News
CONTENTS
Infographics
Photos
Videos
Publications
CONTACT
General Information
Tours
CONTACT INFO
***
1 Cheongwadae-ro, Jongno-gu, Seoul 03048 Republic of Korea
COPYRIGHT Office of the President. All rights reserved.","Our liberation was obtained by each and every Korean rising together as the rightful owners of a democratic republic. All of those who have achieved accomplishments big and small as masters of their own lives comprise the roots of what we are today. Our forebears left us a conviction that has formed an immense root of our history: “If we unite, we can prevail over any crisis.” In the process of overcoming the COVID-19 outbreak, we have been able to reaffirm our capabilities while surmounting the crisis together. Presently, massive natural disasters caused by abnormal weather conditions are threatening our everyday lives yet again. Nonetheless, we will certainly prevail over them this time as we always have. We will confront disasters until they are over in order to protect the lives and property of the people. We will also do as much as we can for disaster recovery. Moreover, in preparation for extreme weather becoming increasingly severe, we will muster all available capabilities to safeguard the people’s safety, thereby sparing them from repeated suffering. I salute the decorated independence activists and bereaved families who have become a source of pride for the Republic of Korea. I promise that with the people we will weather today’s crisis and calamities without fail. Gyeongseong Stadium was built here during the Japanese colonial period and was renamed Seoul Stadium after liberation. Numerous sweat-stained historic chapters have been recorded on this site, which was long referred to as Dongdaemun Stadium. Among these, the beads of sweat shed by young Joseon marathoner Sohn Kee-chung under colonial rule must be remembered as the most ardent and regrettable. In 1935, he broke away from a field of runners in a 10,000 meter race at Gyeongseong Stadium and won. The next year, he set a world record while winning the marathon at the Berlin Olympics. As the Japanese national anthem began to play during the award ceremony, Olympic gold medalist Sohn Kee-chung hid the Japanese flag on his chest with the laurel sapling presented to him. The Korean Olympian Nam Seung-yong, who won bronze in that marathon, could only hang his head and close his eyes. They pulled off a great victory that helped restore Korean pride, but they had no country upon which to bestow that glory. From being the most impoverished country to receive international aid, we have soared to become one of the 10 largest global economic powerhouses. In the face of dictatorship, we left the world a milestone for democracy. Though we endured a period when individual sacrifices were demanded and human rights were oppressed in the name of the state, we have never stopped marching toward a properly functioning country where each citizen is guaranteed inherent rights for freedom, equality, dignity and safety. Our people have withstood many crises. We rose from the ashes of war and overcame the Asian foreign exchange and global financial crises. Together, we have also surmounted the crisis prompted by Japan’s export restrictions. We have actually turned that into an opportunity to leap forward as a nation that cannot be shaken. Mutually beneficial cooperation between large businesses and SMEs has led to independence in the production of materials, parts and equipment. Some of these ventures have even attracted foreign investors. Amid the global economic crisis, Korea’s economic growth this year is projected to rank first among the 37 OECD member states. Our GDP is also forecast to join the ranks of the 10 largest economies in the world. I cannot but extend my respect and gratitude to our people once again, who are turning crises into opportunities even while enduring great suffering. We have now affirmed the fact that our neighbors’ safety equals our own and are preparing for a post-COVID-19 era. While bringing implementation of the Korean New Deal into full gear, we will reform and upgrade our economic fundamentals – employing the Digital New Deal and the Green New Deal as our wings. From a fast follower-type economy to a pace-setting one and from a carbon-dependent economy to a low-carbon one, we will fundamentally transform the Republic of Korea and once again leap forward. The spirit that permeates the core of the Korean New Deal is also people-centered mutual benefit. A new social contract for mutual benefit, the Korean New Deal is also a pledge to achieve and share prosperity together by further strengthening the employment and social safety nets and increasing investments in people. What matters the most is to reduce gaps and inequality. Only when everyone is living well can we say that genuine liberation has been achieved. I believe that the people will join us on the path toward sustainable development for both their own benefit as well as that of future generations. Fellow Koreans,
In the winter of 2016, squares and streets throughout the country were filled with the spirit of Article 1 of the Constitution: All state authority shall emanate from the people. Our people held aloft lit candles and once more etched onto the chapters of history the fact that the power to change the world always rests with them. That spirit became the foundation of our Administration. Today, on the occasion of the 75th anniversary of Liberation Day, I look back to see whether each individual really has achieved liberation. However, we will give people the firm belief that our society is heading in that direction and do all we can to build a solid foundation. We remember our compatriots who emigrated from the Empire of Korea to work in Hawaii and Mexico but could not return as they lost their homeland. We must never forget that tearful history. Although the motherland could not protect its people, they collected wages from labor and spoonfuls of rice to fund the Provisional Republic of Korea Government’s independence movement. As such, they became a root of the overseas independence movement. We must remember forever those who were never able to return to the arms of their families in a liberated homeland. It was deeply meaningful to mark the centennials of the March First Independence Movement and the establishment of the Provisional Republic of Korea Government last year by repatriating the remains of five decorated independence activists. We as a nation must also respond without fail to the efforts of individuals to prove their own dignity and pool our wisdom to find ways to devise solutions. In 2005, four victims of forced labor filed a damage suit against Japanese companies that mobilized Korean workers in the colonial period. In 2018, the Supreme Court of Korea ruled in their favor. Although the Supreme Court acknowledged the validity of the 1965 Claims Agreement between Korea and Japan, it ruled that the right of an individual to claim damages against unlawful acts had never been waived. A Supreme Court ruling has the highest legal authority and executory power within the Republic of Korea. My Administration respects the judiciary’s decision, and we have been engaging in consultations with the Japanese Government on how to reach a satisfactory resolution to which the victims could agree. The door for such consultations remains wide open. My Administration is ready to sit down with the Japanese Government at any time to discuss these issues. Three of the plaintiffs have already passed away. When Japan’s export restriction measures were put in place last year, Lee Chun-sik, now the sole surviving plaintiff, wondered out loud whether the Republic of Korea was “suffering a loss” because of him. We will affirm the fact that protecting an individual’s dignity will never end up incurring a loss for his country. At the same time, we will work with Japan to protect universal values of humanity, the principles of international law and democracy based on the separation of powers. Inter-Korean cooperation is indeed the best security policy that allows both Koreas to break away from reliance on nuclear or military strength. The stronger inter-Korean cooperation grows, the more solid the security of each Korea will be. This will in turn become a force that moves us toward prosperity in cooperation with the international community. As agreed upon in the Panmunjom Declaration, we will permanently remove the threat of war and build the foundation of genuine liberation that our forebears dreamed of. The two Koreas conducted a joint survey of and even held a groundbreaking ceremony for the reconnection of inter-Korean railways. It is the key driving force to expand future inter-Korean cooperation into the continent. We will move toward a Korean Peninsula of peace and common prosperity while examining and implementing every single aspect of agreements already reached between the two Koreas. Fellow Koreans, decorated independence activists, bereaved relatives and overseas Koreans,
Here are our beliefs: sacrifice for our country will be remembered, our county will assure safety in the face of disasters and catastrophes, it will save us when we suffer hardships in a foreign land, it will attend to each individual’s difficulty and it will guarantee an opportunity to carry on even after a setback. These beliefs allow individuals to take on new challenges and endure hardships. Dongdaemun Design Plaza is embedded with the sweat and smoldering frustration of a marathoner in the colonial era, the joy of liberation and lament over national division. Today, upon such historical strata, the creativity and individuality of each person is blossoming fully. Beyond the path to this democratic republic initiated a century ago, we will move with the people toward a Republic of Korea brimming with individual freedom and equality. Beyond the self-reliant independent country that our forebears envisioned, we will move toward a peaceful, prosperous and unified Korean Peninsula with the people. Thank you. LIST
PRINT
Remarks by President Moon Jae-in during Visit to Middle School Emerging as Green Smart School
Message from President Moon Jae-in on National Day to Honor Japanese Military Comfort Women Victims
PRESIDENT
Greetings
Profile
Life Story
The Administration
SPEECHES & REMARKS
BRIEFINGS
Speeches & Remarks
Briefings
MEDIA
Interviews
Korea.net News
CONTENTS
Infographics
Photos
Videos
Publications
CONTACT
General Information
Tours
CONTACT INFO
***
1 Cheongwadae-ro, Jongno-gu, Seoul 03048 Republic of Korea
COPYRIGHT Office of the President. All rights reserved.",FORCED_LABOR,COMPENSATION_REPARATION;COLONIAL_RULE,1,1,1,HIGH,0,1,0,0,1,0,OTHER,1,MIXED,en,1,http://webarchives.pa.go.kr/19th/english.president.go.kr/BriefingSpeeches/Speeches/861,NA,NA,NA,"75th Liberation Day address. Substantial passage on the 2018 Korean Supreme Court ruling in favor of forced-labor victims against Japanese companies (names plaintiff Lee Chun-sik), Japan's 2019 export restrictions (widely read as retaliation), and Moon's offer to keep consultations with the Japanese government open. responsibility_actor=OTHER/agency_explicit=1: the passage explicitly names ""Japanese companies that mobilized Korean workers in the colonial period"" as the defendant/responsible party in the court case, though Moon himself does not editorialize further on blame.",HIGH,ee60a891-51b2-58dd-a9b9-9c52d5ee464a,1
659994d6-685f-4097-be80-e57c2fe585aa,korea,2021-08-15,2021,Moon Jae-in,President of the Republic of Korea,HEAD,"Office of the President, Republic of Korea (via National Archives of Korea web archive)",PRESS_CONFERENCE,Address by President Moon Jae-in on Korea’s 76th Liberation Day,,"Address by President Moon Jae-in on Korea’s 76th Liberation Day
컨텐츠바로가기
Skip To main Contents
﻿
이 웹사이트는 제19대 대통령 임기 종료에 따라 대통령기록관이 「대통령기록물 관리에 관한 법률」에 의해 이관받아 서비스하는 대통령기록물입니다. 자료의 열람만 가능하며 수정 · 추가 · 삭제는 불가능합니다.
다만,
「개인정보보호법」
에 의하여 개인의 정보를 보호받기 원하시는 분은 관련 내용(요청자, 요청내용, 연락처, 글위치)을
대통령 웹기록물 담당자(044-211-2253)에게
요청해 주시면 신속히 검토하여 조치해 드리겠습니다. 감사합니다.
[오늘 그만 보기]
이 웹사이트는 국민의 알권리 보장을 위해 대통령기록관에서 보존·서비스하고 있는 대통령기록물입니다.
This Website is the Presidential Records maintained and serviced by the Presidential Archives of Korea to ensure the people's right to know.
PRESIDENT
Greetings
Profile
Life Story
The Administration
SPEECHES & REMARKS
BRIEFINGS
Speeches & Remarks
Briefings
MEDIA
Interviews
Korea.net News
CONTENTS
Infographics
Photos
Videos
Publications
CONTACT
General Information
Tours
Search
KR
JP
CN
Twitter
SPEECHES & REMARKS
BRIEFINGS
SPEECHES & REMARKS
BRIEFING
Address by President Moon Jae-in on Korea’s 76th Liberation Day
August 15, 2021
Share
(Unofficial Translation)
Fellow Koreans,
decorated independence activists,
relatives of those departed and all Koreans living abroad,
Today, as we mark the 76th Liberation Day, the remains of General Hong Beom-do will finally arrive in his homeland. General Hong was the commander of the Greater Korea Independence Army that fought against imperial Japan from bases in China. He spearheaded historic victories at the battles of Fengwudong and Qingshanli. Later, he became a spiritual anchor for the ethnic Koreans that migrated to Kazakhstan. I am very pleased that my Administration’s diplomatic efforts to repatriate his remains have come to fruition. I am deeply grateful to Kazakh President Tokayev and the Korean diaspora there for all of their cooperation, both emotionally and materially.
As of today, the remains of 144 patriotic independence activists have been returned to their home country, starting with those of the patriotic martyrs Yun Bong-gil and Lee Bong-chang in 1946 right after liberation on up to General Hong Beom-do’s today. It is indisputably our duty and privilege as a nation and descendants to bring our independence heroes back home. We will do our best to that end.
Regardless of the hardships faced, our forebears never lost sight of their dream – self-reliant independence. They mounted a Korean independence movement wherever they found a home. Their indomitable will has been steadily carried on by posterity and, even now, serves as a source of strength to overcome national crises. I extend my deepest respect and gratitude to our forebears, decorated independence activists and their bereaved families.
Fellow Koreans,
Culture Station Seoul 284, where this ceremony is being held today, was a place of suffering and sorrow during the Japanese colonial period. Crops and goods produced on our land were plundered and shipped out from here. At this place, independence activists who set out on perilous paths and farmers who lost their fields bid farewell to their homeland. Student soldiers who were forcibly dragged off to battlefields in the prime of their youth and their loved ones shed tears here.
However, this station and its square came to house dreams and hopes after the country was liberated. Trains that departed from Manchuria and Russia’s Maritime Province in Siberia were full of Koreans coming back to their hometowns. Busan, Incheon, Gunsan and other port cities were bustling with returnees filled with hope.
The overwhelming emotions and hopes that were felt on Liberation Day are still a part of our future. The hearts of all our people swelled with the vision of building a new nation. Fathers and mothers dedicated their lives to securing an education for their children. There had been 1.45 million primary, middle and high school students across the country at that time, but just two years after liberation, the number increased more than 60 percent to 2.35 million. People’s ardent zeal for education drove the country to introduce compulsory education. Talented individuals became the growth engines of the Republic of Korea.
Agricultural production also rose significantly. Crop yields, which had been suppressed due to pillage from imperial Japan, surged after farmland reforms. Around the 1970s, they showed a three-fold increase from the Japanese colonial period, finally making it possible to end our recurring periods of scarce food.
The people’s determination to “be well off,” which sprang from the 1960s’ five-year Economic Development Plans, led to the Socioeconomic Development Plan and New Economic Plan and fostered the IT industry as well as green growth and the creative economy. It has served as the foundation for Korea to emerge as one of the world’s 10 largest economic powerhouses. The country’s per capita GDP surpassed US$30,000 in 2017 and also overtook that of a G7 member state last year.
Self-reliant national defense has been our desperate dream for the past century. Upholding the spirit of the independence armies and the Korean Liberation Army, our Army has grown into a cutting-edge, formidable military force that has deployed the world-class K2 Black Panther tank, K9 Thunder self-propelled howitzer and K21 infantry fighting vehicle. Our Navy, founded with patrol boats and rusted battleships abandoned by the Japanese military, has become an oceangoing navy that has commissioned some 150 naval vessels in total, including 19 submarines and nine destroyers – some of which are armed with the Aegis Weapon System. Our Air Force had only 20 light aircraft back in 1949, but it has become only the eighth air force in the world to independently develop an advanced supersonic fighter jet – the KF-21 – and is soaring into space as a mighty air force. Now, Korea is the 6th strongest military powerhouse in the 2021 Global Firepower ranking. To prepare for the Fourth Industrial Revolution and new security environment in the space era, we are building defense capabilities that no one dare challenge.
Korean independence movement leader Kim Gu, pen name Baekbeom, envisioned “a state with a highly developed culture.” Today, his aspiration is being fulfilled on the global stage through our culture and arts. BTS recently became the first band to replace itself at the top of the Billboard chart with a new single. The film “Parasite” won the top prize at Cannes and multiple Oscars at the Academy Awards. Actress Youn Yuh-jung won the Best Supporting Actress Oscar. Not only K-pop and our movies but also games, TV dramas, webtoons, animation and content in various other fields are loved around the world. Annual content exports broke the US$10 billion mark for the first time last year. The high caliber of our culture and arts are not limited to modern and popular genres. Our culture and arts figures have made remarkable achievements even in such traditional fields as classical music and ballet. Embracing traditional and modern elements harmoniously, they have achieved such feats through creativity and passion. These accomplishments represent the potential of the Korean people who love culture and the arts.
Fellow Koreans,
We have always had new dreams. We have been able to come this far as we have not lost those dreams. Our dreams for independence, liberty and decent lives set the country free. This past June, the United Nations Conference on Trade and Development unanimously agreed to upgrade the status of Korea to an advanced economy, the first time ever for a developing nation. As we have now become an advanced country, we have yet another dream: to become a peaceful, dignified advanced nation and to become a country that fulfills its fair share of duties within the international community.
We have pioneered a path that had never been traveled. Emerging from colonial rule and third-world status, we have forged a new model of success for developing economies. Our most unique and greatest strength lies in the fact that we can share our growth experience with developing countries. In confronting the raging challenges posed by COVID-19, we have demonstrated the power of our people’s strong sense of community, giving the world an example of how to overcome crises.
We have inherited from our ancestors the resilient power of mutual benefit and cooperation. Even after suffering humiliation, discrimination, violence and exploitation under colonial rule, our forebears opted to embrace rather than retaliate against the Japanese still in our newly liberated country. We have always come together with one mind to fulfill our dreams. We have banded together even more tightly in the face of a crisis. We have turned countless crises into opportunities while empowering one another. The power of working together for mutual benefit will enable us to move toward new dreams and take the lead in the post-COVID-19 era.
The country that all of our people envisioned through the candlelight revolution was “a properly functioning country” and “a country where everyone prospers.” We are expanding basic labor rights by implementing the 52-hour workweek system, raising the minimum wage and ratifying key ILO conventions. By increasing the number of employment insurance subscribers, raising senior citizens’ basic pension, strengthening the coverage of health insurance and implementing a national system that cares for dementia patients, we are enhancing the inclusiveness of our society.
When it comes to the COVID-19 crisis – compared to any other advanced nation – our country is overcoming it in a stable manner. We will also surely prevail over this fourth wave fueled by the spread of the Delta variant. The inoculation is also approaching its target. In October, 70 percent of the total population will have received their second shots, and vaccination rate targets will be raised once more.
We will recover together and leap forward together. Extensive compensation will be provided to cover COVID-19-related damage to microbusiness owners, and everything possible will be done to create decent jobs and increase employment opportunities for the vulnerable. We will expand the living allowance support for low-income families to achieve an inclusive recovery that reduces disparities.
The world order is taking shape anew. At this critical watershed in history, the Republic of Korea is facing an opportunity to move toward a pacesetting country. A pacesetting economy uses creative ideas as its core competitiveness, and its growth pivots around people.
The number of unicorn companies increased to 15 last year, and venture investments in the first half of this year reached a record high. As such, the second venture boom is spreading. Having claimed the top spot in global shipbuilding orders and become one of the top five automobile manufacturers in the world, our country has built on its success with memory semiconductors and has also been performing well in the system semiconductors market as well as those for batteries and biohealth. Amid this process, exports are setting new records. The Government will make our economy stronger by instilling the values of innovation, mutual benefit and inclusiveness.
The Korean New Deal, through which a total of 220 trillion won will be invested by 2025, is both a roadmap for moving toward a people-centered, innovative and inclusive country and a national development strategy to achieve a new leap forward. In addition to the Korean New Deal’s Digital and Green New Deals, the Government has erected yet another support pillar: the Human New Deal. We will knit the social safety net more tightly – for instance, by introducing universal employment insurance and completely abolishing mandatory family support requirements – and spearhead the digital and green transitions through investments in people. We will provide young people with decent jobs by fostering workforces for such forward-looking sectors as software engineering and artificial intelligence. Our efforts will also focus on ensuring a just transition, so the digital and green transitions leave no one behind.
The vision of balanced national development pursued by my Administration will become a reality through the Regionally Balanced New Deal. We will further strengthen financial decentralization for local areas and reverse the trend toward concentration in the Seoul metropolitan area. This will be made possible by sharing models of successful pan-regional cooperation as with the megacity in southeastern Korea. The economy is showing a fast and strong recovery, but its warmth has yet to reach many areas. By sharing the benefits of the economic recovery with all of our people, we will ensure that the vision of a country where everyone prospers becomes a tangible reality.
Becoming a dignified advanced country begins with a culture of respect and consideration. We should move forward, one step closer to a society of inclusiveness and tolerance, not discrimination and exclusion. When we show consideration for the socially disadvantaged as well as acknowledge and respect the differences in each other’s positions and thoughts, our society will be able to move closer to being a dignified and respected advanced country.
Fellow Koreans,
In the process of emerging as an advanced country, we have been practicing the spirit of mutual benefit and cooperation across borders. By embracing market opening and trading nation status, Korea has become one of the world’s seven largest exporters and contributed to the development of the global economy. Since the inauguration, my Administration has expanded the scope of cooperation by signing the Regional Comprehensive Economic Partnership (RCEP) and concluding FTAs with Indonesia, Cambodia and Israel.
If the world does not work together, we cannot prevail over COVID-19 and surmount the climate crisis. The Republic of Korea will serve as a bridging nation that spearheads mutually beneficial cooperation between advanced and developing countries.
The Republic of Korea has been invited to the G7 Summit for two years in a row, which signifies the start of a new world order. Building upon capabilities nurtured through openness and cooperation, we will actively contribute to overcoming the COVID-19 crisis as well as to establishing a peaceful order and the reconstruction of the global economy in the post-COVID-19 era. In particular, we will take the lead in creating value and order in the new era based on our experience with economic growth – having moved from a developing to an advanced country – and the soft power amassed through Hallyu and Korea’s response to COVID-19.
First, our country will become a vaccine hub. We will use our biopharmaceutical production capacity – the second largest in the world – and the Korea-U.S. global vaccine partnership to take the lead in overcoming crises from infectious diseases that all of humanity faces. On the 5th of this month, a committee was launched to hasten our becoming a global vaccine hub. It will play a pivotal role by providing intensive support for developing and supplying the raw and processed materials needed for vaccines. The Government will join the efforts of businesses to put the first homegrown vaccine on the market before the end of the first half next year.
Second, we will further enhance our role in the global supply chain. With semiconductors and batteries – industries where Korea has unmatched competitiveness – we can contribute to supply chain stability worldwide. We will solidify our position as a leading international base by making current technological gaps even wider.
Third, we will fulfill our responsibilities as needed to tackle the climate crisis. Last year, we set out to achieve a new milestone by declaring “2050 Carbon Neutrality.” This goal was made possible thanks to people voluntarily working for the environment and businesses actively seeking management guided by ESG best practices. With the 2050 Carbon Neutrality plan announced on August 5, the Government will fulfill its responsibilities as a member of the international community by canvassing public opinion broadly and pledging feasible greenhouse gas reductions within this year through a 2030 Nationally Determined Contribution.
Achieving 2050 carbon neutrality will by no means be easy, but it should not be perceived merely as a burden. This grand, global socioeconomic transformation toward carbon neutrality will bring unprecedented innovations and create numerous jobs. This is also a golden opportunity for us to leap forward as a pacesetting nation. The Government has nurtured eco-friendly vehicles, batteries and the hydrogen economy as future growth engines. We are expanding such new and renewable energy power generation as solar and offshore wind power while reducing coal’s role in our power mix. We will take the initiative in our transitioning to a low-carbon economy by focusing on the fields in which we currently lead.
The scope of international solidarity and cooperation will also be expanded. In particular, we will assist energy transitions among developing countries that are highly dependent on coal to generate power and share green technologies and knowledge gained from our Green New Deal.
Fellow Koreans,
On August 16, 1945, the day after our liberation, Ahn Jae-hong – a nation leader – gave a speech broadcast to 30 million Koreans. Then vice chairman of the Preparatory Committee for National Construction, Ahn proposed that defeated Japan and liberated Korea move toward an equal and mutually beneficial relationship. It is truly a bold and inclusive sense of history that transcends the victim mentality of the colonized. National consciousness was heightened to the fullest after liberation, but we did not drift toward an exclusive or hostile form of nationalism.
Pursuing world peace and happiness for all people, moving beyond Asia, is the spirit of the March First Independence Movement. This is the great founding spirit that the Provisional Republic of Korea Government and its liberated people practiced. The Republic of Korea has consistently upheld that spirit. Since normalizing diplomatic relations, Korea and Japan have long been able to achieve economic growth together through a division of labor and cooperation based on the common shared values of democracy and a market economy. This is the direction our two countries should continue to go in, moving forward together.
Our Government has always kept the door open for dialogue to jointly respond not only to our two countries’ pending issues but also threats facing the world, including COVID-19 and the climate crisis. For historical issues that need to be rectified, we will resolve them through actions and practices that are consistent with universal values and the standards of the international community. I look forward to our two countries gathering wisdom and surmounting difficulties together, setting an example of the cooperation expected between neighbors.
This year marks the 30th anniversary of South and North Korea’s joint accession to the United Nations. One year before that, in 1990, East and West Germany achieved unification after 45 years of division. East and West Germany built trust by exchanging good faith and intentions. They created a “German model” that pursues universalism, pluralism, coexistence and co-prosperity. Moreover, by overcoming neighboring countries’ concerns about their unification through sincere reflection on the past, Germany has become a pacesetting country in the European Union, a leader championing universal values and standards shared globally.
Division is the biggest obstacle blocking our growth and prosperity and simultaneously a tenacious barrier to permanent peace. Like Germany, we can also remove this barrier. Although unification may take some more time, we can create a Korean Peninsula model in which the two Koreas coexist and contribute to the prosperity of Northeast Asia as a whole through denuclearization and permanent peace on the Peninsula.
The Northeast Asia Cooperation Initiative for Infectious Disease Control and Public Health is now discussing sharing information and cooperating on projects such as the joint stockpiling of medical and epidemic prevention supplies and joint training of personnel to respond to COVID-19. Since COVID-19 is now clearly not a temporary threat, the importance of such cooperation has become all the more significant. While expanding cooperation, we will work hard to ensure that North Korea, a member of the East Asian community of life, can participate as well.
Firmly institutionalizing peace on the Korean Peninsula will definitely benefit both Koreas greatly. Most of all, the advantages that the Republic of Korea would be able to enjoy will be enormous once we shake off the so-called Korea discount and connect to the continent rather than exist as a virtual island nation. If we tirelessly envision peace on the Korean Peninsula, our imaginations can reach beyond it and spread across Eurasia. If we do not stop striving for reconciliation and cooperation, that tenacious barrier will finally crumble and new hopes and prosperity beyond our dreams will begin.
Fellow Koreans,
decorated independence activities,
relatives of those departed, and all Koreans living abroad,
Despite colonization and the ruins of war, we have held onto our passion and dream for a better future. We have taken steps to become a country that has proudly advanced, a country that prospers with its neighbors and a country that prevails over division and pursues peace.
Anyone who travels abroad would be able to sense that others have a much higher opinion of us than we have of ourselves. The international community is amazed at the Republic of Korea’s capabilities and achievements in many fields, including the economy, epidemic prevention and control, democracy, culture and the arts. We are not the Republic of Korea of the past. It is our turn to be proud of ourselves and dream once more. I hope that all of our people will move forward together toward that vision.
I pay homage with all my heart to our forebears who have bequeathed a great legacy – a strong will for freedom and peace, a dedication to community and solidarity and cooperation.
Thank you.
LIST
PRINT
Remarks by President Moon Jae-in at Posthumous Presentation of Order of Merit to General Hong Beom-do
Remarks by President Moon Jae-in on Achievements of Policy Expanding National Health Insurance Coverage upon Its Fourth Anniversary
PRESIDENT
Greetings
Profile
Life Story
The Administration
SPEECHES & REMARKS
BRIEFINGS
Speeches & Remarks
Briefings
MEDIA
Interviews
Korea.net News
CONTENTS
Infographics
Photos
Videos
Publications
CONTACT
General Information
Tours
CONTACT INFO
***
1 Cheongwadae-ro, Jongno-gu, Seoul 03048 Republic of Korea
COPYRIGHT Office of the President. All rights reserved.","Their indomitable will has been steadily carried on by posterity and, even now, serves as a source of strength to overcome national crises. I extend my deepest respect and gratitude to our forebears, decorated independence activists and their bereaved families. Fellow Koreans,
Culture Station Seoul 284, where this ceremony is being held today, was a place of suffering and sorrow during the Japanese colonial period. Crops and goods produced on our land were plundered and shipped out from here. At this place, independence activists who set out on perilous paths and farmers who lost their fields bid farewell to their homeland. Korean independence movement leader Kim Gu, pen name Baekbeom, envisioned “a state with a highly developed culture.” Today, his aspiration is being fulfilled on the global stage through our culture and arts. BTS recently became the first band to replace itself at the top of the Billboard chart with a new single. The film “Parasite” won the top prize at Cannes and multiple Oscars at the Academy Awards. Actress Youn Yuh-jung won the Best Supporting Actress Oscar. Not only K-pop and our movies but also games, TV dramas, webtoons, animation and content in various other fields are loved around the world. As we have now become an advanced country, we have yet another dream: to become a peaceful, dignified advanced nation and to become a country that fulfills its fair share of duties within the international community. We have pioneered a path that had never been traveled. Emerging from colonial rule and third-world status, we have forged a new model of success for developing economies. Our most unique and greatest strength lies in the fact that we can share our growth experience with developing countries. In confronting the raging challenges posed by COVID-19, we have demonstrated the power of our people’s strong sense of community, giving the world an example of how to overcome crises. We have inherited from our ancestors the resilient power of mutual benefit and cooperation. Even after suffering humiliation, discrimination, violence and exploitation under colonial rule, our forebears opted to embrace rather than retaliate against the Japanese still in our newly liberated country. We have always come together with one mind to fulfill our dreams. We have banded together even more tightly in the face of a crisis. We have turned countless crises into opportunities while empowering one another. The power of working together for mutual benefit will enable us to move toward new dreams and take the lead in the post-COVID-19 era. The country that all of our people envisioned through the candlelight revolution was “a properly functioning country” and “a country where everyone prospers.” We are expanding basic labor rights by implementing the 52-hour workweek system, raising the minimum wage and ratifying key ILO conventions. By increasing the number of employment insurance subscribers, raising senior citizens’ basic pension, strengthening the coverage of health insurance and implementing a national system that cares for dementia patients, we are enhancing the inclusiveness of our society. The inoculation is also approaching its target. In October, 70 percent of the total population will have received their second shots, and vaccination rate targets will be raised once more. We will recover together and leap forward together. Extensive compensation will be provided to cover COVID-19-related damage to microbusiness owners, and everything possible will be done to create decent jobs and increase employment opportunities for the vulnerable. We will expand the living allowance support for low-income families to achieve an inclusive recovery that reduces disparities. The world order is taking shape anew. At this critical watershed in history, the Republic of Korea is facing an opportunity to move toward a pacesetting country. A pacesetting economy uses creative ideas as its core competitiveness, and its growth pivots around people. The number of unicorn companies increased to 15 last year, and venture investments in the first half of this year reached a record high. Amid this process, exports are setting new records. The Government will make our economy stronger by instilling the values of innovation, mutual benefit and inclusiveness. The Korean New Deal, through which a total of 220 trillion won will be invested by 2025, is both a roadmap for moving toward a people-centered, innovative and inclusive country and a national development strategy to achieve a new leap forward. In addition to the Korean New Deal’s Digital and Green New Deals, the Government has erected yet another support pillar: the Human New Deal. We will knit the social safety net more tightly – for instance, by introducing universal employment insurance and completely abolishing mandatory family support requirements – and spearhead the digital and green transitions through investments in people. We will provide young people with decent jobs by fostering workforces for such forward-looking sectors as software engineering and artificial intelligence. Our efforts will also focus on ensuring a just transition, so the digital and green transitions leave no one behind. The vision of balanced national development pursued by my Administration will become a reality through the Regionally Balanced New Deal. We will further strengthen financial decentralization for local areas and reverse the trend toward concentration in the Seoul metropolitan area. This will be made possible by sharing models of successful pan-regional cooperation as with the megacity in southeastern Korea. The economy is showing a fast and strong recovery, but its warmth has yet to reach many areas. By sharing the benefits of the economic recovery with all of our people, we will ensure that the vision of a country where everyone prospers becomes a tangible reality. Becoming a dignified advanced country begins with a culture of respect and consideration. We should move forward, one step closer to a society of inclusiveness and tolerance, not discrimination and exclusion. When we show consideration for the socially disadvantaged as well as acknowledge and respect the differences in each other’s positions and thoughts, our society will be able to move closer to being a dignified and respected advanced country. Fellow Koreans,
In the process of emerging as an advanced country, we have been practicing the spirit of mutual benefit and cooperation across borders. With the 2050 Carbon Neutrality plan announced on August 5, the Government will fulfill its responsibilities as a member of the international community by canvassing public opinion broadly and pledging feasible greenhouse gas reductions within this year through a 2030 Nationally Determined Contribution. Achieving 2050 carbon neutrality will by no means be easy, but it should not be perceived merely as a burden. This grand, global socioeconomic transformation toward carbon neutrality will bring unprecedented innovations and create numerous jobs. This is also a golden opportunity for us to leap forward as a pacesetting nation. The Government has nurtured eco-friendly vehicles, batteries and the hydrogen economy as future growth engines. We are expanding such new and renewable energy power generation as solar and offshore wind power while reducing coal’s role in our power mix. In particular, we will assist energy transitions among developing countries that are highly dependent on coal to generate power and share green technologies and knowledge gained from our Green New Deal. Fellow Koreans,
On August 16, 1945, the day after our liberation, Ahn Jae-hong – a nation leader – gave a speech broadcast to 30 million Koreans. Then vice chairman of the Preparatory Committee for National Construction, Ahn proposed that defeated Japan and liberated Korea move toward an equal and mutually beneficial relationship. It is truly a bold and inclusive sense of history that transcends the victim mentality of the colonized. National consciousness was heightened to the fullest after liberation, but we did not drift toward an exclusive or hostile form of nationalism. Pursuing world peace and happiness for all people, moving beyond Asia, is the spirit of the March First Independence Movement. This is the great founding spirit that the Provisional Republic of Korea Government and its liberated people practiced. The Republic of Korea has consistently upheld that spirit. Since normalizing diplomatic relations, Korea and Japan have long been able to achieve economic growth together through a division of labor and cooperation based on the common shared values of democracy and a market economy. This is the direction our two countries should continue to go in, moving forward together. Our Government has always kept the door open for dialogue to jointly respond not only to our two countries’ pending issues but also threats facing the world, including COVID-19 and the climate crisis. For historical issues that need to be rectified, we will resolve them through actions and practices that are consistent with universal values and the standards of the international community. I look forward to our two countries gathering wisdom and surmounting difficulties together, setting an example of the cooperation expected between neighbors. This year marks the 30th anniversary of South and North Korea’s joint accession to the United Nations. One year before that, in 1990, East and West Germany achieved unification after 45 years of division. East and West Germany built trust by exchanging good faith and intentions. They created a “German model” that pursues universalism, pluralism, coexistence and co-prosperity. Moreover, by overcoming neighboring countries’ concerns about their unification through sincere reflection on the past, Germany has become a pacesetting country in the European Union, a leader championing universal values and standards shared globally. Division is the biggest obstacle blocking our growth and prosperity and simultaneously a tenacious barrier to permanent peace. Like Germany, we can also remove this barrier. If we tirelessly envision peace on the Korean Peninsula, our imaginations can reach beyond it and spread across Eurasia. If we do not stop striving for reconciliation and cooperation, that tenacious barrier will finally crumble and new hopes and prosperity beyond our dreams will begin. Fellow Koreans,
decorated independence activities,
relatives of those departed, and all Koreans living abroad,
Despite colonization and the ruins of war, we have held onto our passion and dream for a better future. We have taken steps to become a country that has proudly advanced, a country that prospers with its neighbors and a country that prevails over division and pursues peace. Anyone who travels abroad would be able to sense that others have a much higher opinion of us than we have of ourselves. We are not the Republic of Korea of the past. It is our turn to be proud of ourselves and dream once more. I hope that all of our people will move forward together toward that vision. I pay homage with all my heart to our forebears who have bequeathed a great legacy – a strong will for freedom and peace, a dedication to community and solidarity and cooperation. Thank you.",COLONIAL_RULE,HISTORICAL_RECOGNITION_GENERAL,1,0,1,HIGH,0,1,0,1,0,0,OTHER,1,MIXED,en,1,http://webarchives.pa.go.kr/19th/english.president.go.kr/BriefingSpeeches/Speeches/1045,NA,NA,NA,"76th Liberation Day address, held at Culture Station Seoul 284 (a site used to ship plundered Korean crops/goods under colonial rule). Describes forced conscription of ""student soldiers,"" colonial-era exploitation (""pillage from imperial Japan""), but explicitly frames Korea's historical response as choosing to ""embrace rather than retaliate against the Japanese,"" and calls for continuing the post-normalization cooperative economic relationship. reflection=1 for this explicit non-retaliation framing; no apology sought/given in this passage.",HIGH,4608f83f-39ee-5ca1-a4c8-b3248a8358d3,1
11230441-bf80-49fa-9b64-8bf8f81d7d12,korea,2020-08-14,2020,Moon Jae-in,President of the Republic of Korea,HEAD,"Office of the President, Republic of Korea (via National Archives of Korea web archive)",PRESS_CONFERENCE,Message from President Moon Jae-in on National Day to Honor Japanese Military Comfort Women Victims,,"Message from President Moon Jae-in on National Day to Honor Japanese Military Comfort Women Victims
컨텐츠바로가기
Skip To main Contents
﻿
이 웹사이트는 제19대 대통령 임기 종료에 따라 대통령기록관이 「대통령기록물 관리에 관한 법률」에 의해 이관받아 서비스하는 대통령기록물입니다. 자료의 열람만 가능하며 수정 · 추가 · 삭제는 불가능합니다.
다만,
「개인정보보호법」
에 의하여 개인의 정보를 보호받기 원하시는 분은 관련 내용(요청자, 요청내용, 연락처, 글위치)을
대통령 웹기록물 담당자(044-211-2253)에게
요청해 주시면 신속히 검토하여 조치해 드리겠습니다. 감사합니다.
[오늘 그만 보기]
이 웹사이트는 국민의 알권리 보장을 위해 대통령기록관에서 보존·서비스하고 있는 대통령기록물입니다.
This Website is the Presidential Records maintained and serviced by the Presidential Archives of Korea to ensure the people's right to know.
PRESIDENT
Greetings
Profile
Life Story
The Administration
SPEECHES & REMARKS
BRIEFINGS
Speeches & Remarks
Briefings
MEDIA
Interviews
Korea.net News
CONTENTS
Infographics
Photos
Videos
Publications
CONTACT
General Information
Tours
Search
KR
JP
CN
Twitter
SPEECHES & REMARKS
BRIEFINGS
SPEECHES & REMARKS
BRIEFING
Message from President Moon Jae-in on National Day to Honor Japanese Military Comfort Women Victims
August 14, 2020
Share
(Unofficial Translation)
Fellow Koreans, elderly comfort women victims of the imperial Japanese military and their relatives,
I am grateful to you all for joining today’s ceremony for the National Day to Honor Japanese Military Comfort Women Victims despite many inconveniences caused by COVID-19 prevention efforts and recent heavy downpours.
My good wishes go to those elderly victims who could not attend this ceremony. I also pray that the souls of those who already left us will rest in eternal peace.
Today marks the day 29 years ago when Kim Hak-sun became the first among the surviving victims to testify about what she had suffered. Encouraged by her testimony, other elderly victims went public with their own stories of suffering and pain. At the same time, they have practiced the value of women’s rights and peace as living witnesses of history.
Their courageous testimonies have made it possible for the comfort women issue to be included in a report by the U.N. Special Rapporteur on human rights. Moreover, the issue has been defined as a war crime by an international human rights court.
In addition, civic groups and academic experts at home and abroad have banded together with these grandmothers, and many of our people have been expressing empathy with their pain through long-standing joint efforts. The international community also recognizes their cause as a “universal women’s human rights movement” and “global peace movement.”
The Government will do all it can to come up with practical and feasible measures so that the grandmothers’ courage and dedication will be rewarded by having their dignity and honor restored.
The overriding principle in resolving the issue is a “victim-centered approach.” The Government will seek an acceptable solution until the time that the grandmothers themselves say they feel enough has been done. We will push for investigation, research and education more effectively to set history right so that an increasing number of students and citizens can stand in strong solidarity with the grandmothers while sharing in their pain.
I always worry about the health of these grandmothers. We will look after the surviving 17 grandmothers more carefully to ensure that they can enjoy healthy and stable lives.
I express my deep respect for these grandmothers who went beyond being victims and have constantly instilled new values in our society as human rights activists.
The grandmothers are now proposing a new direction to solve the comfort women issue. They have called for the creation of a plan for future generations – both in Korea and Japan – to advance toward peace and human rights while inheriting the achievements of the civic movement. It is their hope that all the efforts to resolve the comfort women issue – the actions, results and verification of the results – are open and transparent, so people from diverse backgrounds can participate.
I will etch deep into my heart the words of these grandmothers who sublimated their horrendous pain into life-guiding wisdom.
On the National Day to Honor Japanese Military Comfort Women Victims today,  I hope that the pain and wounds of the grandmothers will heal, albeit a little, and that our people will contemplate their spirit together.
I will always stand with those supporting the values of human rights for women and peace. I express my gratitude and respect for the grandmothers’ noble lives.
Thank you.
LIST
PRINT
Address by President Moon Jae-in on Korea’s 75th Liberation Day
Opening Remarks by President Moon Jae-in at 41st Cabinet Meeting
PRESIDENT
Greetings
Profile
Life Story
The Administration
SPEECHES & REMARKS
BRIEFINGS
Speeches & Remarks
Briefings
MEDIA
Interviews
Korea.net News
CONTENTS
Infographics
Photos
Videos
Publications
CONTACT
General Information
Tours
CONTACT INFO
***
1 Cheongwadae-ro, Jongno-gu, Seoul 03048 Republic of Korea
COPYRIGHT Office of the President. All rights reserved.","Message from President Moon Jae-in on National Day to Honor Japanese Military Comfort Women Victims
컨텐츠바로가기
Skip To main Contents
﻿
이 웹사이트는 제19대 대통령 임기 종료에 따라 대통령기록관이 「대통령기록물 관리에 관한 법률」에 의해 이관받아 서비스하는 대통령기록물입니다. 자료의 열람만 가능하며 수정 · 추가 · 삭제는 불가능합니다. 다만,
「개인정보보호법」
에 의하여 개인의 정보를 보호받기 원하시는 분은 관련 내용(요청자, 요청내용, 연락처, 글위치)을
대통령 웹기록물 담당자(044-211-2253)에게
요청해 주시면 신속히 검토하여 조치해 드리겠습니다. [오늘 그만 보기]
이 웹사이트는 국민의 알권리 보장을 위해 대통령기록관에서 보존·서비스하고 있는 대통령기록물입니다. This Website is the Presidential Records maintained and serviced by the Presidential Archives of Korea to ensure the people's right to know. PRESIDENT
Greetings
Profile
Life Story
The Administration
SPEECHES & REMARKS
BRIEFINGS
Speeches & Remarks
Briefings
MEDIA
Interviews
Korea.net News
CONTENTS
Infographics
Photos
Videos
Publications
CONTACT
General Information
Tours
Search
KR
JP
CN
Twitter
SPEECHES & REMARKS
BRIEFINGS
SPEECHES & REMARKS
BRIEFING
Message from President Moon Jae-in on National Day to Honor Japanese Military Comfort Women Victims
August 14, 2020
Share
(Unofficial Translation)
Fellow Koreans, elderly comfort women victims of the imperial Japanese military and their relatives,
I am grateful to you all for joining today’s ceremony for the National Day to Honor Japanese Military Comfort Women Victims despite many inconveniences caused by COVID-19 prevention efforts and recent heavy downpours. My good wishes go to those elderly victims who could not attend this ceremony. I also pray that the souls of those who already left us will rest in eternal peace. Today marks the day 29 years ago when Kim Hak-sun became the first among the surviving victims to testify about what she had suffered. Encouraged by her testimony, other elderly victims went public with their own stories of suffering and pain. At the same time, they have practiced the value of women’s rights and peace as living witnesses of history. Their courageous testimonies have made it possible for the comfort women issue to be included in a report by the U.N. Special Rapporteur on human rights. Moreover, the issue has been defined as a war crime by an international human rights court. In addition, civic groups and academic experts at home and abroad have banded together with these grandmothers, and many of our people have been expressing empathy with their pain through long-standing joint efforts. The international community also recognizes their cause as a “universal women’s human rights movement” and “global peace movement.”
The Government will do all it can to come up with practical and feasible measures so that the grandmothers’ courage and dedication will be rewarded by having their dignity and honor restored. The overriding principle in resolving the issue is a “victim-centered approach.” The Government will seek an acceptable solution until the time that the grandmothers themselves say they feel enough has been done. We will push for investigation, research and education more effectively to set history right so that an increasing number of students and citizens can stand in strong solidarity with the grandmothers while sharing in their pain. I always worry about the health of these grandmothers. We will look after the surviving 17 grandmothers more carefully to ensure that they can enjoy healthy and stable lives. I express my deep respect for these grandmothers who went beyond being victims and have constantly instilled new values in our society as human rights activists. The grandmothers are now proposing a new direction to solve the comfort women issue. They have called for the creation of a plan for future generations – both in Korea and Japan – to advance toward peace and human rights while inheriting the achievements of the civic movement. It is their hope that all the efforts to resolve the comfort women issue – the actions, results and verification of the results – are open and transparent, so people from diverse backgrounds can participate. I will etch deep into my heart the words of these grandmothers who sublimated their horrendous pain into life-guiding wisdom. On the National Day to Honor Japanese Military Comfort Women Victims today,  I hope that the pain and wounds of the grandmothers will heal, albeit a little, and that our people will contemplate their spirit together. I will always stand with those supporting the values of human rights for women and peace. I express my gratitude and respect for the grandmothers’ noble lives.",COMFORT_WOMEN,SEXUAL_SLAVERY;COMPENSATION_REPARATION,1,1,0,HIGH,0,0,0,0,1,0,MILITARY,1,DOMESTIC,en,1,http://webarchives.pa.go.kr/19th/english.president.go.kr/BriefingSpeeches/Others/979,NA,NA,NA,"Message on Korea's National Day to Honor Japanese Military Comfort Women Victims (Aug 14, marking Kim Hak-sun's 1991 testimony). Explicitly names ""elderly comfort women victims of the imperial Japanese military,"" commits to a ""victim-centered approach"" and further government measures ""until the time that the grandmothers themselves say they feel enough has been done."" This is a Korean government statement ABOUT the historical wrong (not a Japanese apology/acknowledgment) -- responsibility_actor=MILITARY refers to the imperial Japanese military as named in the text, not an admission by the speaker's own government. remedy=1 for the committed ""practical and feasible measures"" for the victims.",HIGH,929b11f8-37d2-5a39-b1fc-9912f0d62bcf,1
031c3160-f171-4452-b6e5-1fa87e5a0e50,korea,2022-08-15,2022,Yoon Suk Yeol,President of the Republic of Korea,HEAD,"Office of the President, Republic of Korea (via National Archives of Korea web archive)",SPEECH,Address by President Yoon Suk Yeol on Korea's 77th Liberation Day | Speeches and Remarks > Speeches and Remarks,,"Address by President Yoon Suk Yeol on Korea's 77th Liberation Day | Speeches and Remarks > Speeches and Remarks
Go to main text
Speeches and Remarks
Address by President Yoon Suk Yeol on Korea's 77th Liberation Day
2022.08.15
[Unofficial Translation]
My beloved fellow Koreans, 7.5 million compatriots living abroad,
Today we mark the 77th Liberation Day.
I express my deepest gratitude and respect to our fallen forebears and patriots who sacrificed themselves for our independence. I also wish to convey my utmost respect to their families as well.
As inscribed in the March 1st Declaration of Independence, the charter of the Provisional Government of the Republic of Korea in Shanghai and Yun Bong-gil’s spirit of independence, the independence movement during Japanese colonial rule yearned for a democratic republic where the people are the rightful owners of their nation and where freedom, human rights and the rule of law reign supreme.
The aim of the independence movement was never to build a totalitarian state that represses freedom and human rights. Our fallen forebears and patriots, as well as all Koreans, came together for the independence movement during the Japanese colonial period and on this day in 1945, that movement finally liberated Korea.
The independence movement did not end that day but continues to carry on even to this day. We fought to build a free and independent nation in the face of communist aggression; we accomplished economic growth and industrialization which became the cornerstone of freedom and democracy; we advanced our democratic ideals based on these accomplishments. As such, our independence movement still continues.
In the past, it was the yearning of weaker nations to reclaim their sovereignty and freedom which was forcefully taken from them by those stronger nations wielding force.
Now, the mandate of the times calls for countries that share universal values to stand in solidarity to defend freedom and human rights and achieve peace and prosperity for the citizens of the world.
The independence movement for freedom has also led us to attain economic development and the establishment of institutional democracy which are the foundation that allows for genuine freedom to flourish. Our independence movement must now contribute towards protecting and expanding the freedom of all global citizens who share such universal values.
Fellow Koreans,
As we celebrate the 77th Liberation Day, we must remind ourselves of the historic significance of this independence movement that encompasses the past and points towards the future.
Our independence movement is a dynamic process. At every historic juncture, the movement has evolved along with the new mandate of the times, taking on new meanings.
It is about restoring, defending and promoting freedom as well as fighting new threats to freedom, all in full solidarity with, and working alongside, global citizens with the goal of achieving global peace and prosperity.
Looking back at our history, we encounter a myriad of great independence activists: those who made the ultimate sacrifice fighting against Japanese imperialists and those who exercised noblesse oblige by helping arm and train independence fighters. I am always overcome with gratitude whenever I think about the courage and sacrifice made by these heroes.
There are other independence activists whom we should never forget: those who cultivated not only the nation’s spirit but also its abilities to build a liberal democracy by focusing on educational and cultural programs at home and abroad; those who fought the Communist invasion in defense of our freedom and democracy; leaders and laborers alike who toiled to lay the economic foundation that enabled genuine freedom to take root; and let us not forget that those who sacrificed and dedicated themselves for institutional democracy are also our independence leaders.
We must remember all of those who devoted themselves to building today’s free and democratic Republic of Korea as great independence activists.
Honoring and respecting them is our duty and responsibility but it is also the beginning of and a foundation upon which to ensure our future prosperity.
Fellow Koreans,
In the past, we had to unshackle ourselves from the political control imposed upon us by imperial Japan so that we could regain and defend our freedom. Today, Japan is our partner as we face common threats that challenge the freedom of global citizens.
When Korea-Japan relations move towards a common future and when the mission of our times align, based on our shared universal values, it will also help us solve the historical problems that exist between our two countries.
We must swiftly and properly improve Korea-Japan relations by upholding the spirit of the Kim Dae-jung – Obuchi Declaration which proposed a blueprint of a comprehensive future for Korea-Japan relations.
The governments and peoples of both countries, based on mutual respect, must contribute to the peace and prosperity of the international community through extensive cooperation in various areas, ranging from economic and security cooperation to social and cultural exchanges.
Freedom – the spirit of our independence movement – builds peace, and peace defends freedom.
Peace on the Korean Peninsula and in Northeast Asia is an important prerequisite for global peace and serves as the foundation for protecting and expanding our freedom and that of global citizens.
Denuclearization of North Korea is essential for sustainable peace on the Korean Peninsula, in Northeast Asia and around the world.
The audacious initiative that I envision will significantly improve North Korea’s economy and its people’s livelihoods in stages if the North ceases the development of its nuclear program and embarks on a genuine and substantive process for denuclearization.
We will implement a large-scale food program; provide assistance for power generation, transmission and distribution infrastructure; and carry out projects to modernize ports and airports for international trade. We will also help enhance North Korea’s agricultural productivity, offer assistance to modernize hospitals and medical infrastructure, and implement international investment and financial support initiatives.
Fellow Koreans,
Amid growing uncertainty in the global economy, the government must attain fiscal soundness in order to maintain the credibility of the Korean economy.
To this end, the government will reduce unnecessary spending and make structural reforms in the public sector
At the same time, we will provide more intensive support for low-income families and the socially disadvantaged with the fiscal resources derived from the restructuring of expenditures.
Guaranteeing a strong economic and cultural foundation for low-income families and the socially disadvantaged is the essence of universal values of freedom and solidarity.
Basic-living security benefits will be strengthened to stabilize the livelihoods of those in need. More government support will be provided to those who experience unforeseen challenges in their personal lives.
Caregiving services for people with disabilities will be greatly enhanced in order to minimize the inconveniences experienced in their daily lives. More attention will be given to young individuals preparing to stand on their own after aging out of institutional care.
In order to relieve concerns regarding housing, the government will stabilize the housing market by streamlining regulations that distort demand and supply. Better housing services will be offered to the socially disadvantaged.
The recent flood caused much damage and suffering to our people.
When disaster strikes, low-income families and the socially disadvantaged are exposed to greater risks. The government will offer thorough and deliberate assistance to these people.
In order to help those who suffered from the flood quickly return to their daily lives, the government will spare no effort to provide support and restore damages. Fundamental measures will be taken to prevent future disasters.
We will alleviate the financial burden of small business owners who face difficulties due to COVID-19 and also due to natural disasters such as the recent flood.
Beloved fellow Koreans,
Deepening polarization and social divide are urgent challenges that we must overcome.
In order to overcome this challenge, we must make great strides and take the big leap forward to innovate our economy.
Such leap is possible through innovation, and innovation can take place when we have freedom.
Regulations will be streamlined so that the private sector can forge ahead.
Regulatory reform will encourage and allow Korean companies to invest and create jobs within the country instead of relocating overseas.
Scientific and technological innovations will lead to more rapid growth.
The government will make sure that we can become a leader in industrial advancement and technological development rather than simply being a follower.
The fusion of cutting-edge science and technology can also help discover solutions to the crises of climate change, pandemics and other disasters that threaten the sustainability of humankind.
Fellow Koreans,
When all of us had to endure dark times; when none of us knew what to expect; when no one believed we had a future, we nevertheless forged ahead believing in the fundamental universal values of freedom, human rights and the rule of law and achieved phenomenal growth and prosperity that all of us enjoy today.
We were able to regain our freedom through our people’s great determination and courage. We have become stronger in the process of defending and expanding this freedom.
Our independence movement is still ongoing. It is part of an endless journey for freedom that will continue.
Fellow Koreans,
The Republic of Korea’s constitutional order that brought us freedom and prosperity stands firmly upon the triumphant spirit of independence of those who dedicated themselves for our independence during the terribly dark times of Japanese colonization.
By contributing to global peace and prosperity in solidarity as a responsible nation on the foundation of the universal values of freedom, human rights, the rule of law, we will be able to inherit and preserve the noble cause of our heroes who dedicated themselves to the independence movement.
Together with our great people, I will undoubtedly help achieve the historic global mission that has been entrusted to us.
Thank you.
List","I express my deepest gratitude and respect to our fallen forebears and patriots who sacrificed themselves for our independence. I also wish to convey my utmost respect to their families as well. As inscribed in the March 1st Declaration of Independence, the charter of the Provisional Government of the Republic of Korea in Shanghai and Yun Bong-gil’s spirit of independence, the independence movement during Japanese colonial rule yearned for a democratic republic where the people are the rightful owners of their nation and where freedom, human rights and the rule of law reign supreme. The aim of the independence movement was never to build a totalitarian state that represses freedom and human rights. Our fallen forebears and patriots, as well as all Koreans, came together for the independence movement during the Japanese colonial period and on this day in 1945, that movement finally liberated Korea. The independence movement did not end that day but continues to carry on even to this day. We fought to build a free and independent nation in the face of communist aggression; we accomplished economic growth and industrialization which became the cornerstone of freedom and democracy; we advanced our democratic ideals based on these accomplishments. As such, our independence movement still continues. In the past, it was the yearning of weaker nations to reclaim their sovereignty and freedom which was forcefully taken from them by those stronger nations wielding force. Now, the mandate of the times calls for countries that share universal values to stand in solidarity to defend freedom and human rights and achieve peace and prosperity for the citizens of the world. The independence movement for freedom has also led us to attain economic development and the establishment of institutional democracy which are the foundation that allows for genuine freedom to flourish. Our independence movement must now contribute towards protecting and expanding the freedom of all global citizens who share such universal values. Fellow Koreans,
As we celebrate the 77th Liberation Day, we must remind ourselves of the historic significance of this independence movement that encompasses the past and points towards the future. Our independence movement is a dynamic process. At every historic juncture, the movement has evolved along with the new mandate of the times, taking on new meanings. It is about restoring, defending and promoting freedom as well as fighting new threats to freedom, all in full solidarity with, and working alongside, global citizens with the goal of achieving global peace and prosperity. Looking back at our history, we encounter a myriad of great independence activists: those who made the ultimate sacrifice fighting against Japanese imperialists and those who exercised noblesse oblige by helping arm and train independence fighters. I am always overcome with gratitude whenever I think about the courage and sacrifice made by these heroes. There are other independence activists whom we should never forget: those who cultivated not only the nation’s spirit but also its abilities to build a liberal democracy by focusing on educational and cultural programs at home and abroad; those who fought the Communist invasion in defense of our freedom and democracy; leaders and laborers alike who toiled to lay the economic foundation that enabled genuine freedom to take root; and let us not forget that those who sacrificed and dedicated themselves for institutional democracy are also our independence leaders. We must remember all of those who devoted themselves to building today’s free and democratic Republic of Korea as great independence activists. Honoring and respecting them is our duty and responsibility but it is also the beginning of and a foundation upon which to ensure our future prosperity. Fellow Koreans,
In the past, we had to unshackle ourselves from the political control imposed upon us by imperial Japan so that we could regain and defend our freedom. Today, Japan is our partner as we face common threats that challenge the freedom of global citizens. When Korea-Japan relations move towards a common future and when the mission of our times align, based on our shared universal values, it will also help us solve the historical problems that exist between our two countries. We must swiftly and properly improve Korea-Japan relations by upholding the spirit of the Kim Dae-jung – Obuchi Declaration which proposed a blueprint of a comprehensive future for Korea-Japan relations. The governments and peoples of both countries, based on mutual respect, must contribute to the peace and prosperity of the international community through extensive cooperation in various areas, ranging from economic and security cooperation to social and cultural exchanges. In order to relieve concerns regarding housing, the government will stabilize the housing market by streamlining regulations that distort demand and supply. Better housing services will be offered to the socially disadvantaged. The recent flood caused much damage and suffering to our people. When disaster strikes, low-income families and the socially disadvantaged are exposed to greater risks. The government will offer thorough and deliberate assistance to these people. In order to help those who suffered from the flood quickly return to their daily lives, the government will spare no effort to provide support and restore damages. Fundamental measures will be taken to prevent future disasters. We will alleviate the financial burden of small business owners who face difficulties due to COVID-19 and also due to natural disasters such as the recent flood. Beloved fellow Koreans,
Deepening polarization and social divide are urgent challenges that we must overcome. In order to overcome this challenge, we must make great strides and take the big leap forward to innovate our economy. Such leap is possible through innovation, and innovation can take place when we have freedom. Regulations will be streamlined so that the private sector can forge ahead. The government will make sure that we can become a leader in industrial advancement and technological development rather than simply being a follower. The fusion of cutting-edge science and technology can also help discover solutions to the crises of climate change, pandemics and other disasters that threaten the sustainability of humankind. Fellow Koreans,
When all of us had to endure dark times; when none of us knew what to expect; when no one believed we had a future, we nevertheless forged ahead believing in the fundamental universal values of freedom, human rights and the rule of law and achieved phenomenal growth and prosperity that all of us enjoy today. We were able to regain our freedom through our people’s great determination and courage. We have become stronger in the process of defending and expanding this freedom.",HISTORICAL_RECOGNITION_GENERAL,NA,1,1,1,MEDIUM,0,0,0,0,0,0,UNSPECIFIED,0,MIXED,en,1,http://webarchives.pa.go.kr/20th/eng.president.go.kr/speeches/k4bSEz3J,NA,NA,NA,"77th Liberation Day address. After extensive independence-movement rhetoric, pivots to Japan as a forward-looking security/values partner and explicitly invokes ""the spirit of the Kim Dae-jung-Obuchi Declaration"" (the 1998 joint declaration) as the basis for resolving ""the historical problems that exist between our two countries"" -- by reference only, without restating specific grievances or apology language. Marks the start of Yoon's rapprochement approach later visible in the March 2023 Kishida summit (see the Japan pilot's coded records for that meeting).",MEDIUM,810548b4-ef38-5c9c-943c-f60eee490a0a,1
40994942-65a1-4316-9b85-f027dfeb275e,korea,2023-08-15,2023,Yoon Suk Yeol,President of the Republic of Korea,HEAD,"Office of the President, Republic of Korea (via National Archives of Korea web archive)",SPEECH,Address by President Yoon Suk Yeol on Korea's 78th Liberation Day | Speeches and Remarks > Speeches and Remarks,,"Address by President Yoon Suk Yeol on Korea's 78th Liberation Day | Speeches and Remarks > Speeches and Remarks
Go to main text
Speeches and Remarks
Address by President Yoon Suk Yeol on Korea's 78th Liberation Day
2023.08.15
[Unofficial Translation]
My fellow Koreans, 7.5 million compatriots living abroad,
Today we mark the 78th Liberation Day.
I pay tribute to our fallen forebears and patriots who sacrificed and dedicated
themselves for our independence.
I also wish to express my deep gratitude to their families.
Our independence movement was to build a nation that is free and democratic; a
nation where the people are its rightful owners; and a nation where freedom,
human rights and the rule of law reign supreme.
It was not to just reclaim our sovereignty nor to return to monarchy.
It was never an attempt to establish a communist totalitarian state where
freedom and human rights are ignored.
Thus, from the perspective of the whole humankind, our independence
movement was universal and just.
Even after regaining sovereignty, our independence movement carried on. We
fought to defend our nation’s freedom against communist aggression. We
achieved industrial and economic development and democratization.
The movement still continues to this day. Inheriting the spirit of our
independence movement, we now envision a global pivotal state that fulfills its
roles and responsibilities in the international community for the freedom, peace
and prosperity of global citizens.
We must properly remember those who gave their all to defend the freedoms of
our people; to bring independence to our country; and to uphold the universal
values.
Remembering and honoring them in a right way is vital and essential for the
national identity and continuity of the Republic of Korea.
My fellow Koreans,
This year marks the 70th anniversary of the Korean War Armistice Agreement
and the ROK-U.S. alliance.
Alongside the United Nations forces, we fought the communist invasion in
defense of our freedom. After the war, we accomplished industrialization. The
world calls Korea’s amazing success the “Miracle on the Han River.”
The wise decisions of our leaders to build a liberal democracy as well as to
forge the ROK-U.S. alliance, and the hard work of our people have enabled the
Republic of Korea to achieve phenomenal growth and prosperity that have
astounded the world.
By contrast, North Korea has stuck to its totalitarian and repressive rule over the
same 70 years. It remained unable to escape from its horrendous poverty and
deprivation.
The stark differences between the Republic of Korea that opted for and pursued
freedom and democracy and North Korea that chose communist totalitarianism
could not be any clearer.
Nonetheless, still rampant are anti-state forces that blindly follow communist
totalitarianism, distort public opinion, and disrupt the society through
manipulative propaganda.
In a divided nation, the confrontation between liberal democracy and
communist totalitarianism is a reality. And the activities of those anti-state
groups are likely to persist.
As the totalitarian forces disrupt and attack our societies, they take full
advantage of the legal rights enshrined in free societies. That is the way they
survive.
The forces of communist totalitarianism have always disguised themselves as
democracy activists, human rights advocates or progressive activists while
engaging in despicable and unethical tactics and false propaganda.
We must never succumb to the forces of communist totalitarianism. We must
not be deceived by those who follow and serve them.
At this critical juncture, having faith is of utmost importance. We must stand
united in the spirit of solidarity, with an enduring conviction that freedom and
democracy will always prevail.
Since I took office, my administration has vigorously sought cooperation on
security and cutting-edge technology with countries that share universal values
of freedom, human rights and the rule of law.
The ROK-U.S. alliance, forged from universal values, is an alliance of peace
and prosperity.
Korea and Japan are now partners who share universal values and pursue
common interests.
As partners that cooperate on security and the economy, Korea and Japan will
be able to jointly contribute to peace and prosperity across the globe while
collaborating and exchanging in a future-oriented manner.
Notably, the significance of ROK-U.S.-Japan trilateral security cooperation is
increasingly growing on the Korean Peninsula and in the region.
In order to fundamentally block North Korea’s nuclear and missile threats, the
Republic of Korea, the United States and Japan must closely cooperate on
reconnaissance assets and share North Korea’s nuclear weapons and missiles
data in real time.
The seven rear bases provided to the United Nations Command(UNC) by the
government of Japan serve as the greatest deterrent which keeps the North from
invading the South.
A renewed North Korean invasion will trigger an automatic and immediate
intervention and retaliation by the UNC, and the UNC-rear in Japan is
sufficiently equipped with necessary land, sea and air capabilities.
The UNC is a great example of international solidarity that has played a key
role in firmly safeguarding the Republic of Korea’s freedom “under one flag.”
The ROK-U.S.-Japan summit to be held at Camp David in three days will set a
new milestone in trilateral cooperation contributing to peace and prosperity on
the Korean Peninsula and in the Indo-Pacific region.
Security of the Korean Peninsula and the Indo-Pacific region is deeply linked to
the security in the Atlantic and Europe.
Accordingly, strengthening cooperation with NATO is also of great importance.
Because the Republic of Korea’s security is very much aligned with the security
of the Indo-Pacific region, the Atlantic, Europe and the world.
The Republic of Korea should conduct a responsible and contributive
diplomacy in all regions around the world. It is not only a way to contribute to
freedom, peace and prosperity globally, but also to foster Korea’s own freedom,
peace, and prosperity.
The government putting its resources and efforts in Official Development
Assistance(ODA), international development projects, and in assisting Ukraine
for its freedom and peace is ultimately promoting Korea’s freedom, peace, and
prosperity.
While steadfastly implementing the “Audacious Initiative” to build peace by
overwhelming force, the government will also work together with the
international community to make the North Korean regime stop advancing its
nuclear and missile programs and embark on a path to dialogue and
cooperation, which will lead to better livelihoods of its people.
My fellow Koreans,
Since my inauguration, the government has been working tirelessly to protect
freedom and democracy and to set right the toppled free market economy even
amid internal and external challenges as well as the difficulties stemming from
the global polycrisis.
A robust ROK-U.S. alliance, and working together in solidarity with countries
who share universal values, are foundational for Korea’s economic development
and prosperity, since our economy is highly dependent on international trade.
Cooperation in life-and-death matters result in deeper economic partnerships
and closer cooperation on cutting-edge science and technology where peoples’
livelihoods are at stake.
The government has been doing all it can to increase exports, invite more
foreign investments, and expand cooperation on state-of-the-art science and
technology through active sales diplomacy undergirded by strong global
security partnerships.
We have built a solid foundation for a market economy centered on businesses
and the private sector; we worked at normalizing the real estate market; and –
for the sake of our future generations – we tackled unconstrained, reckless fiscal
spending and established policies for fiscal soundness.
The government adopted the consideration and assistance for the socially
disadvantaged and the vulnerable as key social policies, boldly shifting the
focus of its fiscal spending from politically motivated handouts to the welfare of
the underprivileged.
In order to achieve sustainable economic growth and create decent jobs, the
principles of a market economy must function properly and a fair and just
compensation system must be put in place.
To establish fairness and the rule of law, we must stamp out illegal activities by
special-interest cartels. In particular, we must root out the construction industry
cartel that endangers the safety of the people through shoddy construction
practices.
“Killer” regulations that impede investment will be swiftly removed, and
scientific and technological innovation will be pursued by reforming our R&D
funding system to ensure that the most promising areas receive a greater share
of state funding.
Human resources are the key to competitiveness in science and technology.
After all, it is all about cultivating talented individuals.
The government will boldly invest in cutting-edge science and technology, the
engines of future growth. Higher education will be innovated to promote
multidisciplinary collaboration in order to nurture talented individuals well
suited for convergence.
Moreover, we will normalize our schools and make sure that teachers’ authority
is respected in classrooms, which will in turn effectively guarantee students’
rights.
We need discipline in our classrooms. Let the authority of our educators be
respected. And discipline will follow.
Fellow Koreans,
Even in the darkest times, when few of us believed in the possibility of
reclaiming our sovereignty within our life time, we dreamed of building a free
and democratic nation where the people are its rightful owners.
The journey of the Republic of Korea that began as a quest for freedom has
brought us not only freedom and independence but also peace and prosperity.
We should now embrace our historic mandate: contributing with responsibility
to the freedom, peace and prosperity of citizens around the world.
To fulfill this calling, the journey we embarked on long ago in search of
freedom must continue.
We are no longer alone in our journey. Our friends and partners from all around
the world stand with us and support us.
Fellow Koreans,
As a Korean citizen, I am proud of all of you. I am proud of us. Because we – as
Koreans – came all the way together. Because both in times of hardship and
glory, we pushed forward together in search of freedom.
Thank you.
/END/
List","Thus, from the perspective of the whole humankind, our independence
movement was universal and just. Even after regaining sovereignty, our independence movement carried on. We
fought to defend our nation’s freedom against communist aggression. We
achieved industrial and economic development and democratization. The movement still continues to this day. We must properly remember those who gave their all to defend the freedoms of
our people; to bring independence to our country; and to uphold the universal
values. Remembering and honoring them in a right way is vital and essential for the
national identity and continuity of the Republic of Korea. My fellow Koreans,
This year marks the 70th anniversary of the Korean War Armistice Agreement
and the ROK-U.S. alliance. Alongside the United Nations forces, we fought the communist invasion in
defense of our freedom. After the war, we accomplished industrialization. The
world calls Korea’s amazing success the “Miracle on the Han River.”
The wise decisions of our leaders to build a liberal democracy as well as to
forge the ROK-U.S. alliance, and the hard work of our people have enabled the
Republic of Korea to achieve phenomenal growth and prosperity that have
astounded the world. As partners that cooperate on security and the economy, Korea and Japan will
be able to jointly contribute to peace and prosperity across the globe while
collaborating and exchanging in a future-oriented manner. Notably, the significance of ROK-U.S.-Japan trilateral security cooperation is
increasingly growing on the Korean Peninsula and in the region. In order to fundamentally block North Korea’s nuclear and missile threats, the
Republic of Korea, the United States and Japan must closely cooperate on
reconnaissance assets and share North Korea’s nuclear weapons and missiles
data in real time. The seven rear bases provided to the United Nations Command(UNC) by the
government of Japan serve as the greatest deterrent which keeps the North from
invading the South. A renewed North Korean invasion will trigger an automatic and immediate
intervention and retaliation by the UNC, and the UNC-rear in Japan is
sufficiently equipped with necessary land, sea and air capabilities. We have built a solid foundation for a market economy centered on businesses
and the private sector; we worked at normalizing the real estate market; and –
for the sake of our future generations – we tackled unconstrained, reckless fiscal
spending and established policies for fiscal soundness. The government adopted the consideration and assistance for the socially
disadvantaged and the vulnerable as key social policies, boldly shifting the
focus of its fiscal spending from politically motivated handouts to the welfare of
the underprivileged. In order to achieve sustainable economic growth and create decent jobs, the
principles of a market economy must function properly and a fair and just
compensation system must be put in place. To establish fairness and the rule of law, we must stamp out illegal activities by
special-interest cartels. In particular, we must root out the construction industry
cartel that endangers the safety of the people through shoddy construction
practices. “Killer” regulations that impede investment will be swiftly removed, and
scientific and technological innovation will be pursued by reforming our R&D
funding system to ensure that the most promising areas receive a greater share
of state funding. Human resources are the key to competitiveness in science and technology. After all, it is all about cultivating talented individuals. Fellow Koreans,
Even in the darkest times, when few of us believed in the possibility of
reclaiming our sovereignty within our life time, we dreamed of building a free
and democratic nation where the people are its rightful owners. The journey of the Republic of Korea that began as a quest for freedom has
brought us not only freedom and independence but also peace and prosperity. We should now embrace our historic mandate: contributing with responsibility
to the freedom, peace and prosperity of citizens around the world. To fulfill this calling, the journey we embarked on long ago in search of
freedom must continue. We are no longer alone in our journey. I am proud of us. Because we – as
Koreans – came all the way together. Because both in times of hardship and
glory, we pushed forward together in search of freedom. Thank you. /END/
List",HISTORICAL_RECOGNITION_GENERAL,NA,0,1,1,MEDIUM,0,0,0,0,0,0,NA,NA,MIXED,en,1,http://webarchives.pa.go.kr/20th/eng.president.go.kr/speeches/ChFr4MEm,NA,NA,NA,"78th Liberation Day address. Notable for what it omits: Japan appears only as a trilateral (Korea-US-Japan) security/deterrence partner against North Korea (ahead of the Camp David summit) -- no reference to colonial history, forced labor, comfort women, or any historical grievance anywhere in the speech. kingdon_problem=0 because no historical issue is framed as a problem at all in this document; included as a genuine ""non-engagement"" data point contrasting with Yoon's 2022 address and Moon's addresses.",MEDIUM,5a64b845-d31c-58d5-acf1-e14a32264d66,1
9c84bf10-a747-4a6a-bf7e-f25df8a4ba30,korea,2024-08-15,2024,Yoon Suk Yeol,President of the Republic of Korea,HEAD,"Office of the President, Republic of Korea (via National Archives of Korea web archive)",SPEECH,Address by President Yoon Suk Yeol on the 79th Liberation Day | Speeches and Remarks > Speeches and Remarks,,"Address by President Yoon Suk Yeol on the 79th Liberation Day | Speeches and Remarks > Speeches and Remarks
Go to main text
Speeches and Remarks
Address by President Yoon Suk Yeol on the 79th Liberation Day
2024.08.15
[Unofficial Translation]
My fellow citizens, our 7 million compatriots overseas and our 26 million fellow North Koreans,
Today, we mark the 79th Liberation Day.
We pay tribute to our fallen forebears and patriots who dedicated their lives to our country’s independence and express our deepest gratitude to their bereaved families.
From the day our sovereignty was wrested away from us up to the present, our people have written truly great chapters in history.
And the fundamental value that runs through this great journey is freedom. The fruit of our struggle for freedom was our liberation.
Even in the bleakest of times, when our sovereignty was lost, our people did not give up.
The March First Independence Movement confirmed our shared aspiration to build a free nation rightfully owned by the people.
With this yearning as a catalyst, we founded the Provisional Republic of Korea Government in Shanghai and carried out various independence movements at home and abroad.
On the home front, we worked tirelessly to gain power through education and culture. On foreign soil, we never ceased efforts to regain our independence through diplomacy and armed resistance. Even after liberation in 1945, our struggle for freedom continued.
In 1948, we enacted a free and democratic constitution and established the government of the Republic of Korea on this land.
The constitutional spirit of freedom, democracy and a market economy which has been upheld since the enactment of the Constitution, has served as a foundation for the abundance and prosperity we now relish.
When the Korean War broke out with North Korea’s invasion of the South, we fought and spilled blood, alongside liberal democracies, in defense of freedom.
Our collective hard work to safeguard and advance the value of freedom resulted in our achievement of industrialization, the Miracle on the Han River and democratization.
Now, beyond having accomplished remarkable economic growth, the Republic of Korea has emerged as a global pivotal state and a global cultural powerhouse.
Nothing could stop our vigorous strides toward freedom, be it the imperialists’ plundering of our sovereignty, the division of our nation, or war.
However, complete liberation remains an unfinished task for us.
Lying ahead is a crucial historic challenge that must be addressed: unification.
In 1919, we, the people of Korea, began the struggle to build a free and democratic country which truly belongs to us on our Peninsula. The fall of Imperial Japan in 1945 brought us liberation, but as long as the state of division persists, our liberation will remain incomplete.
The freedom we enjoy must be extended to the frozen kingdom of the North, where people are deprived of freedom and suffer from poverty and starvation.
Only when a unified free and democratic nation rightfully owned by the people is established across the entire Korean Peninsula will we finally have complete liberation.
Today – in line with my presidential responsibility to seek peaceful unification based on freedom and democracy as mandated in the Constitution – I declare our unification vision and strategy to our citizens, the people of North Korea and the international community.
My fellow Koreans,
The future of the unified Korea that we envision is clear.
A country full of happiness where people’s freedom and safety are guaranteed; a strong and prosperous country soaring through creativity and innovation; a country that contributes to global peace and prosperity while spearheading international harmony and development – this is the future of a unified Korea.
Today, I would like to spell out our tasks for moving toward a unified Korea.
We have three key undertakings: First, we have to ensure that our people firmly possess the values and capabilities needed to pursue unification based on freedom; second, we need to change the minds of the North Korean people to make them ardently desire a unification based on freedom; and third, we have to stand in solidarity with the international community.
More than anything else, we ourselves need to believe more strongly in the value of freedom.
Only by firmly defending our freedom can we become the leading force driving free and democratic unification.
For all of us to live as free individuals and coexist in freedom, the prerequisites are a sense of responsibility, consideration for others, order and norms.
A self-indulgent and irresponsible disregard for order and norms must not be confused with freedom.
Even more importantly, we must not be swayed by false propaganda and pseudo-logic intended to undermine free societies.
False propaganda based on so-called “fake news” and pseudo-logic are terrifying lethal weapons that are being used to disrupt free societies.
Generating fake news has now become a large-scale industry.
Pseudo-intellectuals package and circulate fake news as a commodity and became vested interest groups themselves. These pseudo-intellectuals and demagogues have failed to present the proper values and vision to which we should truly aspire.
They simply cannot.
Their strategy is to destroy the values and order of a free society by deluding people; they resort to this strategy because their false propaganda would fail to work as intended if their real goals were exposed.
They are only bent on dividing people through instigation and fabrication and reaping rewards from the division they sow.
They are the anti-freedom, anti-unification forces that are blocking our march forward.
As the knowledge industry grows exponentially through advances in the digital and cyber industry, dark forces of instigation are attempting to exploit it. In order to safeguard our freedom-based value system against these forces, our people must be armed with the power of truth and fight back.
Freedom must be secured through struggle; it never comes about as a matter of course.
The government and I will do everything possible to defend the value of freedom in our society.
We will do all we can to ensure that businesses can perform at their fullest potential under private sector-led market principles and create many quality jobs – so that our people can enjoy more employment opportunities and chances to engage in economic activities.
We will further accelerate the education, labor, pension and healthcare reforms needed to make our society fairer and more sound.
We will expand welfare programs that are tailored to provide intensive support to those in need and attend to their lives more compassionately, thereby protecting and expanding freedom for all of our people.
In this way, we will ensure that the value of freedom grows deeper roots within our society and that our people are protected from false instigation spread by dark forces.
Only when our people are strongly armed with the value of freedom and a sense of responsibility can we take the lead in pushing for a unification based on freedom of the Korean Peninsula.
Notably, we will provide a forward-looking “cutting-edge, on-site education program on unification” so that our young people and future generations can anticipate and dream of such a unification based on freedom.
We will make it possible for them to experience in advance the opportunities and changes to be brought about by unification – within a virtual space.
Second, we must undertake the task of bringing about changes and helping the people of North Korea with deep compassion so that they have a strong desire for unification based on freedom.
We must be more proactive when expanding the value of freedom to the North and induce substantive changes. Above all, we will take a multifaceted approach to substantially improve human rights in North Korea.
We must accurately inform our own citizens and the international community of the truth about the tragic human rights situation in North Korea.
That is why our government published an annual “Report on North Korean Human Rights” for the first time since I took office.
Going forward, we will go into greater detail and share the report more widely with the world.
In cooperation with NGOs at home and abroad, friendly countries and international organizations, we will make North Korea’s human rights abuses more widely known and continue to urge relevant improvements.
We will push for an International Conference on North Korea’s Human Rights and expand the discourse on North Korean human rights in all directions.
We will establish a North Korea Freedom and Human Rights Fund to actively support nongovernmental activities that promote freedom and human rights there.
We will also continue to provide humanitarian aid to help guarantee North Koreans’ right to life.
On August 1, we offered relief supplies for flood victims in North Korea, making clear that our government has no intention of turning a blind eye to the North Korean people’s suffering.
Even though the North Korean regime rejected our offer yet again, we will never stop making offers of humanitarian aid.
We will actively push humanitarian aid, including food and healthcare, for vulnerable segments of North Korea’s population, including infants, women, the elderly and people with disabilities.
It is also important to help awaken the people of North Korea to the value of freedom.
Testimonials from numerous North Korean defectors show that our radio and TV broadcasts helped make them aware of the false propaganda and instigations emanating from the North Korean regime.
If more North Koreans come to recognize that unification through freedom is the only way to improve their lives and are convinced that a unified Korea will embrace them, they will become strong, friendly forces for a unification based on freedom. In particular, we need to instill in North Korea’s future generations the dream and hope of a unification through freedom.
We will expand the “right of access to information” so that North Koreans will be able to use various channels to secure a variety of outside information.
It is also important to warmly embrace the North Korean defectors; they can be likened to “the first buds of unification.”
The government held an inaugural ceremony on July 14 after designating it as North Korean Defectors’ Day.
This demonstrated the government’s unwavering commitment to protecting and supporting North Korean defectors.
The government will make sure that North Korean defectors are properly protected and invited to play a role in enhancing our ability to achieve unification.
North Korean defectors have experienced life in both Koreas. We will actively reflect their know-how and knowledge when establishing and implementing unification policies. We will ensure that they will serve as valuable assets in ushering in the future of a unified Korea.
In tandem with these efforts, we will keep the door to inter-Korean dialogue wide open.
Inter-Korean dialogue should not be merely a political spectacle but rather serve as a substantive opportunity to discuss, for instance, a guarantee of peace for our people and North Korea’s and ways to improve their lives.
Today, I propose that authorities from both Koreas establish ""Inter-Korean Working Group.""
This body could take up any issue ranging from relieving tensions to economic cooperation, people-to-people and cultural exchanges, and disaster and climate-change responses.
We will also be able to discuss pending humanitarian issues such as families separated by the Korean War and South Korean prisoners of war, abductees and detainees still kept in the North.
As clarified in the “Audacious Initiative” that I unveiled on Liberation Day two years ago, we will begin political and economic cooperation the moment North Korea takes just one step toward denuclearization.
Dialogue and cooperation can bring about substantive progress in inter-Korean relations. I urge North Korean authorities to respond to our proposal.
Finally, we need to stand in solidarity with the international community.
Just as our division was the result of international politics, it will be difficult to achieve unification on our own.
Our unification is a significant undertaking to spread the universal values of freedom and human rights and has a direct bearing on world peace and the prosperity of humanity.
We must make sure that the international community is convinced that a unified Korea will be a country that contributes to peace and prosperity around the world.
We must contribute to the international community responsibly and cooperate with it as we push ahead with unification policies.
In my keynote speech at the United Nations General Assembly last year, I announced that Korea will play a leading role in and contribute to narrowing the development, climate and digital divides that exist between countries.
Since my inauguration, we have boldly increased our Official Development Assistance budget by more than twofold.
Korea has been at the forefront of discussing international norms on climate change issues, having taken the initiative in launching the Carbon-Free Alliance. We are also taking the lead in establishing new digital norms within the international community, for instance, by cohosting the AI Seoul Summit.
By building upon these contributions and roles, we will work harder to garner the international community’s support for unification based on freedom. To this end, we will create the International Korean Peninsula Forum together with like-minded countries.
We will strive to build a consensus on our unification while strengthening the solidarity of freedom with our ally and friendly countries.
My fellow South Korean citizens and fellow North Koreans!
In a unified Korea, we will enjoy more freedom and a greater range of opportunities. Furthermore, achieving this will bestow a blessing upon the whole of humanity.
The government and I will make 2024 the first year of advancing toward a “unified Korea Based on Freedom, Peace, and Prosperity.”
My fellow Koreans,
The Republic of Korea’s journey of taking on challenges and gaining achievements has established a shining record in modern human history and has resonated widely.
In its August 1 report “The Middle-Income Trap,” the World Bank referred to the Republic of Korea as a “growth superstar” and it noted that the history of our growth is “required reading for policymakers in any middle-income country.”
This report mentioned Korea as many as 100 times and introduced in detail the secrets of our success: “investment, technology infusion and innovation.”
Last year, Korea’s per capita income surpassed Japan’s for the first time and is expected to reach US$40,000 by 2026.
In the first half of this year, the export gap between Korea and Japan hit a historic low of US$3.5 billion.
As confirmed by Korea’s outstanding achievement of placing eighth in the Paris 2024 Olympics medal count, our young people are not afraid to take on challenges and are energetically moving forward toward the future.
Countries around the world are trying to follow in the footsteps of the Republic of Korea. However, we cannot afford to be content with this.
We must become stronger in order to move toward a unified Korea.
We must achieve greater historical progress by facing up to the internal and external challenges that threaten our freedom.
My fellow Koreans,
Let us continue marching onward!
Let us join hands and vigorously advance toward a greater Republic of Korea, a unified Korea!
Thank you.
List","Address by President Yoon Suk Yeol on the 79th Liberation Day | Speeches and Remarks > Speeches and Remarks
Go to main text
Speeches and Remarks
Address by President Yoon Suk Yeol on the 79th Liberation Day
2024.08.15
[Unofficial Translation]
My fellow citizens, our 7 million compatriots overseas and our 26 million fellow North Koreans,
Today, we mark the 79th Liberation Day. We pay tribute to our fallen forebears and patriots who dedicated their lives to our country’s independence and express our deepest gratitude to their bereaved families. From the day our sovereignty was wrested away from us up to the present, our people have written truly great chapters in history. And the fundamental value that runs through this great journey is freedom. The fruit of our struggle for freedom was our liberation. Even in the bleakest of times, when our sovereignty was lost, our people did not give up. In 1948, we enacted a free and democratic constitution and established the government of the Republic of Korea on this land. The constitutional spirit of freedom, democracy and a market economy which has been upheld since the enactment of the Constitution, has served as a foundation for the abundance and prosperity we now relish. When the Korean War broke out with North Korea’s invasion of the South, we fought and spilled blood, alongside liberal democracies, in defense of freedom. Our collective hard work to safeguard and advance the value of freedom resulted in our achievement of industrialization, the Miracle on the Han River and democratization. Now, beyond having accomplished remarkable economic growth, the Republic of Korea has emerged as a global pivotal state and a global cultural powerhouse. Nothing could stop our vigorous strides toward freedom, be it the imperialists’ plundering of our sovereignty, the division of our nation, or war. However, complete liberation remains an unfinished task for us. Lying ahead is a crucial historic challenge that must be addressed: unification. The freedom we enjoy must be extended to the frozen kingdom of the North, where people are deprived of freedom and suffer from poverty and starvation. Only when a unified free and democratic nation rightfully owned by the people is established across the entire Korean Peninsula will we finally have complete liberation. Today – in line with my presidential responsibility to seek peaceful unification based on freedom and democracy as mandated in the Constitution – I declare our unification vision and strategy to our citizens, the people of North Korea and the international community. My fellow Koreans,
The future of the unified Korea that we envision is clear. A country full of happiness where people’s freedom and safety are guaranteed; a strong and prosperous country soaring through creativity and innovation; a country that contributes to global peace and prosperity while spearheading international harmony and development – this is the future of a unified Korea. Today, I would like to spell out our tasks for moving toward a unified Korea. We have three key undertakings: First, we have to ensure that our people firmly possess the values and capabilities needed to pursue unification based on freedom; second, we need to change the minds of the North Korean people to make them ardently desire a unification based on freedom; and third, we have to stand in solidarity with the international community. More than anything else, we ourselves need to believe more strongly in the value of freedom. Only by firmly defending our freedom can we become the leading force driving free and democratic unification. For all of us to live as free individuals and coexist in freedom, the prerequisites are a sense of responsibility, consideration for others, order and norms. A self-indulgent and irresponsible disregard for order and norms must not be confused with freedom. Even more importantly, we must not be swayed by false propaganda and pseudo-logic intended to undermine free societies. They simply cannot. Their strategy is to destroy the values and order of a free society by deluding people; they resort to this strategy because their false propaganda would fail to work as intended if their real goals were exposed. They are only bent on dividing people through instigation and fabrication and reaping rewards from the division they sow. They are the anti-freedom, anti-unification forces that are blocking our march forward. As the knowledge industry grows exponentially through advances in the digital and cyber industry, dark forces of instigation are attempting to exploit it. In order to safeguard our freedom-based value system against these forces, our people must be armed with the power of truth and fight back. We will expand welfare programs that are tailored to provide intensive support to those in need and attend to their lives more compassionately, thereby protecting and expanding freedom for all of our people. In this way, we will ensure that the value of freedom grows deeper roots within our society and that our people are protected from false instigation spread by dark forces. Only when our people are strongly armed with the value of freedom and a sense of responsibility can we take the lead in pushing for a unification based on freedom of the Korean Peninsula. Notably, we will provide a forward-looking “cutting-edge, on-site education program on unification” so that our young people and future generations can anticipate and dream of such a unification based on freedom. We will make it possible for them to experience in advance the opportunities and changes to be brought about by unification – within a virtual space. Second, we must undertake the task of bringing about changes and helping the people of North Korea with deep compassion so that they have a strong desire for unification based on freedom. We must accurately inform our own citizens and the international community of the truth about the tragic human rights situation in North Korea. That is why our government published an annual “Report on North Korean Human Rights” for the first time since I took office. Going forward, we will go into greater detail and share the report more widely with the world. In cooperation with NGOs at home and abroad, friendly countries and international organizations, we will make North Korea’s human rights abuses more widely known and continue to urge relevant improvements. We will push for an International Conference on North Korea’s Human Rights and expand the discourse on North Korean human rights in all directions. We will establish a North Korea Freedom and Human Rights Fund to actively support nongovernmental activities that promote freedom and human rights there. We will also continue to provide humanitarian aid to help guarantee North Koreans’ right to life. On August 1, we offered relief supplies for flood victims in North Korea, making clear that our government has no intention of turning a blind eye to the North Korean people’s suffering. Even though the North Korean regime rejected our offer yet again, we will never stop making offers of humanitarian aid. We will actively push humanitarian aid, including food and healthcare, for vulnerable segments of North Korea’s population, including infants, women, the elderly and people with disabilities. It is also important to help awaken the people of North Korea to the value of freedom. Testimonials from numerous North Korean defectors show that our radio and TV broadcasts helped make them aware of the false propaganda and instigations emanating from the North Korean regime. If more North Koreans come to recognize that unification through freedom is the only way to improve their lives and are convinced that a unified Korea will embrace them, they will become strong, friendly forces for a unification based on freedom. In particular, we need to instill in North Korea’s future generations the dream and hope of a unification through freedom. We will expand the “right of access to information” so that North Koreans will be able to use various channels to secure a variety of outside information. It is also important to warmly embrace the North Korean defectors; they can be likened to “the first buds of unification.”
The government held an inaugural ceremony on July 14 after designating it as North Korean Defectors’ Day. This demonstrated the government’s unwavering commitment to protecting and supporting North Korean defectors. The government will make sure that North Korean defectors are properly protected and invited to play a role in enhancing our ability to achieve unification. Inter-Korean dialogue should not be merely a political spectacle but rather serve as a substantive opportunity to discuss, for instance, a guarantee of peace for our people and North Korea’s and ways to improve their lives. Today, I propose that authorities from both Koreas establish ""Inter-Korean Working Group.""
This body could take up any issue ranging from relieving tensions to economic cooperation, people-to-people and cultural exchanges, and disaster and climate-change responses. We will also be able to discuss pending humanitarian issues such as families separated by the Korean War and South Korean prisoners of war, abductees and detainees still kept in the North. As clarified in the “Audacious Initiative” that I unveiled on Liberation Day two years ago, we will begin political and economic cooperation the moment North Korea takes just one step toward denuclearization. Dialogue and cooperation can bring about substantive progress in inter-Korean relations. I urge North Korean authorities to respond to our proposal. In a unified Korea, we will enjoy more freedom and a greater range of opportunities. Furthermore, achieving this will bestow a blessing upon the whole of humanity. The government and I will make 2024 the first year of advancing toward a “unified Korea Based on Freedom, Peace, and Prosperity.”
My fellow Koreans,
The Republic of Korea’s journey of taking on challenges and gaining achievements has established a shining record in modern human history and has resonated widely. In its August 1 report “The Middle-Income Trap,” the World Bank referred to the Republic of Korea as a “growth superstar” and it noted that the history of our growth is “required reading for policymakers in any middle-income country.”
This report mentioned Korea as many as 100 times and introduced in detail the secrets of our success: “investment, technology infusion and innovation.”
Last year, Korea’s per capita income surpassed Japan’s for the first time and is expected to reach US$40,000 by 2026. In the first half of this year, the export gap between Korea and Japan hit a historic low of US$3.5 billion. As confirmed by Korea’s outstanding achievement of placing eighth in the Paris 2024 Olympics medal count, our young people are not afraid to take on challenges and are energetically moving forward toward the future. Countries around the world are trying to follow in the footsteps of the Republic of Korea. However, we cannot afford to be content with this. We must become stronger in order to move toward a unified Korea. We must achieve greater historical progress by facing up to the internal and external challenges that threaten our freedom. My fellow Koreans,
Let us continue marching onward! Let us join hands and vigorously advance toward a greater Republic of Korea, a unified Korea! Thank you. List",HISTORICAL_RECOGNITION_GENERAL,NA,0,0,0,MEDIUM,0,0,0,0,0,0,NA,NA,DOMESTIC,en,1,http://webarchives.pa.go.kr/20th/eng.president.go.kr/speeches/YhZsGrfN,NA,NA,NA,"79th Liberation Day address (this year's centerpiece was a unification proposal for North Korea). ""Imperial Japan""/""Japan"" mentioned only in passing -- once framing 1945 liberation as incomplete pending unification, once as an economic-comparison data point (Korea's per-capita income surpassing Japan's). No colonial-history or historical-recognition content. Included as a further ""non-engagement"" data point, like the 78th address.",MEDIUM,1742d069-b9cf-591f-bb47-b2aa568d22cd,1
56159678-fc02-4882-96c4-68aaceb1edb3,china,2023-10-17,2023,Mao Ning,Foreign Ministry Spokesperson,OFFICIAL,Ministry of Foreign Affairs of the People's Republic of China,PRESS_CONFERENCE,"Foreign Ministry Spokesperson Mao Ning’s Regular Press Conference on October 17, 2023_Ministry of Foreign Affairs of the People's Republic of China","Kyodo News: Fumio Kishida sent ""masakaki"" offering to the Yasukuni Shrine as Prime Minister on October 17. What's China's comment?","Mao Ning: The Yasukuni Shrine is a spiritual tool and symbol of Japanese militarists' war of aggression. It honors 14 convicted Class-A war criminals with grave responsibilities for the war crimes committed during that war of aggression. China firmly rejects Japan's negative moves concerning the Yasukuni Shrine and has lodged démarches to the Japanese side. China urges Japan to credibly honor the statement and pledge of facing up to and reflecting on the history of aggression, make a clean break with militarism and earn the trust of its Asian neighbors and the international community.","Mao Ning: The Yasukuni Shrine is a spiritual tool and symbol of Japanese militarists' war of aggression. It honors 14 convicted Class-A war criminals with grave responsibilities for the war crimes committed during that war of aggression. China firmly rejects Japan's negative moves concerning the Yasukuni Shrine and has lodged démarches to the Japanese side. China urges Japan to credibly honor the statement and pledge of facing up to and reflecting on the history of aggression, make a clean break with militarism and earn the trust of its Asian neighbors and the international community.",YASUKUNI,AGGRESSION,1,1,1,HIGH,0,1,0,0,0,0,LEADER,1,INTERNATIONAL,en,0,https://www.mfa.gov.cn/eng/xw/fyrbt/lxjzh/202405/t20240530_11347616.html,NA,NA,NA,"Response to Kyodo News on PM Kishida's October 17, 2023 ""masakaki"" ritual offering to Yasukuni Shrine. Standard formula reused verbatim across multiple years (compare the April 2024 and October 2024 records): names the shrine as honoring ""14 convicted Class-A war criminals,"" demands Japan ""face up to and reflect on the history of aggression."" responsibility_actor=LEADER for ""Japanese militarists""/PM Kishida's act named explicitly; kingdon_politics=1 for the diplomatic démarche mentioned.",HIGH,5f255bd7-0f93-5344-9ca7-88e963d71344,1
9e7da549-d04b-45a7-9404-13ea0b740e6e,china,2024-04-22,2024,Wang Wenbin,Foreign Ministry Spokesperson,OFFICIAL,Ministry of Foreign Affairs of the People's Republic of China,PRESS_CONFERENCE,"Foreign Ministry Spokesperson Wang Wenbin’s Regular Press Conference on April 22, 2024_Ministry of Foreign Affairs of the People's Republic of China","Hubei Media Group: It's reported that the ""Annual Spring Rites"" of the Yasukuni Shrine began on April 21. On that day, Japanese Prime Minister Fumio Kishida, Speaker of the House of Representatives and President of the House of Councillors sent ritual offerings to the Yasukuni Shrine. Some Cabinet members visited and paid respects to the Shrine. What's China's comment?","Wang Wenbin: The Yasukuni Shrine is a spiritual tool and symbol of Japanese militarists responsible for the war of aggression. The place honors 14 convicted Class-A war criminals with grave responsibilities for the war crimes committed during that war of aggression. China firmly rejects Japan's negative moves concerning the Yasukuni Shrine. China's Ministry of Foreign Affairs and Embassy in Japan have respectively lodged serious démarches to the Japanese side. China urges Japan to earnestly honor its words and commitments of facing squarely and reflecting on the history of aggression, make a clean break with militarism and earn the trust of its Asian neighbors and the international community with concrete actions.","Wang Wenbin: The Yasukuni Shrine is a spiritual tool and symbol of Japanese militarists responsible for the war of aggression. The place honors 14 convicted Class-A war criminals with grave responsibilities for the war crimes committed during that war of aggression. China firmly rejects Japan's negative moves concerning the Yasukuni Shrine. China's Ministry of Foreign Affairs and Embassy in Japan have respectively lodged serious démarches to the Japanese side. China urges Japan to earnestly honor its words and commitments of facing squarely and reflecting on the history of aggression, make a clean break with militarism and earn the trust of its Asian neighbors and the international community with concrete actions.",YASUKUNI,AGGRESSION,1,1,1,HIGH,0,1,0,0,0,0,LEADER,1,INTERNATIONAL,en,0,https://www.mfa.gov.cn/eng/xw/fyrbt/lxjzh/202405/t20240530_11347742.html,NA,NA,NA,"Response on the April 2024 Yasukuni ""Annual Spring Rites"" ritual offerings by PM Kishida and Diet leaders. Same standard formula as the October 2023 and October 2024 records (near-identical wording each time a Japanese leader sends an offering) -- notable as a recurring, formulaic genre in itself.",HIGH,2cab7188-1888-5813-bee8-d76797aac245,1
b0c21d42-0f3f-4dd5-98de-9ace2b53726a,china,2024-10-17,2024,Mao Ning,Foreign Ministry Spokesperson,OFFICIAL,Ministry of Foreign Affairs of the People's Republic of China,PRESS_CONFERENCE,"Foreign Ministry Spokesperson Mao Ning’s Regular Press Conference on October 17, 2024_Ministry of Foreign Affairs of the People's Republic of China","Kyodo News: Japanese Prime Minister Shigeru Ishiba today sent a ""masakaki"" offering to the Yasukuni Shrine under his name as Prime Minister in celebration of the autumn festival. Sources said he will not visit the Yasukuni Shrine during the annual rites that will be held until October 19. What's your comment?","Mao Ning: The Yasukuni Shrine is a spiritual tool and symbol of Japanese militarists responsible for the war of aggression. The place honors 14 convicted Class-A war criminals with grave responsibilities for the war crimes committed during that war of aggression. We urge Japan to see squarely and reflect on the history of aggression, act prudently on historical issues such as the Yasukuni Shrine, make a clean break with militarism, follow a path of peaceful development, and earn the trust of its Asian neighbors and the international community with concrete actions.","Mao Ning: The Yasukuni Shrine is a spiritual tool and symbol of Japanese militarists responsible for the war of aggression. The place honors 14 convicted Class-A war criminals with grave responsibilities for the war crimes committed during that war of aggression. We urge Japan to see squarely and reflect on the history of aggression, act prudently on historical issues such as the Yasukuni Shrine, make a clean break with militarism, follow a path of peaceful development, and earn the trust of its Asian neighbors and the international community with concrete actions.",YASUKUNI,AGGRESSION,1,1,1,HIGH,0,1,0,0,0,0,LEADER,1,INTERNATIONAL,en,0,https://www.mfa.gov.cn/eng/xw/fyrbt/202410/t20241017_11509439.html,NA,NA,NA,"Response to the October 2024 Yasukuni autumn festival offering, PM Ishiba's first as PM (sent rather than visited in person). Same standard formula, adds ""act prudently on historical issues such as the Yasukuni Shrine, follow a path of peaceful development"" -- slightly extended wording versus the 2023/April-2024 records.",HIGH,029c2082-5f32-5589-a4cb-f7f7d0279af4,1
b0fc2aad-7934-42f1-bae8-41e776821ee4,china,2025-09-17,2025,Qiu Xuejun,Consul General of the People's Republic of China in Munich,OFFICIAL,Ministry of Foreign Affairs of the People's Republic of China,SPEECH,Keynote Speech by Chinese Consul General in Munich Qiu Xuejun on Seminar for all Walks of Life in Bavaria Commemorating the 80th Anniversary of the Victory in the Chinese People's War of Resistance Against Japanese Aggression and the World Anti-Fascist War_Ministry of Foreign Affairs of the People's Republic of China,,"Keynote Speech by Chinese Consul General in Munich Qiu Xuejun on Seminar for all Walks of Life in Bavaria Commemorating the 80th Anniversary of the Victory in the Chinese People's War of Resistance Against Japanese Aggression and the World Anti-Fascist War_Ministry of Foreign Affairs of the People's Republic of China
IPC
Visas
English
EN
简体中文
Français
Español
Русский
عربي
HOME
THE MINISTRY
Main Responsibilities
The Minister
Principal Officials
Departments
Related Agencies
NEWS
Top Stories
Speeches
Diplomatic Schedule
New Ambassadors
MFA News
Spokesperson’s Remarks
News from Overseas Missions
RESOURCES
Communiqués
Foreign Policies
In Focus
Diplomatic History
Diplomatic Figures
Protocol Affairs
Map of China
OVERSEAS MISSIONS
Chinese Embassies
Chinese Consulates General
Chinese Missions to International Organizations and Representative Offices Abroad
COUNTRIES AND REGIONS
Asia
Africa
Europe
North America
South America
Oceania
ABOUT CHINA
Home
News
News from Overseas Missions
Keynote Speech by Chinese Consul General in Munich Qiu Xuejun on Seminar for all Walks of Life in Bavaria Commemorating the 80th Anniversary of the Victory in the Chinese People's War of Resistance Against Japanese Aggression and the World Anti-Fascist War
Updated:
September 17, 2025 23:55
（From Chinese Consulate General in Munich）
September 12th, 2025
Distinguished guests,
Dear compatriots,
Ladies and gentlemen, dear friends:
Good afternoon!
This year marks the 80th anniversary of the victory in the Chinese People's War of Resistance Against Japanese Aggression and the World Anti-Fascist War, as well as the 80th anniversary of the restoration of Taiwan to China. On September 3rd, there was a grand gathering in Beijing to commemorate the 80th anniversary of the victory of the Chinese People's War of Resistance Against Japanese Aggression and the World Anti-Fascist War. President Xi Jinping, also general secretary of the Communist Party of China (CPC) Central Committee and chairman of the Central Military Commission, delivered an important speech, oversaw the parade and reviewed the troops, shared the special moment with representatives from all walks of life at home and abroad, as well as all the Chinese people. Today, we are gathering here also to remember history, honor the fallen, cherish peace and open up the future.
——To remember history, we need to jointly defend the correct view of World War II history.
History, if not forgotten, can serve as a guide for the future. The year 2025, it has been 80 years since the surrender of fascist Japan, 88 years since the ""July 7th Incident"", when Japanese imperialist troops launched a full-scale invasion of China at Lugou Bridge of Beijing (called Beiping then) on July 7th, 1937, and 94 years since the ""September 18th Incident"", when the Japanese Kwantung Army launched a fierce attack on Fengtian (now Shenyang) on September 18th, 1931 and occupied northeast China as a result. The brutal Japanese militarists committed heinous crimes that wiped out humanity and caused enormous casualties to the Chinese military and civilians, bringing unprecedented calamity to the Chinese nation. In Nanjing Massacre alone, which was launched by the Japanese invading army in December 1937, up to 300,000 Chinese compatriots were slaughtered. This year, the Chinese film Dead to Rights exposing the atrocities committed by the Japanese army then has been released globally, resonating strongly with the people all around the world.
Justice prevails, peace prevails and the people prevail, that's the unstoppable trend.  Historical truth can never be denied, distorted or glorified. The people all around the world who advocate for peace and justice should jointly defend the correct view of World War II history, maintain the post-war international order and the fruits of the victory in the Anti-Fascist War, including Taiwan's restoration to China, keep vigilant and resist historical nihilism and revisionism, eliminate vice and exalt virtue, take the heritage of history while open up the future, nail fascism to the pillar of shame in history forever, leaving a fair, just and correct history textbook for the succeeding generations.
——To honour the fallen, we need to recognize the mainstay role the Communist Party of China played in the victory.
The CPC is the strong leading core of the Chinese people to strive for national independence and liberation, and the backbone of the War of Resistance against Japanese Aggression. On September 20, 1931, two days after the “September 18th Incident”, the CPC Central Committee immediately made a declaration calling on the laboring masses to mobilize and oppose the Japanese imperialism's occupation of the three provinces in northeast China. The Provisional Central Government of the Soviet Republic of China made the Declaration of War Against Japan in April 1932, formally declaring war on Japan. The ""September 18th Incident"" became the starting point of the Chinese People's War of Resistance Against Japanese Aggression and opened the prelude to the World Anti-Fascist War.
Under the banner of a national united front against Japanese aggression advocated by the CPC, all the Chinese people faced the national crisis as a whole, and the awakening of the Chinese nation reached an unprecedented height. The CPC insisted on mobilizing and relying on the people, put forward and implemented the general strategic guiding principle of conducting a protracted war, and with a set of strategic and tactical tactics, which plunged the Japanese invaders into the ocean of the people's war. The CPC, with its outstanding political leadership and correct strategies and tactics, guided and played a mainstay role in the national War of Resistance Against Japanese Aggression, and was a national pioneer in winning the War. During the 14-year War of Resistance Against Japanese Aggression, the Chinese people fought bravely and tenaciously, with casualties exceeding 35 million and enormous national sacrifices, back-boned the main eastern theatre of the World Anti-Fascist War, achieved the first complete victory in resisting foreign invasions in modern times, and made a major contribution to the salvation of human civilization and the defense of world peace.
——To cherish peace, we need to uphold the common aspiration for peace and development of the international community.
In the battle field of resistance against fascism, Chinese people’s fight for human justice won the moral support and valuable assistance from people all over the world. John Rabe, a German employee of Siemens posted in China, together with other international friends, established an “International Safety Zone” during the Nanjing Massacre, saving the lives of 250,000 Chinese people. German doctor Hans Müller joined the Chinese people in their War of Resistance Against Japanese Aggression in 1939 and went to the front line voluntarily at the risk of life to save lives and heal the wounded. German writer and Communist Party member Hans Heber arrived in the Yimeng Mountains of Shandong Province in 1941 to expose the evil deeds of Japanese fascists to the world with his pen. At the end of 1941, he sacrificed his life heroically in the battle against the “mopping-up” operation by Japanese troops. These historical facts, shining with internationalism and humanitarianism, are worth remembering by us all.
Peace and development are common international aspirations and a noble cause shared by people of all countries. The inscription on the old city gate of Flensburg,  reads in German“Friede ernährt, Unfrieden verzehrt (“ Peace nourishes, strife devours” in English), showing the wisdom and reflections of ancient German sages. China is the only major power in the world that has explicitly included provision of peaceful development into its constitution and party’s constitution. President Xi Jinping points out that the mankind has a shared future, and only when nations across the world treat each other as equals, live in harmony and extend mutual support to one another, can the root cause of war eliminated and the recurrence of historical tragedies prevented. China will, as always, join hands with other members of the international community to defend the flame of peace for the succeeding generations.
——To open up the future, we should work together to build a community with a shared future for mankind.
80 years ago, the victory of the World Anti-Fascist War laid the foundation of the international system with the United Nations at its core, the international order based on international law and the basic norms of international relations based on the purposes and principles of the UN Charter, opening a new chapter of peace and development for the world. Today, 80 years past, the world has entered a new period of turbulence and change, with Cold War mentality, unilateralism and bullying overrunning. Global governance is facing multiple challenges, and humanity is again faced with a choice of peace or war, dialogue or confrontation, and win-win outcomes or zero-sum games. With the scourge of World War II not far off, the world should firmly say no to ""one’s own country first"" and ""law of the jungle"". At the ""Shanghai Cooperation Organization (SCO) Plus"" Meeting held in Tianjin, China on September 1st, President Xi Jinping proposed the Global Governance Initiative (GGI), calling on to adhere to sovereign equality, abide by international rule of law, practice multilateralism, advocate the people-centered approach and focus on taking real actions. This is another major public goods China provides to the international community, following the Global Development Initiative, Global Security Initiative and Global Civilization Initiative. It focuses on solving the contemporary issue of ""what kind of global governance system to build and how to reform and improve global governance"", which is in line with the purposes and principles of the UN Charter. It has crucial practical and far-reaching historical significance for the international community to jointly address the global governance deficit. Once proposed, the GGI has been broadly welcomed by the international community. China is willing to work with other countries in the world to solidly promote the reform of the global governance system, injecting more positive energy for lasting peace and sustainable development in the world.
Dear friends,
The smoke of gunpowder of World War II has long dissipated, but the flames of the Chinese People’s War of Resistance Against Japanese Aggression will forever shine on history, and the alarm bell of history will always ring. We should advance in the logic of historical progress and develop in the trend of the times. The Chinese people are willing to join hands with the people of the State of Bavaria, of Germany and the rest of world, and will stand firmly on the right side of history and on the side of human progress, adhere to the path of peaceful development, uphold fairness and justice, maintain world peace, promote common development, to build a community with a shared future for mankind and create a better future for mankind!
Thank you all.","Keynote Speech by Chinese Consul General in Munich Qiu Xuejun on Seminar for all Walks of Life in Bavaria Commemorating the 80th Anniversary of the Victory in the Chinese People's War of Resistance Against Japanese Aggression and the World Anti-Fascist War_Ministry of Foreign Affairs of the People's Republic of China
IPC
Visas
English
EN
简体中文
Français
Español
Русский
عربي
HOME
THE MINISTRY
Main Responsibilities
The Minister
Principal Officials
Departments
Related Agencies
NEWS
Top Stories
Speeches
Diplomatic Schedule
New Ambassadors
MFA News
Spokesperson’s Remarks
News from Overseas Missions
RESOURCES
Communiqués
Foreign Policies
In Focus
Diplomatic History
Diplomatic Figures
Protocol Affairs
Map of China
OVERSEAS MISSIONS
Chinese Embassies
Chinese Consulates General
Chinese Missions to International Organizations and Representative Offices Abroad
COUNTRIES AND REGIONS
Asia
Africa
Europe
North America
South America
Oceania
ABOUT CHINA
Home
News
News from Overseas Missions
Keynote Speech by Chinese Consul General in Munich Qiu Xuejun on Seminar for all Walks of Life in Bavaria Commemorating the 80th Anniversary of the Victory in the Chinese People's War of Resistance Against Japanese Aggression and the World Anti-Fascist War
Updated:
September 17, 2025 23:55
（From Chinese Consulate General in Munich）
September 12th, 2025
Distinguished guests,
Dear compatriots,
Ladies and gentlemen, dear friends:
Good afternoon! This year marks the 80th anniversary of the victory in the Chinese People's War of Resistance Against Japanese Aggression and the World Anti-Fascist War, as well as the 80th anniversary of the restoration of Taiwan to China. On September 3rd, there was a grand gathering in Beijing to commemorate the 80th anniversary of the victory of the Chinese People's War of Resistance Against Japanese Aggression and the World Anti-Fascist War. President Xi Jinping, also general secretary of the Communist Party of China (CPC) Central Committee and chairman of the Central Military Commission, delivered an important speech, oversaw the parade and reviewed the troops, shared the special moment with representatives from all walks of life at home and abroad, as well as all the Chinese people. Today, we are gathering here also to remember history, honor the fallen, cherish peace and open up the future. ——To remember history, we need to jointly defend the correct view of World War II history. History, if not forgotten, can serve as a guide for the future. The year 2025, it has been 80 years since the surrender of fascist Japan, 88 years since the ""July 7th Incident"", when Japanese imperialist troops launched a full-scale invasion of China at Lugou Bridge of Beijing (called Beiping then) on July 7th, 1937, and 94 years since the ""September 18th Incident"", when the Japanese Kwantung Army launched a fierce attack on Fengtian (now Shenyang) on September 18th, 1931 and occupied northeast China as a result. The brutal Japanese militarists committed heinous crimes that wiped out humanity and caused enormous casualties to the Chinese military and civilians, bringing unprecedented calamity to the Chinese nation. In Nanjing Massacre alone, which was launched by the Japanese invading army in December 1937, up to 300,000 Chinese compatriots were slaughtered. This year, the Chinese film Dead to Rights exposing the atrocities committed by the Japanese army then has been released globally, resonating strongly with the people all around the world. Justice prevails, peace prevails and the people prevail, that's the unstoppable trend. Historical truth can never be denied, distorted or glorified. The people all around the world who advocate for peace and justice should jointly defend the correct view of World War II history, maintain the post-war international order and the fruits of the victory in the Anti-Fascist War, including Taiwan's restoration to China, keep vigilant and resist historical nihilism and revisionism, eliminate vice and exalt virtue, take the heritage of history while open up the future, nail fascism to the pillar of shame in history forever, leaving a fair, just and correct history textbook for the succeeding generations. ——To honour the fallen, we need to recognize the mainstay role the Communist Party of China played in the victory. The CPC is the strong leading core of the Chinese people to strive for national independence and liberation, and the backbone of the War of Resistance against Japanese Aggression. On September 20, 1931, two days after the “September 18th Incident”, the CPC Central Committee immediately made a declaration calling on the laboring masses to mobilize and oppose the Japanese imperialism's occupation of the three provinces in northeast China. The Provisional Central Government of the Soviet Republic of China made the Declaration of War Against Japan in April 1932, formally declaring war on Japan. The ""September 18th Incident"" became the starting point of the Chinese People's War of Resistance Against Japanese Aggression and opened the prelude to the World Anti-Fascist War. Under the banner of a national united front against Japanese aggression advocated by the CPC, all the Chinese people faced the national crisis as a whole, and the awakening of the Chinese nation reached an unprecedented height. The CPC insisted on mobilizing and relying on the people, put forward and implemented the general strategic guiding principle of conducting a protracted war, and with a set of strategic and tactical tactics, which plunged the Japanese invaders into the ocean of the people's war. The CPC, with its outstanding political leadership and correct strategies and tactics, guided and played a mainstay role in the national War of Resistance Against Japanese Aggression, and was a national pioneer in winning the War. During the 14-year War of Resistance Against Japanese Aggression, the Chinese people fought bravely and tenaciously, with casualties exceeding 35 million and enormous national sacrifices, back-boned the main eastern theatre of the World Anti-Fascist War, achieved the first complete victory in resisting foreign invasions in modern times, and made a major contribution to the salvation of human civilization and the defense of world peace. ——To cherish peace, we need to uphold the common aspiration for peace and development of the international community. In the battle field of resistance against fascism, Chinese people’s fight for human justice won the moral support and valuable assistance from people all over the world. John Rabe, a German employee of Siemens posted in China, together with other international friends, established an “International Safety Zone” during the Nanjing Massacre, saving the lives of 250,000 Chinese people. German doctor Hans Müller joined the Chinese people in their War of Resistance Against Japanese Aggression in 1939 and went to the front line voluntarily at the risk of life to save lives and heal the wounded. German writer and Communist Party member Hans Heber arrived in the Yimeng Mountains of Shandong Province in 1941 to expose the evil deeds of Japanese fascists to the world with his pen. At the end of 1941, he sacrificed his life heroically in the battle against the “mopping-up” operation by Japanese troops. These historical facts, shining with internationalism and humanitarianism, are worth remembering by us all. Peace and development are common international aspirations and a noble cause shared by people of all countries. The inscription on the old city gate of Flensburg,  reads in German“Friede ernährt, Unfrieden verzehrt (“ Peace nourishes, strife devours” in English), showing the wisdom and reflections of ancient German sages. China is the only major power in the world that has explicitly included provision of peaceful development into its constitution and party’s constitution. President Xi Jinping points out that the mankind has a shared future, and only when nations across the world treat each other as equals, live in harmony and extend mutual support to one another, can the root cause of war eliminated and the recurrence of historical tragedies prevented. China will, as always, join hands with other members of the international community to defend the flame of peace for the succeeding generations. ——To open up the future, we should work together to build a community with a shared future for mankind. 80 years ago, the victory of the World Anti-Fascist War laid the foundation of the international system with the United Nations at its core, the international order based on international law and the basic norms of international relations based on the purposes and principles of the UN Charter, opening a new chapter of peace and development for the world. Today, 80 years past, the world has entered a new period of turbulence and change, with Cold War mentality, unilateralism and bullying overrunning. Global governance is facing multiple challenges, and humanity is again faced with a choice of peace or war, dialogue or confrontation, and win-win outcomes or zero-sum games. With the scourge of World War II not far off, the world should firmly say no to ""one’s own country first"" and ""law of the jungle"". At the ""Shanghai Cooperation Organization (SCO) Plus"" Meeting held in Tianjin, China on September 1st, President Xi Jinping proposed the Global Governance Initiative (GGI), calling on to adhere to sovereign equality, abide by international rule of law, practice multilateralism, advocate the people-centered approach and focus on taking real actions. This is another major public goods China provides to the international community, following the Global Development Initiative, Global Security Initiative and Global Civilization Initiative. Once proposed, the GGI has been broadly welcomed by the international community. China is willing to work with other countries in the world to solidly promote the reform of the global governance system, injecting more positive energy for lasting peace and sustainable development in the world. Dear friends,
The smoke of gunpowder of World War II has long dissipated, but the flames of the Chinese People’s War of Resistance Against Japanese Aggression will forever shine on history, and the alarm bell of history will always ring. We should advance in the logic of historical progress and develop in the trend of the times. The Chinese people are willing to join hands with the people of the State of Bavaria, of Germany and the rest of world, and will stand firmly on the right side of history and on the side of human progress, adhere to the path of peaceful development, uphold fairness and justice, maintain world peace, promote common development, to build a community with a shared future for mankind and create a better future for mankind! Thank you all.",NANJING,AGGRESSION;WAR_GENERAL,1,0,1,HIGH,0,1,0,1,0,0,MILITARY,1,INTERNATIONAL,en,0,https://www.mfa.gov.cn/eng/xw/zwbd/202509/t20250922_11712999.html,NA,NA,NA,"Keynote at a Bavaria seminar commemorating the 80th anniversary of victory in the ""Chinese People's War of Resistance Against Japanese Aggression."" Explicitly names the Nanjing Massacre (""up to 300,000 Chinese compatriots were slaughtered""), the July 7 1937 and September 18 1931 incidents, and ""the brutal Japanese militarists"" as responsible for wartime atrocities. Delivered overseas (Germany) to an international/diplomatic audience, distinct in genre from the routine Beijing press-conference Yasukuni responses. responsibility_actor=MILITARY for ""Japanese Kwantung Army""/""Japanese invading army"" named explicitly.",HIGH,5774a2c5-5e87-53f0-8c96-8040b25b1bc7,1
ead9ec86-8b03-4a71-8bf3-1f0726afdc92,china,2025-10-17,2025,Lin Jian,Foreign Ministry Spokesperson,OFFICIAL,Ministry of Foreign Affairs of the People's Republic of China,PRESS_CONFERENCE,"Foreign Ministry Spokesperson Lin Jian's Regular Press Conference on October 17, 2025","Kyodo News: Today marks the first day of the autumn festival of Japan’s Yasukuni Shrine. Prime Minister Shigeru Ishiba and Liberal Democratic Party head Sanae Takaichi didn’t visit the shrine, but Ishiba sent a “masakaki” offering to the shrine in his name as Prime Minister, and Takaichi made a monetary offering using her own funds. What’s China’s comment?","Lin Jian: The Yasukuni Shrine is a spiritual tool and symbol of Japanese militarists responsible for the war of aggression. The place honors 14 convicted Class-A war criminals with grave responsibilities for the war crimes committed during that war of aggression. China is firmly against Japan’s latest negative moves related to the Yasukuni Shrine and has lodged serious protests.

This year marks the 80th anniversary of the victory of the Chinese People’s War of Resistance Against Japanese Aggression and the World Anti-Fascist War. To view and treat history correctly is an important prerequisite for Japan’s post-war return to the international community. It is the political foundation of Japan’s relations with neighboring countries, and more importantly, a yardstick for Japan’s commitment to peaceful development. We urge Japan to face squarely and reflect on its history of aggression, be prudent on historical issues such as the Yasukuni Shrine, make a clean break with militarism, stick to the path of peaceful development, and earn the trust of its Asian neighbors and the international community through real actions.","Lin Jian: The Yasukuni Shrine is a spiritual tool and symbol of Japanese militarists responsible for the war of aggression. The place honors 14 convicted Class-A war criminals with grave responsibilities for the war crimes committed during that war of aggression. China is firmly against Japan’s latest negative moves related to the Yasukuni Shrine and has lodged serious protests.

This year marks the 80th anniversary of the victory of the Chinese People’s War of Resistance Against Japanese Aggression and the World Anti-Fascist War. To view and treat history correctly is an important prerequisite for Japan’s post-war return to the international community. It is the political foundation of Japan’s relations with neighboring countries, and more importantly, a yardstick for Japan’s commitment to peaceful development. We urge Japan to face squarely and reflect on its history of aggression, be prudent on historical issues such as the Yasukuni Shrine, make a clean break with militarism, stick to the path of peaceful development, and earn the trust of its Asian neighbors and the international community through real actions.",YASUKUNI,AGGRESSION,1,1,1,HIGH,0,1,0,0,0,0,LEADER,1,INTERNATIONAL,en,0,https://www.mfa.gov.cn/eng/xw/fyrbt/lxjzh/202510/t20251017_11735636.html,2026-09-22,NA,MANUAL_TARGETED_DATE_SEARCH,"Response to PM Ishiba's masakaki offering and incoming PM (then-LDP head) Takaichi's personal monetary offering to Yasukuni's autumn festival -- extends the existing Oct2023/Apr2024/Oct2024 formulaic-response series (see pilot_east_asia_2020_2025.csv) across the Ishiba-to-Takaichi transition, now explicitly framed against the '80th anniversary of victory' narrative. responsibility_actor=LEADER for the named Ishiba/Takaichi, matching the coding convention of the three earlier Yasukuni records (reflection=0 despite 'reflect on its history of aggression' wording, since that is a demand directed at Japan, not the speaker's own reflection -- consistent with those three prior records).",HIGH,d90c270a-10f7-5bc0-80d5-da0ae37930fb,1
472d4b39-01c2-46e8-9842-21fd59bcbc82,china,2025-10-17,2025,Lin Jian,Foreign Ministry Spokesperson,OFFICIAL,Ministry of Foreign Affairs of the People's Republic of China,PRESS_CONFERENCE,"Foreign Ministry Spokesperson Lin Jian's Regular Press Conference on October 17, 2025",NHK: Former Japanese Prime Minister Murayama Tomiichi passed away. Can I have the Foreign Ministry's comment?,"Lin Jian: China expresses deep condolences over the passing of former Prime Minister Murayama Tomiichi. Our hearts go out to his family.

Mr. Murayama is an old and dear friend of the Chinese people and long committed to China-Japan friendship. In May 1995, then Prime Minister Murayama visited Lugou Bridge and the Museum of the War of Chinese People's Resistance Against Japanese Aggression during his visit to China, and wrote down the words “face up to history and pray for friendship and ever-lasting peace between Japan and China.” On August 15 of the same year, which marked the 50th anniversary of Japan's announcement of unconditional surrender, then Prime Minister Murayama issued a statement on the historical issues, making a profound reflection on Japan's colonial rule and aggression and expressing apologies to the victim countries of the war. He is a statesman with a strong sense of justice, and his contribution to enhancing China-Japan friendship will forever be remembered.

This year marks the 80th anniversary of the victory of the Chinese People's War of Resistance Against Japanese Aggression and the World Anti-Fascist War. The Murayama Statement embodies the solemn statement and commitment of the Japanese government to the people of victim countries in Asia and the international community on Japan's history of aggression and colonial rule. The statement should be honored in good faith. We hope Japan will face up to and reflect on its history of aggression, keep to the path of peaceful development, win the trust of its Asian neighbors and the international community with concrete actions, and work with China in the same direction to build a constructive and stable China-Japan relationship that meets the demands of the new era.","Lin Jian: China expresses deep condolences over the passing of former Prime Minister Murayama Tomiichi. Our hearts go out to his family.

Mr. Murayama is an old and dear friend of the Chinese people and long committed to China-Japan friendship. In May 1995, then Prime Minister Murayama visited Lugou Bridge and the Museum of the War of Chinese People's Resistance Against Japanese Aggression during his visit to China, and wrote down the words “face up to history and pray for friendship and ever-lasting peace between Japan and China.” On August 15 of the same year, which marked the 50th anniversary of Japan's announcement of unconditional surrender, then Prime Minister Murayama issued a statement on the historical issues, making a profound reflection on Japan's colonial rule and aggression and expressing apologies to the victim countries of the war. He is a statesman with a strong sense of justice, and his contribution to enhancing China-Japan friendship will forever be remembered.

This year marks the 80th anniversary of the victory of the Chinese People's War of Resistance Against Japanese Aggression and the World Anti-Fascist War. The Murayama Statement embodies the solemn statement and commitment of the Japanese government to the people of victim countries in Asia and the international community on Japan's history of aggression and colonial rule. The statement should be honored in good faith. We hope Japan will face up to and reflect on its history of aggression, keep to the path of peaceful development, win the trust of its Asian neighbors and the international community with concrete actions, and work with China in the same direction to build a constructive and stable China-Japan relationship that meets the demands of the new era.",APOLOGY_GENERAL,COLONIAL_RULE;AGGRESSION,1,1,1,HIGH,0,1,0,0,0,0,STATE,1,INTERNATIONAL,en,0,https://www.mfa.gov.cn/eng/xw/fyrbt/lxjzh/202510/t20251017_11735636.html,2026-09-22,NA,MANUAL_TARGETED_DATE_SEARCH,"Same page as the Yasukuni record from this date (different Q&A pair) -- China's response to news of Murayama Tomiichi's death, notable for extensively re-describing and endorsing the 1995 Murayama Statement's content (""profound reflection on Japan's colonial rule and aggression and expressing apologies"") as still-binding (""should be honored in good faith""). apology/remorse/reflection coded 0 per the same convention as the Yasukuni-response records: the passage describes/praises Murayama's own historical apology and demands Japan's continued reflection, rather than the speaker (China) apologizing or reflecting in this passage. Directly complements the Murayama 1995 landmark-anchor record (record A) by showing the statement's contemporary reception/legacy 30 years on.",HIGH,e945632e-37cb-565f-a04e-bb9ea9699633,1
57775296-a41c-4870-963d-2edc0f19fc3a,china,2025-04-30,2025,Guo Jiakun,Foreign Ministry Spokesperson,OFFICIAL,Ministry of Foreign Affairs of the People's Republic of China,PRESS_CONFERENCE,"Foreign Ministry Spokesperson Guo Jiakun's Regular Press Conference on April 30, 2025","Nikkei: On yesterday's Japan-Philippines Summit Meeting. The two sides agreed to strengthen bilateral security cooperation, and oppose attempts to change the status quo unilaterally in the East and South China Seas. What's China's comment?","Guo Jiakun: China has all along believed that exchanges and cooperation between countries should not target any third party or harm their interests. This year marks the 80th anniversary of the victory in the Chinese People's War of Resistance Against Japanese Aggression and the World Anti-Fascist War. During World War II, Japan committed aggression against the Philippines and other East Asian countries, exercised colonial rule over them, and occupied Nanhai Zhudao. It bears serious historical responsibilities. We call on Japan to follow the path of peaceful development and act prudently in military and security areas. We oppose any moves that forge groupings and escalate tensions in the region.","Guo Jiakun: China has all along believed that exchanges and cooperation between countries should not target any third party or harm their interests. This year marks the 80th anniversary of the victory in the Chinese People's War of Resistance Against Japanese Aggression and the World Anti-Fascist War. During World War II, Japan committed aggression against the Philippines and other East Asian countries, exercised colonial rule over them, and occupied Nanhai Zhudao. It bears serious historical responsibilities. We call on Japan to follow the path of peaceful development and act prudently in military and security areas. We oppose any moves that forge groupings and escalate tensions in the region.",COLONIAL_RULE,AGGRESSION;WAR_GENERAL,1,0,1,HIGH,0,1,0,0,0,0,STATE,1,INTERNATIONAL,en,0,https://www.mfa.gov.cn/eng/xw/fyrbt/lxjzh/202504/t20250430_11614172.html,2026-09-22,NA,MANUAL_TARGETED_DATE_SEARCH,"A question about a contemporary Japan-Philippines security summit pivots into an explicit historical claim: Japan ""committed aggression against the Philippines and other East Asian countries, exercised colonial rule over them."" Distinct from the existing/other China records in this corpus in naming a third country (the Philippines, not China or Korea) as Japan's historical victim -- still in scope per the codebook (an official Chinese government statement on a historical-recognition issue concerning Japan), and adds topical diversity beyond the Yasukuni-heavy existing sample.",HIGH,8144dd90-4758-5049-9a40-f35f5659830a,1
e1f8360f-e5cc-4bd3-b047-407a2224f4ac,china,2022-08-15,2022,Wang Wenbin,Foreign Ministry Spokesperson,OFFICIAL,Ministry of Foreign Affairs of the People's Republic of China,PRESS_CONFERENCE,"Foreign Ministry Spokesperson Wang Wenbin's Regular Press Conference on August 15, 2022","Phoenix TV: Today marks the 77th anniversary of Japan's defeat in World War II. August 15 also marks a special day in China-Japan relations. Also today, Japanese Prime Minister Fumio Kishida sent a ritual offering to the Yasukuni Shrine. Certain member of Japan's Cabinet also visited this place the other day. Do you have any comment on this?","Wang Wenbin: The Yasukuni Shrine, where World War II Class-A war criminals are honored, is a spiritual tool and symbol of the wars of aggression launched by Japanese militarists. The negative move of Japanese political leaders on the issue of the Yasukuni Shrine once again shows the Japanese side's erroneous attitude toward historical issues. The Chinese side has lodged solemn démarches to the Japanese side.

Today marks the 77th anniversary of Japan's defeat and unconditional surrender. Seventy-seven years ago, the Chinese people, together with the people of the world, defeated the Japanese militarist aggressors and fascism. It was a decisive battle between justice and evil, between light and darkness, and between progress and reaction. This great victory will forever be remembered in the history of the Chinese nation and the pursuit of justice for all humanity.

Facing up to and deeply reflecting on history is an essential prerequisite for Japan to restore and develop normal relations with its Asian neighbors after World War II. For quite some time, some Japanese politicians have kept using various means to distort and glorify its history of aggression and openly acted against important legal instruments including the Cairo Declaration of 1943, which clearly stipulates that Taiwan shall be restored to China. This constitutes serious defiance to the outcomes of the victory of the World Anti-fascist War and the post-war international order. This is unacceptable to anyone who loves peace and stands for justice. Those who try to turn back the wheel of history are bound to find themselves on the wrong path again. Only by sticking to the path of peaceful development can Japan find the right direction. We urge the Japanese side to draw lessons from history, make a clean break with militarism and avoid further losing the trust of its Asian neighbors and the international community.","Wang Wenbin: The Yasukuni Shrine, where World War II Class-A war criminals are honored, is a spiritual tool and symbol of the wars of aggression launched by Japanese militarists. The negative move of Japanese political leaders on the issue of the Yasukuni Shrine once again shows the Japanese side's erroneous attitude toward historical issues. The Chinese side has lodged solemn démarches to the Japanese side.

Today marks the 77th anniversary of Japan's defeat and unconditional surrender. Seventy-seven years ago, the Chinese people, together with the people of the world, defeated the Japanese militarist aggressors and fascism. It was a decisive battle between justice and evil, between light and darkness, and between progress and reaction. This great victory will forever be remembered in the history of the Chinese nation and the pursuit of justice for all humanity.

Facing up to and deeply reflecting on history is an essential prerequisite for Japan to restore and develop normal relations with its Asian neighbors after World War II. For quite some time, some Japanese politicians have kept using various means to distort and glorify its history of aggression and openly acted against important legal instruments including the Cairo Declaration of 1943, which clearly stipulates that Taiwan shall be restored to China. This constitutes serious defiance to the outcomes of the victory of the World Anti-fascist War and the post-war international order. This is unacceptable to anyone who loves peace and stands for justice. Those who try to turn back the wheel of history are bound to find themselves on the wrong path again. Only by sticking to the path of peaceful development can Japan find the right direction. We urge the Japanese side to draw lessons from history, make a clean break with militarism and avoid further losing the trust of its Asian neighbors and the international community.",YASUKUNI,AGGRESSION;WAR_GENERAL,1,1,1,HIGH,0,1,0,0,0,0,LEADER,1,INTERNATIONAL,en,0,https://www.mfa.gov.cn/eng/xw/fyrbt/lxjzh/202405/t20240530_11347346.html,2026-09-22,NA,MANUAL_TARGETED_DATE_SEARCH,"Response to PM Kishida's Aug 15, 2022 (77th surrender-anniversary) Yasukuni ritual offering -- an earlier, more elaborate instance of the same formulaic response series as the existing Oct2023/Apr2024/Oct2024 records and the new Oct2025 one (record B); this one additionally invokes the 1943 Cairo Declaration and Taiwan's restoration, absent from the terser later-year versions. URL's folder date (202405) is a known artifact of a May 2024 site migration/re-indexing (the real date, Aug 15 2022, is confirmed by the page's own <title> and content) -- same pattern already documented in the existing coded China records from this source (see e.g. eng_xw_fyrbt_lxjzh_202405_t20240530_11347616 in the existing coded set).",HIGH,f3233602-7297-5557-9658-3685170230b3,1
d71dc189-c666-4b58-8d80-af82bce8cd80,korea,2026-08-15,2026,Lee Jae-myung,President of the Republic of Korea,HEAD,"Office of the President, Republic of Korea",SPEECH,Address by President Lee Jae Myung on Korea's 81st Liberation Day,,"Over the past year, Korea and Japan have built a foundation of trust through dynamic shuttle diplomacy. We have broadened our cooperation in supply chains, energy and advanced industries, and we also have steadily expanded the basis for exchanges between younger people.

Guided by its pragmatic diplomacy centered on national interests, my administration will continue to broaden the horizons of cooperation in pursuit of our shared interests and pool our collective wisdom to resolve common challenges together.

Above all, consolidating our past achievements requires solid trust between the peoples of our two nations.

Trust is formed through mutual empathy and a sincere recognition of one another's pain.

To this day, victims and bereaved families are still living with the wounds and pain of the past.

Korea-Japan relations have sometimes been marked by discord, but there have also been efforts to forge a better future together through courageously and sincerely facing up to the past, as seen in the South Korea-Japan Joint Declaration of 1998, agreed to between former leaders Kim Dae-jung and Keizō Obuchi.

Korea-Japan cooperation is now more important than ever. The new bilateral relationship we are building must warmly illuminate those who are still suffering from pain in the shadows of history.

I hope that Korean and Japanese administrations can build upon an even deeper sense of trust to usher in another sixty years of peace and prosperity – “not as close yet distant neighbors, but as truly close neighbors.”","Over the past year, Korea and Japan have built a foundation of trust through dynamic shuttle diplomacy. We have broadened our cooperation in supply chains, energy and advanced industries, and we also have steadily expanded the basis for exchanges between younger people.

Guided by its pragmatic diplomacy centered on national interests, my administration will continue to broaden the horizons of cooperation in pursuit of our shared interests and pool our collective wisdom to resolve common challenges together.

Above all, consolidating our past achievements requires solid trust between the peoples of our two nations.

Trust is formed through mutual empathy and a sincere recognition of one another's pain.

To this day, victims and bereaved families are still living with the wounds and pain of the past.

Korea-Japan relations have sometimes been marked by discord, but there have also been efforts to forge a better future together through courageously and sincerely facing up to the past, as seen in the South Korea-Japan Joint Declaration of 1998, agreed to between former leaders Kim Dae-jung and Keizō Obuchi.

Korea-Japan cooperation is now more important than ever. The new bilateral relationship we are building must warmly illuminate those who are still suffering from pain in the shadows of history.

I hope that Korean and Japanese administrations can build upon an even deeper sense of trust to usher in another sixty years of peace and prosperity – “not as close yet distant neighbors, but as truly close neighbors.”",HISTORICAL_RECOGNITION_GENERAL,COLONIAL_RULE,1,1,1,HIGH,0,1,0,1,0,0,STATE,1,MIXED,en,1,https://en.president.go.kr/president/statements-remarks/MK8xT9SG,2026-09-22,NA,AJAX_ARCHIVE_CRAWL,First Liberation Day address of the Lee Jae-myung administration to appear in this corpus. Invokes the 1998 Kim Dae-jung-Obuchi Declaration by name (same anchor Yoon used in his 2022/77th address -- see existing coded record) plus explicit acknowledgment that 'victims and bereaved families are still living with the wounds and pain of the past' (reflection=1). Discovered via the AJAX endpoint (/ajaxf/frBoard/bbsViewGalleryList.do) behind en.president.go.kr's supposedly JS-only pagination -- see phase2_plan.md.,HIGH,a5f3667f-ce8a-5c79-85f4-cf1ba79097b9,1
36a949fb-30d8-44b6-b18e-8d3a36a8b641,korea,2025-08-15,2025,Lee Jae-myung,President of the Republic of Korea,HEAD,"Office of the President, Republic of Korea",SPEECH,Address by President Lee Jae Myung on Korea's 80th Liberation Day,,"Fellow Koreans,

This year marks the 80th anniversary of liberation and the 60th anniversary of the establishment of diplomatic relations between Korea and Japan.

It is time to squarely face the past while also wisely stepping forward into the future.

Given our countries’ long, fraught history, redefining Korea-Japan relations is a crucial and difficult task.

Some among us are still suffering from unresolved historical issues. As well, differing perspectives continue to spawn conflicts.

At the same time, we still remember the dreams of our independence activists. Even while resisting Japan’s harsh colonial rule, our forebears never lost hope that Korea and Japan could one day become true neighbors. We must preserve this aspiration.

Japan is our neighbor across the sea as well as an indispensable partner in our economic development.

When Korea and Japan normalized diplomatic relations 60 years ago, only about 10,000 people traveled between the two countries annually. These days, however, that figure has reached 12 million.

Our national clout has also grown incomparably stronger than it was back then.

Korea and Japan have achieved industrial development in tandem. As such, we will be able to overcome the challenges of the artificial intelligence era together, which is marked by competition to secure a commanding lead, when our two countries pursue future-oriented cooperation based on mutual trust.

Guided by the principle of pragmatic, national interest-focused diplomacy, we will seek forward-looking, mutually beneficial cooperation with Japan while holding frequent meetings and frank dialogues through shuttle diplomacy.

The stronger the trust, the higher the quality of cooperation.

I hope that the Japanese government will squarely face up to our painful history and strive to maintain trust between our two countries.

I believe that such efforts will bring greater shared benefits and a brighter future for both sides.","Fellow Koreans,

This year marks the 80th anniversary of liberation and the 60th anniversary of the establishment of diplomatic relations between Korea and Japan.

It is time to squarely face the past while also wisely stepping forward into the future.

Given our countries’ long, fraught history, redefining Korea-Japan relations is a crucial and difficult task.

Some among us are still suffering from unresolved historical issues. As well, differing perspectives continue to spawn conflicts.

At the same time, we still remember the dreams of our independence activists. Even while resisting Japan’s harsh colonial rule, our forebears never lost hope that Korea and Japan could one day become true neighbors. We must preserve this aspiration.

Japan is our neighbor across the sea as well as an indispensable partner in our economic development.

When Korea and Japan normalized diplomatic relations 60 years ago, only about 10,000 people traveled between the two countries annually. These days, however, that figure has reached 12 million.

Our national clout has also grown incomparably stronger than it was back then.

Korea and Japan have achieved industrial development in tandem. As such, we will be able to overcome the challenges of the artificial intelligence era together, which is marked by competition to secure a commanding lead, when our two countries pursue future-oriented cooperation based on mutual trust.

Guided by the principle of pragmatic, national interest-focused diplomacy, we will seek forward-looking, mutually beneficial cooperation with Japan while holding frequent meetings and frank dialogues through shuttle diplomacy.

The stronger the trust, the higher the quality of cooperation.

I hope that the Japanese government will squarely face up to our painful history and strive to maintain trust between our two countries.

I believe that such efforts will bring greater shared benefits and a brighter future for both sides.",HISTORICAL_RECOGNITION_GENERAL,COLONIAL_RULE,1,1,1,HIGH,0,1,0,1,0,0,STATE,1,MIXED,en,1,https://en.president.go.kr/president/statements-remarks/96ecUYVL,2026-09-22,NA,AJAX_ARCHIVE_CRAWL,"Lee's first Liberation Day address (80th anniversary / 60th anniversary of Korea-Japan diplomatic normalization), delivered three months into his term. More direct than the 81st address a year later: explicitly states 'some among us are still suffering from unresolved historical issues' and calls on Japan to 'squarely face up to our painful history' (reflection=1, agency_explicit=1 for 'Japan's harsh colonial rule').",HIGH,60fc85bc-f3c0-56ea-b839-34226df41864,1
40c5a381-d162-4568-97b8-14475bbc5686,korea,2026-05-19,2026,Lee Jae-myung,President of the Republic of Korea,HEAD,"Office of the President, Republic of Korea",JOINT_STATEMENT,Joint Press Statement by President Lee Jae Myung on the occasion of the Korea-Japan Summit,,"DNA analysis of the remains excavated from the Chosei Coal Mine in Japan will also begin soon.

We have agreed on the specific procedures and methods for DNA analysis through close working-level consultations between diplomatic authorities of the two countries.

This will be a small but meaningful first step for both countries in cooperating on historical issues, starting with humanitarian matters.","DNA analysis of the remains excavated from the Chosei Coal Mine in Japan will also begin soon.

We have agreed on the specific procedures and methods for DNA analysis through close working-level consultations between diplomatic authorities of the two countries.

This will be a small but meaningful first step for both countries in cooperating on historical issues, starting with humanitarian matters.",FORCED_LABOR,HISTORICAL_RECOGNITION_GENERAL,1,1,1,MEDIUM,0,1,0,0,1,0,UNSPECIFIED,0,MIXED,en,NA,https://en.president.go.kr/president/statements-remarks/VWkmhWnq,2026-09-22,NA,AJAX_ARCHIVE_CRAWL,"Joint statement with (then-incoming, per the text's own framing of a hometown-to-hometown visit) PM Takaichi. Most of the document is supply-chain/AI/security cooperation (excluded); the sole historical-recognition passage is a brief, procedural mention of DNA analysis of remains from the Chosei coal mine (a wartime forced-labor conscription site) for repatriation, framed as 'a small but meaningful first step ... cooperating on historical issues.' responsibility_actor=UNSPECIFIED/agency_explicit=0 because the passage names no one as having caused the deaths/conscription -- purely procedural framing. No '(Unofficial Translation)' marker found on this page (unlike the two Liberation Day addresses), so official_translation=NA per the non-hallucination rule rather than assumed.",MEDIUM,57cb757a-d1cd-58eb-97fd-c9d14ab71879,1
10727692-a769-4455-a17a-6f6eb4b79bc8,korea,2022-03-01,2022,Moon Jae-in,President of the Republic of Korea,HEAD,"Office of the President, Republic of Korea (via National Archives of Korea web archive)",SPEECH,Address by President Moon Jae-in on 103rd March First Independence Movement Day,,"Cooperation between Korea and Japan is the responsibility of the current generation for the sake of future generations. In the March First Declaration of Independence, our forebears proposed to Japan that we overcome “old animosities” and “fleeting grudges” and work together for peace in the East. Our ideas remain the same in the present. In this time of many difficulties, Korea and Japan - close neighbors - must be able to overcome the history of the once unfortunate past and cooperate for the future. Beyond Korea-Japan relations, I sincerely hope that Japan will take leadership as an advanced nation. To this end, Japan must squarely face history and be humble before it. Japan will become a trustworthy country only when it is able to empathize with the wounds of the people of neighboring countries, which are sometimes exacerbated by a once unfortunate past.","Cooperation between Korea and Japan is the responsibility of the current generation for the sake of future generations. In the March First Declaration of Independence, our forebears proposed to Japan that we overcome “old animosities” and “fleeting grudges” and work together for peace in the East. Our ideas remain the same in the present. In this time of many difficulties, Korea and Japan - close neighbors - must be able to overcome the history of the once unfortunate past and cooperate for the future. Beyond Korea-Japan relations, I sincerely hope that Japan will take leadership as an advanced nation. To this end, Japan must squarely face history and be humble before it. Japan will become a trustworthy country only when it is able to empathize with the wounds of the people of neighboring countries, which are sometimes exacerbated by a once unfortunate past.",COLONIAL_RULE,HISTORICAL_RECOGNITION_GENERAL,1,0,1,HIGH,0,1,0,1,0,0,STATE,1,MIXED,en,1,http://webarchives.pa.go.kr/19th/english.president.go.kr/BriefingSpeeches/Speeches/1157,2026-09-22,NA,ARCHIVE_CRAWL_PAGINATED,"Moon's final March First (independence movement) address, delivered at the opening of the National Memorial of the Korean Provisional Government -- a different commemorative genre than the Liberation Day (Aug 15) addresses already in this corpus, though covering similar ground. Directly names 'the history of the once unfortunate past' and states 'Japan must squarely face history and be humble before it.' Discovered via ?page=N pagination on webarchives.pa.go.kr's 19th-administration (Moon-era) listing, which -- unlike the 20th/Yoon-era listing -- supports genuine further pagination (see phase2_plan.md).",HIGH,c326cd46-ffd3-5afd-b93f-d8f50ea0cf61,1
95193152-7d87-4662-8e95-65efec796c6b,japan,2021-10-15,2021,KISHIDA Fumio,Prime Minister of Japan,HEAD,Prime Minister's Office of Japan (Kantei),PRESS_CONFERENCE,Press Conference by the Prime Minister regarding Japan-ROK Telephone Summit Talks,(Regarding Japan-ROK telephone summit talks),"A short while ago, I had a telephone talk with President Moon Jae-in of the Republic of Korea (ROK), starting at 6:40 PM for approximately 35 minutes. During the talk, I mentioned that Japan-ROK relations remain extremely difficult due to the issues of the former civilian workers from the Korean Peninsula, comfort women and other matters before strongly urging the ROK side to make appropriate responses based on Japan's consistent position. Meanwhile, President Moon and I agreed that, under this severe security environment in the region, Japan-ROK and Japan-U.S.-ROK cooperation would be further deepened in dealing with North Korea. Furthermore, in response to my request for support and cooperation regarding the abductions issue, President Moon reiterated his support for Japan's position.

Despite difficult issues between Japan and the ROK, I will strongly urge the ROK side to make appropriate responses with a view to restoring sound relations between us.","A short while ago, I had a telephone talk with President Moon Jae-in of the Republic of Korea (ROK), starting at 6:40 PM for approximately 35 minutes. During the talk, I mentioned that Japan-ROK relations remain extremely difficult due to the issues of the former civilian workers from the Korean Peninsula, comfort women and other matters before strongly urging the ROK side to make appropriate responses based on Japan's consistent position. Meanwhile, President Moon and I agreed that, under this severe security environment in the region, Japan-ROK and Japan-U.S.-ROK cooperation would be further deepened in dealing with North Korea. Furthermore, in response to my request for support and cooperation regarding the abductions issue, President Moon reiterated his support for Japan's position.

Despite difficult issues between Japan and the ROK, I will strongly urge the ROK side to make appropriate responses with a view to restoring sound relations between us.",FORCED_LABOR,COMFORT_WOMEN,1,0,1,HIGH,0,0,0,0,0,0,UNSPECIFIED,0,MIXED,en,1,https://japan.kantei.go.jp/100_kishida/statement/202110/_00013.html,2026-09-22,NA,MANUAL_REVIEW_BACKLOG,"Kishida's readout of a telephone summit with Moon Jae-in shortly after becoming PM. Names 'former civilian workers from the Korean Peninsula' (forced labor) and 'comfort women' explicitly but only to say Japan urged Korea to act -- Japan does not accept responsibility itself here, matching the UNSPECIFIED/agency_explicit=0 pattern of the other main-axis Japan records. Sourced from the existing keyword-filtered backlog (pilot_manual_review.csv), found via a proximity search for 'former civilian workers'/'comfort women' across all 736 candidates rather than the original per-page review.",HIGH,28889de2-16ea-5383-b0f4-aefdf9b0e034,1
75faae70-a204-48e1-9407-9f312907c8bb,japan,2022-03-11,2022,KISHIDA Fumio,Prime Minister of Japan,HEAD,Prime Minister's Office of Japan (Kantei),PRESS_CONFERENCE,"Press Conference on the Telephone Talk with Mr. YOON Suk Yeol, President-elect of the Republic of Korea","(On what was discussed during the telephone meeting with Mr. YOON Suk Yeol, President-elect of the Republic of Korea; on whether or not the issue of former civilian workers from the Korean Peninsula or the issue of comfort women arose during the meeting)","I just held a meeting with Mr. YOON Suk Yeol, President-elect of the Republic of Korea (ROK) over the telephone.

I extended my congratulations to him once again and stated that Japan and the ROK are important neighboring countries to each other. I said that now, as the international community is confronted with major changes that will usher in a new era, sound Japan-ROK relations are indispensable in upholding a rule-based international order and ensuring peace, stability, and prosperity in the region and the world. In addition, I underlined the importance of trilateral coordination among Japan, the United States, and the ROK.

I also stated that we must develop Japan-ROK relations based on the foundation of our friendly and cooperative relationship that our countries have built up since we normalized our diplomatic ties in 1965. I conveyed to President-elect Yoon that I look forward to his leadership and I expressed my desire to work closely with him to further improve Japan-ROK relations.

In response, President-elect Yoon stated that he places importance on Japan-ROK relations and that he wants to cooperate with Japan to improve our relations further. Also, Mr. Yoon and I agreed we will work in close cooperation regarding responses to North Korea, including the nuclear and missile issues, notably its recent launches of ICBM (intercontinental ballistic missile)-level ballistic missiles, as well as the abductions issue.

You also asked if there was any interchange between us on the comfort women issue or other such matters. This was a diplomatic exchange, so I am providing this information focusing primarily on what I said from my side. The content of this meeting overall is just as I overviewed for you now. I will refrain from stating any details beyond that, as this was a diplomatic exchange.","I just held a meeting with Mr. YOON Suk Yeol, President-elect of the Republic of Korea (ROK) over the telephone.

I extended my congratulations to him once again and stated that Japan and the ROK are important neighboring countries to each other. I said that now, as the international community is confronted with major changes that will usher in a new era, sound Japan-ROK relations are indispensable in upholding a rule-based international order and ensuring peace, stability, and prosperity in the region and the world. In addition, I underlined the importance of trilateral coordination among Japan, the United States, and the ROK.

I also stated that we must develop Japan-ROK relations based on the foundation of our friendly and cooperative relationship that our countries have built up since we normalized our diplomatic ties in 1965. I conveyed to President-elect Yoon that I look forward to his leadership and I expressed my desire to work closely with him to further improve Japan-ROK relations.

In response, President-elect Yoon stated that he places importance on Japan-ROK relations and that he wants to cooperate with Japan to improve our relations further. Also, Mr. Yoon and I agreed we will work in close cooperation regarding responses to North Korea, including the nuclear and missile issues, notably its recent launches of ICBM (intercontinental ballistic missile)-level ballistic missiles, as well as the abductions issue.

You also asked if there was any interchange between us on the comfort women issue or other such matters. This was a diplomatic exchange, so I am providing this information focusing primarily on what I said from my side. The content of this meeting overall is just as I overviewed for you now. I will refrain from stating any details beyond that, as this was a diplomatic exchange.",FORCED_LABOR,COMFORT_WOMEN,0,0,1,MEDIUM,0,0,0,0,0,0,UNSPECIFIED,0,MIXED,en,1,https://japan.kantei.go.jp/101_kishida/statement/202203/_00010.html,2026-09-22,NA,MANUAL_REVIEW_BACKLOG,"Kishida's first contact with President-elect Yoon. Directly asked by a reporter whether forced labor/comfort women came up; Kishida declines to confirm or deny ('I will refrain from stating any details beyond that'), so kingdon_problem=0 -- the passage registers the topic's existence via the question but the response itself does not substantively construct it as a problem. classification_confidence=MEDIUM given the thinness of the actual content.",MEDIUM,ba7614b9-32ab-5e3f-a6cd-4341b5867ecc,1
dff027ae-8140-42ae-b803-9fa8d70a68bb,japan,2022-06-10,2022,KISHIDA Fumio,Prime Minister of Japan,HEAD,Prime Minister's Office of Japan (Kantei),PRESS_CONFERENCE,Press Conference by the Prime Minister on His Keynote Address at the Shangri-La Dialogue (the IISS Asia Security Summit) and Other Matters,(On diplomacy with the Republic of Korea),"First of all, I too consider it imperative for us to develop the Japan-Republic of Korea (ROK) relations we have built up since the normalization of diplomatic relations in 1965. In order to do so, I believe it is matter of urgency for us to resolve the various outstanding issues between Japan and the ROK, including the issue of former civilian workers. To restore Japan-ROK relations to a sound relationship, I believe Japan must communicate with the new administration in the ROK based on the positions Japan has held consistently to date. For the future, no concrete meetings have been scheduled, but in light of the various issues the administrations until now have had, I very much hope to thoroughly confirm what kind of approach the ROK side takes.","First of all, I too consider it imperative for us to develop the Japan-Republic of Korea (ROK) relations we have built up since the normalization of diplomatic relations in 1965. In order to do so, I believe it is matter of urgency for us to resolve the various outstanding issues between Japan and the ROK, including the issue of former civilian workers. To restore Japan-ROK relations to a sound relationship, I believe Japan must communicate with the new administration in the ROK based on the positions Japan has held consistently to date. For the future, no concrete meetings have been scheduled, but in light of the various issues the administrations until now have had, I very much hope to thoroughly confirm what kind of approach the ROK side takes.",FORCED_LABOR,NA,1,1,1,HIGH,0,0,0,0,0,0,UNSPECIFIED,0,MIXED,en,1,https://japan.kantei.go.jp/101_kishida/statement/202206/_00005.html,2026-09-22,NA,MANUAL_REVIEW_BACKLOG,"Frames the forced-labor issue as urgent ('matter of urgency') and names a policy track (communicating with the incoming ROK administration), so kingdon_policy=1 unlike the more deflective J2 record from three months earlier -- part of a discernible temporal series (Oct 2021 -> Mar 2022 -> Jun 2022 -> Nov 2022 -> Jun 2025) tracking how this single issue is discussed across the Kishida and Ishiba periods.",HIGH,25ef025a-28bd-599e-9927-ae9f61fb1a7b,1
48a9574b-723b-4a32-ba63-7a34542b764f,japan,2022-11-13,2022,KISHIDA Fumio,Prime Minister of Japan,HEAD,Prime Minister's Office of Japan (Kantei),PRESS_CONFERENCE,Press Conference by Prime Minister Kishida regarding the ASEAN-related Summit Meetings and Other Matters,,"In the Japan-ROK summit meeting, President Yoon and I confirmed that we will cooperate towards both resolving North Korea issues and realizing a Free and Open Indo-Pacific. Regarding the issue of former civilian workers from the Korean Peninsula, we agreed to pursue an early resolution of this issue, building on the accelerated talks between our diplomatic authorities, following the instructions President Yoon and I gave in New York.","In the Japan-ROK summit meeting, President Yoon and I confirmed that we will cooperate towards both resolving North Korea issues and realizing a Free and Open Indo-Pacific. Regarding the issue of former civilian workers from the Korean Peninsula, we agreed to pursue an early resolution of this issue, building on the accelerated talks between our diplomatic authorities, following the instructions President Yoon and I gave in New York.",FORCED_LABOR,NA,1,1,1,HIGH,0,0,0,0,0,0,UNSPECIFIED,0,MIXED,en,1,https://japan.kantei.go.jp/101_kishida/statement/202211/_00007.html,2026-09-22,NA,MANUAL_REVIEW_BACKLOG,"Part of Kishida's own opening readout of the Japan-ROK summit on the ASEAN summit sidelines, not prompted by a specific reporter question (question_text left empty). 'Accelerated talks' and 'pursue an early resolution' mark a concrete negotiation track (kingdon_policy=1), continuing the same forced-labor issue as J1/J2/J3.",HIGH,45b52d2f-706e-5aef-b33a-1c71296693af,1
40f3d8fe-ac4b-4710-9198-4cadaaad2630,japan,2025-06-09,2025,ISHIBA Shigeru,Prime Minister of Japan,HEAD,Prime Minister's Office of Japan (Kantei),PRESS_CONFERENCE,Press Conference by Prime Minister ISHIBA Shigeru Regarding His Summit Telephone Talk with President Lee of the Republic of Korea and Other Matters,"(On whether or not there was any mention during today's telephone talk of a resolution to what is referred to as the issue of former civilian workers, and if there was, what was discussed)","Today's telephone talk was quite brief and my main objective was to extend my sincere congratulations to President Lee on taking office. We did take up our fundamental stance on each side with regard to Japan-ROK relations and emerged with a shared understanding. Within that context, we also touched on matters of mutual concern between our two countries, but, insofar as this was also a diplomatic exchange, I won't go into specifics beyond that. In any case, mindful of the current environment, we shared the understanding that it is imperative for us to continue to advance Japan-ROK bilateral relations in a stable manner. We will communicate closely with the new administration.","Today's telephone talk was quite brief and my main objective was to extend my sincere congratulations to President Lee on taking office. We did take up our fundamental stance on each side with regard to Japan-ROK relations and emerged with a shared understanding. Within that context, we also touched on matters of mutual concern between our two countries, but, insofar as this was also a diplomatic exchange, I won't go into specifics beyond that. In any case, mindful of the current environment, we shared the understanding that it is imperative for us to continue to advance Japan-ROK bilateral relations in a stable manner. We will communicate closely with the new administration.",FORCED_LABOR,NA,0,0,1,MEDIUM,0,0,0,0,0,0,UNSPECIFIED,0,MIXED,en,1,https://japan.kantei.go.jp/103/statement/202506/09kaiken.html,2026-09-22,NA,MANUAL_REVIEW_BACKLOG,"Ishiba's first contact with newly-inaugurated President Lee Jae-myung. Same deflection pattern as J2 three years earlier under Kishida ('I won't go into specifics') -- across two different PMs and two different ROK presidents, the forced-labor issue is handled identically as an undisclosed diplomatic matter when raised in a just-took-office courtesy call, only becoming substantively discussed (kingdon_policy=1) in the J3/J4 mid-term-diplomacy records.",MEDIUM,ebd99883-769a-50cb-9ef1-73e9938152e9,1
ce70d609-d5da-4d90-831c-bb103146bf39,japan,2025-06-23,2025,ISHIBA Shigeru,Prime Minister of Japan,HEAD,Prime Minister's Office of Japan (Kantei),PRESS_CONFERENCE,Press Conference by Prime Minister ISHIBA Shigeru regarding the Memorial Ceremony to Commemorate the Fallen on the 80th Anniversary of the End of the Battle of Okinawa and Other Matters,"(On the thoughts of Prime Minister Ishiba regarding his visit to the Himeyuri Memorial Tower and other spots after attending the Memorial Ceremony to Commemorate the Fallen earlier today; whether he has plans to announce a “statement” or the Prime Minister's personal “view” regarding the war as this year marks the 80th anniversary of its end and, if he does, whether he plans to refer to the historical perception and the future vision of the Self-Defense Forces)","I attended the Memorial Ceremony to Commemorate the Fallen on the 80th Anniversary of the End of the Battle of Okinawa. I found the ceremony itself extremely solemn. Afterward, I visited the Himeyuri Memorial Tower, or the Himeyuri Peace Museum, which I last visited 22 years ago as Director-General of the Defense Agency with a very solemn and profound feeling. It's been my strong desire to visit this spot as Prime Minister this time, specifically on the occasion of attending this year's memorial ceremony. This is because I felt the necessity to engrave that profound emotion I had more than two decades ago once again into my heart. Young female students lost their lives. They all wanted to live. They all hated war, yet they diligently cared for the wounded and bravely fulfilled their given duties in harsh conditions. Ultimately, many of the students were injured and lost their lives. This is something one cannot truly grasp without visiting this spot in person. When I was involved in creating the National Protection Legislation, the Battle of Okinawa was very much on my mind as well. As I carry out my duties as Prime Minister, I came here today with the strong desire to engrave once more into my heart this commitment against war and the tragedy of the war. Seeing this place today has further strengthened that resolve.

Regarding a “statement” or “remarks” for the 80th anniversary of the end of the war, nothing has been decided at this point. However, the historical perception that successive Cabinets have announced will not change in any way. I intend to carefully consider the format and nature of it going forward.","I attended the Memorial Ceremony to Commemorate the Fallen on the 80th Anniversary of the End of the Battle of Okinawa. I found the ceremony itself extremely solemn. Afterward, I visited the Himeyuri Memorial Tower, or the Himeyuri Peace Museum, which I last visited 22 years ago as Director-General of the Defense Agency with a very solemn and profound feeling. It's been my strong desire to visit this spot as Prime Minister this time, specifically on the occasion of attending this year's memorial ceremony. This is because I felt the necessity to engrave that profound emotion I had more than two decades ago once again into my heart. Young female students lost their lives. They all wanted to live. They all hated war, yet they diligently cared for the wounded and bravely fulfilled their given duties in harsh conditions. Ultimately, many of the students were injured and lost their lives. This is something one cannot truly grasp without visiting this spot in person. When I was involved in creating the National Protection Legislation, the Battle of Okinawa was very much on my mind as well. As I carry out my duties as Prime Minister, I came here today with the strong desire to engrave once more into my heart this commitment against war and the tragedy of the war. Seeing this place today has further strengthened that resolve.

Regarding a “statement” or “remarks” for the 80th anniversary of the end of the war, nothing has been decided at this point. However, the historical perception that successive Cabinets have announced will not change in any way. I intend to carefully consider the format and nature of it going forward.",WAR_GENERAL,HISTORICAL_RECOGNITION_GENERAL,1,0,1,HIGH,0,0,1,1,0,0,UNSPECIFIED,0,DOMESTIC,en,1,https://japan.kantei.go.jp/103/statement/202506/23kaiken.html,2026-09-22,NA,MANUAL_REVIEW_BACKLOG,"A different memorial genre than the Aug 15 National Memorial Ceremony already in this corpus: the Battle of Okinawa's 80th-anniversary commemoration and Ishiba's personal visit to the Himeyuri Peace Museum (Okinawan schoolgirls conscripted as field nurses). remorse=1/reflection=1 for the genuinely personal, emotionally-invested register ('engrave...into my heart') plus the explicit continuity pledge on 'historical perception,' but responsibility_actor stays UNSPECIFIED/agency_explicit=0 -- like the rest of the main-axis Japan sample, the passage mourns Japan's own war dead and commits to unspecified prior Cabinets' position without naming any actor or foreign victim. Directly relevant to the phase-2 genre-confound check: this is a PRESS_CONFERENCE (not the SPEECH-genre annual ceremony), and it still shows agency_explicit=0, reinforcing that the Japan pattern holds across genre.",HIGH,8ccded86-d28d-575f-83cd-eeb62bb679dd,1
e173b282-8221-4313-83cd-1cdcb3b649f1,china,2025-09-03,2025,Xi Jinping,"President of the People's Republic of China, General Secretary of the CPC Central Committee, Chairman of the Central Military Commission",HEAD,State Council of the People's Republic of China (via Xinhua),SPEECH,Xi calls on nations to prevent historical tragedies from recurring,,"Chinese President Xi Jinping on Wednesday called on nations across the world to eliminate the root cause of war and prevent historical tragedies from recurring.

Xi, also general secretary of the Communist Party of China Central Committee and chairman of the Central Military Commission, made the remarks while addressing a gathering to commemorate the 80th anniversary of the victory in the Chinese People's War of Resistance against Japanese Aggression and the World Anti-Fascist War.

Common security can only be safeguarded when nations across the world treat each other as equals, live in harmony, and mutually support one another, he said.","Chinese President Xi Jinping on Wednesday called on nations across the world to eliminate the root cause of war and prevent historical tragedies from recurring.

Xi, also general secretary of the Communist Party of China Central Committee and chairman of the Central Military Commission, made the remarks while addressing a gathering to commemorate the 80th anniversary of the victory in the Chinese People's War of Resistance against Japanese Aggression and the World Anti-Fascist War.

Common security can only be safeguarded when nations across the world treat each other as equals, live in harmony, and mutually support one another, he said.",HISTORICAL_RECOGNITION_GENERAL,WAR_GENERAL,1,0,1,HIGH,0,0,0,1,0,0,UNSPECIFIED,0,INTERNATIONAL,en,0,https://english.www.gov.cn/news/202509/03/content_WS68b7aea2c6d0868f4e8f54cf.html,2026-09-22,NA,STATE_COUNCIL_ARCHIVE_TARGETED_DATE,"The first HEAD-level (Xi Jinping himself) China record in this corpus -- every other China record is speaker_level=OFFICIAL (MFA spokesperson) or a consul general. Found via english.www.gov.cn's date-paginated news archive (a real, working archive distinct from the earlier-flagged /news/ 'portal page' problem -- see phase2_plan.md), targeting the Sept 3, 2025 80th-anniversary V-Day commemoration. This is a short Xinhua wire dispatch (one of several the State Council portal published about the same speech; a companion dispatch is coded separately, see the 'first complete victory' record); no verbatim full-text transcript of the speech was found on this portal. reflection=1 for the explicit forward-looking 'prevent historical tragedies from recurring' framing, matching the existing Sept 2025 Munich consul-general record's reflection=1. Directly relevant to the phase-2 genre/speaker-level confound check discussed with the user: this tests whether China's 100% agency_explicit / 100% kingdon_politics pattern (found only in OFFICIAL-level spokesperson press conferences) also holds at HEAD level -- here agency_explicit=0 (no actor named in this particular short dispatch), unlike the spokesperson-level Yasukuni-response formula, suggesting the earlier 100%/100% finding may be speaker-level/genre-specific rather than a general China trait -- see the companion record below for a data point that goes the other way.",HIGH,77a14d35-bece-5115-8856-7f484077ff47,1
413a7261-433b-4c84-9d5d-544eda37f41f,china,2025-09-03,2025,Xi Jinping,"President of the People's Republic of China, General Secretary of the CPC Central Committee, Chairman of the Central Military Commission",HEAD,State Council of the People's Republic of China (via Xinhua),SPEECH,Resistance war against Japanese aggression marks China's first complete victory against foreign aggression: Xi,,"BEIJING, Sept. 3 -- President Xi Jinping said on Wednesday that the resistance war against Japanese aggression, an arduous and great war, marks China's first complete victory against foreign aggression in modern times.

The victory in the war was achieved under a national united front against Japanese aggression advocated by the Communist Party of China (CPC), said Xi, also general secretary of the CPC Central Committee and chairman of the Central Military Commission, while addressing a gathering to commemorate the 80th anniversary of the victory in the Chinese People's War of Resistance against Japanese Aggression and the World Anti-Fascist War.","BEIJING, Sept. 3 -- President Xi Jinping said on Wednesday that the resistance war against Japanese aggression, an arduous and great war, marks China's first complete victory against foreign aggression in modern times.

The victory in the war was achieved under a national united front against Japanese aggression advocated by the Communist Party of China (CPC), said Xi, also general secretary of the CPC Central Committee and chairman of the Central Military Commission, while addressing a gathering to commemorate the 80th anniversary of the victory in the Chinese People's War of Resistance against Japanese Aggression and the World Anti-Fascist War.",AGGRESSION,WAR_GENERAL,1,0,1,HIGH,0,1,0,0,0,0,STATE,1,INTERNATIONAL,en,0,https://english.www.gov.cn/news/202509/03/content_WS68b7ae30c6d0868f4e8f54cd.html,2026-09-22,NA,STATE_COUNCIL_ARCHIVE_TARGETED_DATE,"Companion dispatch to the record above, same Sept 3, 2025 speech. Here 'Japanese aggression' is explicitly named twice as the historical actor (responsibility_actor=STATE, agency_explicit=1) -- unlike the companion record's more abstract 'historical tragedies' framing. Together the two HEAD-level records show a mixed picture on agency_explicit (0 and 1 respectively) even within the SAME speech, which is itself informative for the genre/speaker-level confound question: agency_explicit is not simply a fixed function of speaker level either, but varies by which specific claim is being made within a single address.",HIGH,52fef2ef-4fd1-587c-883d-113207043c6a,1
b07cb7d3-e2c4-498d-944a-d5ea843fcd91,china,2025-12-13,2025,UNKNOWN,NA,UNKNOWN,State Council of the People's Republic of China (via Xinhua),OTHER,"China holds national memorial for Nanjing Massacre victims, calling for remembrance of history",,"NANJING, Dec. 13 -- The 12th national memorial day was observed in Nanjing on Saturday to honor about 300,000 victims killed by Japanese troops during the Nanjing Massacre, in a year that marks the 80th anniversary of the end of World War II (WWII).

Despite the winter chill, thousands dressed in dark attire gathered at the public square of the Memorial Hall of the Victims in Nanjing Massacre by Japanese Invaders in Nanjing, capital of east China's Jiangsu Province, with white flowers pinned to their chests, to take part in the ceremony.

China's national flag was flown at half-mast in front of the crowd that included survivors of the massacre, local students and international guests.

Sirens began blaring at 10:01 a.m. Drivers in the downtown area stopped their vehicles and honked in unison, while pedestrians paused to observe a moment of silence in memory of the victims.

The Nanjing Massacre took place when Japanese troops captured the then-Chinese capital on Dec. 13, 1937. Over the course of six weeks, they proceeded to kill approximately 300,000 Chinese civilians and unarmed soldiers in one of the most barbaric episodes of WWII.","NANJING, Dec. 13 -- The 12th national memorial day was observed in Nanjing on Saturday to honor about 300,000 victims killed by Japanese troops during the Nanjing Massacre, in a year that marks the 80th anniversary of the end of World War II (WWII).

Despite the winter chill, thousands dressed in dark attire gathered at the public square of the Memorial Hall of the Victims in Nanjing Massacre by Japanese Invaders in Nanjing, capital of east China's Jiangsu Province, with white flowers pinned to their chests, to take part in the ceremony.

China's national flag was flown at half-mast in front of the crowd that included survivors of the massacre, local students and international guests.

Sirens began blaring at 10:01 a.m. Drivers in the downtown area stopped their vehicles and honked in unison, while pedestrians paused to observe a moment of silence in memory of the victims.

The Nanjing Massacre took place when Japanese troops captured the then-Chinese capital on Dec. 13, 1937. Over the course of six weeks, they proceeded to kill approximately 300,000 Chinese civilians and unarmed soldiers in one of the most barbaric episodes of WWII.",NANJING,WAR_GENERAL,1,0,0,MEDIUM,0,1,0,0,0,0,MILITARY,1,INTERNATIONAL,en,0,https://english.www.gov.cn/news/202512/13/content_WS693d2193c6d00ca5f9a08107.html,2026-09-22,NA,STATE_COUNCIL_ARCHIVE_TARGETED_DATE,"Directly answers the open question from earlier in phase 2 (why Nanjing Memorial Day content wasn't found in the MFA's routine press conferences): it is instead covered by a Xinhua news dispatch on the State Council portal describing the ceremony itself, not a press-conference Q&A or an individual official's own quoted remarks. speaker_name/speaker_level=UNKNOWN because no individual speaker is identifiable in this factual news report (per codebook: never infer a speaker level the source does not establish). responsibility_actor=MILITARY/agency_explicit=1 for 'Japanese troops' being named as the actor who 'captured' Nanjing and 'proceeded to kill' the victims. document_type=OTHER since it is neither a press conference, a speech, nor a joint statement but a third-person institutional news report -- a different genre again from every other China record in this corpus, useful for the same genre-diversification purpose as the two Xi records above. kingdon_politics=0 here (a descriptive commemoration report, not itself a diplomatic protest or political signal, unlike the MFA spokesperson-level Yasukuni-response formula) -- another data point suggesting China's earlier-observed 100% kingdon_politics rate is a spokesperson-press-conference-genre effect, not a fixed national trait.",MEDIUM,e52d2526-c940-5fed-8ae6-06b994f747be,1
75d7773e-ae80-4619-a1c8-eb67227fa692,japan,2023-05-07,2023,KISHIDA Fumio,Prime Minister of Japan,HEAD,"Prime Minister's Office of Japan (Kantei); reported via Office of the President, Republic of Korea (Briefing Room, via korea.net)",PRESS_CONFERENCE,Japanese Prime Minister: 'my heart hurts' over forced laborers' suffering,,"Japanese Prime Minister Kishida Fumio on May 7 said at his summit with President Yoon Suk Yeol in Seoul, ""My heart hurts as many people suffered such difficulty and grief under the harsh environment at the time,"" referring to Koreans forced laborer during Japanese colonial rule of the Korean Peninsula (1910-45).

The two leaders held a joint news conference that day at the presidential office in Seoul. ""As Japan's prime minister, I believe my duty is to continue the efforts of our predecessors who overcame difficult times and cooperate with President Yoon and others for the future,"" Prime Minister Kishida said.","Japanese Prime Minister Kishida Fumio on May 7 said at his summit with President Yoon Suk Yeol in Seoul, ""My heart hurts as many people suffered such difficulty and grief under the harsh environment at the time,"" referring to Koreans forced laborer during Japanese colonial rule of the Korean Peninsula (1910-45).

The two leaders held a joint news conference that day at the presidential office in Seoul. ""As Japan's prime minister, I believe my duty is to continue the efforts of our predecessors who overcame difficult times and cooperate with President Yoon and others for the future,"" Prime Minister Kishida said.",FORCED_LABOR,COLONIAL_RULE,1,0,1,MEDIUM,0,0,1,0,0,0,UNSPECIFIED,0,MIXED,en,0,https://eng.president.go.kr/briefing/EtDV6ERL,2026-09-22,https://web.archive.org/web/20241204144009id_/https://eng.president.go.kr/briefing/EtDV6ERL,WAYBACK_CDX_KOREA_PRESIDENTIAL_BRIEFING,"Unusual provenance, flagged for transparency: this record's speaker (Kishida) and country (japan) do not match the publishing institution (Korea's Office of the President). Found by querying the Wayback Machine's CDX API for eng.president.go.kr/briefing/* -- Wayback crawled ~110 Yoon-era Briefing Room articles over time (2022-2025), far more than the single National Archives snapshot (5 items, already exhausted -- see phase2_plan.md). This is Korea's own official (korea.net-sourced) readout of the May 7, 2023 Kishida-Yoon joint press conference in Seoul (the reciprocal visit, 52 days after the March 16 Tokyo summit already in this corpus). Kishida's own quoted words ('my heart hurts... under the harsh environment at the time') use agentless, passive construction with no explicit actor named -- agency_explicit=0, consistent with every other main-axis Japan record despite this being his most emotionally direct statement on forced laborers found in this corpus. The surrounding attribution to 'Japanese colonial rule' is the Korean article's own explanatory gloss, not verified as Kishida's own words, so it is not counted toward agency_explicit.",MEDIUM,27e2a6f2-d8ab-5c2b-811e-df778912b2e9,1
175f2ced-75f5-4d33-9558-ecf9e9fe87b6,korea,2023-03-17,2023,Yoon Suk Yeol,President of the Republic of Korea,HEAD,"Office of the President, Republic of Korea (Briefing Room, via korea.net)",OTHER,"President Yoon hails ""new start"" in ties with Japan, attends dinner",,"President Yoon Suk Yeol on March 17 said on his bilateral summit with Japan, ""I believe that announcing a new start in Korea-Japan relations to the people of both nations, the closest neighbors that share universal values, is meaningful.""

""This year marks the 25th anniversary of the Kim Dae-jung-Obuchi Declaration,"" President Yoon said. ""By constructively building on the spirit of the Kim Dae-jung-Obuchi Declaration, this summit has taken the first step toward overcoming the unfortunate history between our two countries and ushering in a new era of cooperation between Korea and Japan.""

On bilateral relations, he said, ""Prime Minister Kishida and I agreed that the people of Korea and Japan alike suffered from the estranged bilateral relationship, and shared our commitment to swiftly restoring the Korea-Japan relationship.""

On compensation of Korean victims forced to work during Japanese occupation of the Korean Peninsula, the president said, ""Close communication and meetings between our two governments have laid the foundation for our two countries' earnest discussions on the direction of forward-looking progress following Korea's announcement of a solution to the forced labor issue.""","President Yoon Suk Yeol on March 17 said on his bilateral summit with Japan, ""I believe that announcing a new start in Korea-Japan relations to the people of both nations, the closest neighbors that share universal values, is meaningful.""

""This year marks the 25th anniversary of the Kim Dae-jung-Obuchi Declaration,"" President Yoon said. ""By constructively building on the spirit of the Kim Dae-jung-Obuchi Declaration, this summit has taken the first step toward overcoming the unfortunate history between our two countries and ushering in a new era of cooperation between Korea and Japan.""

On bilateral relations, he said, ""Prime Minister Kishida and I agreed that the people of Korea and Japan alike suffered from the estranged bilateral relationship, and shared our commitment to swiftly restoring the Korea-Japan relationship.""

On compensation of Korean victims forced to work during Japanese occupation of the Korean Peninsula, the president said, ""Close communication and meetings between our two governments have laid the foundation for our two countries' earnest discussions on the direction of forward-looking progress following Korea's announcement of a solution to the forced labor issue.""",HISTORICAL_RECOGNITION_GENERAL,FORCED_LABOR,1,1,1,HIGH,0,1,0,1,0,0,STATE,1,MIXED,en,0,https://eng.president.go.kr/briefing/Le8znpcj,2026-09-22,https://web.archive.org/web/20241102225157id_/https://eng.president.go.kr/briefing/Le8znpcj,WAYBACK_CDX_KOREA_PRESIDENTIAL_BRIEFING,"Korea's official readout (tweet + reported remarks the day after) of the March 16, 2023 Tokyo summit -- a companion/supplementary document to the Japan-side joint-press-conference record already in this corpus (same summit, different document with different quoted content: Yoon's dinner-related remarks rather than the formal joint statement). document_type=OTHER since it mixes a tweet and reported remarks rather than a single speech or press-conference transcript. 'the unfortunate history between our two countries' explicitly frames history as a problem being overcome (agency_explicit=1/responsibility_actor=STATE given the unmistakable Japan-directed referent, even though 'Japan' is not named in this specific sentence).",HIGH,93504f1b-4dd6-5f6b-8292-6a533156e3e9,1
9445fab2-c10e-46eb-b4de-569ed232544b,korea,2023-03-22,2023,Yoon Suk Yeol,President of the Republic of Korea,HEAD,"Office of the President, Republic of Korea (Briefing Room, via korea.net)",SPEECH,President Yoon urges 'future-oriented ties' with Japan in televised speech,,"""Japan has already expressed regret and apologies about historical issues dozens of times,"" he said, citing the joint Kim Dae-jung-Obuchi Declaration in 1998 and a statement in 2010 from then Japanese Prime Minister Naoto Kan.

""In the latest bilateral summit, the Japanese government made it clear that it will inherit the overall standpoint of previous administrations on awareness of history, including the joint Kim Dae-jung-Obuchi Declaration.""

On his administration's decision to use a third-party compensation plan for Korean victims of forced labour during Japanese colonial rule of the Korean Peninsula, President Yoon said, ""We decided to promote the third-party compromise plan as a compromise that satisfies both the 1965 agreement that normalized diplomatic relations and the (Korean) Supreme Court ruling of 2018 (in favor of the victims).""

""The government will do its best to heal the pain of the victims and their bereaved families.""

""We must face and remember the past,"" he said. ""But we should not get caught up in the past."" ""Korea-Japan relations must now move beyond their past,"" he added, mentioning reconciliation between Germany and France, which fought each other in World War I and II but are now the closest neighbors in Europe.

""Now the governments of Korea and Japan must look back on themselves and make their own efforts to remove obstacles that hinder the normalization and development of bilateral relations.""","""Japan has already expressed regret and apologies about historical issues dozens of times,"" he said, citing the joint Kim Dae-jung-Obuchi Declaration in 1998 and a statement in 2010 from then Japanese Prime Minister Naoto Kan.

""In the latest bilateral summit, the Japanese government made it clear that it will inherit the overall standpoint of previous administrations on awareness of history, including the joint Kim Dae-jung-Obuchi Declaration.""

On his administration's decision to use a third-party compensation plan for Korean victims of forced labour during Japanese colonial rule of the Korean Peninsula, President Yoon said, ""We decided to promote the third-party compromise plan as a compromise that satisfies both the 1965 agreement that normalized diplomatic relations and the (Korean) Supreme Court ruling of 2018 (in favor of the victims).""

""The government will do its best to heal the pain of the victims and their bereaved families.""

""We must face and remember the past,"" he said. ""But we should not get caught up in the past."" ""Korea-Japan relations must now move beyond their past,"" he added, mentioning reconciliation between Germany and France, which fought each other in World War I and II but are now the closest neighbors in Europe.

""Now the governments of Korea and Japan must look back on themselves and make their own efforts to remove obstacles that hinder the normalization and development of bilateral relations.""",FORCED_LABOR,HISTORICAL_RECOGNITION_GENERAL;COMPENSATION_REPARATION,1,1,1,HIGH,0,1,0,1,1,0,STATE,1,DOMESTIC,en,0,https://eng.president.go.kr/briefing/s78dvSmB,2026-09-22,https://web.archive.org/web/20230606160232id_/https://eng.president.go.kr/briefing/s78dvSmB,WAYBACK_CDX_KOREA_PRESIDENTIAL_BRIEFING,"IMPORTANT for the genre/administration confound discussed with the user: this is a genre the main-axis sample previously had zero Yoon-era examples of (a televised Cabinet-meeting opening speech defending a specific, domestically controversial policy -- the third-party forced-labor compensation plan -- rather than an annual Liberation Day ceremony). Here Yoon engages substantively and explicitly with historical-recognition content (citing the 1998 Declaration, the 2010 Kan statement, the 2018 Supreme Court ruling, remedy=1 for the compensation plan itself), directly complicating the earlier characterization of Yoon as simply 'non-engaged' based on his Liberation Day addresses alone (see pilot_coverage_report.md and phase2_plan.md's methodology stress-test section) -- the earlier finding reflected a genre effect (Liberation Day ceremonial address) rather than a stable Yoon-era trait; in a different genre, addressing a live political controversy, Yoon's engagement is comparable to Moon's or Lee's.",HIGH,acba0064-0733-5f44-992a-e3f9374c7984,1
18f1f525-a976-43a8-b9b5-6c2f354c5d24,japan,2020-08-06,2020,ABE Shinzo,Prime Minister of Japan,HEAD,Prime Minister's Office of Japan (Kantei),SPEECH,Address by the Prime Minister at the Hiroshima Peace Memorial Ceremony,,"Today, at the opening of the Hiroshima Peace Memorial Ceremony on the 75th anniversary of the atomic bombing, I reverently express my sincere condolences to the souls of the great number of atomic bomb victims. I also extend my heartfelt sympathy to those still suffering even now from the aftereffects of the atomic bomb. This year, as the novel coronavirus disease (COVID-19) grips the world, people all around the globe continue to make resolute efforts at this very moment to overcome this trial. Despite having been turned to ruins 75 years ago through the dropping of a single atomic bomb, this beautiful city admirably achieved reconstruction through the efforts of our forebears. Standing before it, I renew my determination to overcome the trial we now face and once more turn my thoughts to how precious peace is. The devastation that took place in Hiroshima and Nagasaki and the human suffering that resulted must never be repeated. As the only country to have experienced the horror of nuclear devastation in war, Japan has the unceasing mission of advancing steadily, step by step, the efforts of the international community towards realizing “a world free of nuclear weapons.” In the midst of the severe security environment and the disparity in countries’ standpoints on nuclear disarmament that we see today, it is imperative that countries eradicate distrust through mutual engagement and dialogue and make efforts over time to forge a common foundation. In particular, this year is the milestone of the 75th anniversary of the atomic bombings. While firmly upholding the “Three Non-Nuclear Principles,” Japan will lead the international community’s efforts to bring about a world free of nuclear weapons by serving as a mediator bridging the gap between countries with different standpoints and by tenaciously promoting dialogue and actions by various countries. This year is the 50th anniversary of the entry into force of the Treaty on the Non-Proliferation of Nuclear Weapons (NPT). In order for the Treaty to continue to play a role in supporting the international nuclear disarmament and non-proliferation regime, it is essential to make the upcoming Review Conference of the Parties to the Treaty , one that produces a meaningful outcome. Japan will urge all countries to carry on with their united efforts and, utilizing the outcomes of the discussions of the Group of Eminent Persons for Substantive Advancement of Nuclear Disarmament, continue to make active contributions. What supports determined steps towards realizing “a world free of nuclear weapons” are efforts to communicate and pass down to future generations and beyond borders the devastation and inhumanity of using nuclear weapons. Japan will work in tandem with atomic bomb survivors in its ongoing efforts to promote understanding of the tragic realities of the atomic bombings. The Government, accepting the necessity of relief measures covering health and medical services and welfare of atomic bomb survivors, will continue to advance relief measures in a comprehensive manner while staying in tune with atomic bomb survivors, who are advancing in years, including by conducting screenings for recognizing atomic bomb diseases as quickly as possible. In closing, here in Hiroshima, where prayers for eternal peace are offered continuously, I pledge that Japan will make its utmost efforts for the realization of a world free of nuclear weapons and eternal peace. I wish to conclude with my heartfelt prayers for the repose of the souls of those who fell victim to the atomic bombing here in Hiroshima. I also pray sincerely for the inner peace of the bereaved families and the atomic bomb survivors as well as all the participants today and the people of Hiroshima City. ABE Shinzo Prime Minister of Japan August 6, 2020","Today, at the opening of the Hiroshima Peace Memorial Ceremony on the 75th anniversary of the atomic bombing, I reverently express my sincere condolences to the souls of the great number of atomic bomb victims. I also extend my heartfelt sympathy to those still suffering even now from the aftereffects of the atomic bomb. This year, as the novel coronavirus disease (COVID-19) grips the world, people all around the globe continue to make resolute efforts at this very moment to overcome this trial. Despite having been turned to ruins 75 years ago through the dropping of a single atomic bomb, this",WAR_GENERAL,,1,1,0,HIGH,0,0,0,1,1,0,UNSPECIFIED,0,MIXED,en,1,https://japan.kantei.go.jp/98_abe/statement/202008/_00001.html,2026-09-22,,KANTEI_ARCHIVE_KEYWORD_BACKLOG_REVIEW,"Hiroshima/Nagasaki Peace Memorial Ceremony address, part of a 12-record 2020-2025 batch (PMs Abe/Suga/Kishida/Ishiba) added to increase Japan's genre diversity beyond the Aug15 National Memorial Day genre already in this corpus. Structural template consistent across all 12: condolences to A-bomb victims -> reconstruction narrative -> 'must never be repeated' -> Three Non-Nuclear Principles/NPT policy commitments -> atomic bomb survivor relief measures -> closing. No foreign-actor wartime-conduct blame or apology language in any of the 12; agency_explicit=0/responsibility_actor=UNSPECIFIED throughout, consistent with the main-axis Japan pattern found elsewhere in this corpus. remedy=1 coded where the address commits to atomic-bomb-survivor relief/welfare measures (a domestic remedy, not a bilateral historical-recognition remedy).",HIGH,34943aa4-45b9-519e-b53b-44e7fca29a2c,1
20f3bad9-f391-490f-be9a-663b3a252374,japan,2020-08-09,2020,ABE Shinzo,Prime Minister of Japan,HEAD,Prime Minister's Office of Japan (Kantei),SPEECH,Address by the Prime Minister at the Nagasaki Peace Memorial Ceremony,,"Today, at the opening of the Nagasaki Peace Memorial Ceremony on the 75th anniversary of the atomic bombing, I reverently express my sincere condolences to the souls of the great number of atomic bomb victims. I also extend my heartfelt sympathy to those still suffering even now from the aftereffects of the atomic bomb. This year, as the novel coronavirus disease (COVID-19) grips the world, people all around the globe continue to make resolute efforts at this very moment to overcome this trial. Seventy-five years ago today, Nagasaki was reduced to ashes, with not a single tree or blade of grass remaining. Yet through the efforts of its citizens, it achieved reconstruction beautifully as we see today. Mindful of this, we again feel strongly that there is no trial that cannot be overcome and feel acutely how precious peace is. The devastation that took place in Nagasaki and Hiroshima and the human suffering that resulted must never be repeated. As the only country to have experienced the horror of nuclear devastation in war, Japan has the unceasing mission of advancing steadily, step by step, the efforts of the international community towards realizing “a world free of nuclear weapons.” In the midst of the severe security environment and the disparity in countries’ standpoints on nuclear disarmament that we see today, it is imperative that countries eradicate distrust through mutual engagement and dialogue and make efforts over time to forge a common foundation. In particular, this year is the milestone of the 75th anniversary of the atomic bombings. While firmly upholding the “Three Non-Nuclear Principles,” Japan will lead the international community’s efforts to bring about a world free of nuclear weapons by serving as a mediator bridging the gap between countries with different standpoints and by tenaciously promoting dialogue and actions by various countries. This year is the 50th anniversary of the entry into force of the Treaty on the Non-Proliferation of Nuclear Weapons (NPT). In order for the Treaty to continue to play a role in supporting the international nuclear disarmament and non-proliferation regime, it is essential to make the upcoming Review Conference of the Parties to the Treaty, one that produces a meaningful outcome. Japan will urge all countries to carry on with their united efforts and, utilizing the outcomes of the discussions of the Group of Eminent Persons for Substantive Advancement of Nuclear Disarmament, continue to make active contributions. What supports determined steps towards realizing “a world free of nuclear weapons” are efforts to communicate and pass down to future generations and beyond borders the devastation and inhumanity of using nuclear weapons. Japan will work in tandem with atomic bomb survivors in its ongoing efforts to promote understanding of the tragic realities of the atomic bombings. The Government, accepting the necessity of relief measures covering health and medical services and welfare of atomic bomb survivors, will continue to advance relief measures in a comprehensive manner while staying in tune with atomic bomb survivors, who are advancing in years, including by conducting screenings for recognizing atomic bomb diseases as quickly as possible. In closing, here in Nagasaki, where prayers for eternal peace are offered continuously, I pledge that Japan will make its utmost efforts for the realization of a world free of nuclear weapons and eternal peace. I wish to conclude with my heartfelt prayers for the repose of the souls of those who fell victim to the atomic bombing here in Nagasaki. I also pray sincerely for the inner peace of the bereaved families and the atomic bomb survivors as well as all the participants today and the people of Nagasaki City. ABE Shinzo Prime Minister of Japan August 9, 2020","Today, at the opening of the Nagasaki Peace Memorial Ceremony on the 75th anniversary of the atomic bombing, I reverently express my sincere condolences to the souls of the great number of atomic bomb victims. I also extend my heartfelt sympathy to those still suffering even now from the aftereffects of the atomic bomb. This year, as the novel coronavirus disease (COVID-19) grips the world, people all around the globe continue to make resolute efforts at this very moment to overcome this trial. Seventy-five years ago today, Nagasaki was reduced to ashes, with not a single tree or blade of gras",WAR_GENERAL,,1,1,0,HIGH,0,0,0,1,1,0,UNSPECIFIED,0,MIXED,en,1,https://japan.kantei.go.jp/98_abe/statement/202008/_00002.html,2026-09-22,,KANTEI_ARCHIVE_KEYWORD_BACKLOG_REVIEW,"Hiroshima/Nagasaki Peace Memorial Ceremony address, part of a 12-record 2020-2025 batch (PMs Abe/Suga/Kishida/Ishiba) added to increase Japan's genre diversity beyond the Aug15 National Memorial Day genre already in this corpus. Structural template consistent across all 12: condolences to A-bomb victims -> reconstruction narrative -> 'must never be repeated' -> Three Non-Nuclear Principles/NPT policy commitments -> atomic bomb survivor relief measures -> closing. No foreign-actor wartime-conduct blame or apology language in any of the 12; agency_explicit=0/responsibility_actor=UNSPECIFIED throughout, consistent with the main-axis Japan pattern found elsewhere in this corpus. remedy=1 coded where the address commits to atomic-bomb-survivor relief/welfare measures (a domestic remedy, not a bilateral historical-recognition remedy).",HIGH,33442555-f1ef-5f21-89f1-c5732f55294e,1
14ba4f31-6402-4b19-9d66-379af90474b8,japan,2021-08-06,2021,SUGA Yoshihide,Prime Minister of Japan,HEAD,Prime Minister's Office of Japan (Kantei),SPEECH,Address by the Prime Minister at the Hiroshima Peace Memorial Ceremony,,"Today, at the opening of the Hiroshima Peace Memorial Ceremony on the 76th anniversary of the atomic bombing, I reverently express my sincere condolences to the souls of the great number of atomic bomb victims. I also extend my heartfelt sympathy to those still suffering even now from the aftereffects of the atomic bomb. The world still faces the trial of COVID-19, and resolute efforts continue to be made to overcome this trial. In Japan too, there has been an ongoing nationwide spread of infections. We will overcome this disease at any cost, sparing no effort to restore at the earliest possible time our vibrant daily lives in which we feel at ease. Seventy-six years ago, the dropping of a single atomic bomb deprived people said to number well more than 100,000 of their precious lives and reduced Hiroshima to ashes in an instant. However, this beautiful city of Hiroshima admirably achieved reconstruction from the ruins thanks to the subsequent tireless efforts of its citizens. Standing before this city, I renew my determination to overcome the trial we now face and once more turn my thoughts to how precious peace is. Last year marked the 75th anniversary since the atomic bombings of Hiroshima and Nagasaki. At the meeting of the United Nations General Assembly that convened not long after I assumed office as prime minister, I sent out a message to the world, stating, “Hiroshima and Nagasaki must never be repeated. With this resolve, Japan will spare no effort in realizing a world free of nuclear weapons while firmly upholding the Three Non-Nuclear Principles.” Japan, as the only country to have experienced the horror of nuclear devastation in war, understands the inhumanity of nuclear weapons more than any other country on earth. It is important to steadily build up efforts over time towards the realization of a world free of nuclear weapons. The international security environment has become severe in recent years and countries have differed on how to proceed with nuclear disarmament. To advance nuclear disarmament in such circumstances, Japan must serve as a mediator bridging the gap between countries with different standpoints and tenaciously promote realistic efforts. In particular, it is critically important to maintain and strengthen the regime of the Treaty on the Non-Proliferation of Nuclear Weapons (NPT), the cornerstone of the international nuclear disarmament and non-proliferation regime. To help precipitate a meaningful outcome at the upcoming Review Conference of the Parties to the Treaty, the Government of Japan, utilizing the outcomes of the discussions of the Group of Eminent Persons for Substantive Advancement of Nuclear Disarmament, will tenaciously continue its efforts to find concrete measures that can serve as a common foundation, with individual countries undertaking them together. Having a correct understanding of the realities of the atomic bombings is the starting point for all manner of efforts towards nuclear disarmament. Working in tandem with atomic bomb survivors and countless other people eager to bring about a world free of nuclear weapons, Japan will pass down an accurate understanding of the inhumanity of using nuclear weapons and continue to actively engage in efforts to convey the realities of the atomic bombings. The Government, accepting the necessity of relief measures covering health and medical services and welfare of atomic bomb survivors, will continue to advance relief measures in a comprehensive manner while staying in tune with atomic bomb survivors, who are advancing in years. Regarding what is called the “black rain” lawsuit, for which a ruling was delivered on July 14, after extensive deliberation, I took the decision to return to the spirit of the Atomic Bomb Survivors' Assistance Act and not appeal the ruling. For the 84 plaintiffs, procedures for issuing the Atomic Bomb Survivors’ Certificates have been completed by today, and we will swiftly advance consideration of how to provide relief to others in circumstances similar to the plaintiffs’. Here in Hiroshima, which has now developed admirably as an International City of Peace and Culture, I pledge that Japan will make its utmost efforts for the realization of a world free of nuclear weapons and for the realization of eternal peace. I wish to conclude my remarks with my heartfelt prayers for the repose of the souls of those who fell victim to the atomic bombing here in Hiroshima. I also pray sincerely for the inner peace of the bereaved families and the atomic bomb survivors as well as all the participants today and the people of Hiroshima City. SUGA Yoshihide Prime Minister of Japan August 6, 2021","Today, at the opening of the Hiroshima Peace Memorial Ceremony on the 76th anniversary of the atomic bombing, I reverently express my sincere condolences to the souls of the great number of atomic bomb victims. I also extend my heartfelt sympathy to those still suffering even now from the aftereffects of the atomic bomb. The world still faces the trial of COVID-19, and resolute efforts continue to be made to overcome this trial. In Japan too, there has been an ongoing nationwide spread of infections. We will overcome this disease at any cost, sparing no effort to restore at the earliest possib",WAR_GENERAL,,1,1,0,HIGH,0,0,0,1,1,0,UNSPECIFIED,0,MIXED,en,1,https://japan.kantei.go.jp/99_suga/statement/202108/_00003.html,2026-09-22,,KANTEI_ARCHIVE_KEYWORD_BACKLOG_REVIEW,"Hiroshima/Nagasaki Peace Memorial Ceremony address, part of a 12-record 2020-2025 batch (PMs Abe/Suga/Kishida/Ishiba) added to increase Japan's genre diversity beyond the Aug15 National Memorial Day genre already in this corpus. Structural template consistent across all 12: condolences to A-bomb victims -> reconstruction narrative -> 'must never be repeated' -> Three Non-Nuclear Principles/NPT policy commitments -> atomic bomb survivor relief measures -> closing. No foreign-actor wartime-conduct blame or apology language in any of the 12; agency_explicit=0/responsibility_actor=UNSPECIFIED throughout, consistent with the main-axis Japan pattern found elsewhere in this corpus. remedy=1 coded where the address commits to atomic-bomb-survivor relief/welfare measures (a domestic remedy, not a bilateral historical-recognition remedy). Notable: this address also references the 'black rain lawsuit' High Court ruling and the government's decision not to appeal, extending relief to a wider group of atomic bomb survivors -- coded remedy=1 on that basis, but no foreign-actor responsibility language.",HIGH,e3fccf7c-f525-56b3-aa57-a26fd9da2bfa,1
7edc989f-0f46-4d99-9d9b-5457324fe066,japan,2021-08-09,2021,SUGA Yoshihide,Prime Minister of Japan,HEAD,Prime Minister's Office of Japan (Kantei),SPEECH,Address by the Prime Minister at the Nagasaki Peace Memorial Ceremony,,"Today, at the opening of the Nagasaki Peace Memorial Ceremony on the 76th anniversary of the atomic bombing, I reverently express my sincere condolences to the souls of the great number of atomic bomb victims. I also extend my heartfelt sympathy to those still suffering even now from the aftereffects of the atomic bomb. The world still faces the trial of COVID-19, and resolute efforts continue to be made to overcome this trial. In Japan too, there has been an ongoing nationwide spread of infections. We will overcome this disease at any cost, sparing no effort to restore at the earliest possible time our vibrant daily lives in which we feel at ease. Seventy-six years ago today, the city of Nagasaki was reduced to ashes in an instant by an atomic bomb. Yet through the extraordinary efforts of its citizens, it rose from the ashes and achieved remarkable reconstruction as an International Culture City symbolizing peace and culture. Seeing this city beautifully achieve reconstruction, we again feel strongly that there is no trial that cannot be overcome, and we feel acutely how precious peace is. Last year marked the 75th anniversary since the atomic bombings of Nagasaki and Hiroshima. At the meeting of the United Nations General Assembly that convened not long after I assumed office as prime minister, I sent out a message to the world, stating, “Hiroshima and Nagasaki must never be repeated. With this resolve, Japan will spare no effort in realizing a world free of nuclear weapons while firmly upholding the Three Non-Nuclear Principles.” As the only country to have experienced the horror of nuclear devastation in war, Japan has the unceasing mission of advancing steadily, step by step, the efforts of the international community towards realizing “a world free of nuclear weapons.” Amidst the severe security environment and the difference in countries’ standpoints on nuclear disarmament that we see today, it is imperative that countries eradicate distrust through mutual engagement and dialogue and make efforts over time to forge a common foundation. The Treaty on the Non-Proliferation of Nuclear Weapons (NPT) is the foundation of the international nuclear disarmament and non-proliferation regime in which 191 countries and regions participate, including both nuclear weapon states and non-nuclear weapon states. To help precipitate a meaningful outcome at the upcoming Review Conference of the Parties to the Treaty, the Government of Japan, utilizing the outcomes of the discussions of the Group of Eminent Persons for Substantive Advancement of Nuclear Disarmament, will tenaciously continue its efforts to find concrete measures that individual countries can undertake together. With atomic bomb survivors advancing in age, it is becoming increasingly vital for us to communicate far and wide the realities of the atomic bombings, across generations and beyond national borders. We are determined to continue our efforts to inherit the survivors’ recollections of the devastation of nuclear weapons and pass them on. The Government, accepting the necessity of relief measures covering health and medical services and welfare of atomic bomb survivors, will continue to advance relief measures in a comprehensive manner while staying in tune with atomic bomb survivors, who are advancing in years. We will work in particular to conduct screenings for recognizing atomic bomb diseases as quickly as we can. In closing, here in Nagasaki, I pledge that Japan will make its utmost efforts for the realization of a world free of nuclear weapons and for the realization of eternal peace. I wish to conclude with my heartfelt prayers for the repose of the souls of those who fell victim to the atomic bombing here in Nagasaki. I also pray sincerely for the inner peace of the bereaved families and the atomic bomb survivors as well as all the participants today and the people of Nagasaki City. SUGA Yoshihide Prime Minister of Japan August 9, 2021","Today, at the opening of the Nagasaki Peace Memorial Ceremony on the 76th anniversary of the atomic bombing, I reverently express my sincere condolences to the souls of the great number of atomic bomb victims. I also extend my heartfelt sympathy to those still suffering even now from the aftereffects of the atomic bomb. The world still faces the trial of COVID-19, and resolute efforts continue to be made to overcome this trial. In Japan too, there has been an ongoing nationwide spread of infections. We will overcome this disease at any cost, sparing no effort to restore at the earliest possibl",WAR_GENERAL,,1,1,0,HIGH,0,0,0,1,1,0,UNSPECIFIED,0,MIXED,en,1,https://japan.kantei.go.jp/99_suga/statement/202108/_00004.html,2026-09-22,,KANTEI_ARCHIVE_KEYWORD_BACKLOG_REVIEW,"Hiroshima/Nagasaki Peace Memorial Ceremony address, part of a 12-record 2020-2025 batch (PMs Abe/Suga/Kishida/Ishiba) added to increase Japan's genre diversity beyond the Aug15 National Memorial Day genre already in this corpus. Structural template consistent across all 12: condolences to A-bomb victims -> reconstruction narrative -> 'must never be repeated' -> Three Non-Nuclear Principles/NPT policy commitments -> atomic bomb survivor relief measures -> closing. No foreign-actor wartime-conduct blame or apology language in any of the 12; agency_explicit=0/responsibility_actor=UNSPECIFIED throughout, consistent with the main-axis Japan pattern found elsewhere in this corpus. remedy=1 coded where the address commits to atomic-bomb-survivor relief/welfare measures (a domestic remedy, not a bilateral historical-recognition remedy).",HIGH,a63bb92f-f557-58b1-b4ee-ec00f6235f1a,1
aed9d964-7c94-4b6b-968c-37fa8e4e031e,japan,2022-08-06,2022,KISHIDA Fumio,Prime Minister of Japan,HEAD,Prime Minister's Office of Japan (Kantei),SPEECH,Address by Prime Minister KISHIDA Fumio at the Hiroshima Peace Memorial Ceremony,,"Today, Hiroshima marks 77 years since the morning an atomic bomb was dropped. As the midsummer sun blazed down that hot morning, a single atomic bomb destroyed the city of Hiroshima in a mere instant, claiming the lives, futures, and day-to-day existences of what is said to be well more than 100,000 souls. A large number of people perished in the rivers while others wandered around the city searching for water. Even those who somehow escaped death despite such miserable conditions suffered long-term health problems. As prime minister, I reverently express my sincere condolences to the souls who were victims of the atomic bomb here. I also extend my heartfelt sympathy to those still suffering even now from the aftereffects of the atomic bomb. The tragedies of that day 77 years ago must never be repeated. This is the responsibility borne by Japan as the only country to have experienced the horror of nuclear devastation in war, and it is my pledge as a prime minister with his roots in Hiroshima, where an atomic bombing took place. Threats to use nuclear weapons have been made and even the use of nuclear weapons has become evident as a real issue; meanwhile, momentum towards a world without nuclear weapons is said to be suffering a setback at present. And therefore, now more than ever, from here in Hiroshima, I wish to appeal to the people of the world in the loudest voice I can muster that the devastation of using nuclear weapons must never be repeated. Japan will walk decisively forward on the path towards a world without nuclear weapons, no matter how narrow, steep, or difficult that path may be. Towards that end, while firmly upholding the Three Non-Nuclear Principles, we will endeavor to connect the reality of a harsh security environment with the ideal of a world without nuclear weapons. The Treaty on the Non-Proliferation of Nuclear Weapons (NPT) serves as the foundation for those efforts, and the NPT Review Conference is taking place in New York at this very moment. I participated in that conference the other day as the first Japanese prime minister to do so. There, I urged the international community to unite in maintaining and strengthening the NPT regime, which has supported global peace and security over more than half a century. Next year we will hold the G7 Summit here in Hiroshima. I intend for us to demonstrate to the world our pledge for humankind never to repeat the devastation of using nuclear weapons, and I want to confirm, together with the other G7 leaders in front of the Peace Memorial, that we will unite to safeguard peace and the international order and uphold the universal values of freedom, democracy, human rights, and the rule of law. What supports determined steps towards realizing a world without nuclear weapons are efforts to communicate the devastation of using nuclear weapons and to pass down memories to future generations regardless of borders. Japan will work in tandem with the many who wish for a world without nuclear weapons, including atomic bomb survivors, in its ongoing efforts to promote understanding of the tragic realities of the atomic bombings. The Government, accepting the necessity of relief measures covering health and medical services and welfare of atomic bomb survivors, will continue to advance relief measures in a comprehensive manner while staying in tune with atomic bomb survivors, who are advancing in years, including by conducting screenings for recognizing atomic bomb diseases as quickly as possible. In closing, here in Hiroshima, where prayers for eternal peace are offered continuously, I pledge once again that Japan will make its utmost efforts for the realization of a world free of nuclear weapons and for the realization of eternal peace. I wish to conclude with my heartfelt prayers for the repose of the souls of those who fell victim to the atomic bombing here in Hiroshima. I also pray sincerely for the inner peace of the bereaved families and the atomic bomb survivors as well as all the participants today and the people of Hiroshima City. KISHIDA Fumio Prime Minister of Japan August 6, 2022","Today, Hiroshima marks 77 years since the morning an atomic bomb was dropped. As the midsummer sun blazed down that hot morning, a single atomic bomb destroyed the city of Hiroshima in a mere instant, claiming the lives, futures, and day-to-day existences of what is said to be well more than 100,000 souls. A large number of people perished in the rivers while others wandered around the city searching for water. Even those who somehow escaped death despite such miserable conditions suffered long-term health problems. As prime minister, I reverently express my sincere condolences to the souls wh",WAR_GENERAL,,1,1,0,HIGH,0,0,0,1,1,0,UNSPECIFIED,0,MIXED,en,1,https://japan.kantei.go.jp/101_kishida/statement/202208/_00003.html,2026-09-22,,KANTEI_ARCHIVE_KEYWORD_BACKLOG_REVIEW,"Hiroshima/Nagasaki Peace Memorial Ceremony address, part of a 12-record 2020-2025 batch (PMs Abe/Suga/Kishida/Ishiba) added to increase Japan's genre diversity beyond the Aug15 National Memorial Day genre already in this corpus. Structural template consistent across all 12: condolences to A-bomb victims -> reconstruction narrative -> 'must never be repeated' -> Three Non-Nuclear Principles/NPT policy commitments -> atomic bomb survivor relief measures -> closing. No foreign-actor wartime-conduct blame or apology language in any of the 12; agency_explicit=0/responsibility_actor=UNSPECIFIED throughout, consistent with the main-axis Japan pattern found elsewhere in this corpus. remedy=1 coded where the address commits to atomic-bomb-survivor relief/welfare measures (a domestic remedy, not a bilateral historical-recognition remedy). Notable: Kishida references his own family roots in Hiroshima and the announcement/lead-up to the G7 Hiroshima Summit (2023); uses 'responsibility' language but self-referentially about Japan's own mission as the sole A-bombed country, not about assigning historical blame to another actor -- still coded agency_explicit=0/responsibility_actor=UNSPECIFIED for the historical-recognition dimension proper (no third-party wartime-conduct actor is named).",HIGH,6fbe2600-befa-5999-8191-fdb2401eee33,1
512aadd0-665e-427d-9d19-67916a14db31,japan,2022-08-09,2022,KISHIDA Fumio,Prime Minister of Japan,HEAD,Prime Minister's Office of Japan (Kantei),SPEECH,Address by Prime Minister KISHIDA Fumio at the Nagasaki Peace Memorial Ceremony,,"Seventy-seven years ago today, a single atomic bomb destroyed the city of Nagasaki in a mere instant, claiming the lives, futures, and day-to-day existences of what is said to be well more than 70,000 souls. Everything was reduced to ashes and countless people perished in both the city and the rivers. Even those who somehow escaped death despite those miserable conditions suffered long-term health problems. As prime minister, I reverently express my sincere condolences to the souls who were victims of the atomic bomb here. I also extend my heartfelt sympathy to those still suffering even now from the aftereffects of the atomic bomb. The tragedies of that day 77 years ago must never be repeated. This is the responsibility borne by Japan as the only country to have experienced the horror of nuclear devastation in war, and it is my pledge as prime minister. Threats to use nuclear weapons have been made and even the use of nuclear weapons has become evident as a real issue; meanwhile, momentum towards a world without nuclear weapons is said to be suffering a setback at present. And therefore, now more than ever, I will continue to appeal for the devastation of using nuclear weapons never to be repeated. Japan will walk decisively forward on the path towards a world without nuclear weapons, no matter how narrow, steep, or difficult that path may be. Towards that end, while firmly upholding the Three Non-Nuclear Principles, we will endeavor to connect the reality of a harsh security environment with the ideal of a world without nuclear weapons. The Treaty on the Non-Proliferation of Nuclear Weapons (NPT) serves as the foundation for the steps we take along that path, and the NPT Review Conference is taking place in New York at this very moment. I participated in that conference the other day as the first Japanese prime minister to do so. There, I urged the international community to unite in maintaining and strengthening the NPT regime, which has supported global peace and security over more than half a century. Even in the midst of a severe security environment, we must continue the history of not using nuclear weapons, keeping Nagasaki as the last place to endure the horror of their use. Ensuring transparency, achieving further nuclear arms reductions, and nuclear non-proliferation all continue to be critically important efforts. Moreover, what supports determined steps towards realizing a world without nuclear weapons are efforts to communicate the devastation of using nuclear weapons and to pass down memories to future generations regardless of borders. Japan will work in tandem with the many who wish for a world without nuclear weapons, including atomic bomb survivors, in its ongoing efforts to promote understanding of the tragic realities of the atomic bombings. The Government, accepting the necessity of relief measures covering health and medical services and welfare of atomic bomb survivors, will continue to advance relief measures in a comprehensive manner while staying in tune with atomic bomb survivors, who are advancing in years, including by conducting screenings for recognizing atomic bomb diseases as quickly as possible. In closing, here in Nagasaki, which has developed admirably as an International Culture City through the tireless efforts of its citizens, I pledge once again that Japan will make its utmost efforts for the realization of “a world free of nuclear weapons” and eternal peace. I wish to conclude my remarks with my heartfelt prayers for the repose of the souls of those who fell victim to the atomic bombing here in Nagasaki. I also pray sincerely for the inner peace of the bereaved families and the atomic bomb survivors as well as all the participants today and the people of Nagasaki City. KISHIDA Fumio Prime Minister of Japan August 9, 2022","Seventy-seven years ago today, a single atomic bomb destroyed the city of Nagasaki in a mere instant, claiming the lives, futures, and day-to-day existences of what is said to be well more than 70,000 souls. Everything was reduced to ashes and countless people perished in both the city and the rivers. Even those who somehow escaped death despite those miserable conditions suffered long-term health problems. As prime minister, I reverently express my sincere condolences to the souls who were victims of the atomic bomb here. I also extend my heartfelt sympathy to those still suffering even now f",WAR_GENERAL,,1,1,0,HIGH,0,0,0,1,1,0,UNSPECIFIED,0,MIXED,en,1,https://japan.kantei.go.jp/101_kishida/statement/202208/_00004.html,2026-09-22,,KANTEI_ARCHIVE_KEYWORD_BACKLOG_REVIEW,"Hiroshima/Nagasaki Peace Memorial Ceremony address, part of a 12-record 2020-2025 batch (PMs Abe/Suga/Kishida/Ishiba) added to increase Japan's genre diversity beyond the Aug15 National Memorial Day genre already in this corpus. Structural template consistent across all 12: condolences to A-bomb victims -> reconstruction narrative -> 'must never be repeated' -> Three Non-Nuclear Principles/NPT policy commitments -> atomic bomb survivor relief measures -> closing. No foreign-actor wartime-conduct blame or apology language in any of the 12; agency_explicit=0/responsibility_actor=UNSPECIFIED throughout, consistent with the main-axis Japan pattern found elsewhere in this corpus. remedy=1 coded where the address commits to atomic-bomb-survivor relief/welfare measures (a domestic remedy, not a bilateral historical-recognition remedy).",HIGH,ead0d27e-6a32-5256-910a-c799f4e7018c,1
b34a9896-850f-4e70-9b14-b70de30cd1b2,japan,2023-08-06,2023,KISHIDA Fumio,Prime Minister of Japan,HEAD,Prime Minister's Office of Japan (Kantei),SPEECH,Address by Prime Minister KISHIDA Fumio at the Hiroshima Peace Memorial Ceremony,,"Seventy-eight years ago today, a single atomic bomb deprived people said to number well more than 100,000 of their precious lives. It reduced the city to ashes and deprived people of their dreams and bright futures in an instant. Even those who escaped death suffered hardships that words cannot describe. As prime minister, I reverently express my sincere condolences to the souls who were victims of the atomic bomb here. I also extend my heartfelt sympathy to those still suffering even now from the aftereffects of the atomic bomb. The tragedies of Hiroshima and Nagasaki caused by nuclear weapons must never be repeated. As the only country to have experienced the horror of nuclear devastation in war, Japan will press on tirelessly with its efforts to bring about “a world without nuclear weapons” while continuing to firmly uphold the “Three Non-Nuclear Principles.” The widening division within the international community over approaches to nuclear disarmament, Russia's nuclear threat, and other concerns now make that road all the more difficult. But it is precisely because of these circumstances that it is imperative for us to reinvigorate international momentum once more towards the realization of a “world without nuclear weapons.” The starting point for making firm progress towards the realization of a “world without nuclear weapons” is accurately understanding the tragic realities of the atomic bombings. At the G7 Hiroshima Summit this past May, world leaders listened to the voices of atomic bomb survivors and encountered firsthand the realities of the atomic bombings and the desires of people yearning for peace. We also urged not only world leaders but also young people and others to visit Hiroshima and Nagasaki. Through candid discussions among the national leaders and the issuance of the “G7 Leaders’ Hiroshima Vision on Nuclear Disarmament,” we succeeded in building momentum once more within the international community for progress in nuclear disarmament. We will continue to work actively to bring about a “world without nuclear weapons,” giving proper consideration to the discussions of the International Group of Eminent Persons for a World without Nuclear Weapons (IGEP), which has already launched its activities. We will also keep making proactive efforts to faithfully hand down to the next generation the atomic bomb survivors' desire for peace, including through the Youth Leader Fund for a World Without Nuclear Weapons program. The Government, accepting the necessity of relief measures covering health and medical services and welfare of atomic bomb survivors, will continue to advance relief measures in a comprehensive manner while staying in tune with atomic bomb survivors, who are advancing in years, including by conducting screenings for recognizing atomic bomb diseases as quickly as possible. In closing, here in Hiroshima, which has now developed admirably as an International City of Peace and Culture, I once again pledge that Japan will make its utmost efforts for the realization of a world without nuclear weapons and for the realization of eternal peace. I wish to conclude my remarks with my heartfelt prayers for the repose of the souls of those who fell victim to the atomic bombing here in Hiroshima. I also pray sincerely for the inner peace of the bereaved families and the atomic bomb survivors as well as all the participants today and the people of Hiroshima City. KISHIDA Fumio Prime Minister of Japan August 6, 2023","Seventy-eight years ago today, a single atomic bomb deprived people said to number well more than 100,000 of their precious lives. It reduced the city to ashes and deprived people of their dreams and bright futures in an instant. Even those who escaped death suffered hardships that words cannot describe. As prime minister, I reverently express my sincere condolences to the souls who were victims of the atomic bomb here. I also extend my heartfelt sympathy to those still suffering even now from the aftereffects of the atomic bomb. The tragedies of Hiroshima and Nagasaki caused by nuclear weapon",WAR_GENERAL,,1,1,0,HIGH,0,0,0,1,1,0,UNSPECIFIED,0,MIXED,en,1,https://japan.kantei.go.jp/101_kishida/statement/202308/06hiroshima.html,2026-09-22,,KANTEI_ARCHIVE_KEYWORD_BACKLOG_REVIEW,"Hiroshima/Nagasaki Peace Memorial Ceremony address, part of a 12-record 2020-2025 batch (PMs Abe/Suga/Kishida/Ishiba) added to increase Japan's genre diversity beyond the Aug15 National Memorial Day genre already in this corpus. Structural template consistent across all 12: condolences to A-bomb victims -> reconstruction narrative -> 'must never be repeated' -> Three Non-Nuclear Principles/NPT policy commitments -> atomic bomb survivor relief measures -> closing. No foreign-actor wartime-conduct blame or apology language in any of the 12; agency_explicit=0/responsibility_actor=UNSPECIFIED throughout, consistent with the main-axis Japan pattern found elsewhere in this corpus. remedy=1 coded where the address commits to atomic-bomb-survivor relief/welfare measures (a domestic remedy, not a bilateral historical-recognition remedy).",HIGH,fd1636a1-cdf4-5db9-9c79-65297669970f,1
8d875eb7-fe72-4da1-98f2-fc38e28bdfd2,japan,2023-08-09,2023,KISHIDA Fumio,Prime Minister of Japan,HEAD,Prime Minister's Office of Japan (Kantei),VIDEO_MESSAGE,Video Message by Prime Minister KISHIDA Fumio at the Nagasaki Peace Memorial Ceremony,,"Today, on the occasion of the opening of the Nagasaki Peace Memorial Ceremony on the 78th anniversary of the atomic bombing, as prime minister, I reverently express my sincere condolences to the souls who were victims of the atomic bomb. I also extend my heartfelt sympathy to those still suffering even now from the aftereffects of the atomic bomb. The city of Nagasaki was reduced to ashes, with not a single tree or blade of grass remaining. Yet through the efforts of its citizens, it achieved reconstruction beautifully as we see today. Mindful of this, we again feel strongly that there is no trial that cannot be overcome and feel acutely how precious peace is. Conditions tragic beyond description occurred in Nagasaki 78 years ago today. Those conditions, and the suffering that resulted, must never be repeated. Japan, the only country to have experienced the horror of nuclear devastation in war, will continue its tireless efforts to bring about “a world without nuclear weapons” while upholding the “Three Non-Nuclear Principles.” This is Japan's mission, which is forever unchanging. Against the backdrop of the widening division within the international community over approaches to nuclear disarmament and Russia's nuclear threat, the road to achieving “a world without nuclear weapons” has become all the more difficult. But it is precisely because of these circumstances that Japan, holding the presidency of the G7 and non-permanent membership in the United Nations Security Council, will lead global efforts towards realizing such a world, while calling for the international community to unite in maintaining and strengthening the Treaty on the Non-Proliferation of Nuclear Weapons (NPT). Alongside this, taking the solid outcomes of the G7 Hiroshima Summit as the foundation, and utilizing the results of the discussions of the International Group of Eminent Persons for a World without Nuclear Weapons (IGEP), we will build further momentum within the international community for progress in nuclear disarmament, working towards the realization of “a world without nuclear weapons.” It is imperative that, as the starting point for all manner of efforts towards nuclear disarmament, we communicate the tragic realities of the atomic bombings across generations and beyond national borders. It is my hope that the many people who visit Nagasaki and Hiroshima from around the world will continue to come face to face with the tragic realities of the atomic bombings and also renew their determination to achieve peace. Towards that end, Japan will work in tandem with atomic bomb survivors in its ongoing efforts to promote understanding of the tragic realities of the atomic bombings, including through the Youth Leader Fund for a World Without Nuclear Weapons program. The Government, accepting the necessity of relief measures covering health and medical services and welfare of atomic bomb survivors, will continue to advance relief measures in a comprehensive manner while staying in tune with atomic bomb survivors, who are advancing in years. We will work in particular to conduct screenings for recognizing atomic bomb diseases as quickly as we can. In closing, here in Nagasaki, where prayers for eternal peace are offered continuously, I pledge once again that Japan will make its utmost efforts for the realization of a world without nuclear weapons and for the realization of eternal peace. I wish to conclude with my heartfelt prayers for the repose of the souls of those who fell victim to the atomic bombing here in Nagasaki. I also pray sincerely for the inner peace of the bereaved families and the atomic bomb survivors as well as all the participants today and the people of Nagasaki City. KISHIDA Fumio Prime Minister of Japan August 9, 2023","Today, on the occasion of the opening of the Nagasaki Peace Memorial Ceremony on the 78th anniversary of the atomic bombing, as prime minister, I reverently express my sincere condolences to the souls who were victims of the atomic bomb. I also extend my heartfelt sympathy to those still suffering even now from the aftereffects of the atomic bomb. The city of Nagasaki was reduced to ashes, with not a single tree or blade of grass remaining. Yet through the efforts of its citizens, it achieved reconstruction beautifully as we see today. Mindful of this, we again feel strongly that there is no t",WAR_GENERAL,,1,1,0,HIGH,0,0,0,1,1,0,UNSPECIFIED,0,MIXED,en,1,https://japan.kantei.go.jp/101_kishida/statement/202308/09message.html,2026-09-22,,KANTEI_ARCHIVE_KEYWORD_BACKLOG_REVIEW,"Hiroshima/Nagasaki Peace Memorial Ceremony address, part of a 12-record 2020-2025 batch (PMs Abe/Suga/Kishida/Ishiba) added to increase Japan's genre diversity beyond the Aug15 National Memorial Day genre already in this corpus. Structural template consistent across all 12: condolences to A-bomb victims -> reconstruction narrative -> 'must never be repeated' -> Three Non-Nuclear Principles/NPT policy commitments -> atomic bomb survivor relief measures -> closing. No foreign-actor wartime-conduct blame or apology language in any of the 12; agency_explicit=0/responsibility_actor=UNSPECIFIED throughout, consistent with the main-axis Japan pattern found elsewhere in this corpus. remedy=1 coded where the address commits to atomic-bomb-survivor relief/welfare measures (a domestic remedy, not a bilateral historical-recognition remedy).",HIGH,46254435-2b58-5885-b63d-9bc00592e437,1
00e4ae32-81b4-4756-85f7-c57490426758,japan,2024-08-06,2024,KISHIDA Fumio,Prime Minister of Japan,HEAD,Prime Minister's Office of Japan (Kantei),SPEECH,Address by Prime Minister KISHIDA Fumio at the Hiroshima Peace Memorial Ceremony,,"Seventy-nine years ago today, an atomic bomb deprived people said to number well more than 100,000 of their precious lives. It reduced the city to ashes and mercilessly deprived people of their dreams and bright futures. Even those who escaped death suffered hardships beyond description. As prime minister, I reverently express my sincere condolences to the souls who were victims of the atomic bomb here. I also extend my heartfelt sympathy to those still suffering even now from the aftereffects of the atomic bomb. The devastation and human suffering wrought upon Hiroshima and Nagasaki 79 years ago must never be repeated. As the only country to have experienced the horror of nuclear devastation in war, Japan has the mission of firmly upholding the “Three Non-Nuclear Principles"" and steadily building up efforts over time towards the realization of a world without nuclear weapons while conveying the realities of the atomic bombings to future generations. The widening division within the international community over approaches to nuclear disarmament, Russia's nuclear threat, and other concerns make the situation surrounding nuclear disarmament all the more challenging. But no matter how arduous this path towards a world without nuclear weapons may be, we must continue moving forward along that path. In order to maintain and strengthen the regime of the Treaty on the Non-Proliferation of Nuclear Weapons (NPT), we will press forward with realistic and practical measures under the Hiroshima Action Plan and lead the international community, with a view to building momentum within the international community for nuclear disarmament. The world now stands at a critical point where the trend towards fewer nuclear weapons could undergo a reversal for the first time since the height of the Cold War. Promoting the Fissile Material Cut-off Treaty, or FMCT, is an important means of guarding against such a turn of events. In consonance with that, this year Japan launched a ""Friends of the FMCT"" framework that includes both nuclear weapon states and non-nuclear weapon states. I myself will stand at the fore and be proactively involved in this work. In May 2023, at the G7 Hiroshima Summit, I urged leaders and young people from all around the world to visit Hiroshima and Nagasaki, where the atomic bombings took place. Having them accurately understand the realities of the atomic bombings will be of great consequence as a starting point for all kinds of efforts towards nuclear disarmament. As one part of these efforts, this past December, the Youth Leader Fund for a World Without Nuclear Weapons program, established by the United Nations through contributions from the Government of Japan, embarked on its activities. This year, through this program, the future leaders of both nuclear weapon states and non-nuclear weapon states will visit Hiroshima and Nagasaki. Working in tandem with atomic bomb survivors and others eager to bring about a world without nuclear weapons, Japan is determined to continue to do its utmost to pass down to the next generation messages from the atomic bomb survivors as well as the tragic realities of the atomic bombings. The Government, accepting the necessity of relief measures covering health and medical services and welfare of atomic bomb survivors, will continue to advance relief measures in a comprehensive manner while staying in tune with atomic bomb survivors, who are advancing in years, including by conducting screenings for recognizing atomic bomb diseases as quickly as possible. In closing, here in Hiroshima, where prayers for eternal peace are offered continuously, I pledge once again that Japan will make its utmost efforts for the realization of a world without nuclear weapons and for the realization of eternal peace. I wish to conclude with my heartfelt prayers for the repose of the souls of those who fell victim to the atomic bombing here in Hiroshima. I also pray sincerely for the inner peace of the bereaved families and the atomic bomb survivors as well as all the participants today and the people of Hiroshima City. KISHIDA Fumio Prime Minister of Japan August 6, 2024","Seventy-nine years ago today, an atomic bomb deprived people said to number well more than 100,000 of their precious lives. It reduced the city to ashes and mercilessly deprived people of their dreams and bright futures. Even those who escaped death suffered hardships beyond description. As prime minister, I reverently express my sincere condolences to the souls who were victims of the atomic bomb here. I also extend my heartfelt sympathy to those still suffering even now from the aftereffects of the atomic bomb. The devastation and human suffering wrought upon Hiroshima and Nagasaki 79 years ",WAR_GENERAL,,1,1,0,HIGH,0,0,0,1,1,0,UNSPECIFIED,0,MIXED,en,1,https://japan.kantei.go.jp/101_kishida/statement/202408/06hiroshima.html,2026-09-22,,KANTEI_ARCHIVE_KEYWORD_BACKLOG_REVIEW,"Hiroshima/Nagasaki Peace Memorial Ceremony address, part of a 12-record 2020-2025 batch (PMs Abe/Suga/Kishida/Ishiba) added to increase Japan's genre diversity beyond the Aug15 National Memorial Day genre already in this corpus. Structural template consistent across all 12: condolences to A-bomb victims -> reconstruction narrative -> 'must never be repeated' -> Three Non-Nuclear Principles/NPT policy commitments -> atomic bomb survivor relief measures -> closing. No foreign-actor wartime-conduct blame or apology language in any of the 12; agency_explicit=0/responsibility_actor=UNSPECIFIED throughout, consistent with the main-axis Japan pattern found elsewhere in this corpus. remedy=1 coded where the address commits to atomic-bomb-survivor relief/welfare measures (a domestic remedy, not a bilateral historical-recognition remedy).",HIGH,9801d52b-ecd0-519b-8b2e-adce894f22c0,1
544106dc-5542-421c-a57f-cb1a23b308d7,japan,2024-08-09,2024,KISHIDA Fumio,Prime Minister of Japan,HEAD,Prime Minister's Office of Japan (Kantei),SPEECH,Address by Prime Minister KISHIDA Fumio at the Nagasaki Peace Memorial Ceremony,,"Today, on the occasion of the opening of the Nagasaki Peace Memorial Ceremony on the 79th anniversary of the atomic bombing, as prime minister, I reverently express my sincere condolences to the souls who were victims of the atomic bomb. I also extend my heartfelt sympathy to those still suffering even now from the aftereffects of the atomic bomb. Seventy-nine years ago today, a single atomic bomb reduced this city to ashes, with not a single tree or blade of grass remaining. Yet through the efforts of its citizens, it achieved reconstruction beautifully as we see today. Mindful of this, we again feel strongly that there is no trial that cannot be overcome and feel acutely how precious peace is. The tragedies that befell Nagasaki and Hiroshima must never be repeated. Under this principle, as the only country to have experienced the horror of nuclear devastation in war, Japan has the mission of pressing forward steadily with realistic and practical measures to bring about a world without nuclear weapons. Moreover, the widening division within the international community over approaches to nuclear disarmament, Russia's nuclear threat, and other concerns make the situation surrounding nuclear disarmament all the more challenging. Accordingly, now is the time for us to continue with our passionate appeal to the world, “Let Nagasaki be the last.” No matter how narrow the path forward may be for realizing a world without nuclear weapons, in order to walk down that very path from our precarious reality towards the ideal, Japan, firmly upholding the “Three Non-Nuclear Principles,” will lead the international community’s efforts to bring about a world without nuclear weapons. The foundation on which this is based is the Treaty on the Non-Proliferation of Nuclear Weapons (NPT), the cornerstone of the international nuclear disarmament and non-proliferation regime. Last year, here in Nagasaki, the International Group of Eminent Persons for a World without Nuclear Weapons (IGEP) convened a meeting. In order for the next Review Conference of the Parties to the NPT to produce a meaningful outcome, we will continue our efforts to find concrete measures that both nuclear weapon states and non-nuclear weapon states can undertake together, giving proper consideration to the discussions held by the IGEP. With the world now at a critical point where the trend towards fewer nuclear weapons could undergo a reversal, it is imperative for us to promote the Fissile Material Cut-off Treaty (FMCT) to guard against such a turn of events. I myself will stand at the fore of the ""Friends of the FMCT"" framework, a cross-regional group established this year, and be proactively involved in its work. Taking the opportunity of the G7 and various other diplomatic occasions, Japan has urged leaders and young people from around the world to visit the atomic bombing sites of Nagasaki and Hiroshima and had them witness the realities of the atomic bombings. Communicating the tragic realities of the atomic bombings to people around the world and having them gain an accurate understanding of those realities will be of great consequence as a starting point for all kinds of efforts towards nuclear disarmament. This year, as part of the Youth Leader Fund for a World Without Nuclear Weapons program established by the United Nations through contributions from the Government of Japan, leaders of the future will visit atomic bombing sites. Through initiatives such as these, the Government of Japan will, in cooperation with atomic bomb survivors, continue its efforts to promote understanding of the tragic realities of the atomic bombings. The Government, accepting the necessity of relief measures covering health and medical services and welfare of atomic bomb survivors, will continue to advance relief measures in a comprehensive manner while staying in tune with atomic bomb survivors, who are advancing in years. We will work in particular to conduct screenings for recognizing atomic bomb diseases as quickly as we can so that we can convey the results as soon as possible. We are also working to provide assistance to those who experienced the atomic bombings and last year we again expanded the scope of our efforts. In closing, here in Nagasaki, which has developed admirably as an International Culture City through the tireless efforts of its citizens, I pledge once more that Japan will make its utmost efforts for the realization of a world without nuclear weapons and for the realization of eternal peace. I wish to conclude my remarks with my heartfelt prayers for the repose of the souls of those who fell victim to the atomic bombing here in Nagasaki. I also pray sincerely for the inner peace of the bereaved families and the atomic bomb survivors as well as all the participants today and the people of Nagasaki City. KISHIDA Fumio Prime Minister of Japan August 9, 2024","Today, on the occasion of the opening of the Nagasaki Peace Memorial Ceremony on the 79th anniversary of the atomic bombing, as prime minister, I reverently express my sincere condolences to the souls who were victims of the atomic bomb. I also extend my heartfelt sympathy to those still suffering even now from the aftereffects of the atomic bomb. Seventy-nine years ago today, a single atomic bomb reduced this city to ashes, with not a single tree or blade of grass remaining. Yet through the efforts of its citizens, it achieved reconstruction beautifully as we see today. Mindful of this, we ag",WAR_GENERAL,,1,1,0,HIGH,0,0,0,1,1,0,UNSPECIFIED,0,MIXED,en,1,https://japan.kantei.go.jp/101_kishida/statement/202408/09nagasaki.html,2026-09-22,,KANTEI_ARCHIVE_KEYWORD_BACKLOG_REVIEW,"Hiroshima/Nagasaki Peace Memorial Ceremony address, part of a 12-record 2020-2025 batch (PMs Abe/Suga/Kishida/Ishiba) added to increase Japan's genre diversity beyond the Aug15 National Memorial Day genre already in this corpus. Structural template consistent across all 12: condolences to A-bomb victims -> reconstruction narrative -> 'must never be repeated' -> Three Non-Nuclear Principles/NPT policy commitments -> atomic bomb survivor relief measures -> closing. No foreign-actor wartime-conduct blame or apology language in any of the 12; agency_explicit=0/responsibility_actor=UNSPECIFIED throughout, consistent with the main-axis Japan pattern found elsewhere in this corpus. remedy=1 coded where the address commits to atomic-bomb-survivor relief/welfare measures (a domestic remedy, not a bilateral historical-recognition remedy).",HIGH,e81c9732-4fba-51be-af49-22b7de0bc08d,1
f1f38288-a6b7-4b44-8ac0-08304f6b9968,japan,2025-08-06,2025,ISHIBA Shigeru,Prime Minister of Japan,HEAD,Prime Minister's Office of Japan (Kantei),SPEECH,Address by Prime Minister ISHIBA Shigeru at the Hiroshima Peace Memorial Ceremony,,"Eighty years ago today, the violent explosion of a single atomic bomb deprived people said to number well more than 100,000 of their precious lives. Even those who escaped death suffered hardships beyond description. As prime minister, I reverently express my sincere condolences to the souls who were victims of the atomic bomb. I also extend my heartfelt sympathy to those still suffering even now from the aftereffects of the atomic bomb. It was a September day two years ago that I made my first visit to the Hiroshima Peace Memorial Museum after it completed its renovations. Eighty years ago on that day, what was under that rising mushroom cloud? A city burned to the ground, reduced to ashes. Innocent people horrifyingly burned. People who had been relishing life until an instant before, transformed in the blink of an eye to mere silhouettes on the stonework, the consequence of a 4,000-degree blast of thermal radiation. Many of the victims were ordinary citizens. I found myself utterly speechless facing the reality that people's dreams and bright futures were stripped away from them mercilessly in a single instant. The tragedies that ravaged Hiroshima and Nagasaki must never be repeated. While continuing to firmly uphold the “Three Non-Nuclear Principles,” Japan will lead the efforts of the international community to bring about “a world without nuclear weapons.” This is Japan's mission as the only country to have experienced the horror of nuclear devastation in war. The widening of the division within the international community over approaches to nuclear disarmament has made the current security environment even more challenging. But that is exactly why we must make all-out efforts to bring about a world without nuclear war and a world without nuclear weapons under the regime of the Treaty on the Non-Proliferation of Nuclear Weapons (NPT), the cornerstone of the international nuclear disarmament and non-proliferation regime. As the world prepares for next year's Review Conference of the Parties to the NPT, Japan will continue to strongly urge countries to demonstrate the spirit of dialogue and cooperation to the fullest. Moreover, based on the Hiroshima Action Plan, we will continue our efforts to identify concrete measures that should be taken jointly by both nuclear and non-nuclear weapon states. What will serve as the foundation for making progress towards the realization of a world without nuclear weapons is accurately understanding the realities of the atomic bombings. The awarding of the Nobel Peace Prize last year to Nihon Hidankyo, the Japan Confederation of A- and H-Bomb Sufferers Organizations, is of exceptional significance, and I once again express my deep respect to Nihon Hidankyo for its work over so many years in promoting the abolition of nuclear weapons and advancing understanding of the tragic realities of the atomic bombings. The average age of atomic bomb survivors is now more than 86 years old. Many Japanese belong to generations that have never experienced war. When I visited the Hiroshima Peace Memorial Museum, I renewed my strong determination that we must pass down across generational boundaries the unbearable experiences and memories of the bombing, never allowing them to erode under any circumstances. The Government of Japan has been helping to make this a reality by urging leaders and young people from all around the world to visit Hiroshima and Nagasaki. The annual number of visitors to the Hiroshima Peace Memorial Museum surpassed two million for the first time this past fiscal year, with more than 30 percent of its visitors coming from overseas. It is our responsibility to convey the realities of the atomic bombings to not only our fellow Japanese but also people in other nations. Thirty years have now passed since the Atomic Bomb Survivors’ Assistance Act entered into effect. The Government will continue to advance relief measures covering the health and medical services and welfare of atomic bomb survivors in a comprehensive manner while staying in tune with survivors, who are advancing in years, including by conducting screenings for recognizing atomic bomb diseases as quickly as possible. In closing, here in Hiroshima, I once again pledge that Japan will make its utmost efforts for the realization of a world without nuclear war and a world without nuclear weapons, as well as for the realization of eternal peace. I offer my heartfelt prayers that the souls of those who fell victim to the atomic bombing rest in peace. I also pray sincerely for the inner peace of the bereaved families and the atomic bomb survivors as well as all the participants today and the people of Hiroshima City. Affixed to the Monument of the A bombed Teachers and Students of National Elementary Schools, located in the green space adjoining Hiroshima Peace Memorial Park, we find Ms. SHODA Shinoe's tanka poem, which reads, ""The heavy bone must be a teacher's. The small skulls beside it must be students gathered around."" With a flood of emotions as I reflect deeply on those words, I hereby conclude my address. ISHIBA Shigeru Prime Minister of Japan August 6, 2025","Eighty years ago today, the violent explosion of a single atomic bomb deprived people said to number well more than 100,000 of their precious lives. Even those who escaped death suffered hardships beyond description. As prime minister, I reverently express my sincere condolences to the souls who were victims of the atomic bomb. I also extend my heartfelt sympathy to those still suffering even now from the aftereffects of the atomic bomb. It was a September day two years ago that I made my first visit to the Hiroshima Peace Memorial Museum after it completed its renovations. Eighty years ago on",WAR_GENERAL,,1,1,0,HIGH,0,0,0,1,1,0,UNSPECIFIED,0,MIXED,en,1,https://japan.kantei.go.jp/103/statement/202508/06hiroshima.html,2026-09-22,,KANTEI_ARCHIVE_KEYWORD_BACKLOG_REVIEW,"Hiroshima/Nagasaki Peace Memorial Ceremony address, part of a 12-record 2020-2025 batch (PMs Abe/Suga/Kishida/Ishiba) added to increase Japan's genre diversity beyond the Aug15 National Memorial Day genre already in this corpus. Structural template consistent across all 12: condolences to A-bomb victims -> reconstruction narrative -> 'must never be repeated' -> Three Non-Nuclear Principles/NPT policy commitments -> atomic bomb survivor relief measures -> closing. No foreign-actor wartime-conduct blame or apology language in any of the 12; agency_explicit=0/responsibility_actor=UNSPECIFIED throughout, consistent with the main-axis Japan pattern found elsewhere in this corpus. remedy=1 coded where the address commits to atomic-bomb-survivor relief/welfare measures (a domestic remedy, not a bilateral historical-recognition remedy). 80th-anniversary address; notes the 2024 Nobel Peace Prize awarded to Nihon Hidankyo (atomic bomb survivors' organization). No reintroduction of remorse/apology language relative to prior years -- confirms Ishiba's pattern-break (remorse=1) found in his Aug 15 National Memorial Day address is genre-specific to that ceremony and does not carry over to the Hiroshima/Nagasaki genre.",HIGH,37bf6578-75e3-54ef-8d34-0faf5f57ba1f,1
5b689ee9-b207-4847-8fad-9e418261b2c8,japan,2025-08-09,2025,ISHIBA Shigeru,Prime Minister of Japan,HEAD,Prime Minister's Office of Japan (Kantei),SPEECH,Address by Prime Minister ISHIBA Shigeru at the Nagasaki Peace Memorial Ceremony,,"Today, on the occasion of the opening of the Nagasaki Peace Memorial Ceremony on the 80th anniversary of the atomic bombing, as prime minister, I reverently express my sincere condolences to the souls who were victims of the atomic bomb. I also extend my heartfelt sympathy to those still suffering even now from the aftereffects of the atomic bomb. It was 80 years ago today that this city was reduced to ashes in an instant by a single atomic bomb, leaving not a single tree or blade of grass. The lives and futures of what is said to be well more than 70,000 souls were obliterated by a plutonium-type bomb whose power surpassed that of the one dropped on Hiroshima. Many of those who perished were ordinary citizens. Even those who somehow escaped death despite this horrific scene suffered long-term health problems. Now, 80 years later, as the division within the international community widens over approaches to nuclear disarmament, we find ourselves facing an extremely harsh security environment. But even in the most severe circumstances, the mission for Japan, as the only country to have experienced the horror of nuclear devastation in war, is to lead the efforts of the international community to bring about ""a world without nuclear war"" and “a world without nuclear weapons” while firmly upholding the Three Non-Nuclear Principles. Taking one step forward and then another, we will steadily build up efforts over time to realize just such a world. The foundation on which this is based is the Treaty on the Non-Proliferation of Nuclear Weapons (NPT), the mainstay of the international nuclear disarmament and non-proliferation regime. As the world prepares for next year's Review Conference of the Parties to the NPT, Japan, based on the Hiroshima Action Plan, will tenaciously urge both nuclear and non-nuclear weapon states to demonstrate the spirit of dialogue and cooperation to the fullest and act in unity in working towards a meaningful outcome. Japan will also continue to press forward with realistic and practical measures. Communicating the realities of the atomic bombings is tremendously important as a starting point for all efforts aimed at nuclear disarmament. We have urged leaders and future leaders from all around the world to visit Hiroshima and Nagasaki, and many have come to see these cities with their own eyes. The awarding of the prestigious honor of the Nobel Peace Prize last year to Nihon Hidankyo, the Japan Confederation of A- and H-Bomb Sufferers Organizations, was truly momentous, and I express my wholehearted respect to Nihon Hidankyo for its work over so many years in promoting the abolition of nuclear weapons and advancing understanding of the tragic realities of the atomic bombings. Since taking office as prime minister, I have visited Ioto, a place of staggering loss of life during the war, the Himeyuri Peace Memorial Museum in Okinawa, and Hiroshima, where an atomic bombing took place, and today I have come here to Nagasaki. We must pass down as memories what unfolded here in Japan 80 years ago -- the reality and the tragedy of war, and the brutal impact of the harm wrought by the atomic bombings. We must not allow those memories to fade away under any circumstances. I stand determined to step up our efforts to advance accurate understanding of the terrible realities of the atomic bombings across generations and beyond national borders. The Government will continue to advance comprehensive relief measures covering health and medical services and welfare of atomic bomb survivors, who are advancing in years. We will work to conduct screenings for recognizing atomic bomb diseases as quickly as we can so that we can convey the results as soon as possible. In December we began providing to people who experienced the atomic bombings medical expense assistance equivalent to that provided to atomic bomb survivors for a wide range of common diseases. We will continue to implement these measures steadily. Just now, ending an interlude spanning 80 years, two Angelus bells, pealing in unison, rang out with the same tonal resonance they did in the past, together with the Bell of Nagasaki here in Peace Park. ""It is my earnest prayer that Urakami may be the world’s final atomic plain."" These words referencing the devastated Urakami district of the city were left to us by the late Dr. NAGAI Takashi, who survived the atomic bombing while working at Nagasaki Medical College. The devastation that occurred in Nagasaki and Hiroshima must never be repeated. The right hand of the Peace Statue points skyward, denoting atomic weaponry, while its left hand reaches out horizontally, in a prayer for peace. Standing before this Peace Statue, whose gently closed eyes are imbued with mourning for the victims, I pledge once again that Japan will continue to make its utmost efforts for the realization of a world without nuclear war and a world without nuclear weapons, as well as for the realization of eternal peace. I will end my address with my heartfelt prayers that the souls of those who fell victim to the atomic bombing rest in peace. I also pray sincerely for the inner peace of the bereaved families and the atomic bomb survivors as well as all the participants today and the people of Nagasaki City. ISHIBA Shigeru Prime Minister of Japan August 9, 2025","Today, on the occasion of the opening of the Nagasaki Peace Memorial Ceremony on the 80th anniversary of the atomic bombing, as prime minister, I reverently express my sincere condolences to the souls who were victims of the atomic bomb. I also extend my heartfelt sympathy to those still suffering even now from the aftereffects of the atomic bomb. It was 80 years ago today that this city was reduced to ashes in an instant by a single atomic bomb, leaving not a single tree or blade of grass. The lives and futures of what is said to be well more than 70,000 souls were obliterated by a plutonium-",WAR_GENERAL,,1,1,0,HIGH,0,0,0,1,1,0,UNSPECIFIED,0,MIXED,en,1,https://japan.kantei.go.jp/103/statement/202508/09nagasaki.html,2026-09-22,,KANTEI_ARCHIVE_KEYWORD_BACKLOG_REVIEW,"Hiroshima/Nagasaki Peace Memorial Ceremony address, part of a 12-record 2020-2025 batch (PMs Abe/Suga/Kishida/Ishiba) added to increase Japan's genre diversity beyond the Aug15 National Memorial Day genre already in this corpus. Structural template consistent across all 12: condolences to A-bomb victims -> reconstruction narrative -> 'must never be repeated' -> Three Non-Nuclear Principles/NPT policy commitments -> atomic bomb survivor relief measures -> closing. No foreign-actor wartime-conduct blame or apology language in any of the 12; agency_explicit=0/responsibility_actor=UNSPECIFIED throughout, consistent with the main-axis Japan pattern found elsewhere in this corpus. remedy=1 coded where the address commits to atomic-bomb-survivor relief/welfare measures (a domestic remedy, not a bilateral historical-recognition remedy). 80th-anniversary address; same Nobel Peace Prize reference as the Hiroshima address four days earlier. Confirms no remorse/apology language in this genre for Ishiba either.",HIGH,becba0f0-cba9-55e7-8e35-73f7ae360266,1
