url,country,institution,discovered_via,discovered_date,archive_source,status
https://japan.kantei.go.jp/{pm_slug}/statement/,japan,Prime Minister's Office (Kantei),ARCHIVE_TEMPLATE,2026-09-22,https://japan.kantei.go.jp/{pm_slug}/statement/,SKIPPED_TEMPLATE_NEEDS_SEED
https://japan.kantei.go.jp/{pm_slug}/actions/,japan,Prime Minister's Office (Kantei),ARCHIVE_TEMPLATE,2026-09-22,https://japan.kantei.go.jp/{pm_slug}/actions/,SKIPPED_TEMPLATE_NEEDS_SEED
https://japan.kantei.go.jp/100_kishida/statement/202110/_00002.html,japan,Prime Minister's Office of Japan (Kantei),ARCHIVE_CRAWL_SEEDED_INDEX,2026-09-22,https://japan.kantei.go.jp/100_kishida/statement/202110/index.html,DISCOVERED
https://japan.kantei.go.jp/100_kishida/statement/202110/_00003.html,japan,Prime Minister's Office of Japan (Kantei),ARCHIVE_CRAWL_SEEDED_INDEX,2026-09-22,https://japan.kantei.go.jp/100_kishida/statement/202110/index.html,DISCOVERED
https://japan.kantei.go.jp/100_kishida/statement/202110/_00004.html,japan,Prime Minister's Office of Japan (Kantei),ARCHIVE_CRAWL_SEEDED_INDEX,2026-09-22,https://japan.kantei.go.jp/100_kishida/statement/202110/index.html,DISCOVERED
https://japan.kantei.go.jp/100_kishida/statement/202110/_00005.html,japan,Prime Minister's Office of Japan (Kantei),ARCHIVE_CRAWL_SEEDED_INDEX,2026-09-22,https://japan.kantei.go.jp/100_kishida/statement/202110/index.html,DISCOVERED
https://japan.kantei.go.jp/100_kishida/statement/202110/_00006.html,japan,Prime Minister's Office of Japan (Kantei),ARCHIVE_CRAWL_SEEDED_INDEX,2026-09-22,https://japan.kantei.go.jp/100_kishida/statement/202110/index.html,DISCOVERED
https://japan.kantei.go.jp/100_kishida/statement/202110/_00007.html,japan,Prime Minister's Office of Japan (Kantei),ARCHIVE_CRAWL_SEEDED_INDEX,2026-09-22,https://japan.kantei.go.jp/100_kishida/statement/202110/index.html,DISCOVERED
https://japan.kantei.go.jp/100_kishida/statement/202110/_00008.html,japan,Prime Minister's Office of Japan (Kantei),ARCHIVE_CRAWL_SEEDED_INDEX,2026-09-22,https://japan.kantei.go.jp/100_kishida/statement/202110/index.html,DISCOVERED
https://japan.kantei.go.jp/100_kishida/statement/202110/_00009.html,japan,Prime Minister's Office of Japan (Kantei),ARCHIVE_CRAWL_SEEDED_INDEX,2026-09-22,https://japan.kantei.go.jp/100_kishida/statement/202110/index.html,DISCOVERED
https://japan.kantei.go.jp/100_kishida/statement/202110/_00010.html,japan,Prime Minister's Office of Japan (Kantei),ARCHIVE_CRAWL_SEEDED_INDEX,2026-09-22,https://japan.kantei.go.jp/100_kishida/statement/202110/index.html,DISCOVERED
https://japan.kantei.go.jp/100_kishida/statement/202110/_00011.html,japan,Prime Minister's Office of Japan (Kantei),ARCHIVE_CRAWL_SEEDED_INDEX,2026-09-22,https://japan.kantei.go.jp/100_kishida/statement/202110/index.html,DISCOVERED
https://japan.kantei.go.jp/100_kishida/statement/202110/_00012.html,japan,Prime Minister's Office of Japan (Kantei),ARCHIVE_CRAWL_SEEDED_INDEX,2026-09-22,https://japan.kantei.go.jp/100_kishida/statement/202110/index.html,DISCOVERED
https://japan.kantei.go.jp/100_kishida/statement/202110/_00013.html,japan,Prime Minister's Office of Japan (Kantei),ARCHIVE_CRAWL_SEEDED_INDEX,2026-09-22,https://japan.kantei.go.jp/100_kishida/statement/202110/index.html,DISCOVERED
https://japan.kantei.go.jp/100_kishida/statement/202110/_00014.html,japan,Prime Minister's Office of Japan (Kantei),ARCHIVE_CRAWL_SEEDED_INDEX,2026-09-22,https://japan.kantei.go.jp/100_kishida/statement/202110/index.html,DISCOVERED
https://japan.kantei.go.jp/100_kishida/statement/202110/_00015.html,japan,Prime Minister's Office of Japan (Kantei),ARCHIVE_CRAWL_SEEDED_INDEX,2026-09-22,https://japan.kantei.go.jp/100_kishida/statement/202110/index.html,DISCOVERED
https://japan.kantei.go.jp/100_kishida/statement/202110/_00017.html,japan,Prime Minister's Office of Japan (Kantei),ARCHIVE_CRAWL_SEEDED_INDEX,2026-09-22,https://japan.kantei.go.jp/100_kishida/statement/202110/index.html,DISCOVERED
https://japan.kantei.go.jp/100_kishida/statement/index.html,japan,Prime Minister's Office of Japan (Kantei),ARCHIVE_CRAWL_SEEDED_INDEX,2026-09-22,https://japan.kantei.go.jp/100_kishida/statement/202110/index.html,DISCOVERED
https://japan.kantei.go.jp/98_abe/statement/201712/index.html,japan,Prime Minister's Office of Japan (Kantei),ARCHIVE_CRAWL_SEEDED_INDEX,2026-09-22,https://japan.kantei.go.jp/100_kishida/statement/202110/index.html,DISCOVERED
https://japan.kantei.go.jp/98_abe/statement/201812/index.html,japan,Prime Minister's Office of Japan (Kantei),ARCHIVE_CRAWL_SEEDED_INDEX,2026-09-22,https://japan.kantei.go.jp/100_kishida/statement/202110/index.html,DISCOVERED
https://japan.kantei.go.jp/98_abe/statement/201912/index.html,japan,Prime Minister's Office of Japan (Kantei),ARCHIVE_CRAWL_SEEDED_INDEX,2026-09-22,https://japan.kantei.go.jp/100_kishida/statement/202110/index.html,DISCOVERED
https://japan.kantei.go.jp/98_abe/statement/202009/index.html,japan,Prime Minister's Office of Japan (Kantei),ARCHIVE_CRAWL_SEEDED_INDEX,2026-09-22,https://japan.kantei.go.jp/100_kishida/statement/202110/index.html,DISCOVERED
https://japan.kantei.go.jp/99_suga/statement/202012/index.html,japan,Prime Minister's Office of Japan (Kantei),ARCHIVE_CRAWL_SEEDED_INDEX,2026-09-22,https://japan.kantei.go.jp/100_kishida/statement/202110/index.html,DISCOVERED
https://japan.kantei.go.jp/99_suga/statement/202110/index.html,japan,Prime Minister's Office of Japan (Kantei),ARCHIVE_CRAWL_SEEDED_INDEX,2026-09-22,https://japan.kantei.go.jp/100_kishida/statement/202110/index.html,DISCOVERED
https://japan.kantei.go.jp/index.html,japan,Prime Minister's Office of Japan (Kantei),ARCHIVE_CRAWL_SEEDED_INDEX,2026-09-22,https://japan.kantei.go.jp/100_kishida/statement/202110/index.html,DISCOVERED
https://japan.kantei.go.jp/info/index.html,japan,Prime Minister's Office of Japan (Kantei),ARCHIVE_CRAWL_SEEDED_INDEX,2026-09-22,https://japan.kantei.go.jp/100_kishida/statement/202110/index.html,DISCOVERED
https://japan.kantei.go.jp/tag/,japan,Prime Minister's Office of Japan (Kantei),ARCHIVE_CRAWL_SEEDED_INDEX,2026-09-22,https://japan.kantei.go.jp/100_kishida/statement/202110/index.html,DISCOVERED
https://japan.kantei.go.jp/tag/0088.html,japan,Prime Minister's Office of Japan (Kantei),ARCHIVE_CRAWL_SEEDED_INDEX,2026-09-22,https://japan.kantei.go.jp/100_kishida/statement/202110/index.html,DISCOVERED
https://japan.kantei.go.jp/tag/0092.html,japan,Prime Minister's Office of Japan (Kantei),ARCHIVE_CRAWL_SEEDED_INDEX,2026-09-22,https://japan.kantei.go.jp/100_kishida/statement/202110/index.html,DISCOVERED
https://japan.kantei.go.jp/100_kishida/statement/202111/_00001.html,japan,Prime Minister's Office of Japan (Kantei),ARCHIVE_CRAWL_SEEDED_INDEX,2026-09-22,https://japan.kantei.go.jp/100_kishida/statement/202111/index.html,DISCOVERED
https://japan.kantei.go.jp/100_kishida/statement/202111/_00002.html,japan,Prime Minister's Office of Japan (Kantei),ARCHIVE_CRAWL_SEEDED_INDEX,2026-09-22,https://japan.kantei.go.jp/100_kishida/statement/202111/index.html,DISCOVERED
https://japan.kantei.go.jp/100_kishida/statement/202111/_00003.html,japan,Prime Minister's Office of Japan (Kantei),ARCHIVE_CRAWL_SEEDED_INDEX,2026-09-22,https://japan.kantei.go.jp/100_kishida/statement/202111/index.html,DISCOVERED
https://japan.kantei.go.jp/100_kishida/statement/202111/_00004.html,japan,Prime Minister's Office of Japan (Kantei),ARCHIVE_CRAWL_SEEDED_INDEX,2026-09-22,https://japan.kantei.go.jp/100_kishida/statement/202111/index.html,DISCOVERED
https://japan.kantei.go.jp/tag/0010.html,japan,Prime Minister's Office of Japan (Kantei),ARCHIVE_CRAWL_SEEDED_INDEX,2026-09-22,https://japan.kantei.go.jp/100_kishida/statement/202111/index.html,DISCOVERED
https://japan.kantei.go.jp/tag/0019.html,japan,Prime Minister's Office of Japan (Kantei),ARCHIVE_CRAWL_SEEDED_INDEX,2026-09-22,https://japan.kantei.go.jp/100_kishida/statement/202111/index.html,DISCOVERED
https://japan.kantei.go.jp/tag/0031.html,japan,Prime Minister's Office of Japan (Kantei),ARCHIVE_CRAWL_SEEDED_INDEX,2026-09-22,https://japan.kantei.go.jp/100_kishida/statement/202111/index.html,DISCOVERED
https://japan.kantei.go.jp/101_kishida/statement/202111/_00002.html,japan,Prime Minister's Office of Japan (Kantei),ARCHIVE_CRAWL_SEEDED_INDEX,2026-09-22,https://japan.kantei.go.jp/101_kishida/statement/202111/index.html,DISCOVERED
https://japan.kantei.go.jp/101_kishida/statement/202111/_00003.html,japan,Prime Minister's Office of Japan (Kantei),ARCHIVE_CRAWL_SEEDED_INDEX,2026-09-22,https://japan.kantei.go.jp/101_kishida/statement/202111/index.html,DISCOVERED
https://japan.kantei.go.jp/101_kishida/statement/202111/_00005.html,japan,Prime Minister's Office of Japan (Kantei),ARCHIVE_CRAWL_SEEDED_INDEX,2026-09-22,https://japan.kantei.go.jp/101_kishida/statement/202111/index.html,DISCOVERED
https://japan.kantei.go.jp/101_kishida/statement/202111/_00006.html,japan,Prime Minister's Office of Japan (Kantei),ARCHIVE_CRAWL_SEEDED_INDEX,2026-09-22,https://japan.kantei.go.jp/101_kishida/statement/202111/index.html,DISCOVERED
https://japan.kantei.go.jp/101_kishida/statement/202112/index.html,japan,Prime Minister's Office of Japan (Kantei),ARCHIVE_CRAWL_SEEDED_INDEX,2026-09-22,https://japan.kantei.go.jp/101_kishida/statement/202111/index.html,DISCOVERED
https://japan.kantei.go.jp/101_kishida/statement/202212/index.html,japan,Prime Minister's Office of Japan (Kantei),ARCHIVE_CRAWL_SEEDED_INDEX,2026-09-22,https://japan.kantei.go.jp/101_kishida/statement/202111/index.html,DISCOVERED
https://japan.kantei.go.jp/101_kishida/statement/202312/index.html,japan,Prime Minister's Office of Japan (Kantei),ARCHIVE_CRAWL_SEEDED_INDEX,2026-09-22,https://japan.kantei.go.jp/101_kishida/statement/202111/index.html,DISCOVERED
https://japan.kantei.go.jp/101_kishida/statement/202409/index.html,japan,Prime Minister's Office of Japan (Kantei),ARCHIVE_CRAWL_SEEDED_INDEX,2026-09-22,https://japan.kantei.go.jp/101_kishida/statement/202111/index.html,DISCOVERED
https://japan.kantei.go.jp/101_kishida/statement/index.html,japan,Prime Minister's Office of Japan (Kantei),ARCHIVE_CRAWL_SEEDED_INDEX,2026-09-22,https://japan.kantei.go.jp/101_kishida/statement/202111/index.html,DISCOVERED
https://japan.kantei.go.jp/102_ishiba/statement/202411/index.html,japan,Prime Minister's Office of Japan (Kantei),ARCHIVE_CRAWL_SEEDED_INDEX,2026-09-22,https://japan.kantei.go.jp/101_kishida/statement/202111/index.html,DISCOVERED
https://japan.kantei.go.jp/103/statement/202412/index.html,japan,Prime Minister's Office of Japan (Kantei),ARCHIVE_CRAWL_SEEDED_INDEX,2026-09-22,https://japan.kantei.go.jp/101_kishida/statement/202111/index.html,DISCOVERED
https://japan.kantei.go.jp/103/statement/202510/index.html,japan,Prime Minister's Office of Japan (Kantei),ARCHIVE_CRAWL_SEEDED_INDEX,2026-09-22,https://japan.kantei.go.jp/101_kishida/statement/202111/index.html,DISCOVERED
https://japan.kantei.go.jp/101_kishida/statement/202112/_00001.html,japan,Prime Minister's Office of Japan (Kantei),ARCHIVE_CRAWL_SEEDED_INDEX,2026-09-22,https://japan.kantei.go.jp/101_kishida/statement/202112/index.html,DISCOVERED
https://japan.kantei.go.jp/101_kishida/statement/202112/_00002.html,japan,Prime Minister's Office of Japan (Kantei),ARCHIVE_CRAWL_SEEDED_INDEX,2026-09-22,https://japan.kantei.go.jp/101_kishida/statement/202112/index.html,DISCOVERED
https://japan.kantei.go.jp/101_kishida/statement/202112/_00003.html,japan,Prime Minister's Office of Japan (Kantei),ARCHIVE_CRAWL_SEEDED_INDEX,2026-09-22,https://japan.kantei.go.jp/101_kishida/statement/202112/index.html,DISCOVERED
https://japan.kantei.go.jp/101_kishida/statement/202112/_00004.html,japan,Prime Minister's Office of Japan (Kantei),ARCHIVE_CRAWL_SEEDED_INDEX,2026-09-22,https://japan.kantei.go.jp/101_kishida/statement/202112/index.html,DISCOVERED
https://japan.kantei.go.jp/101_kishida/statement/202112/_00005.html,japan,Prime Minister's Office of Japan (Kantei),ARCHIVE_CRAWL_SEEDED_INDEX,2026-09-22,https://japan.kantei.go.jp/101_kishida/statement/202112/index.html,DISCOVERED
https://japan.kantei.go.jp/101_kishida/statement/202112/_00006.html,japan,Prime Minister's Office of Japan (Kantei),ARCHIVE_CRAWL_SEEDED_INDEX,2026-09-22,https://japan.kantei.go.jp/101_kishida/statement/202112/index.html,DISCOVERED
https://japan.kantei.go.jp/101_kishida/statement/202112/_00007.html,japan,Prime Minister's Office of Japan (Kantei),ARCHIVE_CRAWL_SEEDED_INDEX,2026-09-22,https://japan.kantei.go.jp/101_kishida/statement/202112/index.html,DISCOVERED
https://japan.kantei.go.jp/101_kishida/statement/202112/_00008.html,japan,Prime Minister's Office of Japan (Kantei),ARCHIVE_CRAWL_SEEDED_INDEX,2026-09-22,https://japan.kantei.go.jp/101_kishida/statement/202112/index.html,DISCOVERED
https://japan.kantei.go.jp/101_kishida/statement/202112/_00009.html,japan,Prime Minister's Office of Japan (Kantei),ARCHIVE_CRAWL_SEEDED_INDEX,2026-09-22,https://japan.kantei.go.jp/101_kishida/statement/202112/index.html,DISCOVERED
https://japan.kantei.go.jp/101_kishida/statement/202112/_00010.html,japan,Prime Minister's Office of Japan (Kantei),ARCHIVE_CRAWL_SEEDED_INDEX,2026-09-22,https://japan.kantei.go.jp/101_kishida/statement/202112/index.html,DISCOVERED
https://japan.kantei.go.jp/101_kishida/statement/202112/_00011.html,japan,Prime Minister's Office of Japan (Kantei),ARCHIVE_CRAWL_SEEDED_INDEX,2026-09-22,https://japan.kantei.go.jp/101_kishida/statement/202112/index.html,DISCOVERED
https://japan.kantei.go.jp/101_kishida/statement/202112/_00012.html,japan,Prime Minister's Office of Japan (Kantei),ARCHIVE_CRAWL_SEEDED_INDEX,2026-09-22,https://japan.kantei.go.jp/101_kishida/statement/202112/index.html,DISCOVERED
https://japan.kantei.go.jp/101_kishida/statement/202112/_00013.html,japan,Prime Minister's Office of Japan (Kantei),ARCHIVE_CRAWL_SEEDED_INDEX,2026-09-22,https://japan.kantei.go.jp/101_kishida/statement/202112/index.html,DISCOVERED
https://japan.kantei.go.jp/101_kishida/statement/202112/_00014.html,japan,Prime Minister's Office of Japan (Kantei),ARCHIVE_CRAWL_SEEDED_INDEX,2026-09-22,https://japan.kantei.go.jp/101_kishida/statement/202112/index.html,DISCOVERED
https://japan.kantei.go.jp/101_kishida/statement/202201/_00001.html,japan,Prime Minister's Office of Japan (Kantei),ARCHIVE_CRAWL_SEEDED_INDEX,2026-09-22,https://japan.kantei.go.jp/101_kishida/statement/202201/index.html,DISCOVERED
https://japan.kantei.go.jp/101_kishida/statement/202201/_00003.html,japan,Prime Minister's Office of Japan (Kantei),ARCHIVE_CRAWL_SEEDED_INDEX,2026-09-22,https://japan.kantei.go.jp/101_kishida/statement/202201/index.html,DISCOVERED
https://japan.kantei.go.jp/101_kishida/statement/202201/_00004.html,japan,Prime Minister's Office of Japan (Kantei),ARCHIVE_CRAWL_SEEDED_INDEX,2026-09-22,https://japan.kantei.go.jp/101_kishida/statement/202201/index.html,DISCOVERED
https://japan.kantei.go.jp/101_kishida/statement/202201/_00005.html,japan,Prime Minister's Office of Japan (Kantei),ARCHIVE_CRAWL_SEEDED_INDEX,2026-09-22,https://japan.kantei.go.jp/101_kishida/statement/202201/index.html,DISCOVERED
https://japan.kantei.go.jp/101_kishida/statement/202201/_00006.html,japan,Prime Minister's Office of Japan (Kantei),ARCHIVE_CRAWL_SEEDED_INDEX,2026-09-22,https://japan.kantei.go.jp/101_kishida/statement/202201/index.html,DISCOVERED
https://japan.kantei.go.jp/101_kishida/statement/202201/_00007.html,japan,Prime Minister's Office of Japan (Kantei),ARCHIVE_CRAWL_SEEDED_INDEX,2026-09-22,https://japan.kantei.go.jp/101_kishida/statement/202201/index.html,DISCOVERED
https://japan.kantei.go.jp/101_kishida/statement/202201/_00008.html,japan,Prime Minister's Office of Japan (Kantei),ARCHIVE_CRAWL_SEEDED_INDEX,2026-09-22,https://japan.kantei.go.jp/101_kishida/statement/202201/index.html,DISCOVERED
https://japan.kantei.go.jp/101_kishida/statement/202201/_00009.html,japan,Prime Minister's Office of Japan (Kantei),ARCHIVE_CRAWL_SEEDED_INDEX,2026-09-22,https://japan.kantei.go.jp/101_kishida/statement/202201/index.html,DISCOVERED
https://japan.kantei.go.jp/101_kishida/statement/202201/_00010.html,japan,Prime Minister's Office of Japan (Kantei),ARCHIVE_CRAWL_SEEDED_INDEX,2026-09-22,https://japan.kantei.go.jp/101_kishida/statement/202201/index.html,DISCOVERED
https://japan.kantei.go.jp/101_kishida/statement/202201/_00011.html,japan,Prime Minister's Office of Japan (Kantei),ARCHIVE_CRAWL_SEEDED_INDEX,2026-09-22,https://japan.kantei.go.jp/101_kishida/statement/202201/index.html,DISCOVERED
https://japan.kantei.go.jp/101_kishida/statement/202201/_00012.html,japan,Prime Minister's Office of Japan (Kantei),ARCHIVE_CRAWL_SEEDED_INDEX,2026-09-22,https://japan.kantei.go.jp/101_kishida/statement/202201/index.html,DISCOVERED
https://japan.kantei.go.jp/101_kishida/statement/202201/_00013.html,japan,Prime Minister's Office of Japan (Kantei),ARCHIVE_CRAWL_SEEDED_INDEX,2026-09-22,https://japan.kantei.go.jp/101_kishida/statement/202201/index.html,DISCOVERED
https://japan.kantei.go.jp/101_kishida/statement/202201/_00014.html,japan,Prime Minister's Office of Japan (Kantei),ARCHIVE_CRAWL_SEEDED_INDEX,2026-09-22,https://japan.kantei.go.jp/101_kishida/statement/202201/index.html,DISCOVERED
https://japan.kantei.go.jp/101_kishida/statement/202201/_00015.html,japan,Prime Minister's Office of Japan (Kantei),ARCHIVE_CRAWL_SEEDED_INDEX,2026-09-22,https://japan.kantei.go.jp/101_kishida/statement/202201/index.html,DISCOVERED
https://japan.kantei.go.jp/tag/0001.html,japan,Prime Minister's Office of Japan (Kantei),ARCHIVE_CRAWL_SEEDED_INDEX,2026-09-22,https://japan.kantei.go.jp/101_kishida/statement/202201/index.html,DISCOVERED
https://japan.kantei.go.jp/tag/0002.html,japan,Prime Minister's Office of Japan (Kantei),ARCHIVE_CRAWL_SEEDED_INDEX,2026-09-22,https://japan.kantei.go.jp/101_kishida/statement/202201/index.html,DISCOVERED
https://japan.kantei.go.jp/tag/0003.html,japan,Prime Minister's Office of Japan (Kantei),ARCHIVE_CRAWL_SEEDED_INDEX,2026-09-22,https://japan.kantei.go.jp/101_kishida/statement/202201/index.html,DISCOVERED
https://japan.kantei.go.jp/tag/0005.html,japan,Prime Minister's Office of Japan (Kantei),ARCHIVE_CRAWL_SEEDED_INDEX,2026-09-22,https://japan.kantei.go.jp/101_kishida/statement/202201/index.html,DISCOVERED
https://japan.kantei.go.jp/tag/0095.html,japan,Prime Minister's Office of Japan (Kantei),ARCHIVE_CRAWL_SEEDED_INDEX,2026-09-22,https://japan.kantei.go.jp/101_kishida/statement/202201/index.html,DISCOVERED
https://japan.kantei.go.jp/101_kishida/statement/202202/_00002.html,japan,Prime Minister's Office of Japan (Kantei),ARCHIVE_CRAWL_SEEDED_INDEX,2026-09-22,https://japan.kantei.go.jp/101_kishida/statement/202202/index.html,DISCOVERED
https://japan.kantei.go.jp/101_kishida/statement/202202/_00003.html,japan,Prime Minister's Office of Japan (Kantei),ARCHIVE_CRAWL_SEEDED_INDEX,2026-09-22,https://japan.kantei.go.jp/101_kishida/statement/202202/index.html,DISCOVERED
https://japan.kantei.go.jp/101_kishida/statement/202202/_00004.html,japan,Prime Minister's Office of Japan (Kantei),ARCHIVE_CRAWL_SEEDED_INDEX,2026-09-22,https://japan.kantei.go.jp/101_kishida/statement/202202/index.html,DISCOVERED
https://japan.kantei.go.jp/101_kishida/statement/202202/_00005.html,japan,Prime Minister's Office of Japan (Kantei),ARCHIVE_CRAWL_SEEDED_INDEX,2026-09-22,https://japan.kantei.go.jp/101_kishida/statement/202202/index.html,DISCOVERED
https://japan.kantei.go.jp/101_kishida/statement/202202/_00006.html,japan,Prime Minister's Office of Japan (Kantei),ARCHIVE_CRAWL_SEEDED_INDEX,2026-09-22,https://japan.kantei.go.jp/101_kishida/statement/202202/index.html,DISCOVERED
https://japan.kantei.go.jp/101_kishida/statement/202202/_00007.html,japan,Prime Minister's Office of Japan (Kantei),ARCHIVE_CRAWL_SEEDED_INDEX,2026-09-22,https://japan.kantei.go.jp/101_kishida/statement/202202/index.html,DISCOVERED
https://japan.kantei.go.jp/101_kishida/statement/202202/_00008.html,japan,Prime Minister's Office of Japan (Kantei),ARCHIVE_CRAWL_SEEDED_INDEX,2026-09-22,https://japan.kantei.go.jp/101_kishida/statement/202202/index.html,DISCOVERED
https://japan.kantei.go.jp/101_kishida/statement/202202/_00009.html,japan,Prime Minister's Office of Japan (Kantei),ARCHIVE_CRAWL_SEEDED_INDEX,2026-09-22,https://japan.kantei.go.jp/101_kishida/statement/202202/index.html,DISCOVERED
https://japan.kantei.go.jp/101_kishida/statement/202202/_00010.html,japan,Prime Minister's Office of Japan (Kantei),ARCHIVE_CRAWL_SEEDED_INDEX,2026-09-22,https://japan.kantei.go.jp/101_kishida/statement/202202/index.html,DISCOVERED
https://japan.kantei.go.jp/101_kishida/statement/202202/_00011.html,japan,Prime Minister's Office of Japan (Kantei),ARCHIVE_CRAWL_SEEDED_INDEX,2026-09-22,https://japan.kantei.go.jp/101_kishida/statement/202202/index.html,DISCOVERED
https://japan.kantei.go.jp/101_kishida/statement/202202/_00012.html,japan,Prime Minister's Office of Japan (Kantei),ARCHIVE_CRAWL_SEEDED_INDEX,2026-09-22,https://japan.kantei.go.jp/101_kishida/statement/202202/index.html,DISCOVERED
https://japan.kantei.go.jp/101_kishida/statement/202202/_00013.html,japan,Prime Minister's Office of Japan (Kantei),ARCHIVE_CRAWL_SEEDED_INDEX,2026-09-22,https://japan.kantei.go.jp/101_kishida/statement/202202/index.html,DISCOVERED
https://japan.kantei.go.jp/101_kishida/statement/202202/_00014.html,japan,Prime Minister's Office of Japan (Kantei),ARCHIVE_CRAWL_SEEDED_INDEX,2026-09-22,https://japan.kantei.go.jp/101_kishida/statement/202202/index.html,DISCOVERED
https://japan.kantei.go.jp/101_kishida/statement/202202/_00016.html,japan,Prime Minister's Office of Japan (Kantei),ARCHIVE_CRAWL_SEEDED_INDEX,2026-09-22,https://japan.kantei.go.jp/101_kishida/statement/202202/index.html,DISCOVERED
https://japan.kantei.go.jp/tag/0027.html,japan,Prime Minister's Office of Japan (Kantei),ARCHIVE_CRAWL_SEEDED_INDEX,2026-09-22,https://japan.kantei.go.jp/101_kishida/statement/202202/index.html,DISCOVERED
https://japan.kantei.go.jp/tag/0048.html,japan,Prime Minister's Office of Japan (Kantei),ARCHIVE_CRAWL_SEEDED_INDEX,2026-09-22,https://japan.kantei.go.jp/101_kishida/statement/202202/index.html,DISCOVERED
https://japan.kantei.go.jp/101_kishida/statement/202203/_00002.html,japan,Prime Minister's Office of Japan (Kantei),ARCHIVE_CRAWL_SEEDED_INDEX,2026-09-22,https://japan.kantei.go.jp/101_kishida/statement/202203/index.html,DISCOVERED
https://japan.kantei.go.jp/101_kishida/statement/202203/_00003.html,japan,Prime Minister's Office of Japan (Kantei),ARCHIVE_CRAWL_SEEDED_INDEX,2026-09-22,https://japan.kantei.go.jp/101_kishida/statement/202203/index.html,DISCOVERED
https://japan.kantei.go.jp/101_kishida/statement/202203/_00005.html,japan,Prime Minister's Office of Japan (Kantei),ARCHIVE_CRAWL_SEEDED_INDEX,2026-09-22,https://japan.kantei.go.jp/101_kishida/statement/202203/index.html,DISCOVERED
https://japan.kantei.go.jp/101_kishida/statement/202203/_00006.html,japan,Prime Minister's Office of Japan (Kantei),ARCHIVE_CRAWL_SEEDED_INDEX,2026-09-22,https://japan.kantei.go.jp/101_kishida/statement/202203/index.html,DISCOVERED
https://japan.kantei.go.jp/101_kishida/statement/202203/_00007.html,japan,Prime Minister's Office of Japan (Kantei),ARCHIVE_CRAWL_SEEDED_INDEX,2026-09-22,https://japan.kantei.go.jp/101_kishida/statement/202203/index.html,DISCOVERED
https://japan.kantei.go.jp/101_kishida/statement/202203/_00008.html,japan,Prime Minister's Office of Japan (Kantei),ARCHIVE_CRAWL_SEEDED_INDEX,2026-09-22,https://japan.kantei.go.jp/101_kishida/statement/202203/index.html,DISCOVERED
https://japan.kantei.go.jp/101_kishida/statement/202203/_00009.html,japan,Prime Minister's Office of Japan (Kantei),ARCHIVE_CRAWL_SEEDED_INDEX,2026-09-22,https://japan.kantei.go.jp/101_kishida/statement/202203/index.html,DISCOVERED
https://japan.kantei.go.jp/101_kishida/statement/202203/_00010.html,japan,Prime Minister's Office of Japan (Kantei),ARCHIVE_CRAWL_SEEDED_INDEX,2026-09-22,https://japan.kantei.go.jp/101_kishida/statement/202203/index.html,DISCOVERED
https://japan.kantei.go.jp/101_kishida/statement/202203/_00011.html,japan,Prime Minister's Office of Japan (Kantei),ARCHIVE_CRAWL_SEEDED_INDEX,2026-09-22,https://japan.kantei.go.jp/101_kishida/statement/202203/index.html,DISCOVERED
https://japan.kantei.go.jp/101_kishida/statement/202203/_00012.html,japan,Prime Minister's Office of Japan (Kantei),ARCHIVE_CRAWL_SEEDED_INDEX,2026-09-22,https://japan.kantei.go.jp/101_kishida/statement/202203/index.html,DISCOVERED
https://japan.kantei.go.jp/101_kishida/statement/202203/_00013.html,japan,Prime Minister's Office of Japan (Kantei),ARCHIVE_CRAWL_SEEDED_INDEX,2026-09-22,https://japan.kantei.go.jp/101_kishida/statement/202203/index.html,DISCOVERED
https://japan.kantei.go.jp/101_kishida/statement/202203/_00014.html,japan,Prime Minister's Office of Japan (Kantei),ARCHIVE_CRAWL_SEEDED_INDEX,2026-09-22,https://japan.kantei.go.jp/101_kishida/statement/202203/index.html,DISCOVERED
https://japan.kantei.go.jp/101_kishida/statement/202203/_00015.html,japan,Prime Minister's Office of Japan (Kantei),ARCHIVE_CRAWL_SEEDED_INDEX,2026-09-22,https://japan.kantei.go.jp/101_kishida/statement/202203/index.html,DISCOVERED
https://japan.kantei.go.jp/101_kishida/statement/202203/_00016.html,japan,Prime Minister's Office of Japan (Kantei),ARCHIVE_CRAWL_SEEDED_INDEX,2026-09-22,https://japan.kantei.go.jp/101_kishida/statement/202203/index.html,DISCOVERED
https://japan.kantei.go.jp/101_kishida/statement/202203/_00017.html,japan,Prime Minister's Office of Japan (Kantei),ARCHIVE_CRAWL_SEEDED_INDEX,2026-09-22,https://japan.kantei.go.jp/101_kishida/statement/202203/index.html,DISCOVERED
https://japan.kantei.go.jp/101_kishida/statement/202203/_00018.html,japan,Prime Minister's Office of Japan (Kantei),ARCHIVE_CRAWL_SEEDED_INDEX,2026-09-22,https://japan.kantei.go.jp/101_kishida/statement/202203/index.html,DISCOVERED
https://japan.kantei.go.jp/101_kishida/statement/202203/_00019.html,japan,Prime Minister's Office of Japan (Kantei),ARCHIVE_CRAWL_SEEDED_INDEX,2026-09-22,https://japan.kantei.go.jp/101_kishida/statement/202203/index.html,DISCOVERED
https://japan.kantei.go.jp/101_kishida/statement/202203/_00020.html,japan,Prime Minister's Office of Japan (Kantei),ARCHIVE_CRAWL_SEEDED_INDEX,2026-09-22,https://japan.kantei.go.jp/101_kishida/statement/202203/index.html,DISCOVERED
https://japan.kantei.go.jp/101_kishida/statement/202203/_00021.html,japan,Prime Minister's Office of Japan (Kantei),ARCHIVE_CRAWL_SEEDED_INDEX,2026-09-22,https://japan.kantei.go.jp/101_kishida/statement/202203/index.html,DISCOVERED
https://japan.kantei.go.jp/101_kishida/statement/202203/_00022.html,japan,Prime Minister's Office of Japan (Kantei),ARCHIVE_CRAWL_SEEDED_INDEX,2026-09-22,https://japan.kantei.go.jp/101_kishida/statement/202203/index.html,DISCOVERED
https://japan.kantei.go.jp/101_kishida/statement/202203/_00023.html,japan,Prime Minister's Office of Japan (Kantei),ARCHIVE_CRAWL_SEEDED_INDEX,2026-09-22,https://japan.kantei.go.jp/101_kishida/statement/202203/index.html,DISCOVERED
https://japan.kantei.go.jp/101_kishida/statement/202203/_00024.html,japan,Prime Minister's Office of Japan (Kantei),ARCHIVE_CRAWL_SEEDED_INDEX,2026-09-22,https://japan.kantei.go.jp/101_kishida/statement/202203/index.html,DISCOVERED
https://japan.kantei.go.jp/101_kishida/statement/202203/_00025.html,japan,Prime Minister's Office of Japan (Kantei),ARCHIVE_CRAWL_SEEDED_INDEX,2026-09-22,https://japan.kantei.go.jp/101_kishida/statement/202203/index.html,DISCOVERED
https://japan.kantei.go.jp/101_kishida/statement/202203/_00026.html,japan,Prime Minister's Office of Japan (Kantei),ARCHIVE_CRAWL_SEEDED_INDEX,2026-09-22,https://japan.kantei.go.jp/101_kishida/statement/202203/index.html,DISCOVERED
https://japan.kantei.go.jp/101_kishida/statement/202203/_00027.html,japan,Prime Minister's Office of Japan (Kantei),ARCHIVE_CRAWL_SEEDED_INDEX,2026-09-22,https://japan.kantei.go.jp/101_kishida/statement/202203/index.html,DISCOVERED
https://japan.kantei.go.jp/101_kishida/statement/202203/_00028.html,japan,Prime Minister's Office of Japan (Kantei),ARCHIVE_CRAWL_SEEDED_INDEX,2026-09-22,https://japan.kantei.go.jp/101_kishida/statement/202203/index.html,DISCOVERED
https://japan.kantei.go.jp/tag/0017.html,japan,Prime Minister's Office of Japan (Kantei),ARCHIVE_CRAWL_SEEDED_INDEX,2026-09-22,https://japan.kantei.go.jp/101_kishida/statement/202203/index.html,DISCOVERED
https://japan.kantei.go.jp/tag/0021.html,japan,Prime Minister's Office of Japan (Kantei),ARCHIVE_CRAWL_SEEDED_INDEX,2026-09-22,https://japan.kantei.go.jp/101_kishida/statement/202203/index.html,DISCOVERED
https://japan.kantei.go.jp/tag/0093.html,japan,Prime Minister's Office of Japan (Kantei),ARCHIVE_CRAWL_SEEDED_INDEX,2026-09-22,https://japan.kantei.go.jp/101_kishida/statement/202203/index.html,DISCOVERED
https://japan.kantei.go.jp/101_kishida/statement/202204/_00001.html,japan,Prime Minister's Office of Japan (Kantei),ARCHIVE_CRAWL_SEEDED_INDEX,2026-09-22,https://japan.kantei.go.jp/101_kishida/statement/202204/index.html,DISCOVERED
https://japan.kantei.go.jp/101_kishida/statement/202204/_00004.html,japan,Prime Minister's Office of Japan (Kantei),ARCHIVE_CRAWL_SEEDED_INDEX,2026-09-22,https://japan.kantei.go.jp/101_kishida/statement/202204/index.html,DISCOVERED
https://japan.kantei.go.jp/101_kishida/statement/202204/_00005.html,japan,Prime Minister's Office of Japan (Kantei),ARCHIVE_CRAWL_SEEDED_INDEX,2026-09-22,https://japan.kantei.go.jp/101_kishida/statement/202204/index.html,DISCOVERED
https://japan.kantei.go.jp/101_kishida/statement/202204/_00006.html,japan,Prime Minister's Office of Japan (Kantei),ARCHIVE_CRAWL_SEEDED_INDEX,2026-09-22,https://japan.kantei.go.jp/101_kishida/statement/202204/index.html,DISCOVERED
https://japan.kantei.go.jp/101_kishida/statement/202204/_00007.html,japan,Prime Minister's Office of Japan (Kantei),ARCHIVE_CRAWL_SEEDED_INDEX,2026-09-22,https://japan.kantei.go.jp/101_kishida/statement/202204/index.html,DISCOVERED
https://japan.kantei.go.jp/101_kishida/statement/202204/_00008.html,japan,Prime Minister's Office of Japan (Kantei),ARCHIVE_CRAWL_SEEDED_INDEX,2026-09-22,https://japan.kantei.go.jp/101_kishida/statement/202204/index.html,DISCOVERED
https://japan.kantei.go.jp/101_kishida/statement/202204/_00009.html,japan,Prime Minister's Office of Japan (Kantei),ARCHIVE_CRAWL_SEEDED_INDEX,2026-09-22,https://japan.kantei.go.jp/101_kishida/statement/202204/index.html,DISCOVERED
https://japan.kantei.go.jp/101_kishida/statement/202204/_00010.html,japan,Prime Minister's Office of Japan (Kantei),ARCHIVE_CRAWL_SEEDED_INDEX,2026-09-22,https://japan.kantei.go.jp/101_kishida/statement/202204/index.html,DISCOVERED
https://japan.kantei.go.jp/101_kishida/statement/202204/_00011.html,japan,Prime Minister's Office of Japan (Kantei),ARCHIVE_CRAWL_SEEDED_INDEX,2026-09-22,https://japan.kantei.go.jp/101_kishida/statement/202204/index.html,DISCOVERED
https://japan.kantei.go.jp/101_kishida/statement/202204/_00012.html,japan,Prime Minister's Office of Japan (Kantei),ARCHIVE_CRAWL_SEEDED_INDEX,2026-09-22,https://japan.kantei.go.jp/101_kishida/statement/202204/index.html,DISCOVERED
https://japan.kantei.go.jp/101_kishida/statement/202204/_00014.html,japan,Prime Minister's Office of Japan (Kantei),ARCHIVE_CRAWL_SEEDED_INDEX,2026-09-22,https://japan.kantei.go.jp/101_kishida/statement/202204/index.html,DISCOVERED
https://japan.kantei.go.jp/101_kishida/statement/202204/_00015.html,japan,Prime Minister's Office of Japan (Kantei),ARCHIVE_CRAWL_SEEDED_INDEX,2026-09-22,https://japan.kantei.go.jp/101_kishida/statement/202204/index.html,DISCOVERED
https://japan.kantei.go.jp/101_kishida/statement/202204/_00016.html,japan,Prime Minister's Office of Japan (Kantei),ARCHIVE_CRAWL_SEEDED_INDEX,2026-09-22,https://japan.kantei.go.jp/101_kishida/statement/202204/index.html,DISCOVERED
https://japan.kantei.go.jp/101_kishida/statement/202204/_00017.html,japan,Prime Minister's Office of Japan (Kantei),ARCHIVE_CRAWL_SEEDED_INDEX,2026-09-22,https://japan.kantei.go.jp/101_kishida/statement/202204/index.html,DISCOVERED
https://japan.kantei.go.jp/101_kishida/statement/202205/_00001.html,japan,Prime Minister's Office of Japan (Kantei),ARCHIVE_CRAWL_SEEDED_INDEX,2026-09-22,https://japan.kantei.go.jp/101_kishida/statement/202205/index.html,DISCOVERED
https://japan.kantei.go.jp/101_kishida/statement/202205/_00002.html,japan,Prime Minister's Office of Japan (Kantei),ARCHIVE_CRAWL_SEEDED_INDEX,2026-09-22,https://japan.kantei.go.jp/101_kishida/statement/202205/index.html,DISCOVERED
https://japan.kantei.go.jp/101_kishida/statement/202205/_00003.html,japan,Prime Minister's Office of Japan (Kantei),ARCHIVE_CRAWL_SEEDED_INDEX,2026-09-22,https://japan.kantei.go.jp/101_kishida/statement/202205/index.html,DISCOVERED
https://japan.kantei.go.jp/101_kishida/statement/202205/_00004.html,japan,Prime Minister's Office of Japan (Kantei),ARCHIVE_CRAWL_SEEDED_INDEX,2026-09-22,https://japan.kantei.go.jp/101_kishida/statement/202205/index.html,DISCOVERED
https://japan.kantei.go.jp/101_kishida/statement/202205/_00005.html,japan,Prime Minister's Office of Japan (Kantei),ARCHIVE_CRAWL_SEEDED_INDEX,2026-09-22,https://japan.kantei.go.jp/101_kishida/statement/202205/index.html,DISCOVERED
https://japan.kantei.go.jp/101_kishida/statement/202205/_00006.html,japan,Prime Minister's Office of Japan (Kantei),ARCHIVE_CRAWL_SEEDED_INDEX,2026-09-22,https://japan.kantei.go.jp/101_kishida/statement/202205/index.html,DISCOVERED
https://japan.kantei.go.jp/101_kishida/statement/202205/_00007.html,japan,Prime Minister's Office of Japan (Kantei),ARCHIVE_CRAWL_SEEDED_INDEX,2026-09-22,https://japan.kantei.go.jp/101_kishida/statement/202205/index.html,DISCOVERED
https://japan.kantei.go.jp/101_kishida/statement/202205/_00008.html,japan,Prime Minister's Office of Japan (Kantei),ARCHIVE_CRAWL_SEEDED_INDEX,2026-09-22,https://japan.kantei.go.jp/101_kishida/statement/202205/index.html,DISCOVERED
https://japan.kantei.go.jp/101_kishida/statement/202205/_00009.html,japan,Prime Minister's Office of Japan (Kantei),ARCHIVE_CRAWL_SEEDED_INDEX,2026-09-22,https://japan.kantei.go.jp/101_kishida/statement/202205/index.html,DISCOVERED
https://japan.kantei.go.jp/101_kishida/statement/202205/_00010.html,japan,Prime Minister's Office of Japan (Kantei),ARCHIVE_CRAWL_SEEDED_INDEX,2026-09-22,https://japan.kantei.go.jp/101_kishida/statement/202205/index.html,DISCOVERED
https://japan.kantei.go.jp/101_kishida/statement/202205/_00011.html,japan,Prime Minister's Office of Japan (Kantei),ARCHIVE_CRAWL_SEEDED_INDEX,2026-09-22,https://japan.kantei.go.jp/101_kishida/statement/202205/index.html,DISCOVERED
https://japan.kantei.go.jp/101_kishida/statement/202205/_00012.html,japan,Prime Minister's Office of Japan (Kantei),ARCHIVE_CRAWL_SEEDED_INDEX,2026-09-22,https://japan.kantei.go.jp/101_kishida/statement/202205/index.html,DISCOVERED
https://japan.kantei.go.jp/101_kishida/statement/202205/_00013.html,japan,Prime Minister's Office of Japan (Kantei),ARCHIVE_CRAWL_SEEDED_INDEX,2026-09-22,https://japan.kantei.go.jp/101_kishida/statement/202205/index.html,DISCOVERED
https://japan.kantei.go.jp/101_kishida/statement/202205/_00014.html,japan,Prime Minister's Office of Japan (Kantei),ARCHIVE_CRAWL_SEEDED_INDEX,2026-09-22,https://japan.kantei.go.jp/101_kishida/statement/202205/index.html,DISCOVERED
https://japan.kantei.go.jp/101_kishida/statement/202205/_00015.html,japan,Prime Minister's Office of Japan (Kantei),ARCHIVE_CRAWL_SEEDED_INDEX,2026-09-22,https://japan.kantei.go.jp/101_kishida/statement/202205/index.html,DISCOVERED
https://japan.kantei.go.jp/101_kishida/statement/202206/_00001.html,japan,Prime Minister's Office of Japan (Kantei),ARCHIVE_CRAWL_SEEDED_INDEX,2026-09-22,https://japan.kantei.go.jp/101_kishida/statement/202206/index.html,DISCOVERED
https://japan.kantei.go.jp/101_kishida/statement/202206/_00002.html,japan,Prime Minister's Office of Japan (Kantei),ARCHIVE_CRAWL_SEEDED_INDEX,2026-09-22,https://japan.kantei.go.jp/101_kishida/statement/202206/index.html,DISCOVERED
https://japan.kantei.go.jp/101_kishida/statement/202206/_00004.html,japan,Prime Minister's Office of Japan (Kantei),ARCHIVE_CRAWL_SEEDED_INDEX,2026-09-22,https://japan.kantei.go.jp/101_kishida/statement/202206/index.html,DISCOVERED
https://japan.kantei.go.jp/101_kishida/statement/202206/_00005.html,japan,Prime Minister's Office of Japan (Kantei),ARCHIVE_CRAWL_SEEDED_INDEX,2026-09-22,https://japan.kantei.go.jp/101_kishida/statement/202206/index.html,DISCOVERED
https://japan.kantei.go.jp/101_kishida/statement/202206/_00006.html,japan,Prime Minister's Office of Japan (Kantei),ARCHIVE_CRAWL_SEEDED_INDEX,2026-09-22,https://japan.kantei.go.jp/101_kishida/statement/202206/index.html,DISCOVERED
https://japan.kantei.go.jp/101_kishida/statement/202206/_00007.html,japan,Prime Minister's Office of Japan (Kantei),ARCHIVE_CRAWL_SEEDED_INDEX,2026-09-22,https://japan.kantei.go.jp/101_kishida/statement/202206/index.html,DISCOVERED
https://japan.kantei.go.jp/101_kishida/statement/202206/_00009.html,japan,Prime Minister's Office of Japan (Kantei),ARCHIVE_CRAWL_SEEDED_INDEX,2026-09-22,https://japan.kantei.go.jp/101_kishida/statement/202206/index.html,DISCOVERED
https://japan.kantei.go.jp/101_kishida/statement/202206/_00010.html,japan,Prime Minister's Office of Japan (Kantei),ARCHIVE_CRAWL_SEEDED_INDEX,2026-09-22,https://japan.kantei.go.jp/101_kishida/statement/202206/index.html,DISCOVERED
https://japan.kantei.go.jp/101_kishida/statement/202206/_00011.html,japan,Prime Minister's Office of Japan (Kantei),ARCHIVE_CRAWL_SEEDED_INDEX,2026-09-22,https://japan.kantei.go.jp/101_kishida/statement/202206/index.html,DISCOVERED
https://japan.kantei.go.jp/101_kishida/statement/202206/_00012.html,japan,Prime Minister's Office of Japan (Kantei),ARCHIVE_CRAWL_SEEDED_INDEX,2026-09-22,https://japan.kantei.go.jp/101_kishida/statement/202206/index.html,DISCOVERED
https://japan.kantei.go.jp/101_kishida/statement/202206/_00013.html,japan,Prime Minister's Office of Japan (Kantei),ARCHIVE_CRAWL_SEEDED_INDEX,2026-09-22,https://japan.kantei.go.jp/101_kishida/statement/202206/index.html,DISCOVERED
https://japan.kantei.go.jp/101_kishida/statement/202206/_00015.html,japan,Prime Minister's Office of Japan (Kantei),ARCHIVE_CRAWL_SEEDED_INDEX,2026-09-22,https://japan.kantei.go.jp/101_kishida/statement/202206/index.html,DISCOVERED
https://japan.kantei.go.jp/101_kishida/statement/202206/_00016.html,japan,Prime Minister's Office of Japan (Kantei),ARCHIVE_CRAWL_SEEDED_INDEX,2026-09-22,https://japan.kantei.go.jp/101_kishida/statement/202206/index.html,DISCOVERED
https://japan.kantei.go.jp/101_kishida/statement/202207/_00002.html,japan,Prime Minister's Office of Japan (Kantei),ARCHIVE_CRAWL_SEEDED_INDEX,2026-09-22,https://japan.kantei.go.jp/101_kishida/statement/202207/index.html,DISCOVERED
https://japan.kantei.go.jp/101_kishida/statement/202207/_00003.html,japan,Prime Minister's Office of Japan (Kantei),ARCHIVE_CRAWL_SEEDED_INDEX,2026-09-22,https://japan.kantei.go.jp/101_kishida/statement/202207/index.html,DISCOVERED
https://japan.kantei.go.jp/101_kishida/statement/202207/_00004.html,japan,Prime Minister's Office of Japan (Kantei),ARCHIVE_CRAWL_SEEDED_INDEX,2026-09-22,https://japan.kantei.go.jp/101_kishida/statement/202207/index.html,DISCOVERED
https://japan.kantei.go.jp/101_kishida/statement/202207/_00006.html,japan,Prime Minister's Office of Japan (Kantei),ARCHIVE_CRAWL_SEEDED_INDEX,2026-09-22,https://japan.kantei.go.jp/101_kishida/statement/202207/index.html,DISCOVERED
https://japan.kantei.go.jp/101_kishida/statement/202207/_00007.html,japan,Prime Minister's Office of Japan (Kantei),ARCHIVE_CRAWL_SEEDED_INDEX,2026-09-22,https://japan.kantei.go.jp/101_kishida/statement/202207/index.html,DISCOVERED
https://japan.kantei.go.jp/101_kishida/statement/202207/_00008.html,japan,Prime Minister's Office of Japan (Kantei),ARCHIVE_CRAWL_SEEDED_INDEX,2026-09-22,https://japan.kantei.go.jp/101_kishida/statement/202207/index.html,DISCOVERED
https://japan.kantei.go.jp/101_kishida/statement/202207/_00009.html,japan,Prime Minister's Office of Japan (Kantei),ARCHIVE_CRAWL_SEEDED_INDEX,2026-09-22,https://japan.kantei.go.jp/101_kishida/statement/202207/index.html,DISCOVERED
https://japan.kantei.go.jp/101_kishida/statement/202207/_00010.html,japan,Prime Minister's Office of Japan (Kantei),ARCHIVE_CRAWL_SEEDED_INDEX,2026-09-22,https://japan.kantei.go.jp/101_kishida/statement/202207/index.html,DISCOVERED
https://japan.kantei.go.jp/101_kishida/statement/202208/_00001.html,japan,Prime Minister's Office of Japan (Kantei),ARCHIVE_CRAWL_SEEDED_INDEX,2026-09-22,https://japan.kantei.go.jp/101_kishida/statement/202208/index.html,DISCOVERED
https://japan.kantei.go.jp/101_kishida/statement/202208/_00002.html,japan,Prime Minister's Office of Japan (Kantei),ARCHIVE_CRAWL_SEEDED_INDEX,2026-09-22,https://japan.kantei.go.jp/101_kishida/statement/202208/index.html,DISCOVERED
https://japan.kantei.go.jp/101_kishida/statement/202208/_00003.html,japan,Prime Minister's Office of Japan (Kantei),ARCHIVE_CRAWL_SEEDED_INDEX,2026-09-22,https://japan.kantei.go.jp/101_kishida/statement/202208/index.html,DISCOVERED
https://japan.kantei.go.jp/101_kishida/statement/202208/_00004.html,japan,Prime Minister's Office of Japan (Kantei),ARCHIVE_CRAWL_SEEDED_INDEX,2026-09-22,https://japan.kantei.go.jp/101_kishida/statement/202208/index.html,DISCOVERED
https://japan.kantei.go.jp/101_kishida/statement/202208/_00005.html,japan,Prime Minister's Office of Japan (Kantei),ARCHIVE_CRAWL_SEEDED_INDEX,2026-09-22,https://japan.kantei.go.jp/101_kishida/statement/202208/index.html,DISCOVERED
https://japan.kantei.go.jp/101_kishida/statement/202208/_00006.html,japan,Prime Minister's Office of Japan (Kantei),ARCHIVE_CRAWL_SEEDED_INDEX,2026-09-22,https://japan.kantei.go.jp/101_kishida/statement/202208/index.html,DISCOVERED
https://japan.kantei.go.jp/101_kishida/statement/202208/_00007.html,japan,Prime Minister's Office of Japan (Kantei),ARCHIVE_CRAWL_SEEDED_INDEX,2026-09-22,https://japan.kantei.go.jp/101_kishida/statement/202208/index.html,DISCOVERED
https://japan.kantei.go.jp/101_kishida/statement/202208/_00009.html,japan,Prime Minister's Office of Japan (Kantei),ARCHIVE_CRAWL_SEEDED_INDEX,2026-09-22,https://japan.kantei.go.jp/101_kishida/statement/202208/index.html,DISCOVERED
https://japan.kantei.go.jp/101_kishida/statement/202208/_00011.html,japan,Prime Minister's Office of Japan (Kantei),ARCHIVE_CRAWL_SEEDED_INDEX,2026-09-22,https://japan.kantei.go.jp/101_kishida/statement/202208/index.html,DISCOVERED
https://japan.kantei.go.jp/101_kishida/statement/202208/_00012.html,japan,Prime Minister's Office of Japan (Kantei),ARCHIVE_CRAWL_SEEDED_INDEX,2026-09-22,https://japan.kantei.go.jp/101_kishida/statement/202208/index.html,DISCOVERED
https://japan.kantei.go.jp/101_kishida/statement/202208/_00013.html,japan,Prime Minister's Office of Japan (Kantei),ARCHIVE_CRAWL_SEEDED_INDEX,2026-09-22,https://japan.kantei.go.jp/101_kishida/statement/202208/index.html,DISCOVERED
https://japan.kantei.go.jp/101_kishida/statement/202208/_00015.html,japan,Prime Minister's Office of Japan (Kantei),ARCHIVE_CRAWL_SEEDED_INDEX,2026-09-22,https://japan.kantei.go.jp/101_kishida/statement/202208/index.html,DISCOVERED
https://japan.kantei.go.jp/101_kishida/statement/202208/_00016.html,japan,Prime Minister's Office of Japan (Kantei),ARCHIVE_CRAWL_SEEDED_INDEX,2026-09-22,https://japan.kantei.go.jp/101_kishida/statement/202208/index.html,DISCOVERED
https://japan.kantei.go.jp/101_kishida/statement/202208/_00017.html,japan,Prime Minister's Office of Japan (Kantei),ARCHIVE_CRAWL_SEEDED_INDEX,2026-09-22,https://japan.kantei.go.jp/101_kishida/statement/202208/index.html,DISCOVERED
https://japan.kantei.go.jp/101_kishida/statement/202208/_00019.html,japan,Prime Minister's Office of Japan (Kantei),ARCHIVE_CRAWL_SEEDED_INDEX,2026-09-22,https://japan.kantei.go.jp/101_kishida/statement/202208/index.html,DISCOVERED
https://japan.kantei.go.jp/101_kishida/statement/202208/_00020.html,japan,Prime Minister's Office of Japan (Kantei),ARCHIVE_CRAWL_SEEDED_INDEX,2026-09-22,https://japan.kantei.go.jp/101_kishida/statement/202208/index.html,DISCOVERED
https://japan.kantei.go.jp/101_kishida/statement/202208/_00021.html,japan,Prime Minister's Office of Japan (Kantei),ARCHIVE_CRAWL_SEEDED_INDEX,2026-09-22,https://japan.kantei.go.jp/101_kishida/statement/202208/index.html,DISCOVERED
https://japan.kantei.go.jp/101_kishida/statement/202208/_00022.html,japan,Prime Minister's Office of Japan (Kantei),ARCHIVE_CRAWL_SEEDED_INDEX,2026-09-22,https://japan.kantei.go.jp/101_kishida/statement/202208/index.html,DISCOVERED
https://japan.kantei.go.jp/101_kishida/statement/202208/_00024.html,japan,Prime Minister's Office of Japan (Kantei),ARCHIVE_CRAWL_SEEDED_INDEX,2026-09-22,https://japan.kantei.go.jp/101_kishida/statement/202208/index.html,DISCOVERED
https://japan.kantei.go.jp/101_kishida/statement/202208/_00027.html,japan,Prime Minister's Office of Japan (Kantei),ARCHIVE_CRAWL_SEEDED_INDEX,2026-09-22,https://japan.kantei.go.jp/101_kishida/statement/202208/index.html,DISCOVERED
https://japan.kantei.go.jp/101_kishida/statement/202208/_00028.html,japan,Prime Minister's Office of Japan (Kantei),ARCHIVE_CRAWL_SEEDED_INDEX,2026-09-22,https://japan.kantei.go.jp/101_kishida/statement/202208/index.html,DISCOVERED
https://japan.kantei.go.jp/101_kishida/statement/202208/_00029.html,japan,Prime Minister's Office of Japan (Kantei),ARCHIVE_CRAWL_SEEDED_INDEX,2026-09-22,https://japan.kantei.go.jp/101_kishida/statement/202208/index.html,DISCOVERED
https://japan.kantei.go.jp/101_kishida/statement/202208/_00031.html,japan,Prime Minister's Office of Japan (Kantei),ARCHIVE_CRAWL_SEEDED_INDEX,2026-09-22,https://japan.kantei.go.jp/101_kishida/statement/202208/index.html,DISCOVERED
https://japan.kantei.go.jp/tag/0004.html,japan,Prime Minister's Office of Japan (Kantei),ARCHIVE_CRAWL_SEEDED_INDEX,2026-09-22,https://japan.kantei.go.jp/101_kishida/statement/202208/index.html,DISCOVERED
https://japan.kantei.go.jp/tag/0037.html,japan,Prime Minister's Office of Japan (Kantei),ARCHIVE_CRAWL_SEEDED_INDEX,2026-09-22,https://japan.kantei.go.jp/101_kishida/statement/202208/index.html,DISCOVERED
https://japan.kantei.go.jp/101_kishida/statement/202209/_00001.html,japan,Prime Minister's Office of Japan (Kantei),ARCHIVE_CRAWL_SEEDED_INDEX,2026-09-22,https://japan.kantei.go.jp/101_kishida/statement/202209/index.html,DISCOVERED
https://japan.kantei.go.jp/101_kishida/statement/202209/_00002.html,japan,Prime Minister's Office of Japan (Kantei),ARCHIVE_CRAWL_SEEDED_INDEX,2026-09-22,https://japan.kantei.go.jp/101_kishida/statement/202209/index.html,DISCOVERED
https://japan.kantei.go.jp/101_kishida/statement/202209/_00003.html,japan,Prime Minister's Office of Japan (Kantei),ARCHIVE_CRAWL_SEEDED_INDEX,2026-09-22,https://japan.kantei.go.jp/101_kishida/statement/202209/index.html,DISCOVERED
https://japan.kantei.go.jp/101_kishida/statement/202209/_00004.html,japan,Prime Minister's Office of Japan (Kantei),ARCHIVE_CRAWL_SEEDED_INDEX,2026-09-22,https://japan.kantei.go.jp/101_kishida/statement/202209/index.html,DISCOVERED
https://japan.kantei.go.jp/101_kishida/statement/202209/_00005.html,japan,Prime Minister's Office of Japan (Kantei),ARCHIVE_CRAWL_SEEDED_INDEX,2026-09-22,https://japan.kantei.go.jp/101_kishida/statement/202209/index.html,DISCOVERED
https://japan.kantei.go.jp/101_kishida/statement/202209/_00006.html,japan,Prime Minister's Office of Japan (Kantei),ARCHIVE_CRAWL_SEEDED_INDEX,2026-09-22,https://japan.kantei.go.jp/101_kishida/statement/202209/index.html,DISCOVERED
https://japan.kantei.go.jp/101_kishida/statement/202209/_00008.html,japan,Prime Minister's Office of Japan (Kantei),ARCHIVE_CRAWL_SEEDED_INDEX,2026-09-22,https://japan.kantei.go.jp/101_kishida/statement/202209/index.html,DISCOVERED
https://japan.kantei.go.jp/101_kishida/statement/202209/_00009.html,japan,Prime Minister's Office of Japan (Kantei),ARCHIVE_CRAWL_SEEDED_INDEX,2026-09-22,https://japan.kantei.go.jp/101_kishida/statement/202209/index.html,DISCOVERED
https://japan.kantei.go.jp/101_kishida/statement/202209/_00010.html,japan,Prime Minister's Office of Japan (Kantei),ARCHIVE_CRAWL_SEEDED_INDEX,2026-09-22,https://japan.kantei.go.jp/101_kishida/statement/202209/index.html,DISCOVERED
https://japan.kantei.go.jp/101_kishida/statement/202209/_00011.html,japan,Prime Minister's Office of Japan (Kantei),ARCHIVE_CRAWL_SEEDED_INDEX,2026-09-22,https://japan.kantei.go.jp/101_kishida/statement/202209/index.html,DISCOVERED
https://japan.kantei.go.jp/101_kishida/statement/202209/_00012.html,japan,Prime Minister's Office of Japan (Kantei),ARCHIVE_CRAWL_SEEDED_INDEX,2026-09-22,https://japan.kantei.go.jp/101_kishida/statement/202209/index.html,DISCOVERED
https://japan.kantei.go.jp/101_kishida/statement/202209/_00013.html,japan,Prime Minister's Office of Japan (Kantei),ARCHIVE_CRAWL_SEEDED_INDEX,2026-09-22,https://japan.kantei.go.jp/101_kishida/statement/202209/index.html,DISCOVERED
https://japan.kantei.go.jp/101_kishida/statement/202209/_00014.html,japan,Prime Minister's Office of Japan (Kantei),ARCHIVE_CRAWL_SEEDED_INDEX,2026-09-22,https://japan.kantei.go.jp/101_kishida/statement/202209/index.html,DISCOVERED
https://japan.kantei.go.jp/tag/0006.html,japan,Prime Minister's Office of Japan (Kantei),ARCHIVE_CRAWL_SEEDED_INDEX,2026-09-22,https://japan.kantei.go.jp/101_kishida/statement/202209/index.html,DISCOVERED
https://japan.kantei.go.jp/tag/0007.html,japan,Prime Minister's Office of Japan (Kantei),ARCHIVE_CRAWL_SEEDED_INDEX,2026-09-22,https://japan.kantei.go.jp/101_kishida/statement/202209/index.html,DISCOVERED
https://japan.kantei.go.jp/tag/0008.html,japan,Prime Minister's Office of Japan (Kantei),ARCHIVE_CRAWL_SEEDED_INDEX,2026-09-22,https://japan.kantei.go.jp/101_kishida/statement/202209/index.html,DISCOVERED
https://japan.kantei.go.jp/tag/0012.html,japan,Prime Minister's Office of Japan (Kantei),ARCHIVE_CRAWL_SEEDED_INDEX,2026-09-22,https://japan.kantei.go.jp/101_kishida/statement/202209/index.html,DISCOVERED
https://japan.kantei.go.jp/tag/0013.html,japan,Prime Minister's Office of Japan (Kantei),ARCHIVE_CRAWL_SEEDED_INDEX,2026-09-22,https://japan.kantei.go.jp/101_kishida/statement/202209/index.html,DISCOVERED
https://japan.kantei.go.jp/tag/0016.html,japan,Prime Minister's Office of Japan (Kantei),ARCHIVE_CRAWL_SEEDED_INDEX,2026-09-22,https://japan.kantei.go.jp/101_kishida/statement/202209/index.html,DISCOVERED
https://japan.kantei.go.jp/tag/0020.html,japan,Prime Minister's Office of Japan (Kantei),ARCHIVE_CRAWL_SEEDED_INDEX,2026-09-22,https://japan.kantei.go.jp/101_kishida/statement/202209/index.html,DISCOVERED
https://japan.kantei.go.jp/tag/0022.html,japan,Prime Minister's Office of Japan (Kantei),ARCHIVE_CRAWL_SEEDED_INDEX,2026-09-22,https://japan.kantei.go.jp/101_kishida/statement/202209/index.html,DISCOVERED
https://japan.kantei.go.jp/tag/0023.html,japan,Prime Minister's Office of Japan (Kantei),ARCHIVE_CRAWL_SEEDED_INDEX,2026-09-22,https://japan.kantei.go.jp/101_kishida/statement/202209/index.html,DISCOVERED
https://japan.kantei.go.jp/tag/0038.html,japan,Prime Minister's Office of Japan (Kantei),ARCHIVE_CRAWL_SEEDED_INDEX,2026-09-22,https://japan.kantei.go.jp/101_kishida/statement/202209/index.html,DISCOVERED
https://japan.kantei.go.jp/tag/0051.html,japan,Prime Minister's Office of Japan (Kantei),ARCHIVE_CRAWL_SEEDED_INDEX,2026-09-22,https://japan.kantei.go.jp/101_kishida/statement/202209/index.html,DISCOVERED
https://japan.kantei.go.jp/101_kishida/statement/202210/_00001.html,japan,Prime Minister's Office of Japan (Kantei),ARCHIVE_CRAWL_SEEDED_INDEX,2026-09-22,https://japan.kantei.go.jp/101_kishida/statement/202210/index.html,DISCOVERED
https://japan.kantei.go.jp/101_kishida/statement/202210/_00002.html,japan,Prime Minister's Office of Japan (Kantei),ARCHIVE_CRAWL_SEEDED_INDEX,2026-09-22,https://japan.kantei.go.jp/101_kishida/statement/202210/index.html,DISCOVERED
https://japan.kantei.go.jp/101_kishida/statement/202210/_00003.html,japan,Prime Minister's Office of Japan (Kantei),ARCHIVE_CRAWL_SEEDED_INDEX,2026-09-22,https://japan.kantei.go.jp/101_kishida/statement/202210/index.html,DISCOVERED
https://japan.kantei.go.jp/101_kishida/statement/202210/_00004.html,japan,Prime Minister's Office of Japan (Kantei),ARCHIVE_CRAWL_SEEDED_INDEX,2026-09-22,https://japan.kantei.go.jp/101_kishida/statement/202210/index.html,DISCOVERED
https://japan.kantei.go.jp/101_kishida/statement/202210/_00005.html,japan,Prime Minister's Office of Japan (Kantei),ARCHIVE_CRAWL_SEEDED_INDEX,2026-09-22,https://japan.kantei.go.jp/101_kishida/statement/202210/index.html,DISCOVERED
https://japan.kantei.go.jp/101_kishida/statement/202210/_00006.html,japan,Prime Minister's Office of Japan (Kantei),ARCHIVE_CRAWL_SEEDED_INDEX,2026-09-22,https://japan.kantei.go.jp/101_kishida/statement/202210/index.html,DISCOVERED
https://japan.kantei.go.jp/101_kishida/statement/202210/_00007.html,japan,Prime Minister's Office of Japan (Kantei),ARCHIVE_CRAWL_SEEDED_INDEX,2026-09-22,https://japan.kantei.go.jp/101_kishida/statement/202210/index.html,DISCOVERED
https://japan.kantei.go.jp/101_kishida/statement/202210/_00008.html,japan,Prime Minister's Office of Japan (Kantei),ARCHIVE_CRAWL_SEEDED_INDEX,2026-09-22,https://japan.kantei.go.jp/101_kishida/statement/202210/index.html,DISCOVERED
https://japan.kantei.go.jp/101_kishida/statement/202210/_00009.html,japan,Prime Minister's Office of Japan (Kantei),ARCHIVE_CRAWL_SEEDED_INDEX,2026-09-22,https://japan.kantei.go.jp/101_kishida/statement/202210/index.html,DISCOVERED
https://japan.kantei.go.jp/101_kishida/statement/202210/_00011.html,japan,Prime Minister's Office of Japan (Kantei),ARCHIVE_CRAWL_SEEDED_INDEX,2026-09-22,https://japan.kantei.go.jp/101_kishida/statement/202210/index.html,DISCOVERED
https://japan.kantei.go.jp/101_kishida/statement/202210/_00012.html,japan,Prime Minister's Office of Japan (Kantei),ARCHIVE_CRAWL_SEEDED_INDEX,2026-09-22,https://japan.kantei.go.jp/101_kishida/statement/202210/index.html,DISCOVERED
https://japan.kantei.go.jp/101_kishida/statement/202210/_00013.html,japan,Prime Minister's Office of Japan (Kantei),ARCHIVE_CRAWL_SEEDED_INDEX,2026-09-22,https://japan.kantei.go.jp/101_kishida/statement/202210/index.html,DISCOVERED
https://japan.kantei.go.jp/101_kishida/statement/202210/_00014.html,japan,Prime Minister's Office of Japan (Kantei),ARCHIVE_CRAWL_SEEDED_INDEX,2026-09-22,https://japan.kantei.go.jp/101_kishida/statement/202210/index.html,DISCOVERED
https://japan.kantei.go.jp/101_kishida/statement/202210/_00015.html,japan,Prime Minister's Office of Japan (Kantei),ARCHIVE_CRAWL_SEEDED_INDEX,2026-09-22,https://japan.kantei.go.jp/101_kishida/statement/202210/index.html,DISCOVERED
https://japan.kantei.go.jp/101_kishida/statement/202210/_00017.html,japan,Prime Minister's Office of Japan (Kantei),ARCHIVE_CRAWL_SEEDED_INDEX,2026-09-22,https://japan.kantei.go.jp/101_kishida/statement/202210/index.html,DISCOVERED
https://japan.kantei.go.jp/101_kishida/statement/202210/_00018.html,japan,Prime Minister's Office of Japan (Kantei),ARCHIVE_CRAWL_SEEDED_INDEX,2026-09-22,https://japan.kantei.go.jp/101_kishida/statement/202210/index.html,DISCOVERED
https://japan.kantei.go.jp/101_kishida/statement/202210/_00019.html,japan,Prime Minister's Office of Japan (Kantei),ARCHIVE_CRAWL_SEEDED_INDEX,2026-09-22,https://japan.kantei.go.jp/101_kishida/statement/202210/index.html,DISCOVERED
https://japan.kantei.go.jp/101_kishida/statement/202210/_00021.html,japan,Prime Minister's Office of Japan (Kantei),ARCHIVE_CRAWL_SEEDED_INDEX,2026-09-22,https://japan.kantei.go.jp/101_kishida/statement/202210/index.html,DISCOVERED
https://japan.kantei.go.jp/101_kishida/statement/202210/_00022.html,japan,Prime Minister's Office of Japan (Kantei),ARCHIVE_CRAWL_SEEDED_INDEX,2026-09-22,https://japan.kantei.go.jp/101_kishida/statement/202210/index.html,DISCOVERED
https://japan.kantei.go.jp/101_kishida/statement/202210/_00023.html,japan,Prime Minister's Office of Japan (Kantei),ARCHIVE_CRAWL_SEEDED_INDEX,2026-09-22,https://japan.kantei.go.jp/101_kishida/statement/202210/index.html,DISCOVERED
https://japan.kantei.go.jp/101_kishida/statement/202210/_00024.html,japan,Prime Minister's Office of Japan (Kantei),ARCHIVE_CRAWL_SEEDED_INDEX,2026-09-22,https://japan.kantei.go.jp/101_kishida/statement/202210/index.html,DISCOVERED
https://japan.kantei.go.jp/tag/0009.html,japan,Prime Minister's Office of Japan (Kantei),ARCHIVE_CRAWL_SEEDED_INDEX,2026-09-22,https://japan.kantei.go.jp/101_kishida/statement/202210/index.html,DISCOVERED
https://japan.kantei.go.jp/tag/0011.html,japan,Prime Minister's Office of Japan (Kantei),ARCHIVE_CRAWL_SEEDED_INDEX,2026-09-22,https://japan.kantei.go.jp/101_kishida/statement/202210/index.html,DISCOVERED
https://japan.kantei.go.jp/tag/0014.html,japan,Prime Minister's Office of Japan (Kantei),ARCHIVE_CRAWL_SEEDED_INDEX,2026-09-22,https://japan.kantei.go.jp/101_kishida/statement/202210/index.html,DISCOVERED
https://japan.kantei.go.jp/tag/0018.html,japan,Prime Minister's Office of Japan (Kantei),ARCHIVE_CRAWL_SEEDED_INDEX,2026-09-22,https://japan.kantei.go.jp/101_kishida/statement/202210/index.html,DISCOVERED
https://japan.kantei.go.jp/tag/0026.html,japan,Prime Minister's Office of Japan (Kantei),ARCHIVE_CRAWL_SEEDED_INDEX,2026-09-22,https://japan.kantei.go.jp/101_kishida/statement/202210/index.html,DISCOVERED
https://japan.kantei.go.jp/tag/0043.html,japan,Prime Minister's Office of Japan (Kantei),ARCHIVE_CRAWL_SEEDED_INDEX,2026-09-22,https://japan.kantei.go.jp/101_kishida/statement/202210/index.html,DISCOVERED
https://japan.kantei.go.jp/tag/0089.html,japan,Prime Minister's Office of Japan (Kantei),ARCHIVE_CRAWL_SEEDED_INDEX,2026-09-22,https://japan.kantei.go.jp/101_kishida/statement/202210/index.html,DISCOVERED
https://japan.kantei.go.jp/101_kishida/statement/202111/_00008.html,japan,Prime Minister's Office of Japan (Kantei),ARCHIVE_CRAWL_SEEDED_INDEX,2026-09-22,https://japan.kantei.go.jp/101_kishida/statement/202211/index.html,DISCOVERED
https://japan.kantei.go.jp/101_kishida/statement/202211/_00001.html,japan,Prime Minister's Office of Japan (Kantei),ARCHIVE_CRAWL_SEEDED_INDEX,2026-09-22,https://japan.kantei.go.jp/101_kishida/statement/202211/index.html,DISCOVERED
https://japan.kantei.go.jp/101_kishida/statement/202211/_00002.html,japan,Prime Minister's Office of Japan (Kantei),ARCHIVE_CRAWL_SEEDED_INDEX,2026-09-22,https://japan.kantei.go.jp/101_kishida/statement/202211/index.html,DISCOVERED
https://japan.kantei.go.jp/101_kishida/statement/202211/_00003.html,japan,Prime Minister's Office of Japan (Kantei),ARCHIVE_CRAWL_SEEDED_INDEX,2026-09-22,https://japan.kantei.go.jp/101_kishida/statement/202211/index.html,DISCOVERED
https://japan.kantei.go.jp/101_kishida/statement/202211/_00004.html,japan,Prime Minister's Office of Japan (Kantei),ARCHIVE_CRAWL_SEEDED_INDEX,2026-09-22,https://japan.kantei.go.jp/101_kishida/statement/202211/index.html,DISCOVERED
https://japan.kantei.go.jp/101_kishida/statement/202211/_00005.html,japan,Prime Minister's Office of Japan (Kantei),ARCHIVE_CRAWL_SEEDED_INDEX,2026-09-22,https://japan.kantei.go.jp/101_kishida/statement/202211/index.html,DISCOVERED
https://japan.kantei.go.jp/101_kishida/statement/202211/_00006.html,japan,Prime Minister's Office of Japan (Kantei),ARCHIVE_CRAWL_SEEDED_INDEX,2026-09-22,https://japan.kantei.go.jp/101_kishida/statement/202211/index.html,DISCOVERED
https://japan.kantei.go.jp/101_kishida/statement/202211/_00007.html,japan,Prime Minister's Office of Japan (Kantei),ARCHIVE_CRAWL_SEEDED_INDEX,2026-09-22,https://japan.kantei.go.jp/101_kishida/statement/202211/index.html,DISCOVERED
https://japan.kantei.go.jp/101_kishida/statement/202211/_00008.html,japan,Prime Minister's Office of Japan (Kantei),ARCHIVE_CRAWL_SEEDED_INDEX,2026-09-22,https://japan.kantei.go.jp/101_kishida/statement/202211/index.html,DISCOVERED
https://japan.kantei.go.jp/101_kishida/statement/202211/_00009.html,japan,Prime Minister's Office of Japan (Kantei),ARCHIVE_CRAWL_SEEDED_INDEX,2026-09-22,https://japan.kantei.go.jp/101_kishida/statement/202211/index.html,DISCOVERED
https://japan.kantei.go.jp/101_kishida/statement/202211/_00010.html,japan,Prime Minister's Office of Japan (Kantei),ARCHIVE_CRAWL_SEEDED_INDEX,2026-09-22,https://japan.kantei.go.jp/101_kishida/statement/202211/index.html,DISCOVERED
https://japan.kantei.go.jp/101_kishida/statement/202211/_00011.html,japan,Prime Minister's Office of Japan (Kantei),ARCHIVE_CRAWL_SEEDED_INDEX,2026-09-22,https://japan.kantei.go.jp/101_kishida/statement/202211/index.html,DISCOVERED
https://japan.kantei.go.jp/101_kishida/statement/202211/_00012.html,japan,Prime Minister's Office of Japan (Kantei),ARCHIVE_CRAWL_SEEDED_INDEX,2026-09-22,https://japan.kantei.go.jp/101_kishida/statement/202211/index.html,DISCOVERED
https://japan.kantei.go.jp/101_kishida/statement/202211/_00013.html,japan,Prime Minister's Office of Japan (Kantei),ARCHIVE_CRAWL_SEEDED_INDEX,2026-09-22,https://japan.kantei.go.jp/101_kishida/statement/202211/index.html,DISCOVERED
https://japan.kantei.go.jp/tag/0028.html,japan,Prime Minister's Office of Japan (Kantei),ARCHIVE_CRAWL_SEEDED_INDEX,2026-09-22,https://japan.kantei.go.jp/101_kishida/statement/202211/index.html,DISCOVERED
https://japan.kantei.go.jp/tag/0029.html,japan,Prime Minister's Office of Japan (Kantei),ARCHIVE_CRAWL_SEEDED_INDEX,2026-09-22,https://japan.kantei.go.jp/101_kishida/statement/202211/index.html,DISCOVERED
https://japan.kantei.go.jp/tag/0033.html,japan,Prime Minister's Office of Japan (Kantei),ARCHIVE_CRAWL_SEEDED_INDEX,2026-09-22,https://japan.kantei.go.jp/101_kishida/statement/202211/index.html,DISCOVERED
https://japan.kantei.go.jp/tag/0034.html,japan,Prime Minister's Office of Japan (Kantei),ARCHIVE_CRAWL_SEEDED_INDEX,2026-09-22,https://japan.kantei.go.jp/101_kishida/statement/202211/index.html,DISCOVERED
https://japan.kantei.go.jp/tag/0035.html,japan,Prime Minister's Office of Japan (Kantei),ARCHIVE_CRAWL_SEEDED_INDEX,2026-09-22,https://japan.kantei.go.jp/101_kishida/statement/202211/index.html,DISCOVERED
https://japan.kantei.go.jp/tag/0042.html,japan,Prime Minister's Office of Japan (Kantei),ARCHIVE_CRAWL_SEEDED_INDEX,2026-09-22,https://japan.kantei.go.jp/101_kishida/statement/202211/index.html,DISCOVERED
https://japan.kantei.go.jp/tag/0047.html,japan,Prime Minister's Office of Japan (Kantei),ARCHIVE_CRAWL_SEEDED_INDEX,2026-09-22,https://japan.kantei.go.jp/101_kishida/statement/202211/index.html,DISCOVERED
https://japan.kantei.go.jp/tag/0065.html,japan,Prime Minister's Office of Japan (Kantei),ARCHIVE_CRAWL_SEEDED_INDEX,2026-09-22,https://japan.kantei.go.jp/101_kishida/statement/202211/index.html,DISCOVERED
https://japan.kantei.go.jp/tag/0070.html,japan,Prime Minister's Office of Japan (Kantei),ARCHIVE_CRAWL_SEEDED_INDEX,2026-09-22,https://japan.kantei.go.jp/101_kishida/statement/202211/index.html,DISCOVERED
https://japan.kantei.go.jp/101_kishida/statement/202212/_00002.html,japan,Prime Minister's Office of Japan (Kantei),ARCHIVE_CRAWL_SEEDED_INDEX,2026-09-22,https://japan.kantei.go.jp/101_kishida/statement/202212/index.html,DISCOVERED
https://japan.kantei.go.jp/101_kishida/statement/202212/_00003.html,japan,Prime Minister's Office of Japan (Kantei),ARCHIVE_CRAWL_SEEDED_INDEX,2026-09-22,https://japan.kantei.go.jp/101_kishida/statement/202212/index.html,DISCOVERED
https://japan.kantei.go.jp/101_kishida/statement/202212/_00004.html,japan,Prime Minister's Office of Japan (Kantei),ARCHIVE_CRAWL_SEEDED_INDEX,2026-09-22,https://japan.kantei.go.jp/101_kishida/statement/202212/index.html,DISCOVERED
https://japan.kantei.go.jp/101_kishida/statement/202212/_00005.html,japan,Prime Minister's Office of Japan (Kantei),ARCHIVE_CRAWL_SEEDED_INDEX,2026-09-22,https://japan.kantei.go.jp/101_kishida/statement/202212/index.html,DISCOVERED
https://japan.kantei.go.jp/101_kishida/statement/202212/_00006.html,japan,Prime Minister's Office of Japan (Kantei),ARCHIVE_CRAWL_SEEDED_INDEX,2026-09-22,https://japan.kantei.go.jp/101_kishida/statement/202212/index.html,DISCOVERED
https://japan.kantei.go.jp/tag/0015.html,japan,Prime Minister's Office of Japan (Kantei),ARCHIVE_CRAWL_SEEDED_INDEX,2026-09-22,https://japan.kantei.go.jp/101_kishida/statement/202212/index.html,DISCOVERED
https://japan.kantei.go.jp/tag/0024.html,japan,Prime Minister's Office of Japan (Kantei),ARCHIVE_CRAWL_SEEDED_INDEX,2026-09-22,https://japan.kantei.go.jp/101_kishida/statement/202212/index.html,DISCOVERED
https://japan.kantei.go.jp/tag/0098.html,japan,Prime Minister's Office of Japan (Kantei),ARCHIVE_CRAWL_SEEDED_INDEX,2026-09-22,https://japan.kantei.go.jp/101_kishida/statement/202212/index.html,DISCOVERED
https://japan.kantei.go.jp/101_kishida/statement/202301/_00002.html,japan,Prime Minister's Office of Japan (Kantei),ARCHIVE_CRAWL_SEEDED_INDEX,2026-09-22,https://japan.kantei.go.jp/101_kishida/statement/202301/index.html,DISCOVERED
https://japan.kantei.go.jp/101_kishida/statement/202301/_00003.html,japan,Prime Minister's Office of Japan (Kantei),ARCHIVE_CRAWL_SEEDED_INDEX,2026-09-22,https://japan.kantei.go.jp/101_kishida/statement/202301/index.html,DISCOVERED
https://japan.kantei.go.jp/101_kishida/statement/202301/_00004.html,japan,Prime Minister's Office of Japan (Kantei),ARCHIVE_CRAWL_SEEDED_INDEX,2026-09-22,https://japan.kantei.go.jp/101_kishida/statement/202301/index.html,DISCOVERED
https://japan.kantei.go.jp/101_kishida/statement/202301/_00005.html,japan,Prime Minister's Office of Japan (Kantei),ARCHIVE_CRAWL_SEEDED_INDEX,2026-09-22,https://japan.kantei.go.jp/101_kishida/statement/202301/index.html,DISCOVERED
https://japan.kantei.go.jp/101_kishida/statement/202301/_00006.html,japan,Prime Minister's Office of Japan (Kantei),ARCHIVE_CRAWL_SEEDED_INDEX,2026-09-22,https://japan.kantei.go.jp/101_kishida/statement/202301/index.html,DISCOVERED
https://japan.kantei.go.jp/101_kishida/statement/202301/_00007.html,japan,Prime Minister's Office of Japan (Kantei),ARCHIVE_CRAWL_SEEDED_INDEX,2026-09-22,https://japan.kantei.go.jp/101_kishida/statement/202301/index.html,DISCOVERED
https://japan.kantei.go.jp/101_kishida/statement/202301/_00008.html,japan,Prime Minister's Office of Japan (Kantei),ARCHIVE_CRAWL_SEEDED_INDEX,2026-09-22,https://japan.kantei.go.jp/101_kishida/statement/202301/index.html,DISCOVERED
https://japan.kantei.go.jp/101_kishida/statement/202301/_00009.html,japan,Prime Minister's Office of Japan (Kantei),ARCHIVE_CRAWL_SEEDED_INDEX,2026-09-22,https://japan.kantei.go.jp/101_kishida/statement/202301/index.html,DISCOVERED
https://japan.kantei.go.jp/101_kishida/statement/202301/_00010.html,japan,Prime Minister's Office of Japan (Kantei),ARCHIVE_CRAWL_SEEDED_INDEX,2026-09-22,https://japan.kantei.go.jp/101_kishida/statement/202301/index.html,DISCOVERED
https://japan.kantei.go.jp/101_kishida/statement/202301/_00011.html,japan,Prime Minister's Office of Japan (Kantei),ARCHIVE_CRAWL_SEEDED_INDEX,2026-09-22,https://japan.kantei.go.jp/101_kishida/statement/202301/index.html,DISCOVERED
https://japan.kantei.go.jp/101_kishida/statement/202301/_00012.html,japan,Prime Minister's Office of Japan (Kantei),ARCHIVE_CRAWL_SEEDED_INDEX,2026-09-22,https://japan.kantei.go.jp/101_kishida/statement/202301/index.html,DISCOVERED
https://japan.kantei.go.jp/tag/0039.html,japan,Prime Minister's Office of Japan (Kantei),ARCHIVE_CRAWL_SEEDED_INDEX,2026-09-22,https://japan.kantei.go.jp/101_kishida/statement/202301/index.html,DISCOVERED
https://japan.kantei.go.jp/tag/0041.html,japan,Prime Minister's Office of Japan (Kantei),ARCHIVE_CRAWL_SEEDED_INDEX,2026-09-22,https://japan.kantei.go.jp/101_kishida/statement/202301/index.html,DISCOVERED
https://japan.kantei.go.jp/tag/0046.html,japan,Prime Minister's Office of Japan (Kantei),ARCHIVE_CRAWL_SEEDED_INDEX,2026-09-22,https://japan.kantei.go.jp/101_kishida/statement/202301/index.html,DISCOVERED
https://japan.kantei.go.jp/tag/0052.html,japan,Prime Minister's Office of Japan (Kantei),ARCHIVE_CRAWL_SEEDED_INDEX,2026-09-22,https://japan.kantei.go.jp/101_kishida/statement/202301/index.html,DISCOVERED
https://japan.kantei.go.jp/101_kishida/statement/202302/_00001.html,japan,Prime Minister's Office of Japan (Kantei),ARCHIVE_CRAWL_SEEDED_INDEX,2026-09-22,https://japan.kantei.go.jp/101_kishida/statement/202302/index.html,DISCOVERED
https://japan.kantei.go.jp/101_kishida/statement/202302/_00002.html,japan,Prime Minister's Office of Japan (Kantei),ARCHIVE_CRAWL_SEEDED_INDEX,2026-09-22,https://japan.kantei.go.jp/101_kishida/statement/202302/index.html,DISCOVERED
https://japan.kantei.go.jp/101_kishida/statement/202302/_00003.html,japan,Prime Minister's Office of Japan (Kantei),ARCHIVE_CRAWL_SEEDED_INDEX,2026-09-22,https://japan.kantei.go.jp/101_kishida/statement/202302/index.html,DISCOVERED
https://japan.kantei.go.jp/101_kishida/statement/202302/_00004.html,japan,Prime Minister's Office of Japan (Kantei),ARCHIVE_CRAWL_SEEDED_INDEX,2026-09-22,https://japan.kantei.go.jp/101_kishida/statement/202302/index.html,DISCOVERED
https://japan.kantei.go.jp/101_kishida/statement/202302/_00005.html,japan,Prime Minister's Office of Japan (Kantei),ARCHIVE_CRAWL_SEEDED_INDEX,2026-09-22,https://japan.kantei.go.jp/101_kishida/statement/202302/index.html,DISCOVERED
https://japan.kantei.go.jp/101_kishida/statement/202302/_00006.html,japan,Prime Minister's Office of Japan (Kantei),ARCHIVE_CRAWL_SEEDED_INDEX,2026-09-22,https://japan.kantei.go.jp/101_kishida/statement/202302/index.html,DISCOVERED
https://japan.kantei.go.jp/101_kishida/statement/202302/_00007.html,japan,Prime Minister's Office of Japan (Kantei),ARCHIVE_CRAWL_SEEDED_INDEX,2026-09-22,https://japan.kantei.go.jp/101_kishida/statement/202302/index.html,DISCOVERED
https://japan.kantei.go.jp/101_kishida/statement/202302/_00008.html,japan,Prime Minister's Office of Japan (Kantei),ARCHIVE_CRAWL_SEEDED_INDEX,2026-09-22,https://japan.kantei.go.jp/101_kishida/statement/202302/index.html,DISCOVERED
https://japan.kantei.go.jp/tag/0072.html,japan,Prime Minister's Office of Japan (Kantei),ARCHIVE_CRAWL_SEEDED_INDEX,2026-09-22,https://japan.kantei.go.jp/101_kishida/statement/202302/index.html,DISCOVERED
https://japan.kantei.go.jp/tag/0091.html,japan,Prime Minister's Office of Japan (Kantei),ARCHIVE_CRAWL_SEEDED_INDEX,2026-09-22,https://japan.kantei.go.jp/101_kishida/statement/202302/index.html,DISCOVERED
https://japan.kantei.go.jp/101_kishida/statement/202303/_00001.html,japan,Prime Minister's Office of Japan (Kantei),ARCHIVE_CRAWL_SEEDED_INDEX,2026-09-22,https://japan.kantei.go.jp/101_kishida/statement/202303/index.html,DISCOVERED
https://japan.kantei.go.jp/101_kishida/statement/202303/_00002.html,japan,Prime Minister's Office of Japan (Kantei),ARCHIVE_CRAWL_SEEDED_INDEX,2026-09-22,https://japan.kantei.go.jp/101_kishida/statement/202303/index.html,DISCOVERED
https://japan.kantei.go.jp/101_kishida/statement/202303/_00003.html,japan,Prime Minister's Office of Japan (Kantei),ARCHIVE_CRAWL_SEEDED_INDEX,2026-09-22,https://japan.kantei.go.jp/101_kishida/statement/202303/index.html,DISCOVERED
https://japan.kantei.go.jp/101_kishida/statement/202303/_00004.html,japan,Prime Minister's Office of Japan (Kantei),ARCHIVE_CRAWL_SEEDED_INDEX,2026-09-22,https://japan.kantei.go.jp/101_kishida/statement/202303/index.html,DISCOVERED
https://japan.kantei.go.jp/101_kishida/statement/202303/_00005.html,japan,Prime Minister's Office of Japan (Kantei),ARCHIVE_CRAWL_SEEDED_INDEX,2026-09-22,https://japan.kantei.go.jp/101_kishida/statement/202303/index.html,DISCOVERED
https://japan.kantei.go.jp/101_kishida/statement/202303/_00006.html,japan,Prime Minister's Office of Japan (Kantei),ARCHIVE_CRAWL_SEEDED_INDEX,2026-09-22,https://japan.kantei.go.jp/101_kishida/statement/202303/index.html,DISCOVERED
https://japan.kantei.go.jp/101_kishida/statement/202303/_00007.html,japan,Prime Minister's Office of Japan (Kantei),ARCHIVE_CRAWL_SEEDED_INDEX,2026-09-22,https://japan.kantei.go.jp/101_kishida/statement/202303/index.html,DISCOVERED
https://japan.kantei.go.jp/101_kishida/statement/202303/_00009.html,japan,Prime Minister's Office of Japan (Kantei),ARCHIVE_CRAWL_SEEDED_INDEX,2026-09-22,https://japan.kantei.go.jp/101_kishida/statement/202303/index.html,DISCOVERED
https://japan.kantei.go.jp/101_kishida/statement/202303/_00010.html,japan,Prime Minister's Office of Japan (Kantei),ARCHIVE_CRAWL_SEEDED_INDEX,2026-09-22,https://japan.kantei.go.jp/101_kishida/statement/202303/index.html,DISCOVERED
https://japan.kantei.go.jp/101_kishida/statement/202303/_00011.html,japan,Prime Minister's Office of Japan (Kantei),ARCHIVE_CRAWL_SEEDED_INDEX,2026-09-22,https://japan.kantei.go.jp/101_kishida/statement/202303/index.html,DISCOVERED
https://japan.kantei.go.jp/101_kishida/statement/202303/_00012.html,japan,Prime Minister's Office of Japan (Kantei),ARCHIVE_CRAWL_SEEDED_INDEX,2026-09-22,https://japan.kantei.go.jp/101_kishida/statement/202303/index.html,DISCOVERED
https://japan.kantei.go.jp/101_kishida/statement/202303/_00013.html,japan,Prime Minister's Office of Japan (Kantei),ARCHIVE_CRAWL_SEEDED_INDEX,2026-09-22,https://japan.kantei.go.jp/101_kishida/statement/202303/index.html,DISCOVERED
https://japan.kantei.go.jp/101_kishida/statement/202303/_00014.html,japan,Prime Minister's Office of Japan (Kantei),ARCHIVE_CRAWL_SEEDED_INDEX,2026-09-22,https://japan.kantei.go.jp/101_kishida/statement/202303/index.html,DISCOVERED
https://japan.kantei.go.jp/101_kishida/statement/202303/_00015.html,japan,Prime Minister's Office of Japan (Kantei),ARCHIVE_CRAWL_SEEDED_INDEX,2026-09-22,https://japan.kantei.go.jp/101_kishida/statement/202303/index.html,DISCOVERED
https://japan.kantei.go.jp/101_kishida/statement/202303/_00016.html,japan,Prime Minister's Office of Japan (Kantei),ARCHIVE_CRAWL_SEEDED_INDEX,2026-09-22,https://japan.kantei.go.jp/101_kishida/statement/202303/index.html,DISCOVERED
https://japan.kantei.go.jp/101_kishida/statement/202303/_00017.html,japan,Prime Minister's Office of Japan (Kantei),ARCHIVE_CRAWL_SEEDED_INDEX,2026-09-22,https://japan.kantei.go.jp/101_kishida/statement/202303/index.html,DISCOVERED
https://japan.kantei.go.jp/101_kishida/statement/202303/_00018.html,japan,Prime Minister's Office of Japan (Kantei),ARCHIVE_CRAWL_SEEDED_INDEX,2026-09-22,https://japan.kantei.go.jp/101_kishida/statement/202303/index.html,DISCOVERED
https://japan.kantei.go.jp/tag/0040.html,japan,Prime Minister's Office of Japan (Kantei),ARCHIVE_CRAWL_SEEDED_INDEX,2026-09-22,https://japan.kantei.go.jp/101_kishida/statement/202303/index.html,DISCOVERED
https://japan.kantei.go.jp/tag/0090.html,japan,Prime Minister's Office of Japan (Kantei),ARCHIVE_CRAWL_SEEDED_INDEX,2026-09-22,https://japan.kantei.go.jp/101_kishida/statement/202303/index.html,DISCOVERED
https://japan.kantei.go.jp/tag/0108.html,japan,Prime Minister's Office of Japan (Kantei),ARCHIVE_CRAWL_SEEDED_INDEX,2026-09-22,https://japan.kantei.go.jp/101_kishida/statement/202303/index.html,DISCOVERED
https://japan.kantei.go.jp/101_kishida/statement/202304/20message.html,japan,Prime Minister's Office of Japan (Kantei),ARCHIVE_CRAWL_SEEDED_INDEX,2026-09-22,https://japan.kantei.go.jp/101_kishida/statement/202304/index.html,DISCOVERED
https://japan.kantei.go.jp/101_kishida/statement/202304/29contribution.html,japan,Prime Minister's Office of Japan (Kantei),ARCHIVE_CRAWL_SEEDED_INDEX,2026-09-22,https://japan.kantei.go.jp/101_kishida/statement/202304/index.html,DISCOVERED
https://japan.kantei.go.jp/101_kishida/statement/202304/30contribution.html,japan,Prime Minister's Office of Japan (Kantei),ARCHIVE_CRAWL_SEEDED_INDEX,2026-09-22,https://japan.kantei.go.jp/101_kishida/statement/202304/index.html,DISCOVERED
https://japan.kantei.go.jp/101_kishida/statement/202304/_00001.html,japan,Prime Minister's Office of Japan (Kantei),ARCHIVE_CRAWL_SEEDED_INDEX,2026-09-22,https://japan.kantei.go.jp/101_kishida/statement/202304/index.html,DISCOVERED
https://japan.kantei.go.jp/101_kishida/statement/202304/_00003.html,japan,Prime Minister's Office of Japan (Kantei),ARCHIVE_CRAWL_SEEDED_INDEX,2026-09-22,https://japan.kantei.go.jp/101_kishida/statement/202304/index.html,DISCOVERED
https://japan.kantei.go.jp/101_kishida/statement/202305/0521kaiken.html,japan,Prime Minister's Office of Japan (Kantei),ARCHIVE_CRAWL_SEEDED_INDEX,2026-09-22,https://japan.kantei.go.jp/101_kishida/statement/202305/index.html,DISCOVERED
https://japan.kantei.go.jp/101_kishida/statement/202305/08contribution.html,japan,Prime Minister's Office of Japan (Kantei),ARCHIVE_CRAWL_SEEDED_INDEX,2026-09-22,https://japan.kantei.go.jp/101_kishida/statement/202305/index.html,DISCOVERED
https://japan.kantei.go.jp/101_kishida/statement/202305/25africaday.html,japan,Prime Minister's Office of Japan (Kantei),ARCHIVE_CRAWL_SEEDED_INDEX,2026-09-22,https://japan.kantei.go.jp/101_kishida/statement/202305/index.html,DISCOVERED
https://japan.kantei.go.jp/101_kishida/statement/202305/25speech.html,japan,Prime Minister's Office of Japan (Kantei),ARCHIVE_CRAWL_SEEDED_INDEX,2026-09-22,https://japan.kantei.go.jp/101_kishida/statement/202305/index.html,DISCOVERED
https://japan.kantei.go.jp/101_kishida/statement/202306/02message.html,japan,Prime Minister's Office of Japan (Kantei),ARCHIVE_CRAWL_SEEDED_INDEX,2026-09-22,https://japan.kantei.go.jp/101_kishida/statement/202306/index.html,DISCOVERED
https://japan.kantei.go.jp/101_kishida/statement/202306/03message.html,japan,Prime Minister's Office of Japan (Kantei),ARCHIVE_CRAWL_SEEDED_INDEX,2026-09-22,https://japan.kantei.go.jp/101_kishida/statement/202306/index.html,DISCOVERED
https://japan.kantei.go.jp/101_kishida/statement/202306/0623okinawa.html,japan,Prime Minister's Office of Japan (Kantei),ARCHIVE_CRAWL_SEEDED_INDEX,2026-09-22,https://japan.kantei.go.jp/101_kishida/statement/202306/index.html,DISCOVERED
https://japan.kantei.go.jp/101_kishida/statement/202306/09danwa.html,japan,Prime Minister's Office of Japan (Kantei),ARCHIVE_CRAWL_SEEDED_INDEX,2026-09-22,https://japan.kantei.go.jp/101_kishida/statement/202306/index.html,DISCOVERED
https://japan.kantei.go.jp/101_kishida/statement/202306/09message.html,japan,Prime Minister's Office of Japan (Kantei),ARCHIVE_CRAWL_SEEDED_INDEX,2026-09-22,https://japan.kantei.go.jp/101_kishida/statement/202306/index.html,DISCOVERED
https://japan.kantei.go.jp/101_kishida/statement/202306/13message.html,japan,Prime Minister's Office of Japan (Kantei),ARCHIVE_CRAWL_SEEDED_INDEX,2026-09-22,https://japan.kantei.go.jp/101_kishida/statement/202306/index.html,DISCOVERED
https://japan.kantei.go.jp/101_kishida/statement/202306/14message.html,japan,Prime Minister's Office of Japan (Kantei),ARCHIVE_CRAWL_SEEDED_INDEX,2026-09-22,https://japan.kantei.go.jp/101_kishida/statement/202306/index.html,DISCOVERED
https://japan.kantei.go.jp/101_kishida/statement/202306/15message.html,japan,Prime Minister's Office of Japan (Kantei),ARCHIVE_CRAWL_SEEDED_INDEX,2026-09-22,https://japan.kantei.go.jp/101_kishida/statement/202306/index.html,DISCOVERED
https://japan.kantei.go.jp/101_kishida/statement/202306/23message.html,japan,Prime Minister's Office of Japan (Kantei),ARCHIVE_CRAWL_SEEDED_INDEX,2026-09-22,https://japan.kantei.go.jp/101_kishida/statement/202306/index.html,DISCOVERED
https://japan.kantei.go.jp/101_kishida/statement/202307/04message.html,japan,Prime Minister's Office of Japan (Kantei),ARCHIVE_CRAWL_SEEDED_INDEX,2026-09-22,https://japan.kantei.go.jp/101_kishida/statement/202307/index.html,DISCOVERED
https://japan.kantei.go.jp/101_kishida/statement/202307/0717speech.html,japan,Prime Minister's Office of Japan (Kantei),ARCHIVE_CRAWL_SEEDED_INDEX,2026-09-22,https://japan.kantei.go.jp/101_kishida/statement/202307/index.html,DISCOVERED
https://japan.kantei.go.jp/101_kishida/statement/202307/0718kaiken.html,japan,Prime Minister's Office of Japan (Kantei),ARCHIVE_CRAWL_SEEDED_INDEX,2026-09-22,https://japan.kantei.go.jp/101_kishida/statement/202307/index.html,DISCOVERED
https://japan.kantei.go.jp/101_kishida/statement/202307/0718speech.html,japan,Prime Minister's Office of Japan (Kantei),ARCHIVE_CRAWL_SEEDED_INDEX,2026-09-22,https://japan.kantei.go.jp/101_kishida/statement/202307/index.html,DISCOVERED
https://japan.kantei.go.jp/101_kishida/statement/202307/11interview.html,japan,Prime Minister's Office of Japan (Kantei),ARCHIVE_CRAWL_SEEDED_INDEX,2026-09-22,https://japan.kantei.go.jp/101_kishida/statement/202307/index.html,DISCOVERED
https://japan.kantei.go.jp/101_kishida/statement/202307/11kaiken.html,japan,Prime Minister's Office of Japan (Kantei),ARCHIVE_CRAWL_SEEDED_INDEX,2026-09-22,https://japan.kantei.go.jp/101_kishida/statement/202307/index.html,DISCOVERED
https://japan.kantei.go.jp/101_kishida/statement/202307/13kaiken.html,japan,Prime Minister's Office of Japan (Kantei),ARCHIVE_CRAWL_SEEDED_INDEX,2026-09-22,https://japan.kantei.go.jp/101_kishida/statement/202307/index.html,DISCOVERED
https://japan.kantei.go.jp/101_kishida/statement/202307/15message.html,japan,Prime Minister's Office of Japan (Kantei),ARCHIVE_CRAWL_SEEDED_INDEX,2026-09-22,https://japan.kantei.go.jp/101_kishida/statement/202307/index.html,DISCOVERED
https://japan.kantei.go.jp/101_kishida/statement/202307/16kaiken.html,japan,Prime Minister's Office of Japan (Kantei),ARCHIVE_CRAWL_SEEDED_INDEX,2026-09-22,https://japan.kantei.go.jp/101_kishida/statement/202307/index.html,DISCOVERED
https://japan.kantei.go.jp/101_kishida/statement/202307/16kaiken2.html,japan,Prime Minister's Office of Japan (Kantei),ARCHIVE_CRAWL_SEEDED_INDEX,2026-09-22,https://japan.kantei.go.jp/101_kishida/statement/202307/index.html,DISCOVERED
https://japan.kantei.go.jp/101_kishida/statement/202307/17contribution.html,japan,Prime Minister's Office of Japan (Kantei),ARCHIVE_CRAWL_SEEDED_INDEX,2026-09-22,https://japan.kantei.go.jp/101_kishida/statement/202307/index.html,DISCOVERED
https://japan.kantei.go.jp/tag/0032.html,japan,Prime Minister's Office of Japan (Kantei),ARCHIVE_CRAWL_SEEDED_INDEX,2026-09-22,https://japan.kantei.go.jp/101_kishida/statement/202307/index.html,DISCOVERED
https://japan.kantei.go.jp/tag/0122.html,japan,Prime Minister's Office of Japan (Kantei),ARCHIVE_CRAWL_SEEDED_INDEX,2026-09-22,https://japan.kantei.go.jp/101_kishida/statement/202307/index.html,DISCOVERED
https://japan.kantei.go.jp/101_kishida/statement/202308/03message.html,japan,Prime Minister's Office of Japan (Kantei),ARCHIVE_CRAWL_SEEDED_INDEX,2026-09-22,https://japan.kantei.go.jp/101_kishida/statement/202308/index.html,DISCOVERED
https://japan.kantei.go.jp/101_kishida/statement/202308/06hiroshima.html,japan,Prime Minister's Office of Japan (Kantei),ARCHIVE_CRAWL_SEEDED_INDEX,2026-09-22,https://japan.kantei.go.jp/101_kishida/statement/202308/index.html,DISCOVERED
https://japan.kantei.go.jp/101_kishida/statement/202308/0807kaiken.html,japan,Prime Minister's Office of Japan (Kantei),ARCHIVE_CRAWL_SEEDED_INDEX,2026-09-22,https://japan.kantei.go.jp/101_kishida/statement/202308/index.html,DISCOVERED
https://japan.kantei.go.jp/101_kishida/statement/202308/0810kaiken.html,japan,Prime Minister's Office of Japan (Kantei),ARCHIVE_CRAWL_SEEDED_INDEX,2026-09-22,https://japan.kantei.go.jp/101_kishida/statement/202308/index.html,DISCOVERED
https://japan.kantei.go.jp/101_kishida/statement/202308/0831kaiken.html,japan,Prime Minister's Office of Japan (Kantei),ARCHIVE_CRAWL_SEEDED_INDEX,2026-09-22,https://japan.kantei.go.jp/101_kishida/statement/202308/index.html,DISCOVERED
https://japan.kantei.go.jp/101_kishida/statement/202308/09message.html,japan,Prime Minister's Office of Japan (Kantei),ARCHIVE_CRAWL_SEEDED_INDEX,2026-09-22,https://japan.kantei.go.jp/101_kishida/statement/202308/index.html,DISCOVERED
https://japan.kantei.go.jp/101_kishida/statement/202308/12message.html,japan,Prime Minister's Office of Japan (Kantei),ARCHIVE_CRAWL_SEEDED_INDEX,2026-09-22,https://japan.kantei.go.jp/101_kishida/statement/202308/index.html,DISCOVERED
https://japan.kantei.go.jp/101_kishida/statement/202308/15shikiji.html,japan,Prime Minister's Office of Japan (Kantei),ARCHIVE_CRAWL_SEEDED_INDEX,2026-09-22,https://japan.kantei.go.jp/101_kishida/statement/202308/index.html,DISCOVERED
https://japan.kantei.go.jp/101_kishida/statement/202308/17kaiken.html,japan,Prime Minister's Office of Japan (Kantei),ARCHIVE_CRAWL_SEEDED_INDEX,2026-09-22,https://japan.kantei.go.jp/101_kishida/statement/202308/index.html,DISCOVERED
https://japan.kantei.go.jp/101_kishida/statement/202308/18kaiken.html,japan,Prime Minister's Office of Japan (Kantei),ARCHIVE_CRAWL_SEEDED_INDEX,2026-09-22,https://japan.kantei.go.jp/101_kishida/statement/202308/index.html,DISCOVERED
https://japan.kantei.go.jp/101_kishida/statement/202308/18kyodo_kaiken.html,japan,Prime Minister's Office of Japan (Kantei),ARCHIVE_CRAWL_SEEDED_INDEX,2026-09-22,https://japan.kantei.go.jp/101_kishida/statement/202308/index.html,DISCOVERED
https://japan.kantei.go.jp/101_kishida/statement/202308/20kaiken.html,japan,Prime Minister's Office of Japan (Kantei),ARCHIVE_CRAWL_SEEDED_INDEX,2026-09-22,https://japan.kantei.go.jp/101_kishida/statement/202308/index.html,DISCOVERED
https://japan.kantei.go.jp/101_kishida/statement/202308/21kaiken.html,japan,Prime Minister's Office of Japan (Kantei),ARCHIVE_CRAWL_SEEDED_INDEX,2026-09-22,https://japan.kantei.go.jp/101_kishida/statement/202308/index.html,DISCOVERED
https://japan.kantei.go.jp/101_kishida/statement/202308/22kaiken.html,japan,Prime Minister's Office of Japan (Kantei),ARCHIVE_CRAWL_SEEDED_INDEX,2026-09-22,https://japan.kantei.go.jp/101_kishida/statement/202308/index.html,DISCOVERED
https://japan.kantei.go.jp/101_kishida/statement/202308/24kaiken.html,japan,Prime Minister's Office of Japan (Kantei),ARCHIVE_CRAWL_SEEDED_INDEX,2026-09-22,https://japan.kantei.go.jp/101_kishida/statement/202308/index.html,DISCOVERED
https://japan.kantei.go.jp/101_kishida/statement/202308/24message.html,japan,Prime Minister's Office of Japan (Kantei),ARCHIVE_CRAWL_SEEDED_INDEX,2026-09-22,https://japan.kantei.go.jp/101_kishida/statement/202308/index.html,DISCOVERED
https://japan.kantei.go.jp/101_kishida/statement/202308/25message.html,japan,Prime Minister's Office of Japan (Kantei),ARCHIVE_CRAWL_SEEDED_INDEX,2026-09-22,https://japan.kantei.go.jp/101_kishida/statement/202308/index.html,DISCOVERED
https://japan.kantei.go.jp/101_kishida/statement/202308/30message.html,japan,Prime Minister's Office of Japan (Kantei),ARCHIVE_CRAWL_SEEDED_INDEX,2026-09-22,https://japan.kantei.go.jp/101_kishida/statement/202308/index.html,DISCOVERED
https://japan.kantei.go.jp/101_kishida/statement/202308/_00016.html,japan,Prime Minister's Office of Japan (Kantei),ARCHIVE_CRAWL_SEEDED_INDEX,2026-09-22,https://japan.kantei.go.jp/101_kishida/statement/202308/index.html,DISCOVERED
https://japan.kantei.go.jp/101_kishida/statement/202309/04message.html,japan,Prime Minister's Office of Japan (Kantei),ARCHIVE_CRAWL_SEEDED_INDEX,2026-09-22,https://japan.kantei.go.jp/101_kishida/statement/202309/index.html,DISCOVERED
https://japan.kantei.go.jp/101_kishida/statement/202309/06contribution.html,japan,Prime Minister's Office of Japan (Kantei),ARCHIVE_CRAWL_SEEDED_INDEX,2026-09-22,https://japan.kantei.go.jp/101_kishida/statement/202309/index.html,DISCOVERED
https://japan.kantei.go.jp/101_kishida/statement/202309/06message.html,japan,Prime Minister's Office of Japan (Kantei),ARCHIVE_CRAWL_SEEDED_INDEX,2026-09-22,https://japan.kantei.go.jp/101_kishida/statement/202309/index.html,DISCOVERED
https://japan.kantei.go.jp/101_kishida/statement/202309/06speech.html,japan,Prime Minister's Office of Japan (Kantei),ARCHIVE_CRAWL_SEEDED_INDEX,2026-09-22,https://japan.kantei.go.jp/101_kishida/statement/202309/index.html,DISCOVERED
https://japan.kantei.go.jp/101_kishida/statement/202309/0905kaiken.html,japan,Prime Minister's Office of Japan (Kantei),ARCHIVE_CRAWL_SEEDED_INDEX,2026-09-22,https://japan.kantei.go.jp/101_kishida/statement/202309/index.html,DISCOVERED
https://japan.kantei.go.jp/101_kishida/statement/202309/0906kaiken.html,japan,Prime Minister's Office of Japan (Kantei),ARCHIVE_CRAWL_SEEDED_INDEX,2026-09-22,https://japan.kantei.go.jp/101_kishida/statement/202309/index.html,DISCOVERED
https://japan.kantei.go.jp/101_kishida/statement/202309/0907kaiken.html,japan,Prime Minister's Office of Japan (Kantei),ARCHIVE_CRAWL_SEEDED_INDEX,2026-09-22,https://japan.kantei.go.jp/101_kishida/statement/202309/index.html,DISCOVERED
https://japan.kantei.go.jp/101_kishida/statement/202309/0925kaiken.html,japan,Prime Minister's Office of Japan (Kantei),ARCHIVE_CRAWL_SEEDED_INDEX,2026-09-22,https://japan.kantei.go.jp/101_kishida/statement/202309/index.html,DISCOVERED
https://japan.kantei.go.jp/101_kishida/statement/202309/09message.html,japan,Prime Minister's Office of Japan (Kantei),ARCHIVE_CRAWL_SEEDED_INDEX,2026-09-22,https://japan.kantei.go.jp/101_kishida/statement/202309/index.html,DISCOVERED
https://japan.kantei.go.jp/101_kishida/statement/202309/10kaiken.html,japan,Prime Minister's Office of Japan (Kantei),ARCHIVE_CRAWL_SEEDED_INDEX,2026-09-22,https://japan.kantei.go.jp/101_kishida/statement/202309/index.html,DISCOVERED
https://japan.kantei.go.jp/101_kishida/statement/202309/12message.html,japan,Prime Minister's Office of Japan (Kantei),ARCHIVE_CRAWL_SEEDED_INDEX,2026-09-22,https://japan.kantei.go.jp/101_kishida/statement/202309/index.html,DISCOVERED
https://japan.kantei.go.jp/101_kishida/statement/202309/19fmct.html,japan,Prime Minister's Office of Japan (Kantei),ARCHIVE_CRAWL_SEEDED_INDEX,2026-09-22,https://japan.kantei.go.jp/101_kishida/statement/202309/index.html,DISCOVERED
https://japan.kantei.go.jp/101_kishida/statement/202309/19kaiken.html,japan,Prime Minister's Office of Japan (Kantei),ARCHIVE_CRAWL_SEEDED_INDEX,2026-09-22,https://japan.kantei.go.jp/101_kishida/statement/202309/index.html,DISCOVERED
https://japan.kantei.go.jp/101_kishida/statement/202309/19sdg.html,japan,Prime Minister's Office of Japan (Kantei),ARCHIVE_CRAWL_SEEDED_INDEX,2026-09-22,https://japan.kantei.go.jp/101_kishida/statement/202309/index.html,DISCOVERED
https://japan.kantei.go.jp/101_kishida/statement/202309/19unga.html,japan,Prime Minister's Office of Japan (Kantei),ARCHIVE_CRAWL_SEEDED_INDEX,2026-09-22,https://japan.kantei.go.jp/101_kishida/statement/202309/index.html,DISCOVERED
https://japan.kantei.go.jp/101_kishida/statement/202309/20gga.html,japan,Prime Minister's Office of Japan (Kantei),ARCHIVE_CRAWL_SEEDED_INDEX,2026-09-22,https://japan.kantei.go.jp/101_kishida/statement/202309/index.html,DISCOVERED
https://japan.kantei.go.jp/101_kishida/statement/202309/20kaiken.html,japan,Prime Minister's Office of Japan (Kantei),ARCHIVE_CRAWL_SEEDED_INDEX,2026-09-22,https://japan.kantei.go.jp/101_kishida/statement/202309/index.html,DISCOVERED
https://japan.kantei.go.jp/101_kishida/statement/202309/20security.html,japan,Prime Minister's Office of Japan (Kantei),ARCHIVE_CRAWL_SEEDED_INDEX,2026-09-22,https://japan.kantei.go.jp/101_kishida/statement/202309/index.html,DISCOVERED
https://japan.kantei.go.jp/101_kishida/statement/202309/21economicclub.html,japan,Prime Minister's Office of Japan (Kantei),ARCHIVE_CRAWL_SEEDED_INDEX,2026-09-22,https://japan.kantei.go.jp/101_kishida/statement/202309/index.html,DISCOVERED
https://japan.kantei.go.jp/101_kishida/statement/202309/21g7health.html,japan,Prime Minister's Office of Japan (Kantei),ARCHIVE_CRAWL_SEEDED_INDEX,2026-09-22,https://japan.kantei.go.jp/101_kishida/statement/202309/index.html,DISCOVERED
https://japan.kantei.go.jp/101_kishida/statement/202309/21uhc.html,japan,Prime Minister's Office of Japan (Kantei),ARCHIVE_CRAWL_SEEDED_INDEX,2026-09-22,https://japan.kantei.go.jp/101_kishida/statement/202309/index.html,DISCOVERED
https://japan.kantei.go.jp/101_kishida/statement/202309/22message_sideevent.html,japan,Prime Minister's Office of Japan (Kantei),ARCHIVE_CRAWL_SEEDED_INDEX,2026-09-22,https://japan.kantei.go.jp/101_kishida/statement/202309/index.html,DISCOVERED
https://japan.kantei.go.jp/101_kishida/statement/202309/23letter.html,japan,Prime Minister's Office of Japan (Kantei),ARCHIVE_CRAWL_SEEDED_INDEX,2026-09-22,https://japan.kantei.go.jp/101_kishida/statement/202309/index.html,DISCOVERED
https://japan.kantei.go.jp/101_kishida/statement/202309/25message.html,japan,Prime Minister's Office of Japan (Kantei),ARCHIVE_CRAWL_SEEDED_INDEX,2026-09-22,https://japan.kantei.go.jp/101_kishida/statement/202309/index.html,DISCOVERED
https://japan.kantei.go.jp/tag/0141.html,japan,Prime Minister's Office of Japan (Kantei),ARCHIVE_CRAWL_SEEDED_INDEX,2026-09-22,https://japan.kantei.go.jp/101_kishida/statement/202309/index.html,DISCOVERED
https://japan.kantei.go.jp/101_kishida/statement/202310/03pri.html,japan,Prime Minister's Office of Japan (Kantei),ARCHIVE_CRAWL_SEEDED_INDEX,2026-09-22,https://japan.kantei.go.jp/101_kishida/statement/202310/index.html,DISCOVERED
https://japan.kantei.go.jp/101_kishida/statement/202310/06message.html,japan,Prime Minister's Office of Japan (Kantei),ARCHIVE_CRAWL_SEEDED_INDEX,2026-09-22,https://japan.kantei.go.jp/101_kishida/statement/202310/index.html,DISCOVERED
https://japan.kantei.go.jp/101_kishida/statement/202310/18message.html,japan,Prime Minister's Office of Japan (Kantei),ARCHIVE_CRAWL_SEEDED_INDEX,2026-09-22,https://japan.kantei.go.jp/101_kishida/statement/202310/index.html,DISCOVERED
https://japan.kantei.go.jp/101_kishida/statement/202310/20231024message.html,japan,Prime Minister's Office of Japan (Kantei),ARCHIVE_CRAWL_SEEDED_INDEX,2026-09-22,https://japan.kantei.go.jp/101_kishida/statement/202310/index.html,DISCOVERED
https://japan.kantei.go.jp/101_kishida/statement/202310/23message.html,japan,Prime Minister's Office of Japan (Kantei),ARCHIVE_CRAWL_SEEDED_INDEX,2026-09-22,https://japan.kantei.go.jp/101_kishida/statement/202310/index.html,DISCOVERED
https://japan.kantei.go.jp/101_kishida/statement/202310/23shoshinhyomei.html,japan,Prime Minister's Office of Japan (Kantei),ARCHIVE_CRAWL_SEEDED_INDEX,2026-09-22,https://japan.kantei.go.jp/101_kishida/statement/202310/index.html,DISCOVERED
https://japan.kantei.go.jp/101_kishida/statement/202310/26message.html,japan,Prime Minister's Office of Japan (Kantei),ARCHIVE_CRAWL_SEEDED_INDEX,2026-09-22,https://japan.kantei.go.jp/101_kishida/statement/202310/index.html,DISCOVERED
https://japan.kantei.go.jp/101_kishida/statement/202310/30message.html,japan,Prime Minister's Office of Japan (Kantei),ARCHIVE_CRAWL_SEEDED_INDEX,2026-09-22,https://japan.kantei.go.jp/101_kishida/statement/202310/index.html,DISCOVERED
https://japan.kantei.go.jp/tag/0134.html,japan,Prime Minister's Office of Japan (Kantei),ARCHIVE_CRAWL_SEEDED_INDEX,2026-09-22,https://japan.kantei.go.jp/101_kishida/statement/202310/index.html,DISCOVERED
https://japan.kantei.go.jp/101_kishida/statement/202311/03.html,japan,Prime Minister's Office of Japan (Kantei),ARCHIVE_CRAWL_SEEDED_INDEX,2026-09-22,https://japan.kantei.go.jp/101_kishida/statement/202311/index.html,DISCOVERED
https://japan.kantei.go.jp/101_kishida/statement/202311/04.html,japan,Prime Minister's Office of Japan (Kantei),ARCHIVE_CRAWL_SEEDED_INDEX,2026-09-22,https://japan.kantei.go.jp/101_kishida/statement/202311/index.html,DISCOVERED
https://japan.kantei.go.jp/101_kishida/statement/202311/04policyspeech.html,japan,Prime Minister's Office of Japan (Kantei),ARCHIVE_CRAWL_SEEDED_INDEX,2026-09-22,https://japan.kantei.go.jp/101_kishida/statement/202311/index.html,DISCOVERED
https://japan.kantei.go.jp/101_kishida/statement/202311/05kaiken.html,japan,Prime Minister's Office of Japan (Kantei),ARCHIVE_CRAWL_SEEDED_INDEX,2026-09-22,https://japan.kantei.go.jp/101_kishida/statement/202311/index.html,DISCOVERED
https://japan.kantei.go.jp/101_kishida/statement/202311/1102kaiken.html,japan,Prime Minister's Office of Japan (Kantei),ARCHIVE_CRAWL_SEEDED_INDEX,2026-09-22,https://japan.kantei.go.jp/101_kishida/statement/202311/index.html,DISCOVERED
https://japan.kantei.go.jp/101_kishida/statement/202311/1103kaiken.html,japan,Prime Minister's Office of Japan (Kantei),ARCHIVE_CRAWL_SEEDED_INDEX,2026-09-22,https://japan.kantei.go.jp/101_kishida/statement/202311/index.html,DISCOVERED
https://japan.kantei.go.jp/101_kishida/statement/202311/1115kaiken.html,japan,Prime Minister's Office of Japan (Kantei),ARCHIVE_CRAWL_SEEDED_INDEX,2026-09-22,https://japan.kantei.go.jp/101_kishida/statement/202311/index.html,DISCOVERED
https://japan.kantei.go.jp/101_kishida/statement/202311/1116kaiken.html,japan,Prime Minister's Office of Japan (Kantei),ARCHIVE_CRAWL_SEEDED_INDEX,2026-09-22,https://japan.kantei.go.jp/101_kishida/statement/202311/index.html,DISCOVERED
https://japan.kantei.go.jp/101_kishida/statement/202311/1117kaiken.html,japan,Prime Minister's Office of Japan (Kantei),ARCHIVE_CRAWL_SEEDED_INDEX,2026-09-22,https://japan.kantei.go.jp/101_kishida/statement/202311/index.html,DISCOVERED
https://japan.kantei.go.jp/101_kishida/statement/202311/1202kaiken.html,japan,Prime Minister's Office of Japan (Kantei),ARCHIVE_CRAWL_SEEDED_INDEX,2026-09-22,https://japan.kantei.go.jp/101_kishida/statement/202311/index.html,DISCOVERED
https://japan.kantei.go.jp/101_kishida/statement/202311/14contribution.html,japan,Prime Minister's Office of Japan (Kantei),ARCHIVE_CRAWL_SEEDED_INDEX,2026-09-22,https://japan.kantei.go.jp/101_kishida/statement/202311/index.html,DISCOVERED
https://japan.kantei.go.jp/101_kishida/statement/202311/17message.html,japan,Prime Minister's Office of Japan (Kantei),ARCHIVE_CRAWL_SEEDED_INDEX,2026-09-22,https://japan.kantei.go.jp/101_kishida/statement/202311/index.html,DISCOVERED
https://japan.kantei.go.jp/101_kishida/statement/202311/22message.html,japan,Prime Minister's Office of Japan (Kantei),ARCHIVE_CRAWL_SEEDED_INDEX,2026-09-22,https://japan.kantei.go.jp/101_kishida/statement/202311/index.html,DISCOVERED
https://japan.kantei.go.jp/101_kishida/statement/202311/27message.html,japan,Prime Minister's Office of Japan (Kantei),ARCHIVE_CRAWL_SEEDED_INDEX,2026-09-22,https://japan.kantei.go.jp/101_kishida/statement/202311/index.html,DISCOVERED
https://japan.kantei.go.jp/101_kishida/statement/202311/28message.html,japan,Prime Minister's Office of Japan (Kantei),ARCHIVE_CRAWL_SEEDED_INDEX,2026-09-22,https://japan.kantei.go.jp/101_kishida/statement/202311/index.html,DISCOVERED
https://japan.kantei.go.jp/tag/0044.html,japan,Prime Minister's Office of Japan (Kantei),ARCHIVE_CRAWL_SEEDED_INDEX,2026-09-22,https://japan.kantei.go.jp/101_kishida/statement/202311/index.html,DISCOVERED
https://japan.kantei.go.jp/101_kishida/statement/202312/01statement.html,japan,Prime Minister's Office of Japan (Kantei),ARCHIVE_CRAWL_SEEDED_INDEX,2026-09-22,https://japan.kantei.go.jp/101_kishida/statement/202312/index.html,DISCOVERED
https://japan.kantei.go.jp/101_kishida/statement/202312/02speech.html,japan,Prime Minister's Office of Japan (Kantei),ARCHIVE_CRAWL_SEEDED_INDEX,2026-09-22,https://japan.kantei.go.jp/101_kishida/statement/202312/index.html,DISCOVERED
https://japan.kantei.go.jp/101_kishida/statement/202312/06message.html,japan,Prime Minister's Office of Japan (Kantei),ARCHIVE_CRAWL_SEEDED_INDEX,2026-09-22,https://japan.kantei.go.jp/101_kishida/statement/202312/index.html,DISCOVERED
https://japan.kantei.go.jp/101_kishida/statement/202312/08speech.html,japan,Prime Minister's Office of Japan (Kantei),ARCHIVE_CRAWL_SEEDED_INDEX,2026-09-22,https://japan.kantei.go.jp/101_kishida/statement/202312/index.html,DISCOVERED
https://japan.kantei.go.jp/101_kishida/statement/202312/09speech.html,japan,Prime Minister's Office of Japan (Kantei),ARCHIVE_CRAWL_SEEDED_INDEX,2026-09-22,https://japan.kantei.go.jp/101_kishida/statement/202312/index.html,DISCOVERED
https://japan.kantei.go.jp/101_kishida/statement/202312/1202kaiken.html,japan,Prime Minister's Office of Japan (Kantei),ARCHIVE_CRAWL_SEEDED_INDEX,2026-09-22,https://japan.kantei.go.jp/101_kishida/statement/202312/index.html,DISCOVERED
https://japan.kantei.go.jp/101_kishida/statement/202312/12message_geac.html,japan,Prime Minister's Office of Japan (Kantei),ARCHIVE_CRAWL_SEEDED_INDEX,2026-09-22,https://japan.kantei.go.jp/101_kishida/statement/202312/index.html,DISCOVERED
https://japan.kantei.go.jp/101_kishida/statement/202312/13contribution.html,japan,Prime Minister's Office of Japan (Kantei),ARCHIVE_CRAWL_SEEDED_INDEX,2026-09-22,https://japan.kantei.go.jp/101_kishida/statement/202312/index.html,DISCOVERED
https://japan.kantei.go.jp/101_kishida/statement/202312/14message.html,japan,Prime Minister's Office of Japan (Kantei),ARCHIVE_CRAWL_SEEDED_INDEX,2026-09-22,https://japan.kantei.go.jp/101_kishida/statement/202312/index.html,DISCOVERED
https://japan.kantei.go.jp/101_kishida/statement/202312/15contribution_cambodia.html,japan,Prime Minister's Office of Japan (Kantei),ARCHIVE_CRAWL_SEEDED_INDEX,2026-09-22,https://japan.kantei.go.jp/101_kishida/statement/202312/index.html,DISCOVERED
https://japan.kantei.go.jp/101_kishida/statement/202312/15contribution_indonesia.html,japan,Prime Minister's Office of Japan (Kantei),ARCHIVE_CRAWL_SEEDED_INDEX,2026-09-22,https://japan.kantei.go.jp/101_kishida/statement/202312/index.html,DISCOVERED
https://japan.kantei.go.jp/101_kishida/statement/202312/15contribution_laos.html,japan,Prime Minister's Office of Japan (Kantei),ARCHIVE_CRAWL_SEEDED_INDEX,2026-09-22,https://japan.kantei.go.jp/101_kishida/statement/202312/index.html,DISCOVERED
https://japan.kantei.go.jp/101_kishida/statement/202312/15contribution_malaysia.html,japan,Prime Minister's Office of Japan (Kantei),ARCHIVE_CRAWL_SEEDED_INDEX,2026-09-22,https://japan.kantei.go.jp/101_kishida/statement/202312/index.html,DISCOVERED
https://japan.kantei.go.jp/101_kishida/statement/202312/15contribution_philippines.html,japan,Prime Minister's Office of Japan (Kantei),ARCHIVE_CRAWL_SEEDED_INDEX,2026-09-22,https://japan.kantei.go.jp/101_kishida/statement/202312/index.html,DISCOVERED
https://japan.kantei.go.jp/101_kishida/statement/202312/15contribution_singapore.html,japan,Prime Minister's Office of Japan (Kantei),ARCHIVE_CRAWL_SEEDED_INDEX,2026-09-22,https://japan.kantei.go.jp/101_kishida/statement/202312/index.html,DISCOVERED
https://japan.kantei.go.jp/101_kishida/statement/202312/15contribution_thailand.html,japan,Prime Minister's Office of Japan (Kantei),ARCHIVE_CRAWL_SEEDED_INDEX,2026-09-22,https://japan.kantei.go.jp/101_kishida/statement/202312/index.html,DISCOVERED
https://japan.kantei.go.jp/101_kishida/statement/202312/16contribution.html,japan,Prime Minister's Office of Japan (Kantei),ARCHIVE_CRAWL_SEEDED_INDEX,2026-09-22,https://japan.kantei.go.jp/101_kishida/statement/202312/index.html,DISCOVERED
https://japan.kantei.go.jp/101_kishida/statement/202312/16contribution_brunei.html,japan,Prime Minister's Office of Japan (Kantei),ARCHIVE_CRAWL_SEEDED_INDEX,2026-09-22,https://japan.kantei.go.jp/101_kishida/statement/202312/index.html,DISCOVERED
https://japan.kantei.go.jp/101_kishida/statement/202312/16contribution_vietnam_00001.html,japan,Prime Minister's Office of Japan (Kantei),ARCHIVE_CRAWL_SEEDED_INDEX,2026-09-22,https://japan.kantei.go.jp/101_kishida/statement/202312/index.html,DISCOVERED
https://japan.kantei.go.jp/101_kishida/statement/202312/16message_kuwait.html,japan,Prime Minister's Office of Japan (Kantei),ARCHIVE_CRAWL_SEEDED_INDEX,2026-09-22,https://japan.kantei.go.jp/101_kishida/statement/202312/index.html,DISCOVERED
https://japan.kantei.go.jp/101_kishida/statement/202312/18message.html,japan,Prime Minister's Office of Japan (Kantei),ARCHIVE_CRAWL_SEEDED_INDEX,2026-09-22,https://japan.kantei.go.jp/101_kishida/statement/202312/index.html,DISCOVERED
https://japan.kantei.go.jp/101_kishida/statement/202312/19message.html,japan,Prime Minister's Office of Japan (Kantei),ARCHIVE_CRAWL_SEEDED_INDEX,2026-09-22,https://japan.kantei.go.jp/101_kishida/statement/202312/index.html,DISCOVERED
https://japan.kantei.go.jp/101_kishida/statement/202312/1message.html,japan,Prime Minister's Office of Japan (Kantei),ARCHIVE_CRAWL_SEEDED_INDEX,2026-09-22,https://japan.kantei.go.jp/101_kishida/statement/202312/index.html,DISCOVERED
https://japan.kantei.go.jp/101_kishida/statement/202312/20message.html,japan,Prime Minister's Office of Japan (Kantei),ARCHIVE_CRAWL_SEEDED_INDEX,2026-09-22,https://japan.kantei.go.jp/101_kishida/statement/202312/index.html,DISCOVERED
https://japan.kantei.go.jp/101_kishida/statement/202401/01kaiken.html,japan,Prime Minister's Office of Japan (Kantei),ARCHIVE_CRAWL_SEEDED_INDEX,2026-09-22,https://japan.kantei.go.jp/101_kishida/statement/202401/index.html,DISCOVERED
https://japan.kantei.go.jp/101_kishida/statement/202401/01nentou.html,japan,Prime Minister's Office of Japan (Kantei),ARCHIVE_CRAWL_SEEDED_INDEX,2026-09-22,https://japan.kantei.go.jp/101_kishida/statement/202401/index.html,DISCOVERED
https://japan.kantei.go.jp/101_kishida/statement/202401/02kaiken.html,japan,Prime Minister's Office of Japan (Kantei),ARCHIVE_CRAWL_SEEDED_INDEX,2026-09-22,https://japan.kantei.go.jp/101_kishida/statement/202401/index.html,DISCOVERED
https://japan.kantei.go.jp/101_kishida/statement/202401/03kaiken.html,japan,Prime Minister's Office of Japan (Kantei),ARCHIVE_CRAWL_SEEDED_INDEX,2026-09-22,https://japan.kantei.go.jp/101_kishida/statement/202401/index.html,DISCOVERED
https://japan.kantei.go.jp/101_kishida/statement/202401/04kaiken2.html,japan,Prime Minister's Office of Japan (Kantei),ARCHIVE_CRAWL_SEEDED_INDEX,2026-09-22,https://japan.kantei.go.jp/101_kishida/statement/202401/index.html,DISCOVERED
https://japan.kantei.go.jp/101_kishida/statement/202401/05kaiken.html,japan,Prime Minister's Office of Japan (Kantei),ARCHIVE_CRAWL_SEEDED_INDEX,2026-09-22,https://japan.kantei.go.jp/101_kishida/statement/202401/index.html,DISCOVERED
https://japan.kantei.go.jp/101_kishida/statement/202401/05kaiken2.html,japan,Prime Minister's Office of Japan (Kantei),ARCHIVE_CRAWL_SEEDED_INDEX,2026-09-22,https://japan.kantei.go.jp/101_kishida/statement/202401/index.html,DISCOVERED
https://japan.kantei.go.jp/101_kishida/statement/202401/11kaiken.html,japan,Prime Minister's Office of Japan (Kantei),ARCHIVE_CRAWL_SEEDED_INDEX,2026-09-22,https://japan.kantei.go.jp/101_kishida/statement/202401/index.html,DISCOVERED
https://japan.kantei.go.jp/101_kishida/statement/202401/14kaiken.html,japan,Prime Minister's Office of Japan (Kantei),ARCHIVE_CRAWL_SEEDED_INDEX,2026-09-22,https://japan.kantei.go.jp/101_kishida/statement/202401/index.html,DISCOVERED
https://japan.kantei.go.jp/101_kishida/statement/202401/16message_pr.html,japan,Prime Minister's Office of Japan (Kantei),ARCHIVE_CRAWL_SEEDED_INDEX,2026-09-22,https://japan.kantei.go.jp/101_kishida/statement/202401/index.html,DISCOVERED
https://japan.kantei.go.jp/101_kishida/statement/202401/22message.html,japan,Prime Minister's Office of Japan (Kantei),ARCHIVE_CRAWL_SEEDED_INDEX,2026-09-22,https://japan.kantei.go.jp/101_kishida/statement/202401/index.html,DISCOVERED
https://japan.kantei.go.jp/101_kishida/statement/202401/25kaiken.html,japan,Prime Minister's Office of Japan (Kantei),ARCHIVE_CRAWL_SEEDED_INDEX,2026-09-22,https://japan.kantei.go.jp/101_kishida/statement/202401/index.html,DISCOVERED
https://japan.kantei.go.jp/101_kishida/statement/202401/30shiseihoshin.html,japan,Prime Minister's Office of Japan (Kantei),ARCHIVE_CRAWL_SEEDED_INDEX,2026-09-22,https://japan.kantei.go.jp/101_kishida/statement/202401/index.html,DISCOVERED
https://japan.kantei.go.jp/tag/0142.html,japan,Prime Minister's Office of Japan (Kantei),ARCHIVE_CRAWL_SEEDED_INDEX,2026-09-22,https://japan.kantei.go.jp/101_kishida/statement/202401/index.html,DISCOVERED
https://japan.kantei.go.jp/101_kishida/statement/202402/05_message.html,japan,Prime Minister's Office of Japan (Kantei),ARCHIVE_CRAWL_SEEDED_INDEX,2026-09-22,https://japan.kantei.go.jp/101_kishida/statement/202402/index.html,DISCOVERED
https://japan.kantei.go.jp/101_kishida/statement/202402/05message.html,japan,Prime Minister's Office of Japan (Kantei),ARCHIVE_CRAWL_SEEDED_INDEX,2026-09-22,https://japan.kantei.go.jp/101_kishida/statement/202402/index.html,DISCOVERED
https://japan.kantei.go.jp/101_kishida/statement/202402/07message.html,japan,Prime Minister's Office of Japan (Kantei),ARCHIVE_CRAWL_SEEDED_INDEX,2026-09-22,https://japan.kantei.go.jp/101_kishida/statement/202402/index.html,DISCOVERED
https://japan.kantei.go.jp/101_kishida/statement/202402/08shukuji.html,japan,Prime Minister's Office of Japan (Kantei),ARCHIVE_CRAWL_SEEDED_INDEX,2026-09-22,https://japan.kantei.go.jp/101_kishida/statement/202402/index.html,DISCOVERED
https://japan.kantei.go.jp/101_kishida/statement/202402/11message.html,japan,Prime Minister's Office of Japan (Kantei),ARCHIVE_CRAWL_SEEDED_INDEX,2026-09-22,https://japan.kantei.go.jp/101_kishida/statement/202402/index.html,DISCOVERED
https://japan.kantei.go.jp/101_kishida/statement/202402/13message.html,japan,Prime Minister's Office of Japan (Kantei),ARCHIVE_CRAWL_SEEDED_INDEX,2026-09-22,https://japan.kantei.go.jp/101_kishida/statement/202402/index.html,DISCOVERED
https://japan.kantei.go.jp/101_kishida/statement/202402/14message.html,japan,Prime Minister's Office of Japan (Kantei),ARCHIVE_CRAWL_SEEDED_INDEX,2026-09-22,https://japan.kantei.go.jp/101_kishida/statement/202402/index.html,DISCOVERED
https://japan.kantei.go.jp/101_kishida/statement/202402/16message.html,japan,Prime Minister's Office of Japan (Kantei),ARCHIVE_CRAWL_SEEDED_INDEX,2026-09-22,https://japan.kantei.go.jp/101_kishida/statement/202402/index.html,DISCOVERED
https://japan.kantei.go.jp/101_kishida/statement/202402/19contribution.html,japan,Prime Minister's Office of Japan (Kantei),ARCHIVE_CRAWL_SEEDED_INDEX,2026-09-22,https://japan.kantei.go.jp/101_kishida/statement/202402/index.html,DISCOVERED
https://japan.kantei.go.jp/101_kishida/statement/202402/24kaiken.html,japan,Prime Minister's Office of Japan (Kantei),ARCHIVE_CRAWL_SEEDED_INDEX,2026-09-22,https://japan.kantei.go.jp/101_kishida/statement/202402/index.html,DISCOVERED
https://japan.kantei.go.jp/101_kishida/statement/202403/01.html,japan,Prime Minister's Office of Japan (Kantei),ARCHIVE_CRAWL_SEEDED_INDEX,2026-09-22,https://japan.kantei.go.jp/101_kishida/statement/202403/index.html,DISCOVERED
https://japan.kantei.go.jp/101_kishida/statement/202403/06message.html,japan,Prime Minister's Office of Japan (Kantei),ARCHIVE_CRAWL_SEEDED_INDEX,2026-09-22,https://japan.kantei.go.jp/101_kishida/statement/202403/index.html,DISCOVERED
https://japan.kantei.go.jp/101_kishida/statement/202403/07message.html,japan,Prime Minister's Office of Japan (Kantei),ARCHIVE_CRAWL_SEEDED_INDEX,2026-09-22,https://japan.kantei.go.jp/101_kishida/statement/202403/index.html,DISCOVERED
https://japan.kantei.go.jp/101_kishida/statement/202403/08message.html,japan,Prime Minister's Office of Japan (Kantei),ARCHIVE_CRAWL_SEEDED_INDEX,2026-09-22,https://japan.kantei.go.jp/101_kishida/statement/202403/index.html,DISCOVERED
https://japan.kantei.go.jp/101_kishida/statement/202403/08message2.html,japan,Prime Minister's Office of Japan (Kantei),ARCHIVE_CRAWL_SEEDED_INDEX,2026-09-22,https://japan.kantei.go.jp/101_kishida/statement/202403/index.html,DISCOVERED
https://japan.kantei.go.jp/101_kishida/statement/202403/11kaiken.html,japan,Prime Minister's Office of Japan (Kantei),ARCHIVE_CRAWL_SEEDED_INDEX,2026-09-22,https://japan.kantei.go.jp/101_kishida/statement/202403/index.html,DISCOVERED
https://japan.kantei.go.jp/101_kishida/statement/202403/11message_academy.html,japan,Prime Minister's Office of Japan (Kantei),ARCHIVE_CRAWL_SEEDED_INDEX,2026-09-22,https://japan.kantei.go.jp/101_kishida/statement/202403/index.html,DISCOVERED
https://japan.kantei.go.jp/101_kishida/statement/202403/11message_japan_vietnam.html,japan,Prime Minister's Office of Japan (Kantei),ARCHIVE_CRAWL_SEEDED_INDEX,2026-09-22,https://japan.kantei.go.jp/101_kishida/statement/202403/index.html,DISCOVERED
https://japan.kantei.go.jp/101_kishida/statement/202403/11tsuito.html,japan,Prime Minister's Office of Japan (Kantei),ARCHIVE_CRAWL_SEEDED_INDEX,2026-09-22,https://japan.kantei.go.jp/101_kishida/statement/202403/index.html,DISCOVERED
https://japan.kantei.go.jp/101_kishida/statement/202403/18message.html,japan,Prime Minister's Office of Japan (Kantei),ARCHIVE_CRAWL_SEEDED_INDEX,2026-09-22,https://japan.kantei.go.jp/101_kishida/statement/202403/index.html,DISCOVERED
https://japan.kantei.go.jp/101_kishida/statement/202403/18message2.html,japan,Prime Minister's Office of Japan (Kantei),ARCHIVE_CRAWL_SEEDED_INDEX,2026-09-22,https://japan.kantei.go.jp/101_kishida/statement/202403/index.html,DISCOVERED
https://japan.kantei.go.jp/101_kishida/statement/202403/19kaiken.html,japan,Prime Minister's Office of Japan (Kantei),ARCHIVE_CRAWL_SEEDED_INDEX,2026-09-22,https://japan.kantei.go.jp/101_kishida/statement/202403/index.html,DISCOVERED
https://japan.kantei.go.jp/101_kishida/statement/202403/20message.html,japan,Prime Minister's Office of Japan (Kantei),ARCHIVE_CRAWL_SEEDED_INDEX,2026-09-22,https://japan.kantei.go.jp/101_kishida/statement/202403/index.html,DISCOVERED
https://japan.kantei.go.jp/101_kishida/statement/202403/21message.html,japan,Prime Minister's Office of Japan (Kantei),ARCHIVE_CRAWL_SEEDED_INDEX,2026-09-22,https://japan.kantei.go.jp/101_kishida/statement/202403/index.html,DISCOVERED
https://japan.kantei.go.jp/101_kishida/statement/202403/23boueidai.html,japan,Prime Minister's Office of Japan (Kantei),ARCHIVE_CRAWL_SEEDED_INDEX,2026-09-22,https://japan.kantei.go.jp/101_kishida/statement/202403/index.html,DISCOVERED
https://japan.kantei.go.jp/101_kishida/statement/202403/28kaiken.html,japan,Prime Minister's Office of Japan (Kantei),ARCHIVE_CRAWL_SEEDED_INDEX,2026-09-22,https://japan.kantei.go.jp/101_kishida/statement/202403/index.html,DISCOVERED
https://japan.kantei.go.jp/101_kishida/statement/202404/02message.html,japan,Prime Minister's Office of Japan (Kantei),ARCHIVE_CRAWL_SEEDED_INDEX,2026-09-22,https://japan.kantei.go.jp/101_kishida/statement/202404/index.html,DISCOVERED
https://japan.kantei.go.jp/101_kishida/statement/202404/02message2.html,japan,Prime Minister's Office of Japan (Kantei),ARCHIVE_CRAWL_SEEDED_INDEX,2026-09-22,https://japan.kantei.go.jp/101_kishida/statement/202404/index.html,DISCOVERED
https://japan.kantei.go.jp/101_kishida/statement/202404/08bura.html,japan,Prime Minister's Office of Japan (Kantei),ARCHIVE_CRAWL_SEEDED_INDEX,2026-09-22,https://japan.kantei.go.jp/101_kishida/statement/202404/index.html,DISCOVERED
https://japan.kantei.go.jp/101_kishida/statement/202404/10kyodo_kaiken.html,japan,Prime Minister's Office of Japan (Kantei),ARCHIVE_CRAWL_SEEDED_INDEX,2026-09-22,https://japan.kantei.go.jp/101_kishida/statement/202404/index.html,DISCOVERED
https://japan.kantei.go.jp/101_kishida/statement/202404/10message.html,japan,Prime Minister's Office of Japan (Kantei),ARCHIVE_CRAWL_SEEDED_INDEX,2026-09-22,https://japan.kantei.go.jp/101_kishida/statement/202404/index.html,DISCOVERED
https://japan.kantei.go.jp/101_kishida/statement/202404/11kaiken.html,japan,Prime Minister's Office of Japan (Kantei),ARCHIVE_CRAWL_SEEDED_INDEX,2026-09-22,https://japan.kantei.go.jp/101_kishida/statement/202404/index.html,DISCOVERED
https://japan.kantei.go.jp/101_kishida/statement/202404/11speech.html,japan,Prime Minister's Office of Japan (Kantei),ARCHIVE_CRAWL_SEEDED_INDEX,2026-09-22,https://japan.kantei.go.jp/101_kishida/statement/202404/index.html,DISCOVERED
https://japan.kantei.go.jp/101_kishida/statement/202404/12kaiken.html,japan,Prime Minister's Office of Japan (Kantei),ARCHIVE_CRAWL_SEEDED_INDEX,2026-09-22,https://japan.kantei.go.jp/101_kishida/statement/202404/index.html,DISCOVERED
https://japan.kantei.go.jp/101_kishida/statement/202404/15message.html,japan,Prime Minister's Office of Japan (Kantei),ARCHIVE_CRAWL_SEEDED_INDEX,2026-09-22,https://japan.kantei.go.jp/101_kishida/statement/202404/index.html,DISCOVERED
https://japan.kantei.go.jp/101_kishida/statement/202404/22message.html,japan,Prime Minister's Office of Japan (Kantei),ARCHIVE_CRAWL_SEEDED_INDEX,2026-09-22,https://japan.kantei.go.jp/101_kishida/statement/202404/index.html,DISCOVERED
https://japan.kantei.go.jp/101_kishida/statement/202404/22message2.html,japan,Prime Minister's Office of Japan (Kantei),ARCHIVE_CRAWL_SEEDED_INDEX,2026-09-22,https://japan.kantei.go.jp/101_kishida/statement/202404/index.html,DISCOVERED
https://japan.kantei.go.jp/tag/0094.html,japan,Prime Minister's Office of Japan (Kantei),ARCHIVE_CRAWL_SEEDED_INDEX,2026-09-22,https://japan.kantei.go.jp/101_kishida/statement/202404/index.html,DISCOVERED
https://japan.kantei.go.jp/tag/0143.html,japan,Prime Minister's Office of Japan (Kantei),ARCHIVE_CRAWL_SEEDED_INDEX,2026-09-22,https://japan.kantei.go.jp/101_kishida/statement/202404/index.html,DISCOVERED
https://japan.kantei.go.jp/101_kishida/statement/202405/01kaiken.html,japan,Prime Minister's Office of Japan (Kantei),ARCHIVE_CRAWL_SEEDED_INDEX,2026-09-22,https://japan.kantei.go.jp/101_kishida/statement/202405/index.html,DISCOVERED
https://japan.kantei.go.jp/101_kishida/statement/202405/02ai.html,japan,Prime Minister's Office of Japan (Kantei),ARCHIVE_CRAWL_SEEDED_INDEX,2026-09-22,https://japan.kantei.go.jp/101_kishida/statement/202405/index.html,DISCOVERED
https://japan.kantei.go.jp/101_kishida/statement/202405/02ifcma.html,japan,Prime Minister's Office of Japan (Kantei),ARCHIVE_CRAWL_SEEDED_INDEX,2026-09-22,https://japan.kantei.go.jp/101_kishida/statement/202405/index.html,DISCOVERED
https://japan.kantei.go.jp/101_kishida/statement/202405/02kaiken.html,japan,Prime Minister's Office of Japan (Kantei),ARCHIVE_CRAWL_SEEDED_INDEX,2026-09-22,https://japan.kantei.go.jp/101_kishida/statement/202405/index.html,DISCOVERED
https://japan.kantei.go.jp/101_kishida/statement/202405/02mcm.html,japan,Prime Minister's Office of Japan (Kantei),ARCHIVE_CRAWL_SEEDED_INDEX,2026-09-22,https://japan.kantei.go.jp/101_kishida/statement/202405/index.html,DISCOVERED
https://japan.kantei.go.jp/101_kishida/statement/202405/02searp.html,japan,Prime Minister's Office of Japan (Kantei),ARCHIVE_CRAWL_SEEDED_INDEX,2026-09-22,https://japan.kantei.go.jp/101_kishida/statement/202405/index.html,DISCOVERED
https://japan.kantei.go.jp/101_kishida/statement/202405/03paraguayforum.html,japan,Prime Minister's Office of Japan (Kantei),ARCHIVE_CRAWL_SEEDED_INDEX,2026-09-22,https://japan.kantei.go.jp/101_kishida/statement/202405/index.html,DISCOVERED
https://japan.kantei.go.jp/101_kishida/statement/202405/04brazilforum.html,japan,Prime Minister's Office of Japan (Kantei),ARCHIVE_CRAWL_SEEDED_INDEX,2026-09-22,https://japan.kantei.go.jp/101_kishida/statement/202405/index.html,DISCOVERED
https://japan.kantei.go.jp/101_kishida/statement/202405/04policy.html,japan,Prime Minister's Office of Japan (Kantei),ARCHIVE_CRAWL_SEEDED_INDEX,2026-09-22,https://japan.kantei.go.jp/101_kishida/statement/202405/index.html,DISCOVERED
https://japan.kantei.go.jp/101_kishida/statement/202405/08message.html,japan,Prime Minister's Office of Japan (Kantei),ARCHIVE_CRAWL_SEEDED_INDEX,2026-09-22,https://japan.kantei.go.jp/101_kishida/statement/202405/index.html,DISCOVERED
https://japan.kantei.go.jp/101_kishida/statement/202405/15kaiken.html,japan,Prime Minister's Office of Japan (Kantei),ARCHIVE_CRAWL_SEEDED_INDEX,2026-09-22,https://japan.kantei.go.jp/101_kishida/statement/202405/index.html,DISCOVERED
https://japan.kantei.go.jp/101_kishida/statement/202405/15message.html,japan,Prime Minister's Office of Japan (Kantei),ARCHIVE_CRAWL_SEEDED_INDEX,2026-09-22,https://japan.kantei.go.jp/101_kishida/statement/202405/index.html,DISCOVERED
https://japan.kantei.go.jp/101_kishida/statement/202405/19kaiken.html,japan,Prime Minister's Office of Japan (Kantei),ARCHIVE_CRAWL_SEEDED_INDEX,2026-09-22,https://japan.kantei.go.jp/101_kishida/statement/202405/index.html,DISCOVERED
https://japan.kantei.go.jp/101_kishida/statement/202405/20message.html,japan,Prime Minister's Office of Japan (Kantei),ARCHIVE_CRAWL_SEEDED_INDEX,2026-09-22,https://japan.kantei.go.jp/101_kishida/statement/202405/index.html,DISCOVERED
https://japan.kantei.go.jp/101_kishida/statement/202405/20statement.html,japan,Prime Minister's Office of Japan (Kantei),ARCHIVE_CRAWL_SEEDED_INDEX,2026-09-22,https://japan.kantei.go.jp/101_kishida/statement/202405/index.html,DISCOVERED
https://japan.kantei.go.jp/101_kishida/statement/202405/23message.html,japan,Prime Minister's Office of Japan (Kantei),ARCHIVE_CRAWL_SEEDED_INDEX,2026-09-22,https://japan.kantei.go.jp/101_kishida/statement/202405/index.html,DISCOVERED
https://japan.kantei.go.jp/101_kishida/statement/202405/23speech.html,japan,Prime Minister's Office of Japan (Kantei),ARCHIVE_CRAWL_SEEDED_INDEX,2026-09-22,https://japan.kantei.go.jp/101_kishida/statement/202405/index.html,DISCOVERED
https://japan.kantei.go.jp/101_kishida/statement/202405/26kaiken.html,japan,Prime Minister's Office of Japan (Kantei),ARCHIVE_CRAWL_SEEDED_INDEX,2026-09-22,https://japan.kantei.go.jp/101_kishida/statement/202405/index.html,DISCOVERED
https://japan.kantei.go.jp/101_kishida/statement/202405/26kaiken2.html,japan,Prime Minister's Office of Japan (Kantei),ARCHIVE_CRAWL_SEEDED_INDEX,2026-09-22,https://japan.kantei.go.jp/101_kishida/statement/202405/index.html,DISCOVERED
https://japan.kantei.go.jp/101_kishida/statement/202405/27message.html,japan,Prime Minister's Office of Japan (Kantei),ARCHIVE_CRAWL_SEEDED_INDEX,2026-09-22,https://japan.kantei.go.jp/101_kishida/statement/202405/index.html,DISCOVERED
https://japan.kantei.go.jp/101_kishida/statement/202405/27message2.html,japan,Prime Minister's Office of Japan (Kantei),ARCHIVE_CRAWL_SEEDED_INDEX,2026-09-22,https://japan.kantei.go.jp/101_kishida/statement/202405/index.html,DISCOVERED
https://japan.kantei.go.jp/101_kishida/statement/202405/30message1.html,japan,Prime Minister's Office of Japan (Kantei),ARCHIVE_CRAWL_SEEDED_INDEX,2026-09-22,https://japan.kantei.go.jp/101_kishida/statement/202405/index.html,DISCOVERED
https://japan.kantei.go.jp/101_kishida/statement/202405/30message2.html,japan,Prime Minister's Office of Japan (Kantei),ARCHIVE_CRAWL_SEEDED_INDEX,2026-09-22,https://japan.kantei.go.jp/101_kishida/statement/202405/index.html,DISCOVERED
https://japan.kantei.go.jp/tag/0105.html,japan,Prime Minister's Office of Japan (Kantei),ARCHIVE_CRAWL_SEEDED_INDEX,2026-09-22,https://japan.kantei.go.jp/101_kishida/statement/202405/index.html,DISCOVERED
https://japan.kantei.go.jp/tag/0144.html,japan,Prime Minister's Office of Japan (Kantei),ARCHIVE_CRAWL_SEEDED_INDEX,2026-09-22,https://japan.kantei.go.jp/101_kishida/statement/202405/index.html,DISCOVERED
https://japan.kantei.go.jp/tag/0145.html,japan,Prime Minister's Office of Japan (Kantei),ARCHIVE_CRAWL_SEEDED_INDEX,2026-09-22,https://japan.kantei.go.jp/101_kishida/statement/202405/index.html,DISCOVERED
https://japan.kantei.go.jp/101_kishida/statement/202406/03message.html,japan,Prime Minister's Office of Japan (Kantei),ARCHIVE_CRAWL_SEEDED_INDEX,2026-09-22,https://japan.kantei.go.jp/101_kishida/statement/202406/index.html,DISCOVERED
https://japan.kantei.go.jp/101_kishida/statement/202406/04statement.html,japan,Prime Minister's Office of Japan (Kantei),ARCHIVE_CRAWL_SEEDED_INDEX,2026-09-22,https://japan.kantei.go.jp/101_kishida/statement/202406/index.html,DISCOVERED
https://japan.kantei.go.jp/101_kishida/statement/202406/05message.html,japan,Prime Minister's Office of Japan (Kantei),ARCHIVE_CRAWL_SEEDED_INDEX,2026-09-22,https://japan.kantei.go.jp/101_kishida/statement/202406/index.html,DISCOVERED
https://japan.kantei.go.jp/101_kishida/statement/202406/05message2.html,japan,Prime Minister's Office of Japan (Kantei),ARCHIVE_CRAWL_SEEDED_INDEX,2026-09-22,https://japan.kantei.go.jp/101_kishida/statement/202406/index.html,DISCOVERED
https://japan.kantei.go.jp/101_kishida/statement/202406/12kaiken.html,japan,Prime Minister's Office of Japan (Kantei),ARCHIVE_CRAWL_SEEDED_INDEX,2026-09-22,https://japan.kantei.go.jp/101_kishida/statement/202406/index.html,DISCOVERED
https://japan.kantei.go.jp/101_kishida/statement/202406/12message.html,japan,Prime Minister's Office of Japan (Kantei),ARCHIVE_CRAWL_SEEDED_INDEX,2026-09-22,https://japan.kantei.go.jp/101_kishida/statement/202406/index.html,DISCOVERED
https://japan.kantei.go.jp/101_kishida/statement/202406/12message2.html,japan,Prime Minister's Office of Japan (Kantei),ARCHIVE_CRAWL_SEEDED_INDEX,2026-09-22,https://japan.kantei.go.jp/101_kishida/statement/202406/index.html,DISCOVERED
https://japan.kantei.go.jp/101_kishida/statement/202406/13message.html,japan,Prime Minister's Office of Japan (Kantei),ARCHIVE_CRAWL_SEEDED_INDEX,2026-09-22,https://japan.kantei.go.jp/101_kishida/statement/202406/index.html,DISCOVERED
https://japan.kantei.go.jp/101_kishida/statement/202406/15kaiken.html,japan,Prime Minister's Office of Japan (Kantei),ARCHIVE_CRAWL_SEEDED_INDEX,2026-09-22,https://japan.kantei.go.jp/101_kishida/statement/202406/index.html,DISCOVERED
https://japan.kantei.go.jp/101_kishida/statement/202406/15speech.html,japan,Prime Minister's Office of Japan (Kantei),ARCHIVE_CRAWL_SEEDED_INDEX,2026-09-22,https://japan.kantei.go.jp/101_kishida/statement/202406/index.html,DISCOVERED
https://japan.kantei.go.jp/101_kishida/statement/202406/18message.html,japan,Prime Minister's Office of Japan (Kantei),ARCHIVE_CRAWL_SEEDED_INDEX,2026-09-22,https://japan.kantei.go.jp/101_kishida/statement/202406/index.html,DISCOVERED
https://japan.kantei.go.jp/101_kishida/statement/202406/21kaiken.html,japan,Prime Minister's Office of Japan (Kantei),ARCHIVE_CRAWL_SEEDED_INDEX,2026-09-22,https://japan.kantei.go.jp/101_kishida/statement/202406/index.html,DISCOVERED
https://japan.kantei.go.jp/101_kishida/statement/202406/23kaiken.html,japan,Prime Minister's Office of Japan (Kantei),ARCHIVE_CRAWL_SEEDED_INDEX,2026-09-22,https://japan.kantei.go.jp/101_kishida/statement/202406/index.html,DISCOVERED
https://japan.kantei.go.jp/101_kishida/statement/202406/23okinawa.html,japan,Prime Minister's Office of Japan (Kantei),ARCHIVE_CRAWL_SEEDED_INDEX,2026-09-22,https://japan.kantei.go.jp/101_kishida/statement/202406/index.html,DISCOVERED
https://japan.kantei.go.jp/101_kishida/statement/202406/27message.html,japan,Prime Minister's Office of Japan (Kantei),ARCHIVE_CRAWL_SEEDED_INDEX,2026-09-22,https://japan.kantei.go.jp/101_kishida/statement/202406/index.html,DISCOVERED
https://japan.kantei.go.jp/101_kishida/statement/202407/01kaiken.html,japan,Prime Minister's Office of Japan (Kantei),ARCHIVE_CRAWL_SEEDED_INDEX,2026-09-22,https://japan.kantei.go.jp/101_kishida/statement/202407/index.html,DISCOVERED
https://japan.kantei.go.jp/101_kishida/statement/202407/01message.html,japan,Prime Minister's Office of Japan (Kantei),ARCHIVE_CRAWL_SEEDED_INDEX,2026-09-22,https://japan.kantei.go.jp/101_kishida/statement/202407/index.html,DISCOVERED
https://japan.kantei.go.jp/101_kishida/statement/202407/03kaiken.html,japan,Prime Minister's Office of Japan (Kantei),ARCHIVE_CRAWL_SEEDED_INDEX,2026-09-22,https://japan.kantei.go.jp/101_kishida/statement/202407/index.html,DISCOVERED
https://japan.kantei.go.jp/101_kishida/statement/202407/03message.html,japan,Prime Minister's Office of Japan (Kantei),ARCHIVE_CRAWL_SEEDED_INDEX,2026-09-22,https://japan.kantei.go.jp/101_kishida/statement/202407/index.html,DISCOVERED
https://japan.kantei.go.jp/101_kishida/statement/202407/05kaiken.html,japan,Prime Minister's Office of Japan (Kantei),ARCHIVE_CRAWL_SEEDED_INDEX,2026-09-22,https://japan.kantei.go.jp/101_kishida/statement/202407/index.html,DISCOVERED
https://japan.kantei.go.jp/101_kishida/statement/202407/06message.html,japan,Prime Minister's Office of Japan (Kantei),ARCHIVE_CRAWL_SEEDED_INDEX,2026-09-22,https://japan.kantei.go.jp/101_kishida/statement/202407/index.html,DISCOVERED
https://japan.kantei.go.jp/101_kishida/statement/202407/10kaiken.html,japan,Prime Minister's Office of Japan (Kantei),ARCHIVE_CRAWL_SEEDED_INDEX,2026-09-22,https://japan.kantei.go.jp/101_kishida/statement/202407/index.html,DISCOVERED
https://japan.kantei.go.jp/101_kishida/statement/202407/11kaiken.html,japan,Prime Minister's Office of Japan (Kantei),ARCHIVE_CRAWL_SEEDED_INDEX,2026-09-22,https://japan.kantei.go.jp/101_kishida/statement/202407/index.html,DISCOVERED
https://japan.kantei.go.jp/101_kishida/statement/202407/12jointpress.html,japan,Prime Minister's Office of Japan (Kantei),ARCHIVE_CRAWL_SEEDED_INDEX,2026-09-22,https://japan.kantei.go.jp/101_kishida/statement/202407/index.html,DISCOVERED
https://japan.kantei.go.jp/101_kishida/statement/202407/12message.html,japan,Prime Minister's Office of Japan (Kantei),ARCHIVE_CRAWL_SEEDED_INDEX,2026-09-22,https://japan.kantei.go.jp/101_kishida/statement/202407/index.html,DISCOVERED
https://japan.kantei.go.jp/101_kishida/statement/202407/15contribution.html,japan,Prime Minister's Office of Japan (Kantei),ARCHIVE_CRAWL_SEEDED_INDEX,2026-09-22,https://japan.kantei.go.jp/101_kishida/statement/202407/index.html,DISCOVERED
https://japan.kantei.go.jp/101_kishida/statement/202407/17message.html,japan,Prime Minister's Office of Japan (Kantei),ARCHIVE_CRAWL_SEEDED_INDEX,2026-09-22,https://japan.kantei.go.jp/101_kishida/statement/202407/index.html,DISCOVERED
https://japan.kantei.go.jp/101_kishida/statement/202407/18message.html,japan,Prime Minister's Office of Japan (Kantei),ARCHIVE_CRAWL_SEEDED_INDEX,2026-09-22,https://japan.kantei.go.jp/101_kishida/statement/202407/index.html,DISCOVERED
https://japan.kantei.go.jp/101_kishida/statement/202407/19forum.html,japan,Prime Minister's Office of Japan (Kantei),ARCHIVE_CRAWL_SEEDED_INDEX,2026-09-22,https://japan.kantei.go.jp/101_kishida/statement/202407/index.html,DISCOVERED
https://japan.kantei.go.jp/101_kishida/statement/202407/19kaiken.html,japan,Prime Minister's Office of Japan (Kantei),ARCHIVE_CRAWL_SEEDED_INDEX,2026-09-22,https://japan.kantei.go.jp/101_kishida/statement/202407/index.html,DISCOVERED
https://japan.kantei.go.jp/101_kishida/statement/202407/20message.html,japan,Prime Minister's Office of Japan (Kantei),ARCHIVE_CRAWL_SEEDED_INDEX,2026-09-22,https://japan.kantei.go.jp/101_kishida/statement/202407/index.html,DISCOVERED
https://japan.kantei.go.jp/101_kishida/statement/202407/26sisatsu.html,japan,Prime Minister's Office of Japan (Kantei),ARCHIVE_CRAWL_SEEDED_INDEX,2026-09-22,https://japan.kantei.go.jp/101_kishida/statement/202407/index.html,DISCOVERED
https://japan.kantei.go.jp/101_kishida/statement/202407/27sado.html,japan,Prime Minister's Office of Japan (Kantei),ARCHIVE_CRAWL_SEEDED_INDEX,2026-09-22,https://japan.kantei.go.jp/101_kishida/statement/202407/index.html,DISCOVERED
https://japan.kantei.go.jp/101_kishida/statement/202407/29message.html,japan,Prime Minister's Office of Japan (Kantei),ARCHIVE_CRAWL_SEEDED_INDEX,2026-09-22,https://japan.kantei.go.jp/101_kishida/statement/202407/index.html,DISCOVERED
https://japan.kantei.go.jp/101_kishida/statement/202407/31miekaiken.html,japan,Prime Minister's Office of Japan (Kantei),ARCHIVE_CRAWL_SEEDED_INDEX,2026-09-22,https://japan.kantei.go.jp/101_kishida/statement/202407/index.html,DISCOVERED
https://japan.kantei.go.jp/101_kishida/statement/202407/5message.html,japan,Prime Minister's Office of Japan (Kantei),ARCHIVE_CRAWL_SEEDED_INDEX,2026-09-22,https://japan.kantei.go.jp/101_kishida/statement/202407/index.html,DISCOVERED
https://japan.kantei.go.jp/tag/0045.html,japan,Prime Minister's Office of Japan (Kantei),ARCHIVE_CRAWL_SEEDED_INDEX,2026-09-22,https://japan.kantei.go.jp/101_kishida/statement/202407/index.html,DISCOVERED
https://japan.kantei.go.jp/tag/0146.html,japan,Prime Minister's Office of Japan (Kantei),ARCHIVE_CRAWL_SEEDED_INDEX,2026-09-22,https://japan.kantei.go.jp/101_kishida/statement/202407/index.html,DISCOVERED
https://japan.kantei.go.jp/101_kishida/statement/202408/05message.html,japan,Prime Minister's Office of Japan (Kantei),ARCHIVE_CRAWL_SEEDED_INDEX,2026-09-22,https://japan.kantei.go.jp/101_kishida/statement/202408/index.html,DISCOVERED
https://japan.kantei.go.jp/101_kishida/statement/202408/06hiroshima.html,japan,Prime Minister's Office of Japan (Kantei),ARCHIVE_CRAWL_SEEDED_INDEX,2026-09-22,https://japan.kantei.go.jp/101_kishida/statement/202408/index.html,DISCOVERED
https://japan.kantei.go.jp/101_kishida/statement/202408/06kaiken.html,japan,Prime Minister's Office of Japan (Kantei),ARCHIVE_CRAWL_SEEDED_INDEX,2026-09-22,https://japan.kantei.go.jp/101_kishida/statement/202408/index.html,DISCOVERED
https://japan.kantei.go.jp/101_kishida/statement/202408/0826message.html,japan,Prime Minister's Office of Japan (Kantei),ARCHIVE_CRAWL_SEEDED_INDEX,2026-09-22,https://japan.kantei.go.jp/101_kishida/statement/202408/index.html,DISCOVERED
https://japan.kantei.go.jp/101_kishida/statement/202408/08kaiken.html,japan,Prime Minister's Office of Japan (Kantei),ARCHIVE_CRAWL_SEEDED_INDEX,2026-09-22,https://japan.kantei.go.jp/101_kishida/statement/202408/index.html,DISCOVERED
https://japan.kantei.go.jp/101_kishida/statement/202408/09kaiken.html,japan,Prime Minister's Office of Japan (Kantei),ARCHIVE_CRAWL_SEEDED_INDEX,2026-09-22,https://japan.kantei.go.jp/101_kishida/statement/202408/index.html,DISCOVERED
https://japan.kantei.go.jp/101_kishida/statement/202408/09nagasaki.html,japan,Prime Minister's Office of Japan (Kantei),ARCHIVE_CRAWL_SEEDED_INDEX,2026-09-22,https://japan.kantei.go.jp/101_kishida/statement/202408/index.html,DISCOVERED
https://japan.kantei.go.jp/101_kishida/statement/202408/13message.html,japan,Prime Minister's Office of Japan (Kantei),ARCHIVE_CRAWL_SEEDED_INDEX,2026-09-22,https://japan.kantei.go.jp/101_kishida/statement/202408/index.html,DISCOVERED
https://japan.kantei.go.jp/101_kishida/statement/202408/14kaiken.html,japan,Prime Minister's Office of Japan (Kantei),ARCHIVE_CRAWL_SEEDED_INDEX,2026-09-22,https://japan.kantei.go.jp/101_kishida/statement/202408/index.html,DISCOVERED
https://japan.kantei.go.jp/101_kishida/statement/202408/15shikiji.html,japan,Prime Minister's Office of Japan (Kantei),ARCHIVE_CRAWL_SEEDED_INDEX,2026-09-22,https://japan.kantei.go.jp/101_kishida/statement/202408/index.html,DISCOVERED
https://japan.kantei.go.jp/101_kishida/statement/202408/19message.html,japan,Prime Minister's Office of Japan (Kantei),ARCHIVE_CRAWL_SEEDED_INDEX,2026-09-22,https://japan.kantei.go.jp/101_kishida/statement/202408/index.html,DISCOVERED
https://japan.kantei.go.jp/101_kishida/statement/202408/20240801kaiken.html,japan,Prime Minister's Office of Japan (Kantei),ARCHIVE_CRAWL_SEEDED_INDEX,2026-09-22,https://japan.kantei.go.jp/101_kishida/statement/202408/index.html,DISCOVERED
https://japan.kantei.go.jp/101_kishida/statement/202408/22message.html,japan,Prime Minister's Office of Japan (Kantei),ARCHIVE_CRAWL_SEEDED_INDEX,2026-09-22,https://japan.kantei.go.jp/101_kishida/statement/202408/index.html,DISCOVERED
https://japan.kantei.go.jp/101_kishida/statement/202408/24kaiken.html,japan,Prime Minister's Office of Japan (Kantei),ARCHIVE_CRAWL_SEEDED_INDEX,2026-09-22,https://japan.kantei.go.jp/101_kishida/statement/202408/index.html,DISCOVERED
https://japan.kantei.go.jp/101_kishida/statement/202408/_00022.html,japan,Prime Minister's Office of Japan (Kantei),ARCHIVE_CRAWL_SEEDED_INDEX,2026-09-22,https://japan.kantei.go.jp/101_kishida/statement/202408/index.html,DISCOVERED
https://japan.kantei.go.jp/101_kishida/statement/202409/06kaiken1.html,japan,Prime Minister's Office of Japan (Kantei),ARCHIVE_CRAWL_SEEDED_INDEX,2026-09-22,https://japan.kantei.go.jp/101_kishida/statement/202409/index.html,DISCOVERED
https://japan.kantei.go.jp/101_kishida/statement/202409/06kaiken2.html,japan,Prime Minister's Office of Japan (Kantei),ARCHIVE_CRAWL_SEEDED_INDEX,2026-09-22,https://japan.kantei.go.jp/101_kishida/statement/202409/index.html,DISCOVERED
https://japan.kantei.go.jp/101_kishida/statement/202409/0919kaiken.html,japan,Prime Minister's Office of Japan (Kantei),ARCHIVE_CRAWL_SEEDED_INDEX,2026-09-22,https://japan.kantei.go.jp/101_kishida/statement/202409/index.html,DISCOVERED
https://japan.kantei.go.jp/101_kishida/statement/202409/0923kankou.html,japan,Prime Minister's Office of Japan (Kantei),ARCHIVE_CRAWL_SEEDED_INDEX,2026-09-22,https://japan.kantei.go.jp/101_kishida/statement/202409/index.html,DISCOVERED
https://japan.kantei.go.jp/101_kishida/statement/202409/0928enzetsu.html,japan,Prime Minister's Office of Japan (Kantei),ARCHIVE_CRAWL_SEEDED_INDEX,2026-09-22,https://japan.kantei.go.jp/101_kishida/statement/202409/index.html,DISCOVERED
https://japan.kantei.go.jp/101_kishida/statement/202409/11message.html,japan,Prime Minister's Office of Japan (Kantei),ARCHIVE_CRAWL_SEEDED_INDEX,2026-09-22,https://japan.kantei.go.jp/101_kishida/statement/202409/index.html,DISCOVERED
https://japan.kantei.go.jp/101_kishida/statement/202409/12message.html,japan,Prime Minister's Office of Japan (Kantei),ARCHIVE_CRAWL_SEEDED_INDEX,2026-09-22,https://japan.kantei.go.jp/101_kishida/statement/202409/index.html,DISCOVERED
https://japan.kantei.go.jp/101_kishida/statement/202409/17message.html,japan,Prime Minister's Office of Japan (Kantei),ARCHIVE_CRAWL_SEEDED_INDEX,2026-09-22,https://japan.kantei.go.jp/101_kishida/statement/202409/index.html,DISCOVERED
https://japan.kantei.go.jp/101_kishida/statement/202409/19message.html,japan,Prime Minister's Office of Japan (Kantei),ARCHIVE_CRAWL_SEEDED_INDEX,2026-09-22,https://japan.kantei.go.jp/101_kishida/statement/202409/index.html,DISCOVERED
https://japan.kantei.go.jp/101_kishida/statement/202409/21kaiken.html,japan,Prime Minister's Office of Japan (Kantei),ARCHIVE_CRAWL_SEEDED_INDEX,2026-09-22,https://japan.kantei.go.jp/101_kishida/statement/202409/index.html,DISCOVERED
https://japan.kantei.go.jp/101_kishida/statement/202409/21quad_cancer.html,japan,Prime Minister's Office of Japan (Kantei),ARCHIVE_CRAWL_SEEDED_INDEX,2026-09-22,https://japan.kantei.go.jp/101_kishida/statement/202409/index.html,DISCOVERED
https://japan.kantei.go.jp/101_kishida/statement/202409/22speech.html,japan,Prime Minister's Office of Japan (Kantei),ARCHIVE_CRAWL_SEEDED_INDEX,2026-09-22,https://japan.kantei.go.jp/101_kishida/statement/202409/index.html,DISCOVERED
https://japan.kantei.go.jp/101_kishida/statement/202409/23fmct.html,japan,Prime Minister's Office of Japan (Kantei),ARCHIVE_CRAWL_SEEDED_INDEX,2026-09-22,https://japan.kantei.go.jp/101_kishida/statement/202409/index.html,DISCOVERED
https://japan.kantei.go.jp/101_kishida/statement/202409/23ikenkoukan.html,japan,Prime Minister's Office of Japan (Kantei),ARCHIVE_CRAWL_SEEDED_INDEX,2026-09-22,https://japan.kantei.go.jp/101_kishida/statement/202409/index.html,DISCOVERED
https://japan.kantei.go.jp/101_kishida/statement/202409/23kaiken.html,japan,Prime Minister's Office of Japan (Kantei),ARCHIVE_CRAWL_SEEDED_INDEX,2026-09-22,https://japan.kantei.go.jp/101_kishida/statement/202409/index.html,DISCOVERED
https://japan.kantei.go.jp/101_kishida/statement/202409/25message.html,japan,Prime Minister's Office of Japan (Kantei),ARCHIVE_CRAWL_SEEDED_INDEX,2026-09-22,https://japan.kantei.go.jp/101_kishida/statement/202409/index.html,DISCOVERED
https://japan.kantei.go.jp/101_kishida/statement/202409/25srilanka_message.html,japan,Prime Minister's Office of Japan (Kantei),ARCHIVE_CRAWL_SEEDED_INDEX,2026-09-22,https://japan.kantei.go.jp/101_kishida/statement/202409/index.html,DISCOVERED
https://japan.kantei.go.jp/tag/0036.html,japan,Prime Minister's Office of Japan (Kantei),ARCHIVE_CRAWL_SEEDED_INDEX,2026-09-22,https://japan.kantei.go.jp/101_kishida/statement/202409/index.html,DISCOVERED
https://japan.kantei.go.jp/101_kishida/statement/202410/1001danwa.html,japan,Prime Minister's Office of Japan (Kantei),ARCHIVE_CRAWL_SEEDED_INDEX,2026-09-22,https://japan.kantei.go.jp/101_kishida/statement/202410/index.html,DISCOVERED
https://japan.kantei.go.jp/102_ishiba/statement/202410/01danwa.html,japan,Prime Minister's Office of Japan (Kantei),ARCHIVE_CRAWL_SEEDED_INDEX,2026-09-22,https://japan.kantei.go.jp/102_ishiba/statement/202410/index.html,DISCOVERED
https://japan.kantei.go.jp/102_ishiba/statement/202410/02kaiken3.html,japan,Prime Minister's Office of Japan (Kantei),ARCHIVE_CRAWL_SEEDED_INDEX,2026-09-22,https://japan.kantei.go.jp/102_ishiba/statement/202410/index.html,DISCOVERED
https://japan.kantei.go.jp/102_ishiba/statement/202410/1001kaiken.html,japan,Prime Minister's Office of Japan (Kantei),ARCHIVE_CRAWL_SEEDED_INDEX,2026-09-22,https://japan.kantei.go.jp/102_ishiba/statement/202410/index.html,DISCOVERED
https://japan.kantei.go.jp/102_ishiba/statement/202410/1002kaiken.html,japan,Prime Minister's Office of Japan (Kantei),ARCHIVE_CRAWL_SEEDED_INDEX,2026-09-22,https://japan.kantei.go.jp/102_ishiba/statement/202410/index.html,DISCOVERED
https://japan.kantei.go.jp/102_ishiba/statement/202410/1002kaiken2.html,japan,Prime Minister's Office of Japan (Kantei),ARCHIVE_CRAWL_SEEDED_INDEX,2026-09-22,https://japan.kantei.go.jp/102_ishiba/statement/202410/index.html,DISCOVERED
https://japan.kantei.go.jp/102_ishiba/statement/202410/1004shoshinhyomei.html,japan,Prime Minister's Office of Japan (Kantei),ARCHIVE_CRAWL_SEEDED_INDEX,2026-09-22,https://japan.kantei.go.jp/102_ishiba/statement/202410/index.html,DISCOVERED
https://japan.kantei.go.jp/102_ishiba/statement/202410/1009kaiken.html,japan,Prime Minister's Office of Japan (Kantei),ARCHIVE_CRAWL_SEEDED_INDEX,2026-09-22,https://japan.kantei.go.jp/102_ishiba/statement/202410/index.html,DISCOVERED
https://japan.kantei.go.jp/102_ishiba/statement/202410/1009kaiken2.html,japan,Prime Minister's Office of Japan (Kantei),ARCHIVE_CRAWL_SEEDED_INDEX,2026-09-22,https://japan.kantei.go.jp/102_ishiba/statement/202410/index.html,DISCOVERED
https://japan.kantei.go.jp/102_ishiba/statement/202410/1011message.html,japan,Prime Minister's Office of Japan (Kantei),ARCHIVE_CRAWL_SEEDED_INDEX,2026-09-22,https://japan.kantei.go.jp/102_ishiba/statement/202410/index.html,DISCOVERED
https://japan.kantei.go.jp/102_ishiba/statement/202410/1011naigai.html,japan,Prime Minister's Office of Japan (Kantei),ARCHIVE_CRAWL_SEEDED_INDEX,2026-09-22,https://japan.kantei.go.jp/102_ishiba/statement/202410/index.html,DISCOVERED
https://japan.kantei.go.jp/102_ishiba/statement/202410/1016message01.html,japan,Prime Minister's Office of Japan (Kantei),ARCHIVE_CRAWL_SEEDED_INDEX,2026-09-22,https://japan.kantei.go.jp/102_ishiba/statement/202410/index.html,DISCOVERED
https://japan.kantei.go.jp/102_ishiba/statement/202410/1017kaiken.html,japan,Prime Minister's Office of Japan (Kantei),ARCHIVE_CRAWL_SEEDED_INDEX,2026-09-22,https://japan.kantei.go.jp/102_ishiba/statement/202410/index.html,DISCOVERED
https://japan.kantei.go.jp/102_ishiba/statement/202410/1024message.html,japan,Prime Minister's Office of Japan (Kantei),ARCHIVE_CRAWL_SEEDED_INDEX,2026-09-22,https://japan.kantei.go.jp/102_ishiba/statement/202410/index.html,DISCOVERED
https://japan.kantei.go.jp/102_ishiba/statement/202410/1029message.html,japan,Prime Minister's Office of Japan (Kantei),ARCHIVE_CRAWL_SEEDED_INDEX,2026-09-22,https://japan.kantei.go.jp/102_ishiba/statement/202410/index.html,DISCOVERED
https://japan.kantei.go.jp/102_ishiba/statement/202410/10contribution.html,japan,Prime Minister's Office of Japan (Kantei),ARCHIVE_CRAWL_SEEDED_INDEX,2026-09-22,https://japan.kantei.go.jp/102_ishiba/statement/202410/index.html,DISCOVERED
https://japan.kantei.go.jp/102_ishiba/statement/202410/23message.html,japan,Prime Minister's Office of Japan (Kantei),ARCHIVE_CRAWL_SEEDED_INDEX,2026-09-22,https://japan.kantei.go.jp/102_ishiba/statement/202410/index.html,DISCOVERED
https://japan.kantei.go.jp/102_ishiba/statement/202410/29message2.html,japan,Prime Minister's Office of Japan (Kantei),ARCHIVE_CRAWL_SEEDED_INDEX,2026-09-22,https://japan.kantei.go.jp/102_ishiba/statement/202410/index.html,DISCOVERED
https://japan.kantei.go.jp/102_ishiba/statement/202410/31message2.html,japan,Prime Minister's Office of Japan (Kantei),ARCHIVE_CRAWL_SEEDED_INDEX,2026-09-22,https://japan.kantei.go.jp/102_ishiba/statement/202410/index.html,DISCOVERED
https://japan.kantei.go.jp/102_ishiba/statement/index.html,japan,Prime Minister's Office of Japan (Kantei),ARCHIVE_CRAWL_SEEDED_INDEX,2026-09-22,https://japan.kantei.go.jp/102_ishiba/statement/202410/index.html,DISCOVERED
https://japan.kantei.go.jp/104/statement/202512/index.html,japan,Prime Minister's Office of Japan (Kantei),ARCHIVE_CRAWL_SEEDED_INDEX,2026-09-22,https://japan.kantei.go.jp/102_ishiba/statement/202410/index.html,DISCOVERED
https://japan.kantei.go.jp/104/statement/202602/index.html,japan,Prime Minister's Office of Japan (Kantei),ARCHIVE_CRAWL_SEEDED_INDEX,2026-09-22,https://japan.kantei.go.jp/102_ishiba/statement/202410/index.html,DISCOVERED
https://japan.kantei.go.jp/102_ishiba/statement/202411/01kaiken.html,japan,Prime Minister's Office of Japan (Kantei),ARCHIVE_CRAWL_SEEDED_INDEX,2026-09-22,https://japan.kantei.go.jp/102_ishiba/statement/202411/index.html,DISCOVERED
https://japan.kantei.go.jp/102_ishiba/statement/202411/06kaiken.html,japan,Prime Minister's Office of Japan (Kantei),ARCHIVE_CRAWL_SEEDED_INDEX,2026-09-22,https://japan.kantei.go.jp/102_ishiba/statement/202411/index.html,DISCOVERED
https://japan.kantei.go.jp/102_ishiba/statement/202411/06message.html,japan,Prime Minister's Office of Japan (Kantei),ARCHIVE_CRAWL_SEEDED_INDEX,2026-09-22,https://japan.kantei.go.jp/102_ishiba/statement/202411/index.html,DISCOVERED
https://japan.kantei.go.jp/102_ishiba/statement/202411/07bura.html,japan,Prime Minister's Office of Japan (Kantei),ARCHIVE_CRAWL_SEEDED_INDEX,2026-09-22,https://japan.kantei.go.jp/102_ishiba/statement/202411/index.html,DISCOVERED
https://japan.kantei.go.jp/103/statement/202411/11danwa_00001.html,japan,Prime Minister's Office of Japan (Kantei),ARCHIVE_CRAWL_SEEDED_INDEX,2026-09-22,https://japan.kantei.go.jp/103/statement/202411/index.html,DISCOVERED
https://japan.kantei.go.jp/103/statement/202411/11kaiken.html,japan,Prime Minister's Office of Japan (Kantei),ARCHIVE_CRAWL_SEEDED_INDEX,2026-09-22,https://japan.kantei.go.jp/103/statement/202411/index.html,DISCOVERED
https://japan.kantei.go.jp/103/statement/202411/11message2.html,japan,Prime Minister's Office of Japan (Kantei),ARCHIVE_CRAWL_SEEDED_INDEX,2026-09-22,https://japan.kantei.go.jp/103/statement/202411/index.html,DISCOVERED
https://japan.kantei.go.jp/103/statement/202411/12message.html,japan,Prime Minister's Office of Japan (Kantei),ARCHIVE_CRAWL_SEEDED_INDEX,2026-09-22,https://japan.kantei.go.jp/103/statement/202411/index.html,DISCOVERED
https://japan.kantei.go.jp/103/statement/202411/14contribution_00007.html,japan,Prime Minister's Office of Japan (Kantei),ARCHIVE_CRAWL_SEEDED_INDEX,2026-09-22,https://japan.kantei.go.jp/103/statement/202411/index.html,DISCOVERED
https://japan.kantei.go.jp/103/statement/202411/14kaiken_00001.html,japan,Prime Minister's Office of Japan (Kantei),ARCHIVE_CRAWL_SEEDED_INDEX,2026-09-22,https://japan.kantei.go.jp/103/statement/202411/index.html,DISCOVERED
https://japan.kantei.go.jp/103/statement/202411/15kaiken.html,japan,Prime Minister's Office of Japan (Kantei),ARCHIVE_CRAWL_SEEDED_INDEX,2026-09-22,https://japan.kantei.go.jp/103/statement/202411/index.html,DISCOVERED
https://japan.kantei.go.jp/103/statement/202411/15kinwa_00001.html,japan,Prime Minister's Office of Japan (Kantei),ARCHIVE_CRAWL_SEEDED_INDEX,2026-09-22,https://japan.kantei.go.jp/103/statement/202411/index.html,DISCOVERED
https://japan.kantei.go.jp/103/statement/202411/15message.html,japan,Prime Minister's Office of Japan (Kantei),ARCHIVE_CRAWL_SEEDED_INDEX,2026-09-22,https://japan.kantei.go.jp/103/statement/202411/index.html,DISCOVERED
https://japan.kantei.go.jp/103/statement/202411/16fujidialogue_00008.html,japan,Prime Minister's Office of Japan (Kantei),ARCHIVE_CRAWL_SEEDED_INDEX,2026-09-22,https://japan.kantei.go.jp/103/statement/202411/index.html,DISCOVERED
https://japan.kantei.go.jp/103/statement/202411/16kaiken.html,japan,Prime Minister's Office of Japan (Kantei),ARCHIVE_CRAWL_SEEDED_INDEX,2026-09-22,https://japan.kantei.go.jp/103/statement/202411/index.html,DISCOVERED
https://japan.kantei.go.jp/103/statement/202411/17contribution_00001.html,japan,Prime Minister's Office of Japan (Kantei),ARCHIVE_CRAWL_SEEDED_INDEX,2026-09-22,https://japan.kantei.go.jp/103/statement/202411/index.html,DISCOVERED
https://japan.kantei.go.jp/103/statement/202411/17kondan.html,japan,Prime Minister's Office of Japan (Kantei),ARCHIVE_CRAWL_SEEDED_INDEX,2026-09-22,https://japan.kantei.go.jp/103/statement/202411/index.html,DISCOVERED
https://japan.kantei.go.jp/103/statement/202411/19aisatsu.html,japan,Prime Minister's Office of Japan (Kantei),ARCHIVE_CRAWL_SEEDED_INDEX,2026-09-22,https://japan.kantei.go.jp/103/statement/202411/index.html,DISCOVERED
https://japan.kantei.go.jp/103/statement/202411/19naigai.html,japan,Prime Minister's Office of Japan (Kantei),ARCHIVE_CRAWL_SEEDED_INDEX,2026-09-22,https://japan.kantei.go.jp/103/statement/202411/index.html,DISCOVERED
https://japan.kantei.go.jp/103/statement/202411/22bura.html,japan,Prime Minister's Office of Japan (Kantei),ARCHIVE_CRAWL_SEEDED_INDEX,2026-09-22,https://japan.kantei.go.jp/103/statement/202411/index.html,DISCOVERED
https://japan.kantei.go.jp/103/statement/202411/22message.html,japan,Prime Minister's Office of Japan (Kantei),ARCHIVE_CRAWL_SEEDED_INDEX,2026-09-22,https://japan.kantei.go.jp/103/statement/202411/index.html,DISCOVERED
https://japan.kantei.go.jp/103/statement/202411/29shoshinhyomei.html,japan,Prime Minister's Office of Japan (Kantei),ARCHIVE_CRAWL_SEEDED_INDEX,2026-09-22,https://japan.kantei.go.jp/103/statement/202411/index.html,DISCOVERED
https://japan.kantei.go.jp/103/statement/index.html,japan,Prime Minister's Office of Japan (Kantei),ARCHIVE_CRAWL_SEEDED_INDEX,2026-09-22,https://japan.kantei.go.jp/103/statement/202411/index.html,DISCOVERED
https://japan.kantei.go.jp/103/statement/202412/01message.html,japan,Prime Minister's Office of Japan (Kantei),ARCHIVE_CRAWL_SEEDED_INDEX,2026-09-22,https://japan.kantei.go.jp/103/statement/202412/index.html,DISCOVERED
https://japan.kantei.go.jp/103/statement/202412/04kaiken.html,japan,Prime Minister's Office of Japan (Kantei),ARCHIVE_CRAWL_SEEDED_INDEX,2026-09-22,https://japan.kantei.go.jp/103/statement/202412/index.html,DISCOVERED
https://japan.kantei.go.jp/103/statement/202412/05message.html,japan,Prime Minister's Office of Japan (Kantei),ARCHIVE_CRAWL_SEEDED_INDEX,2026-09-22,https://japan.kantei.go.jp/103/statement/202412/index.html,DISCOVERED
https://japan.kantei.go.jp/103/statement/202412/1219kaiken.html,japan,Prime Minister's Office of Japan (Kantei),ARCHIVE_CRAWL_SEEDED_INDEX,2026-09-22,https://japan.kantei.go.jp/103/statement/202412/index.html,DISCOVERED
https://japan.kantei.go.jp/103/statement/202412/1224kaiken.html,japan,Prime Minister's Office of Japan (Kantei),ARCHIVE_CRAWL_SEEDED_INDEX,2026-09-22,https://japan.kantei.go.jp/103/statement/202412/index.html,DISCOVERED
https://japan.kantei.go.jp/103/statement/202412/1227kaiken.html,japan,Prime Minister's Office of Japan (Kantei),ARCHIVE_CRAWL_SEEDED_INDEX,2026-09-22,https://japan.kantei.go.jp/103/statement/202412/index.html,DISCOVERED
https://japan.kantei.go.jp/103/statement/202412/14kaiken.html,japan,Prime Minister's Office of Japan (Kantei),ARCHIVE_CRAWL_SEEDED_INDEX,2026-09-22,https://japan.kantei.go.jp/103/statement/202412/index.html,DISCOVERED
https://japan.kantei.go.jp/103/statement/202412/17kaiken.html,japan,Prime Minister's Office of Japan (Kantei),ARCHIVE_CRAWL_SEEDED_INDEX,2026-09-22,https://japan.kantei.go.jp/103/statement/202412/index.html,DISCOVERED
https://japan.kantei.go.jp/103/statement/202412/18message.html,japan,Prime Minister's Office of Japan (Kantei),ARCHIVE_CRAWL_SEEDED_INDEX,2026-09-22,https://japan.kantei.go.jp/103/statement/202412/index.html,DISCOVERED
https://japan.kantei.go.jp/103/statement/202412/29message.html,japan,Prime Minister's Office of Japan (Kantei),ARCHIVE_CRAWL_SEEDED_INDEX,2026-09-22,https://japan.kantei.go.jp/103/statement/202412/index.html,DISCOVERED
https://japan.kantei.go.jp/103/statement/202412/30danwa.html,japan,Prime Minister's Office of Japan (Kantei),ARCHIVE_CRAWL_SEEDED_INDEX,2026-09-22,https://japan.kantei.go.jp/103/statement/202412/index.html,DISCOVERED
https://japan.kantei.go.jp/103/statement/202501/0101nentou.html,japan,Prime Minister's Office of Japan (Kantei),ARCHIVE_CRAWL_SEEDED_INDEX,2026-09-22,https://japan.kantei.go.jp/103/statement/202501/index.html,DISCOVERED
https://japan.kantei.go.jp/103/statement/202501/0109contribution_malaysia.html,japan,Prime Minister's Office of Japan (Kantei),ARCHIVE_CRAWL_SEEDED_INDEX,2026-09-22,https://japan.kantei.go.jp/103/statement/202501/index.html,DISCOVERED
https://japan.kantei.go.jp/103/statement/202501/06kaiken.html,japan,Prime Minister's Office of Japan (Kantei),ARCHIVE_CRAWL_SEEDED_INDEX,2026-09-22,https://japan.kantei.go.jp/103/statement/202501/index.html,DISCOVERED
https://japan.kantei.go.jp/103/statement/202501/06messag2.html,japan,Prime Minister's Office of Japan (Kantei),ARCHIVE_CRAWL_SEEDED_INDEX,2026-09-22,https://japan.kantei.go.jp/103/statement/202501/index.html,DISCOVERED
https://japan.kantei.go.jp/103/statement/202501/06message.html,japan,Prime Minister's Office of Japan (Kantei),ARCHIVE_CRAWL_SEEDED_INDEX,2026-09-22,https://japan.kantei.go.jp/103/statement/202501/index.html,DISCOVERED
https://japan.kantei.go.jp/103/statement/202501/07message.html,japan,Prime Minister's Office of Japan (Kantei),ARCHIVE_CRAWL_SEEDED_INDEX,2026-09-22,https://japan.kantei.go.jp/103/statement/202501/index.html,DISCOVERED
https://japan.kantei.go.jp/103/statement/202501/09kaiken.html,japan,Prime Minister's Office of Japan (Kantei),ARCHIVE_CRAWL_SEEDED_INDEX,2026-09-22,https://japan.kantei.go.jp/103/statement/202501/index.html,DISCOVERED
https://japan.kantei.go.jp/103/statement/202501/09message.html,japan,Prime Minister's Office of Japan (Kantei),ARCHIVE_CRAWL_SEEDED_INDEX,2026-09-22,https://japan.kantei.go.jp/103/statement/202501/index.html,DISCOVERED
https://japan.kantei.go.jp/103/statement/202501/10contribution_indonesia.html,japan,Prime Minister's Office of Japan (Kantei),ARCHIVE_CRAWL_SEEDED_INDEX,2026-09-22,https://japan.kantei.go.jp/103/statement/202501/index.html,DISCOVERED
https://japan.kantei.go.jp/103/statement/202501/10kyoudou_happyou.html,japan,Prime Minister's Office of Japan (Kantei),ARCHIVE_CRAWL_SEEDED_INDEX,2026-09-22,https://japan.kantei.go.jp/103/statement/202501/index.html,DISCOVERED
https://japan.kantei.go.jp/103/statement/202501/11kaiken.html,japan,Prime Minister's Office of Japan (Kantei),ARCHIVE_CRAWL_SEEDED_INDEX,2026-09-22,https://japan.kantei.go.jp/103/statement/202501/index.html,DISCOVERED
https://japan.kantei.go.jp/103/statement/202501/11kyoudou_happyou.html,japan,Prime Minister's Office of Japan (Kantei),ARCHIVE_CRAWL_SEEDED_INDEX,2026-09-22,https://japan.kantei.go.jp/103/statement/202501/index.html,DISCOVERED
https://japan.kantei.go.jp/103/statement/202501/13kaiken.html,japan,Prime Minister's Office of Japan (Kantei),ARCHIVE_CRAWL_SEEDED_INDEX,2026-09-22,https://japan.kantei.go.jp/103/statement/202501/index.html,DISCOVERED
https://japan.kantei.go.jp/103/statement/202501/17kaiken.html,japan,Prime Minister's Office of Japan (Kantei),ARCHIVE_CRAWL_SEEDED_INDEX,2026-09-22,https://japan.kantei.go.jp/103/statement/202501/index.html,DISCOVERED
https://japan.kantei.go.jp/103/statement/202501/19kaiken.html,japan,Prime Minister's Office of Japan (Kantei),ARCHIVE_CRAWL_SEEDED_INDEX,2026-09-22,https://japan.kantei.go.jp/103/statement/202501/index.html,DISCOVERED
https://japan.kantei.go.jp/103/statement/202501/19message.html,japan,Prime Minister's Office of Japan (Kantei),ARCHIVE_CRAWL_SEEDED_INDEX,2026-09-22,https://japan.kantei.go.jp/103/statement/202501/index.html,DISCOVERED
https://japan.kantei.go.jp/103/statement/202501/21kaiken.html,japan,Prime Minister's Office of Japan (Kantei),ARCHIVE_CRAWL_SEEDED_INDEX,2026-09-22,https://japan.kantei.go.jp/103/statement/202501/index.html,DISCOVERED
https://japan.kantei.go.jp/103/statement/202501/21kaiken02.html,japan,Prime Minister's Office of Japan (Kantei),ARCHIVE_CRAWL_SEEDED_INDEX,2026-09-22,https://japan.kantei.go.jp/103/statement/202501/index.html,DISCOVERED
https://japan.kantei.go.jp/103/statement/202501/21message.html,japan,Prime Minister's Office of Japan (Kantei),ARCHIVE_CRAWL_SEEDED_INDEX,2026-09-22,https://japan.kantei.go.jp/103/statement/202501/index.html,DISCOVERED
https://japan.kantei.go.jp/103/statement/202501/22message.html,japan,Prime Minister's Office of Japan (Kantei),ARCHIVE_CRAWL_SEEDED_INDEX,2026-09-22,https://japan.kantei.go.jp/103/statement/202501/index.html,DISCOVERED
https://japan.kantei.go.jp/103/statement/202501/24kaiken.html,japan,Prime Minister's Office of Japan (Kantei),ARCHIVE_CRAWL_SEEDED_INDEX,2026-09-22,https://japan.kantei.go.jp/103/statement/202501/index.html,DISCOVERED
https://japan.kantei.go.jp/103/statement/202501/24shiseihoshin.html,japan,Prime Minister's Office of Japan (Kantei),ARCHIVE_CRAWL_SEEDED_INDEX,2026-09-22,https://japan.kantei.go.jp/103/statement/202501/index.html,DISCOVERED
https://japan.kantei.go.jp/103/statement/202501/28shukuji.html,japan,Prime Minister's Office of Japan (Kantei),ARCHIVE_CRAWL_SEEDED_INDEX,2026-09-22,https://japan.kantei.go.jp/103/statement/202501/index.html,DISCOVERED
https://japan.kantei.go.jp/103/statement/202501/31message.html,japan,Prime Minister's Office of Japan (Kantei),ARCHIVE_CRAWL_SEEDED_INDEX,2026-09-22,https://japan.kantei.go.jp/103/statement/202501/index.html,DISCOVERED
https://japan.kantei.go.jp/103/statement/202502/02message.html,japan,Prime Minister's Office of Japan (Kantei),ARCHIVE_CRAWL_SEEDED_INDEX,2026-09-22,https://japan.kantei.go.jp/103/statement/202502/index.html,DISCOVERED
https://japan.kantei.go.jp/103/statement/202502/04message.html,japan,Prime Minister's Office of Japan (Kantei),ARCHIVE_CRAWL_SEEDED_INDEX,2026-09-22,https://japan.kantei.go.jp/103/statement/202502/index.html,DISCOVERED
https://japan.kantei.go.jp/103/statement/202502/06kaiken.html,japan,Prime Minister's Office of Japan (Kantei),ARCHIVE_CRAWL_SEEDED_INDEX,2026-09-22,https://japan.kantei.go.jp/103/statement/202502/index.html,DISCOVERED
https://japan.kantei.go.jp/103/statement/202502/07kyodo_kaiken.html,japan,Prime Minister's Office of Japan (Kantei),ARCHIVE_CRAWL_SEEDED_INDEX,2026-09-22,https://japan.kantei.go.jp/103/statement/202502/index.html,DISCOVERED
https://japan.kantei.go.jp/103/statement/202502/07message.html,japan,Prime Minister's Office of Japan (Kantei),ARCHIVE_CRAWL_SEEDED_INDEX,2026-09-22,https://japan.kantei.go.jp/103/statement/202502/index.html,DISCOVERED
https://japan.kantei.go.jp/103/statement/202502/11message.html,japan,Prime Minister's Office of Japan (Kantei),ARCHIVE_CRAWL_SEEDED_INDEX,2026-09-22,https://japan.kantei.go.jp/103/statement/202502/index.html,DISCOVERED
https://japan.kantei.go.jp/103/statement/202502/14message.html,japan,Prime Minister's Office of Japan (Kantei),ARCHIVE_CRAWL_SEEDED_INDEX,2026-09-22,https://japan.kantei.go.jp/103/statement/202502/index.html,DISCOVERED
https://japan.kantei.go.jp/103/statement/202502/24kaiken.html,japan,Prime Minister's Office of Japan (Kantei),ARCHIVE_CRAWL_SEEDED_INDEX,2026-09-22,https://japan.kantei.go.jp/103/statement/202502/index.html,DISCOVERED
https://japan.kantei.go.jp/103/statement/202502/25kaiken.html,japan,Prime Minister's Office of Japan (Kantei),ARCHIVE_CRAWL_SEEDED_INDEX,2026-09-22,https://japan.kantei.go.jp/103/statement/202502/index.html,DISCOVERED
https://japan.kantei.go.jp/103/statement/202502/25kaiken02.html,japan,Prime Minister's Office of Japan (Kantei),ARCHIVE_CRAWL_SEEDED_INDEX,2026-09-22,https://japan.kantei.go.jp/103/statement/202502/index.html,DISCOVERED
https://japan.kantei.go.jp/103/statement/202503/0307kaiken.html,japan,Prime Minister's Office of Japan (Kantei),ARCHIVE_CRAWL_SEEDED_INDEX,2026-09-22,https://japan.kantei.go.jp/103/statement/202503/index.html,DISCOVERED
https://japan.kantei.go.jp/103/statement/202503/0329message.html,japan,Prime Minister's Office of Japan (Kantei),ARCHIVE_CRAWL_SEEDED_INDEX,2026-09-22,https://japan.kantei.go.jp/103/statement/202503/index.html,DISCOVERED
https://japan.kantei.go.jp/103/statement/202503/03message.html,japan,Prime Minister's Office of Japan (Kantei),ARCHIVE_CRAWL_SEEDED_INDEX,2026-09-22,https://japan.kantei.go.jp/103/statement/202503/index.html,DISCOVERED
https://japan.kantei.go.jp/103/statement/202503/04kaiken.html,japan,Prime Minister's Office of Japan (Kantei),ARCHIVE_CRAWL_SEEDED_INDEX,2026-09-22,https://japan.kantei.go.jp/103/statement/202503/index.html,DISCOVERED
https://japan.kantei.go.jp/103/statement/202503/04message2.html,japan,Prime Minister's Office of Japan (Kantei),ARCHIVE_CRAWL_SEEDED_INDEX,2026-09-22,https://japan.kantei.go.jp/103/statement/202503/index.html,DISCOVERED
https://japan.kantei.go.jp/103/statement/202503/04message3.html,japan,Prime Minister's Office of Japan (Kantei),ARCHIVE_CRAWL_SEEDED_INDEX,2026-09-22,https://japan.kantei.go.jp/103/statement/202503/index.html,DISCOVERED
https://japan.kantei.go.jp/103/statement/202503/07kyoudou_happyou.html,japan,Prime Minister's Office of Japan (Kantei),ARCHIVE_CRAWL_SEEDED_INDEX,2026-09-22,https://japan.kantei.go.jp/103/statement/202503/index.html,DISCOVERED
https://japan.kantei.go.jp/103/statement/202503/08message.html,japan,Prime Minister's Office of Japan (Kantei),ARCHIVE_CRAWL_SEEDED_INDEX,2026-09-22,https://japan.kantei.go.jp/103/statement/202503/index.html,DISCOVERED
https://japan.kantei.go.jp/103/statement/202503/11kaiken.html,japan,Prime Minister's Office of Japan (Kantei),ARCHIVE_CRAWL_SEEDED_INDEX,2026-09-22,https://japan.kantei.go.jp/103/statement/202503/index.html,DISCOVERED
https://japan.kantei.go.jp/103/statement/202503/11tsuito.html,japan,Prime Minister's Office of Japan (Kantei),ARCHIVE_CRAWL_SEEDED_INDEX,2026-09-22,https://japan.kantei.go.jp/103/statement/202503/index.html,DISCOVERED
https://japan.kantei.go.jp/103/statement/202503/15kaiken.html,japan,Prime Minister's Office of Japan (Kantei),ARCHIVE_CRAWL_SEEDED_INDEX,2026-09-22,https://japan.kantei.go.jp/103/statement/202503/index.html,DISCOVERED
https://japan.kantei.go.jp/103/statement/202503/17message.html,japan,Prime Minister's Office of Japan (Kantei),ARCHIVE_CRAWL_SEEDED_INDEX,2026-09-22,https://japan.kantei.go.jp/103/statement/202503/index.html,DISCOVERED
https://japan.kantei.go.jp/103/statement/202503/20message.html,japan,Prime Minister's Office of Japan (Kantei),ARCHIVE_CRAWL_SEEDED_INDEX,2026-09-22,https://japan.kantei.go.jp/103/statement/202503/index.html,DISCOVERED
https://japan.kantei.go.jp/103/statement/202503/22kunji.html,japan,Prime Minister's Office of Japan (Kantei),ARCHIVE_CRAWL_SEEDED_INDEX,2026-09-22,https://japan.kantei.go.jp/103/statement/202503/index.html,DISCOVERED
https://japan.kantei.go.jp/103/statement/202503/26kyoudou_happyou.html,japan,Prime Minister's Office of Japan (Kantei),ARCHIVE_CRAWL_SEEDED_INDEX,2026-09-22,https://japan.kantei.go.jp/103/statement/202503/index.html,DISCOVERED
https://japan.kantei.go.jp/103/statement/202503/29kaiken.html,japan,Prime Minister's Office of Japan (Kantei),ARCHIVE_CRAWL_SEEDED_INDEX,2026-09-22,https://japan.kantei.go.jp/103/statement/202503/index.html,DISCOVERED
https://japan.kantei.go.jp/103/statement/202503/29tsuitounokotoba.html,japan,Prime Minister's Office of Japan (Kantei),ARCHIVE_CRAWL_SEEDED_INDEX,2026-09-22,https://japan.kantei.go.jp/103/statement/202503/index.html,DISCOVERED
https://japan.kantei.go.jp/103/statement/202503/31kaiken.html,japan,Prime Minister's Office of Japan (Kantei),ARCHIVE_CRAWL_SEEDED_INDEX,2026-09-22,https://japan.kantei.go.jp/103/statement/202503/index.html,DISCOVERED
https://japan.kantei.go.jp/103/statement/202504/01kaiken.html,japan,Prime Minister's Office of Japan (Kantei),ARCHIVE_CRAWL_SEEDED_INDEX,2026-09-22,https://japan.kantei.go.jp/103/statement/202504/index.html,DISCOVERED
https://japan.kantei.go.jp/103/statement/202504/0403kaiken.html,japan,Prime Minister's Office of Japan (Kantei),ARCHIVE_CRAWL_SEEDED_INDEX,2026-09-22,https://japan.kantei.go.jp/103/statement/202504/index.html,DISCOVERED
https://japan.kantei.go.jp/103/statement/202504/0405kaiken.html,japan,Prime Minister's Office of Japan (Kantei),ARCHIVE_CRAWL_SEEDED_INDEX,2026-09-22,https://japan.kantei.go.jp/103/statement/202504/index.html,DISCOVERED
https://japan.kantei.go.jp/103/statement/202504/0415message.html,japan,Prime Minister's Office of Japan (Kantei),ARCHIVE_CRAWL_SEEDED_INDEX,2026-09-22,https://japan.kantei.go.jp/103/statement/202504/index.html,DISCOVERED
https://japan.kantei.go.jp/103/statement/202504/0417kaiken.html,japan,Prime Minister's Office of Japan (Kantei),ARCHIVE_CRAWL_SEEDED_INDEX,2026-09-22,https://japan.kantei.go.jp/103/statement/202504/index.html,DISCOVERED
https://japan.kantei.go.jp/103/statement/202504/04kaiken.html,japan,Prime Minister's Office of Japan (Kantei),ARCHIVE_CRAWL_SEEDED_INDEX,2026-09-22,https://japan.kantei.go.jp/103/statement/202504/index.html,DISCOVERED
https://japan.kantei.go.jp/103/statement/202504/09kyoudou_happyou.html,japan,Prime Minister's Office of Japan (Kantei),ARCHIVE_CRAWL_SEEDED_INDEX,2026-09-22,https://japan.kantei.go.jp/103/statement/202504/index.html,DISCOVERED
https://japan.kantei.go.jp/103/statement/202504/12aisatu.html,japan,Prime Minister's Office of Japan (Kantei),ARCHIVE_CRAWL_SEEDED_INDEX,2026-09-22,https://japan.kantei.go.jp/103/statement/202504/index.html,DISCOVERED
https://japan.kantei.go.jp/103/statement/202504/13kaiken.html,japan,Prime Minister's Office of Japan (Kantei),ARCHIVE_CRAWL_SEEDED_INDEX,2026-09-22,https://japan.kantei.go.jp/103/statement/202504/index.html,DISCOVERED
https://japan.kantei.go.jp/103/statement/202504/18kaiken.html,japan,Prime Minister's Office of Japan (Kantei),ARCHIVE_CRAWL_SEEDED_INDEX,2026-09-22,https://japan.kantei.go.jp/103/statement/202504/index.html,DISCOVERED
https://japan.kantei.go.jp/103/statement/202504/21message.html,japan,Prime Minister's Office of Japan (Kantei),ARCHIVE_CRAWL_SEEDED_INDEX,2026-09-22,https://japan.kantei.go.jp/103/statement/202504/index.html,DISCOVERED
https://japan.kantei.go.jp/103/statement/202504/21message2.html,japan,Prime Minister's Office of Japan (Kantei),ARCHIVE_CRAWL_SEEDED_INDEX,2026-09-22,https://japan.kantei.go.jp/103/statement/202504/index.html,DISCOVERED
https://japan.kantei.go.jp/103/statement/202504/22kaiken.html,japan,Prime Minister's Office of Japan (Kantei),ARCHIVE_CRAWL_SEEDED_INDEX,2026-09-22,https://japan.kantei.go.jp/103/statement/202504/index.html,DISCOVERED
https://japan.kantei.go.jp/103/statement/202504/23message.html,japan,Prime Minister's Office of Japan (Kantei),ARCHIVE_CRAWL_SEEDED_INDEX,2026-09-22,https://japan.kantei.go.jp/103/statement/202504/index.html,DISCOVERED
https://japan.kantei.go.jp/103/statement/202504/27kaiken.html,japan,Prime Minister's Office of Japan (Kantei),ARCHIVE_CRAWL_SEEDED_INDEX,2026-09-22,https://japan.kantei.go.jp/103/statement/202504/index.html,DISCOVERED
https://japan.kantei.go.jp/103/statement/202504/27message.html,japan,Prime Minister's Office of Japan (Kantei),ARCHIVE_CRAWL_SEEDED_INDEX,2026-09-22,https://japan.kantei.go.jp/103/statement/202504/index.html,DISCOVERED
https://japan.kantei.go.jp/103/statement/202504/28forum.html,japan,Prime Minister's Office of Japan (Kantei),ARCHIVE_CRAWL_SEEDED_INDEX,2026-09-22,https://japan.kantei.go.jp/103/statement/202504/index.html,DISCOVERED
https://japan.kantei.go.jp/103/statement/202504/28kyoudou_happyou.html,japan,Prime Minister's Office of Japan (Kantei),ARCHIVE_CRAWL_SEEDED_INDEX,2026-09-22,https://japan.kantei.go.jp/103/statement/202504/index.html,DISCOVERED
https://japan.kantei.go.jp/103/statement/202504/29kyoudou_happyou.html,japan,Prime Minister's Office of Japan (Kantei),ARCHIVE_CRAWL_SEEDED_INDEX,2026-09-22,https://japan.kantei.go.jp/103/statement/202504/index.html,DISCOVERED
https://japan.kantei.go.jp/103/statement/202504/29message.html,japan,Prime Minister's Office of Japan (Kantei),ARCHIVE_CRAWL_SEEDED_INDEX,2026-09-22,https://japan.kantei.go.jp/103/statement/202504/index.html,DISCOVERED
https://japan.kantei.go.jp/103/statement/202504/30kaiken.html,japan,Prime Minister's Office of Japan (Kantei),ARCHIVE_CRAWL_SEEDED_INDEX,2026-09-22,https://japan.kantei.go.jp/103/statement/202504/index.html,DISCOVERED
https://japan.kantei.go.jp/103/statement/202505/02kaiken.html,japan,Prime Minister's Office of Japan (Kantei),ARCHIVE_CRAWL_SEEDED_INDEX,2026-09-22,https://japan.kantei.go.jp/103/statement/202505/index.html,DISCOVERED
https://japan.kantei.go.jp/103/statement/202505/03kaiken.html,japan,Prime Minister's Office of Japan (Kantei),ARCHIVE_CRAWL_SEEDED_INDEX,2026-09-22,https://japan.kantei.go.jp/103/statement/202505/index.html,DISCOVERED
https://japan.kantei.go.jp/103/statement/202505/03message.html,japan,Prime Minister's Office of Japan (Kantei),ARCHIVE_CRAWL_SEEDED_INDEX,2026-09-22,https://japan.kantei.go.jp/103/statement/202505/index.html,DISCOVERED
https://japan.kantei.go.jp/103/statement/202505/0521kaiken.html,japan,Prime Minister's Office of Japan (Kantei),ARCHIVE_CRAWL_SEEDED_INDEX,2026-09-22,https://japan.kantei.go.jp/103/statement/202505/index.html,DISCOVERED
https://japan.kantei.go.jp/103/statement/202505/07message.html,japan,Prime Minister's Office of Japan (Kantei),ARCHIVE_CRAWL_SEEDED_INDEX,2026-09-22,https://japan.kantei.go.jp/103/statement/202505/index.html,DISCOVERED
https://japan.kantei.go.jp/103/statement/202505/08message.html,japan,Prime Minister's Office of Japan (Kantei),ARCHIVE_CRAWL_SEEDED_INDEX,2026-09-22,https://japan.kantei.go.jp/103/statement/202505/index.html,DISCOVERED
https://japan.kantei.go.jp/103/statement/202505/10message2.html,japan,Prime Minister's Office of Japan (Kantei),ARCHIVE_CRAWL_SEEDED_INDEX,2026-09-22,https://japan.kantei.go.jp/103/statement/202505/index.html,DISCOVERED
https://japan.kantei.go.jp/103/statement/202505/17message.html,japan,Prime Minister's Office of Japan (Kantei),ARCHIVE_CRAWL_SEEDED_INDEX,2026-09-22,https://japan.kantei.go.jp/103/statement/202505/index.html,DISCOVERED
https://japan.kantei.go.jp/103/statement/202505/19kyoudou_happyou.html,japan,Prime Minister's Office of Japan (Kantei),ARCHIVE_CRAWL_SEEDED_INDEX,2026-09-22,https://japan.kantei.go.jp/103/statement/202505/index.html,DISCOVERED
https://japan.kantei.go.jp/103/statement/202505/23kaiken.html,japan,Prime Minister's Office of Japan (Kantei),ARCHIVE_CRAWL_SEEDED_INDEX,2026-09-22,https://japan.kantei.go.jp/103/statement/202505/index.html,DISCOVERED
https://japan.kantei.go.jp/103/statement/202505/26kaiken.html,japan,Prime Minister's Office of Japan (Kantei),ARCHIVE_CRAWL_SEEDED_INDEX,2026-09-22,https://japan.kantei.go.jp/103/statement/202505/index.html,DISCOVERED
https://japan.kantei.go.jp/103/statement/202505/29kaiken.html,japan,Prime Minister's Office of Japan (Kantei),ARCHIVE_CRAWL_SEEDED_INDEX,2026-09-22,https://japan.kantei.go.jp/103/statement/202505/index.html,DISCOVERED
https://japan.kantei.go.jp/103/statement/202505/30kyoudou_happyou.html,japan,Prime Minister's Office of Japan (Kantei),ARCHIVE_CRAWL_SEEDED_INDEX,2026-09-22,https://japan.kantei.go.jp/103/statement/202505/index.html,DISCOVERED
https://japan.kantei.go.jp/103/statement/202506/04kaiken.html,japan,Prime Minister's Office of Japan (Kantei),ARCHIVE_CRAWL_SEEDED_INDEX,2026-09-22,https://japan.kantei.go.jp/103/statement/202506/index.html,DISCOVERED
https://japan.kantei.go.jp/103/statement/202506/0613kaiken.html,japan,Prime Minister's Office of Japan (Kantei),ARCHIVE_CRAWL_SEEDED_INDEX,2026-09-22,https://japan.kantei.go.jp/103/statement/202506/index.html,DISCOVERED
https://japan.kantei.go.jp/103/statement/202506/0616kaiken.html,japan,Prime Minister's Office of Japan (Kantei),ARCHIVE_CRAWL_SEEDED_INDEX,2026-09-22,https://japan.kantei.go.jp/103/statement/202506/index.html,DISCOVERED
https://japan.kantei.go.jp/103/statement/202506/0617naigai.html,japan,Prime Minister's Office of Japan (Kantei),ARCHIVE_CRAWL_SEEDED_INDEX,2026-09-22,https://japan.kantei.go.jp/103/statement/202506/index.html,DISCOVERED
https://japan.kantei.go.jp/103/statement/202506/0622bura.html,japan,Prime Minister's Office of Japan (Kantei),ARCHIVE_CRAWL_SEEDED_INDEX,2026-09-22,https://japan.kantei.go.jp/103/statement/202506/index.html,DISCOVERED
https://japan.kantei.go.jp/103/statement/202506/0622bura2.html,japan,Prime Minister's Office of Japan (Kantei),ARCHIVE_CRAWL_SEEDED_INDEX,2026-09-22,https://japan.kantei.go.jp/103/statement/202506/index.html,DISCOVERED
https://japan.kantei.go.jp/103/statement/202506/09kaiken.html,japan,Prime Minister's Office of Japan (Kantei),ARCHIVE_CRAWL_SEEDED_INDEX,2026-09-22,https://japan.kantei.go.jp/103/statement/202506/index.html,DISCOVERED
https://japan.kantei.go.jp/103/statement/202506/10kyoudou_happyou.html,japan,Prime Minister's Office of Japan (Kantei),ARCHIVE_CRAWL_SEEDED_INDEX,2026-09-22,https://japan.kantei.go.jp/103/statement/202506/index.html,DISCOVERED
https://japan.kantei.go.jp/103/statement/202506/11kyoudou_happyou.html,japan,Prime Minister's Office of Japan (Kantei),ARCHIVE_CRAWL_SEEDED_INDEX,2026-09-22,https://japan.kantei.go.jp/103/statement/202506/index.html,DISCOVERED
https://japan.kantei.go.jp/103/statement/202506/12kaiken.html,japan,Prime Minister's Office of Japan (Kantei),ARCHIVE_CRAWL_SEEDED_INDEX,2026-09-22,https://japan.kantei.go.jp/103/statement/202506/index.html,DISCOVERED
https://japan.kantei.go.jp/103/statement/202506/13message.html,japan,Prime Minister's Office of Japan (Kantei),ARCHIVE_CRAWL_SEEDED_INDEX,2026-09-22,https://japan.kantei.go.jp/103/statement/202506/index.html,DISCOVERED
https://japan.kantei.go.jp/103/statement/202506/13message3.html,japan,Prime Minister's Office of Japan (Kantei),ARCHIVE_CRAWL_SEEDED_INDEX,2026-09-22,https://japan.kantei.go.jp/103/statement/202506/index.html,DISCOVERED
https://japan.kantei.go.jp/103/statement/202506/15kaiken.html,japan,Prime Minister's Office of Japan (Kantei),ARCHIVE_CRAWL_SEEDED_INDEX,2026-09-22,https://japan.kantei.go.jp/103/statement/202506/index.html,DISCOVERED
https://japan.kantei.go.jp/103/statement/202506/16message.html,japan,Prime Minister's Office of Japan (Kantei),ARCHIVE_CRAWL_SEEDED_INDEX,2026-09-22,https://japan.kantei.go.jp/103/statement/202506/index.html,DISCOVERED
https://japan.kantei.go.jp/103/statement/202506/19kaiken.html,japan,Prime Minister's Office of Japan (Kantei),ARCHIVE_CRAWL_SEEDED_INDEX,2026-09-22,https://japan.kantei.go.jp/103/statement/202506/index.html,DISCOVERED
https://japan.kantei.go.jp/103/statement/202506/19message.html,japan,Prime Minister's Office of Japan (Kantei),ARCHIVE_CRAWL_SEEDED_INDEX,2026-09-22,https://japan.kantei.go.jp/103/statement/202506/index.html,DISCOVERED
https://japan.kantei.go.jp/103/statement/202506/20statement.html,japan,Prime Minister's Office of Japan (Kantei),ARCHIVE_CRAWL_SEEDED_INDEX,2026-09-22,https://japan.kantei.go.jp/103/statement/202506/index.html,DISCOVERED
https://japan.kantei.go.jp/103/statement/202506/23kaiken.html,japan,Prime Minister's Office of Japan (Kantei),ARCHIVE_CRAWL_SEEDED_INDEX,2026-09-22,https://japan.kantei.go.jp/103/statement/202506/index.html,DISCOVERED
https://japan.kantei.go.jp/103/statement/202506/23okinawa.html,japan,Prime Minister's Office of Japan (Kantei),ARCHIVE_CRAWL_SEEDED_INDEX,2026-09-22,https://japan.kantei.go.jp/103/statement/202506/index.html,DISCOVERED
https://japan.kantei.go.jp/103/statement/202506/23pm_kaiken.html,japan,Prime Minister's Office of Japan (Kantei),ARCHIVE_CRAWL_SEEDED_INDEX,2026-09-22,https://japan.kantei.go.jp/103/statement/202506/index.html,DISCOVERED
https://japan.kantei.go.jp/103/statement/202506/30kunji.html,japan,Prime Minister's Office of Japan (Kantei),ARCHIVE_CRAWL_SEEDED_INDEX,2026-09-22,https://japan.kantei.go.jp/103/statement/202506/index.html,DISCOVERED
https://japan.kantei.go.jp/103/statement/202507/02kaiken.html,japan,Prime Minister's Office of Japan (Kantei),ARCHIVE_CRAWL_SEEDED_INDEX,2026-09-22,https://japan.kantei.go.jp/103/statement/202507/index.html,DISCOVERED
https://japan.kantei.go.jp/103/statement/202507/03aisatu.html,japan,Prime Minister's Office of Japan (Kantei),ARCHIVE_CRAWL_SEEDED_INDEX,2026-09-22,https://japan.kantei.go.jp/103/statement/202507/index.html,DISCOVERED
https://japan.kantei.go.jp/103/statement/202507/03kaiken.html,japan,Prime Minister's Office of Japan (Kantei),ARCHIVE_CRAWL_SEEDED_INDEX,2026-09-22,https://japan.kantei.go.jp/103/statement/202507/index.html,DISCOVERED
https://japan.kantei.go.jp/103/statement/202507/06message.html,japan,Prime Minister's Office of Japan (Kantei),ARCHIVE_CRAWL_SEEDED_INDEX,2026-09-22,https://japan.kantei.go.jp/103/statement/202507/index.html,DISCOVERED
https://japan.kantei.go.jp/103/statement/202507/08kaiken.html,japan,Prime Minister's Office of Japan (Kantei),ARCHIVE_CRAWL_SEEDED_INDEX,2026-09-22,https://japan.kantei.go.jp/103/statement/202507/index.html,DISCOVERED
https://japan.kantei.go.jp/103/statement/202507/10message.html,japan,Prime Minister's Office of Japan (Kantei),ARCHIVE_CRAWL_SEEDED_INDEX,2026-09-22,https://japan.kantei.go.jp/103/statement/202507/index.html,DISCOVERED
https://japan.kantei.go.jp/103/statement/202507/18kaiken.html,japan,Prime Minister's Office of Japan (Kantei),ARCHIVE_CRAWL_SEEDED_INDEX,2026-09-22,https://japan.kantei.go.jp/103/statement/202507/index.html,DISCOVERED
https://japan.kantei.go.jp/103/statement/202507/18message.html,japan,Prime Minister's Office of Japan (Kantei),ARCHIVE_CRAWL_SEEDED_INDEX,2026-09-22,https://japan.kantei.go.jp/103/statement/202507/index.html,DISCOVERED
https://japan.kantei.go.jp/103/statement/202507/23bura.html,japan,Prime Minister's Office of Japan (Kantei),ARCHIVE_CRAWL_SEEDED_INDEX,2026-09-22,https://japan.kantei.go.jp/103/statement/202507/index.html,DISCOVERED
https://japan.kantei.go.jp/103/statement/202507/23bura2.html,japan,Prime Minister's Office of Japan (Kantei),ARCHIVE_CRAWL_SEEDED_INDEX,2026-09-22,https://japan.kantei.go.jp/103/statement/202507/index.html,DISCOVERED
https://japan.kantei.go.jp/103/statement/202507/23kyoudou_happyou.html,japan,Prime Minister's Office of Japan (Kantei),ARCHIVE_CRAWL_SEEDED_INDEX,2026-09-22,https://japan.kantei.go.jp/103/statement/202507/index.html,DISCOVERED
https://japan.kantei.go.jp/103/statement/202507/24bura.html,japan,Prime Minister's Office of Japan (Kantei),ARCHIVE_CRAWL_SEEDED_INDEX,2026-09-22,https://japan.kantei.go.jp/103/statement/202507/index.html,DISCOVERED
https://japan.kantei.go.jp/103/statement/202507/30kaiken2.html,japan,Prime Minister's Office of Japan (Kantei),ARCHIVE_CRAWL_SEEDED_INDEX,2026-09-22,https://japan.kantei.go.jp/103/statement/202507/index.html,DISCOVERED
https://japan.kantei.go.jp/103/statement/202508/01message.html,japan,Prime Minister's Office of Japan (Kantei),ARCHIVE_CRAWL_SEEDED_INDEX,2026-09-22,https://japan.kantei.go.jp/103/statement/202508/index.html,DISCOVERED
https://japan.kantei.go.jp/103/statement/202508/04kyoudou_happyou.html,japan,Prime Minister's Office of Japan (Kantei),ARCHIVE_CRAWL_SEEDED_INDEX,2026-09-22,https://japan.kantei.go.jp/103/statement/202508/index.html,DISCOVERED
https://japan.kantei.go.jp/103/statement/202508/06hiroshima.html,japan,Prime Minister's Office of Japan (Kantei),ARCHIVE_CRAWL_SEEDED_INDEX,2026-09-22,https://japan.kantei.go.jp/103/statement/202508/index.html,DISCOVERED
https://japan.kantei.go.jp/103/statement/202508/06kaiken.html,japan,Prime Minister's Office of Japan (Kantei),ARCHIVE_CRAWL_SEEDED_INDEX,2026-09-22,https://japan.kantei.go.jp/103/statement/202508/index.html,DISCOVERED
https://japan.kantei.go.jp/103/statement/202508/07kaiken.html,japan,Prime Minister's Office of Japan (Kantei),ARCHIVE_CRAWL_SEEDED_INDEX,2026-09-22,https://japan.kantei.go.jp/103/statement/202508/index.html,DISCOVERED
https://japan.kantei.go.jp/103/statement/202508/0801bura.html,japan,Prime Minister's Office of Japan (Kantei),ARCHIVE_CRAWL_SEEDED_INDEX,2026-09-22,https://japan.kantei.go.jp/103/statement/202508/index.html,DISCOVERED
https://japan.kantei.go.jp/103/statement/202508/0823kunji.html,japan,Prime Minister's Office of Japan (Kantei),ARCHIVE_CRAWL_SEEDED_INDEX,2026-09-22,https://japan.kantei.go.jp/103/statement/202508/index.html,DISCOVERED
https://japan.kantei.go.jp/103/statement/202508/08kaiken.html,japan,Prime Minister's Office of Japan (Kantei),ARCHIVE_CRAWL_SEEDED_INDEX,2026-09-22,https://japan.kantei.go.jp/103/statement/202508/index.html,DISCOVERED
https://japan.kantei.go.jp/103/statement/202508/08kyoudou_happyou.html,japan,Prime Minister's Office of Japan (Kantei),ARCHIVE_CRAWL_SEEDED_INDEX,2026-09-22,https://japan.kantei.go.jp/103/statement/202508/index.html,DISCOVERED
https://japan.kantei.go.jp/103/statement/202508/09kaiken.html,japan,Prime Minister's Office of Japan (Kantei),ARCHIVE_CRAWL_SEEDED_INDEX,2026-09-22,https://japan.kantei.go.jp/103/statement/202508/index.html,DISCOVERED
https://japan.kantei.go.jp/103/statement/202508/09nagasaki.html,japan,Prime Minister's Office of Japan (Kantei),ARCHIVE_CRAWL_SEEDED_INDEX,2026-09-22,https://japan.kantei.go.jp/103/statement/202508/index.html,DISCOVERED
https://japan.kantei.go.jp/103/statement/202508/15kaiken.html,japan,Prime Minister's Office of Japan (Kantei),ARCHIVE_CRAWL_SEEDED_INDEX,2026-09-22,https://japan.kantei.go.jp/103/statement/202508/index.html,DISCOVERED
https://japan.kantei.go.jp/103/statement/202508/15shikiji.html,japan,Prime Minister's Office of Japan (Kantei),ARCHIVE_CRAWL_SEEDED_INDEX,2026-09-22,https://japan.kantei.go.jp/103/statement/202508/index.html,DISCOVERED
https://japan.kantei.go.jp/103/statement/202508/16india.html,japan,Prime Minister's Office of Japan (Kantei),ARCHIVE_CRAWL_SEEDED_INDEX,2026-09-22,https://japan.kantei.go.jp/103/statement/202508/index.html,DISCOVERED
https://japan.kantei.go.jp/103/statement/202508/16pakistan.html,japan,Prime Minister's Office of Japan (Kantei),ARCHIVE_CRAWL_SEEDED_INDEX,2026-09-22,https://japan.kantei.go.jp/103/statement/202508/index.html,DISCOVERED
https://japan.kantei.go.jp/103/statement/202508/18kaiken.html,japan,Prime Minister's Office of Japan (Kantei),ARCHIVE_CRAWL_SEEDED_INDEX,2026-09-22,https://japan.kantei.go.jp/103/statement/202508/index.html,DISCOVERED
https://japan.kantei.go.jp/103/statement/202508/19kaiken.html,japan,Prime Minister's Office of Japan (Kantei),ARCHIVE_CRAWL_SEEDED_INDEX,2026-09-22,https://japan.kantei.go.jp/103/statement/202508/index.html,DISCOVERED
https://japan.kantei.go.jp/103/statement/202508/20aisatu.html,japan,Prime Minister's Office of Japan (Kantei),ARCHIVE_CRAWL_SEEDED_INDEX,2026-09-22,https://japan.kantei.go.jp/103/statement/202508/index.html,DISCOVERED
https://japan.kantei.go.jp/103/statement/202508/20kaikaishiki.html,japan,Prime Minister's Office of Japan (Kantei),ARCHIVE_CRAWL_SEEDED_INDEX,2026-09-22,https://japan.kantei.go.jp/103/statement/202508/index.html,DISCOVERED
https://japan.kantei.go.jp/103/statement/202508/20speech.html,japan,Prime Minister's Office of Japan (Kantei),ARCHIVE_CRAWL_SEEDED_INDEX,2026-09-22,https://japan.kantei.go.jp/103/statement/202508/index.html,DISCOVERED
https://japan.kantei.go.jp/103/statement/202508/21aisatsu02.html,japan,Prime Minister's Office of Japan (Kantei),ARCHIVE_CRAWL_SEEDED_INDEX,2026-09-22,https://japan.kantei.go.jp/103/statement/202508/index.html,DISCOVERED
https://japan.kantei.go.jp/103/statement/202508/22heikaishiki.html,japan,Prime Minister's Office of Japan (Kantei),ARCHIVE_CRAWL_SEEDED_INDEX,2026-09-22,https://japan.kantei.go.jp/103/statement/202508/index.html,DISCOVERED
https://japan.kantei.go.jp/103/statement/202508/22kaiken.html,japan,Prime Minister's Office of Japan (Kantei),ARCHIVE_CRAWL_SEEDED_INDEX,2026-09-22,https://japan.kantei.go.jp/103/statement/202508/index.html,DISCOVERED
https://japan.kantei.go.jp/103/statement/202508/23kaiken.html,japan,Prime Minister's Office of Japan (Kantei),ARCHIVE_CRAWL_SEEDED_INDEX,2026-09-22,https://japan.kantei.go.jp/103/statement/202508/index.html,DISCOVERED
https://japan.kantei.go.jp/103/statement/202508/23kyoudou_happyou.html,japan,Prime Minister's Office of Japan (Kantei),ARCHIVE_CRAWL_SEEDED_INDEX,2026-09-22,https://japan.kantei.go.jp/103/statement/202508/index.html,DISCOVERED
https://japan.kantei.go.jp/103/statement/202508/30kaiken.html,japan,Prime Minister's Office of Japan (Kantei),ARCHIVE_CRAWL_SEEDED_INDEX,2026-09-22,https://japan.kantei.go.jp/103/statement/202508/index.html,DISCOVERED
https://japan.kantei.go.jp/103/statement/202509/04message.html,japan,Prime Minister's Office of Japan (Kantei),ARCHIVE_CRAWL_SEEDED_INDEX,2026-09-22,https://japan.kantei.go.jp/103/statement/202509/index.html,DISCOVERED
https://japan.kantei.go.jp/103/statement/202509/05bura.html,japan,Prime Minister's Office of Japan (Kantei),ARCHIVE_CRAWL_SEEDED_INDEX,2026-09-22,https://japan.kantei.go.jp/103/statement/202509/index.html,DISCOVERED
https://japan.kantei.go.jp/103/statement/202509/05kishahappyou.html,japan,Prime Minister's Office of Japan (Kantei),ARCHIVE_CRAWL_SEEDED_INDEX,2026-09-22,https://japan.kantei.go.jp/103/statement/202509/index.html,DISCOVERED
https://japan.kantei.go.jp/103/statement/202509/06message.html,japan,Prime Minister's Office of Japan (Kantei),ARCHIVE_CRAWL_SEEDED_INDEX,2026-09-22,https://japan.kantei.go.jp/103/statement/202509/index.html,DISCOVERED
https://japan.kantei.go.jp/103/statement/202509/07kaiken.html,japan,Prime Minister's Office of Japan (Kantei),ARCHIVE_CRAWL_SEEDED_INDEX,2026-09-22,https://japan.kantei.go.jp/103/statement/202509/index.html,DISCOVERED
https://japan.kantei.go.jp/103/statement/202509/11kyoudou_happyou.html,japan,Prime Minister's Office of Japan (Kantei),ARCHIVE_CRAWL_SEEDED_INDEX,2026-09-22,https://japan.kantei.go.jp/103/statement/202509/index.html,DISCOVERED
https://japan.kantei.go.jp/103/statement/202509/12message.html,japan,Prime Minister's Office of Japan (Kantei),ARCHIVE_CRAWL_SEEDED_INDEX,2026-09-22,https://japan.kantei.go.jp/103/statement/202509/index.html,DISCOVERED
https://japan.kantei.go.jp/103/statement/202509/17bura.html,japan,Prime Minister's Office of Japan (Kantei),ARCHIVE_CRAWL_SEEDED_INDEX,2026-09-22,https://japan.kantei.go.jp/103/statement/202509/index.html,DISCOVERED
https://japan.kantei.go.jp/103/statement/202509/23enzetsu.html,japan,Prime Minister's Office of Japan (Kantei),ARCHIVE_CRAWL_SEEDED_INDEX,2026-09-22,https://japan.kantei.go.jp/103/statement/202509/index.html,DISCOVERED
https://japan.kantei.go.jp/103/statement/202509/23kaiken.html,japan,Prime Minister's Office of Japan (Kantei),ARCHIVE_CRAWL_SEEDED_INDEX,2026-09-22,https://japan.kantei.go.jp/103/statement/202509/index.html,DISCOVERED
https://japan.kantei.go.jp/103/statement/202509/24naigai_00001.html,japan,Prime Minister's Office of Japan (Kantei),ARCHIVE_CRAWL_SEEDED_INDEX,2026-09-22,https://japan.kantei.go.jp/103/statement/202509/index.html,DISCOVERED
https://japan.kantei.go.jp/103/statement/202509/25message2.html,japan,Prime Minister's Office of Japan (Kantei),ARCHIVE_CRAWL_SEEDED_INDEX,2026-09-22,https://japan.kantei.go.jp/103/statement/202509/index.html,DISCOVERED
https://japan.kantei.go.jp/103/statement/202509/29kyoudou_happyou.html,japan,Prime Minister's Office of Japan (Kantei),ARCHIVE_CRAWL_SEEDED_INDEX,2026-09-22,https://japan.kantei.go.jp/103/statement/202509/index.html,DISCOVERED
https://japan.kantei.go.jp/103/statement/202509/30kaiken.html,japan,Prime Minister's Office of Japan (Kantei),ARCHIVE_CRAWL_SEEDED_INDEX,2026-09-22,https://japan.kantei.go.jp/103/statement/202509/index.html,DISCOVERED
https://japan.kantei.go.jp/103/statement/202509/30kaiken2.html,japan,Prime Minister's Office of Japan (Kantei),ARCHIVE_CRAWL_SEEDED_INDEX,2026-09-22,https://japan.kantei.go.jp/103/statement/202509/index.html,DISCOVERED
https://japan.kantei.go.jp/103/statement/202510/01message.html,japan,Prime Minister's Office of Japan (Kantei),ARCHIVE_CRAWL_SEEDED_INDEX,2026-09-22,https://japan.kantei.go.jp/103/statement/202510/index.html,DISCOVERED
https://japan.kantei.go.jp/103/statement/202510/06comment.html,japan,Prime Minister's Office of Japan (Kantei),ARCHIVE_CRAWL_SEEDED_INDEX,2026-09-22,https://japan.kantei.go.jp/103/statement/202510/index.html,DISCOVERED
https://japan.kantei.go.jp/103/statement/202510/06message.html,japan,Prime Minister's Office of Japan (Kantei),ARCHIVE_CRAWL_SEEDED_INDEX,2026-09-22,https://japan.kantei.go.jp/103/statement/202510/index.html,DISCOVERED
https://japan.kantei.go.jp/103/statement/202510/08comment.html,japan,Prime Minister's Office of Japan (Kantei),ARCHIVE_CRAWL_SEEDED_INDEX,2026-09-22,https://japan.kantei.go.jp/103/statement/202510/index.html,DISCOVERED
https://japan.kantei.go.jp/103/statement/202510/08message.html,japan,Prime Minister's Office of Japan (Kantei),ARCHIVE_CRAWL_SEEDED_INDEX,2026-09-22,https://japan.kantei.go.jp/103/statement/202510/index.html,DISCOVERED
https://japan.kantei.go.jp/103/statement/202510/10kaiken.html,japan,Prime Minister's Office of Japan (Kantei),ARCHIVE_CRAWL_SEEDED_INDEX,2026-09-22,https://japan.kantei.go.jp/103/statement/202510/index.html,DISCOVERED
https://japan.kantei.go.jp/103/statement/202510/13aisatsu.html,japan,Prime Minister's Office of Japan (Kantei),ARCHIVE_CRAWL_SEEDED_INDEX,2026-09-22,https://japan.kantei.go.jp/103/statement/202510/index.html,DISCOVERED
https://japan.kantei.go.jp/103/statement/202510/13kaiken.html,japan,Prime Minister's Office of Japan (Kantei),ARCHIVE_CRAWL_SEEDED_INDEX,2026-09-22,https://japan.kantei.go.jp/103/statement/202510/index.html,DISCOVERED
https://japan.kantei.go.jp/103/statement/202510/17danwa.html,japan,Prime Minister's Office of Japan (Kantei),ARCHIVE_CRAWL_SEEDED_INDEX,2026-09-22,https://japan.kantei.go.jp/103/statement/202510/index.html,DISCOVERED
https://japan.kantei.go.jp/103/statement/202510/21danwa.html,japan,Prime Minister's Office of Japan (Kantei),ARCHIVE_CRAWL_SEEDED_INDEX,2026-09-22,https://japan.kantei.go.jp/103/statement/202510/index.html,DISCOVERED
https://japan.kantei.go.jp/104/statement/202510/21danwa.html,japan,Prime Minister's Office of Japan (Kantei),ARCHIVE_CRAWL_SEEDED_INDEX,2026-09-22,https://japan.kantei.go.jp/104/statement/202510/index.html,DISCOVERED
https://japan.kantei.go.jp/104/statement/202510/21kaiken.html,japan,Prime Minister's Office of Japan (Kantei),ARCHIVE_CRAWL_SEEDED_INDEX,2026-09-22,https://japan.kantei.go.jp/104/statement/202510/index.html,DISCOVERED
https://japan.kantei.go.jp/104/statement/202510/22bura1.html,japan,Prime Minister's Office of Japan (Kantei),ARCHIVE_CRAWL_SEEDED_INDEX,2026-09-22,https://japan.kantei.go.jp/104/statement/202510/index.html,DISCOVERED
https://japan.kantei.go.jp/104/statement/202510/22bura2.html,japan,Prime Minister's Office of Japan (Kantei),ARCHIVE_CRAWL_SEEDED_INDEX,2026-09-22,https://japan.kantei.go.jp/104/statement/202510/index.html,DISCOVERED
https://japan.kantei.go.jp/104/statement/202510/24shoshinhyomei.html,japan,Prime Minister's Office of Japan (Kantei),ARCHIVE_CRAWL_SEEDED_INDEX,2026-09-22,https://japan.kantei.go.jp/104/statement/202510/index.html,DISCOVERED
https://japan.kantei.go.jp/104/statement/202510/25kaiken_00002.html,japan,Prime Minister's Office of Japan (Kantei),ARCHIVE_CRAWL_SEEDED_INDEX,2026-09-22,https://japan.kantei.go.jp/104/statement/202510/index.html,DISCOVERED
https://japan.kantei.go.jp/104/statement/202510/25kaiken_00007.html,japan,Prime Minister's Office of Japan (Kantei),ARCHIVE_CRAWL_SEEDED_INDEX,2026-09-22,https://japan.kantei.go.jp/104/statement/202510/index.html,DISCOVERED
https://japan.kantei.go.jp/104/statement/202510/25message.html,japan,Prime Minister's Office of Japan (Kantei),ARCHIVE_CRAWL_SEEDED_INDEX,2026-09-22,https://japan.kantei.go.jp/104/statement/202510/index.html,DISCOVERED
https://japan.kantei.go.jp/104/statement/202510/26kaiken.html,japan,Prime Minister's Office of Japan (Kantei),ARCHIVE_CRAWL_SEEDED_INDEX,2026-09-22,https://japan.kantei.go.jp/104/statement/202510/index.html,DISCOVERED
https://japan.kantei.go.jp/104/statement/202510/26message_00001.html,japan,Prime Minister's Office of Japan (Kantei),ARCHIVE_CRAWL_SEEDED_INDEX,2026-09-22,https://japan.kantei.go.jp/104/statement/202510/index.html,DISCOVERED
https://japan.kantei.go.jp/104/statement/202510/28kaiken.html,japan,Prime Minister's Office of Japan (Kantei),ARCHIVE_CRAWL_SEEDED_INDEX,2026-09-22,https://japan.kantei.go.jp/104/statement/202510/index.html,DISCOVERED
https://japan.kantei.go.jp/104/statement/202510/30kaiken.html,japan,Prime Minister's Office of Japan (Kantei),ARCHIVE_CRAWL_SEEDED_INDEX,2026-09-22,https://japan.kantei.go.jp/104/statement/202510/index.html,DISCOVERED
https://japan.kantei.go.jp/104/statement/202510/30kaiken2.html,japan,Prime Minister's Office of Japan (Kantei),ARCHIVE_CRAWL_SEEDED_INDEX,2026-09-22,https://japan.kantei.go.jp/104/statement/202510/index.html,DISCOVERED
https://japan.kantei.go.jp/104/statement/202510/31kaiken.html,japan,Prime Minister's Office of Japan (Kantei),ARCHIVE_CRAWL_SEEDED_INDEX,2026-09-22,https://japan.kantei.go.jp/104/statement/202510/index.html,DISCOVERED
https://japan.kantei.go.jp/104/statement/index.html,japan,Prime Minister's Office of Japan (Kantei),ARCHIVE_CRAWL_SEEDED_INDEX,2026-09-22,https://japan.kantei.go.jp/104/statement/202510/index.html,DISCOVERED
https://japan.kantei.go.jp/104/statement/202511/01naigai.html,japan,Prime Minister's Office of Japan (Kantei),ARCHIVE_CRAWL_SEEDED_INDEX,2026-09-22,https://japan.kantei.go.jp/104/statement/202511/index.html,DISCOVERED
https://japan.kantei.go.jp/104/statement/202511/07kaiken.html,japan,Prime Minister's Office of Japan (Kantei),ARCHIVE_CRAWL_SEEDED_INDEX,2026-09-22,https://japan.kantei.go.jp/104/statement/202511/index.html,DISCOVERED
https://japan.kantei.go.jp/104/statement/202511/11message.html,japan,Prime Minister's Office of Japan (Kantei),ARCHIVE_CRAWL_SEEDED_INDEX,2026-09-22,https://japan.kantei.go.jp/104/statement/202511/index.html,DISCOVERED
https://japan.kantei.go.jp/104/statement/202511/14kaiken.html,japan,Prime Minister's Office of Japan (Kantei),ARCHIVE_CRAWL_SEEDED_INDEX,2026-09-22,https://japan.kantei.go.jp/104/statement/202511/index.html,DISCOVERED
https://japan.kantei.go.jp/104/statement/202511/21kaiken.html,japan,Prime Minister's Office of Japan (Kantei),ARCHIVE_CRAWL_SEEDED_INDEX,2026-09-22,https://japan.kantei.go.jp/104/statement/202511/index.html,DISCOVERED
https://japan.kantei.go.jp/104/statement/202511/21message.html,japan,Prime Minister's Office of Japan (Kantei),ARCHIVE_CRAWL_SEEDED_INDEX,2026-09-22,https://japan.kantei.go.jp/104/statement/202511/index.html,DISCOVERED
https://japan.kantei.go.jp/104/statement/202511/23kaiken_00001.html,japan,Prime Minister's Office of Japan (Kantei),ARCHIVE_CRAWL_SEEDED_INDEX,2026-09-22,https://japan.kantei.go.jp/104/statement/202511/index.html,DISCOVERED
https://japan.kantei.go.jp/104/statement/202512/02kaiken.html,japan,Prime Minister's Office of Japan (Kantei),ARCHIVE_CRAWL_SEEDED_INDEX,2026-09-22,https://japan.kantei.go.jp/104/statement/202512/index.html,DISCOVERED
https://japan.kantei.go.jp/104/statement/202512/06message.html,japan,Prime Minister's Office of Japan (Kantei),ARCHIVE_CRAWL_SEEDED_INDEX,2026-09-22,https://japan.kantei.go.jp/104/statement/202512/index.html,DISCOVERED
https://japan.kantei.go.jp/104/statement/202512/07kaiken.html,japan,Prime Minister's Office of Japan (Kantei),ARCHIVE_CRAWL_SEEDED_INDEX,2026-09-22,https://japan.kantei.go.jp/104/statement/202512/index.html,DISCOVERED
https://japan.kantei.go.jp/104/statement/202512/08kaiken.html,japan,Prime Minister's Office of Japan (Kantei),ARCHIVE_CRAWL_SEEDED_INDEX,2026-09-22,https://japan.kantei.go.jp/104/statement/202512/index.html,DISCOVERED
https://japan.kantei.go.jp/104/statement/202512/08message.html,japan,Prime Minister's Office of Japan (Kantei),ARCHIVE_CRAWL_SEEDED_INDEX,2026-09-22,https://japan.kantei.go.jp/104/statement/202512/index.html,DISCOVERED
https://japan.kantei.go.jp/104/statement/202512/09kaiken.html,japan,Prime Minister's Office of Japan (Kantei),ARCHIVE_CRAWL_SEEDED_INDEX,2026-09-22,https://japan.kantei.go.jp/104/statement/202512/index.html,DISCOVERED
https://japan.kantei.go.jp/104/statement/202512/09kaiken2.html,japan,Prime Minister's Office of Japan (Kantei),ARCHIVE_CRAWL_SEEDED_INDEX,2026-09-22,https://japan.kantei.go.jp/104/statement/202512/index.html,DISCOVERED
https://japan.kantei.go.jp/104/statement/202512/15message.html,japan,Prime Minister's Office of Japan (Kantei),ARCHIVE_CRAWL_SEEDED_INDEX,2026-09-22,https://japan.kantei.go.jp/104/statement/202512/index.html,DISCOVERED
https://japan.kantei.go.jp/104/statement/202512/17kaiken.html,japan,Prime Minister's Office of Japan (Kantei),ARCHIVE_CRAWL_SEEDED_INDEX,2026-09-22,https://japan.kantei.go.jp/104/statement/202512/index.html,DISCOVERED
https://japan.kantei.go.jp/104/statement/202512/20kaiken_00001.html,japan,Prime Minister's Office of Japan (Kantei),ARCHIVE_CRAWL_SEEDED_INDEX,2026-09-22,https://japan.kantei.go.jp/104/statement/202512/index.html,DISCOVERED
https://japan.kantei.go.jp/104/statement/202512/22message.html,japan,Prime Minister's Office of Japan (Kantei),ARCHIVE_CRAWL_SEEDED_INDEX,2026-09-22,https://japan.kantei.go.jp/104/statement/202512/index.html,DISCOVERED
https://japan.kantei.go.jp/104/statement/202512/26kaiken.html,japan,Prime Minister's Office of Japan (Kantei),ARCHIVE_CRAWL_SEEDED_INDEX,2026-09-22,https://japan.kantei.go.jp/104/statement/202512/index.html,DISCOVERED
https://japan.kantei.go.jp/104/statement/202512/30message.html,japan,Prime Minister's Office of Japan (Kantei),ARCHIVE_CRAWL_SEEDED_INDEX,2026-09-22,https://japan.kantei.go.jp/104/statement/202512/index.html,DISCOVERED
http://twitter.com/@JPN_PMO,japan,Prime Minister's Office of Japan (Kantei),ARCHIVE_CRAWL_SEEDED_INDEX,2026-09-22,https://japan.kantei.go.jp/98_abe/statement/202001/index.html,DISCOVERED
http://www.facebook.com/Japan.PMO,japan,Prime Minister's Office of Japan (Kantei),ARCHIVE_CRAWL_SEEDED_INDEX,2026-09-22,https://japan.kantei.go.jp/98_abe/statement/202001/index.html,DISCOVERED
https://japan.kantei.go.jp/101_kishida/meibo/index_e.html,japan,Prime Minister's Office of Japan (Kantei),ARCHIVE_CRAWL_SEEDED_INDEX,2026-09-22,https://japan.kantei.go.jp/98_abe/statement/202001/index.html,DISCOVERED
https://japan.kantei.go.jp/96_abe/statement/index_e.html,japan,Prime Minister's Office of Japan (Kantei),ARCHIVE_CRAWL_SEEDED_INDEX,2026-09-22,https://japan.kantei.go.jp/98_abe/statement/202001/index.html,DISCOVERED
https://japan.kantei.go.jp/97_abe/statement/index_e.html,japan,Prime Minister's Office of Japan (Kantei),ARCHIVE_CRAWL_SEEDED_INDEX,2026-09-22,https://japan.kantei.go.jp/98_abe/statement/202001/index.html,DISCOVERED
https://japan.kantei.go.jp/98_abe/statement/201711/index.html,japan,Prime Minister's Office of Japan (Kantei),ARCHIVE_CRAWL_SEEDED_INDEX,2026-09-22,https://japan.kantei.go.jp/98_abe/statement/202001/index.html,DISCOVERED
https://japan.kantei.go.jp/98_abe/statement/201801/index.html,japan,Prime Minister's Office of Japan (Kantei),ARCHIVE_CRAWL_SEEDED_INDEX,2026-09-22,https://japan.kantei.go.jp/98_abe/statement/202001/index.html,DISCOVERED
https://japan.kantei.go.jp/98_abe/statement/201802/index.html,japan,Prime Minister's Office of Japan (Kantei),ARCHIVE_CRAWL_SEEDED_INDEX,2026-09-22,https://japan.kantei.go.jp/98_abe/statement/202001/index.html,DISCOVERED
https://japan.kantei.go.jp/98_abe/statement/201803/index.html,japan,Prime Minister's Office of Japan (Kantei),ARCHIVE_CRAWL_SEEDED_INDEX,2026-09-22,https://japan.kantei.go.jp/98_abe/statement/202001/index.html,DISCOVERED
https://japan.kantei.go.jp/98_abe/statement/201805/index.html,japan,Prime Minister's Office of Japan (Kantei),ARCHIVE_CRAWL_SEEDED_INDEX,2026-09-22,https://japan.kantei.go.jp/98_abe/statement/202001/index.html,DISCOVERED
https://japan.kantei.go.jp/98_abe/statement/201806/index.html,japan,Prime Minister's Office of Japan (Kantei),ARCHIVE_CRAWL_SEEDED_INDEX,2026-09-22,https://japan.kantei.go.jp/98_abe/statement/202001/index.html,DISCOVERED
https://japan.kantei.go.jp/98_abe/statement/201807/index.html,japan,Prime Minister's Office of Japan (Kantei),ARCHIVE_CRAWL_SEEDED_INDEX,2026-09-22,https://japan.kantei.go.jp/98_abe/statement/202001/index.html,DISCOVERED
https://japan.kantei.go.jp/98_abe/statement/201808/index.html,japan,Prime Minister's Office of Japan (Kantei),ARCHIVE_CRAWL_SEEDED_INDEX,2026-09-22,https://japan.kantei.go.jp/98_abe/statement/202001/index.html,DISCOVERED
https://japan.kantei.go.jp/98_abe/statement/201809/index.html,japan,Prime Minister's Office of Japan (Kantei),ARCHIVE_CRAWL_SEEDED_INDEX,2026-09-22,https://japan.kantei.go.jp/98_abe/statement/202001/index.html,DISCOVERED
https://japan.kantei.go.jp/98_abe/statement/201810/index.html,japan,Prime Minister's Office of Japan (Kantei),ARCHIVE_CRAWL_SEEDED_INDEX,2026-09-22,https://japan.kantei.go.jp/98_abe/statement/202001/index.html,DISCOVERED
https://japan.kantei.go.jp/98_abe/statement/201811/index.html,japan,Prime Minister's Office of Japan (Kantei),ARCHIVE_CRAWL_SEEDED_INDEX,2026-09-22,https://japan.kantei.go.jp/98_abe/statement/202001/index.html,DISCOVERED
https://japan.kantei.go.jp/98_abe/statement/201901/index.html,japan,Prime Minister's Office of Japan (Kantei),ARCHIVE_CRAWL_SEEDED_INDEX,2026-09-22,https://japan.kantei.go.jp/98_abe/statement/202001/index.html,DISCOVERED
https://japan.kantei.go.jp/98_abe/statement/201903/index.html,japan,Prime Minister's Office of Japan (Kantei),ARCHIVE_CRAWL_SEEDED_INDEX,2026-09-22,https://japan.kantei.go.jp/98_abe/statement/202001/index.html,DISCOVERED
https://japan.kantei.go.jp/98_abe/statement/201904/index.html,japan,Prime Minister's Office of Japan (Kantei),ARCHIVE_CRAWL_SEEDED_INDEX,2026-09-22,https://japan.kantei.go.jp/98_abe/statement/202001/index.html,DISCOVERED
https://japan.kantei.go.jp/98_abe/statement/201905/index.html,japan,Prime Minister's Office of Japan (Kantei),ARCHIVE_CRAWL_SEEDED_INDEX,2026-09-22,https://japan.kantei.go.jp/98_abe/statement/202001/index.html,DISCOVERED
https://japan.kantei.go.jp/98_abe/statement/201906/index.html,japan,Prime Minister's Office of Japan (Kantei),ARCHIVE_CRAWL_SEEDED_INDEX,2026-09-22,https://japan.kantei.go.jp/98_abe/statement/202001/index.html,DISCOVERED
https://japan.kantei.go.jp/98_abe/statement/201908/index.html,japan,Prime Minister's Office of Japan (Kantei),ARCHIVE_CRAWL_SEEDED_INDEX,2026-09-22,https://japan.kantei.go.jp/98_abe/statement/202001/index.html,DISCOVERED
https://japan.kantei.go.jp/98_abe/statement/201909/index.html,japan,Prime Minister's Office of Japan (Kantei),ARCHIVE_CRAWL_SEEDED_INDEX,2026-09-22,https://japan.kantei.go.jp/98_abe/statement/202001/index.html,DISCOVERED
https://japan.kantei.go.jp/98_abe/statement/201910/index.html,japan,Prime Minister's Office of Japan (Kantei),ARCHIVE_CRAWL_SEEDED_INDEX,2026-09-22,https://japan.kantei.go.jp/98_abe/statement/202001/index.html,DISCOVERED
https://japan.kantei.go.jp/98_abe/statement/202001/_00001.html,japan,Prime Minister's Office of Japan (Kantei),ARCHIVE_CRAWL_SEEDED_INDEX,2026-09-22,https://japan.kantei.go.jp/98_abe/statement/202001/index.html,DISCOVERED
https://japan.kantei.go.jp/98_abe/statement/202001/_00002.html,japan,Prime Minister's Office of Japan (Kantei),ARCHIVE_CRAWL_SEEDED_INDEX,2026-09-22,https://japan.kantei.go.jp/98_abe/statement/202001/index.html,DISCOVERED
https://japan.kantei.go.jp/98_abe/statement/202001/_00004.html,japan,Prime Minister's Office of Japan (Kantei),ARCHIVE_CRAWL_SEEDED_INDEX,2026-09-22,https://japan.kantei.go.jp/98_abe/statement/202001/index.html,DISCOVERED
https://japan.kantei.go.jp/98_abe/statement/202001/_nypressconference.html,japan,Prime Minister's Office of Japan (Kantei),ARCHIVE_CRAWL_SEEDED_INDEX,2026-09-22,https://japan.kantei.go.jp/98_abe/statement/202001/index.html,DISCOVERED
https://japan.kantei.go.jp/98_abe/statement/202001/index.html,japan,Prime Minister's Office of Japan (Kantei),ARCHIVE_CRAWL_SEEDED_INDEX,2026-09-22,https://japan.kantei.go.jp/98_abe/statement/202001/index.html,DISCOVERED
https://japan.kantei.go.jp/98_abe/statement/202002/index.html,japan,Prime Minister's Office of Japan (Kantei),ARCHIVE_CRAWL_SEEDED_INDEX,2026-09-22,https://japan.kantei.go.jp/98_abe/statement/202001/index.html,DISCOVERED
https://japan.kantei.go.jp/98_abe/statement/202003/index.html,japan,Prime Minister's Office of Japan (Kantei),ARCHIVE_CRAWL_SEEDED_INDEX,2026-09-22,https://japan.kantei.go.jp/98_abe/statement/202001/index.html,DISCOVERED
https://japan.kantei.go.jp/98_abe/statement/202004/index.html,japan,Prime Minister's Office of Japan (Kantei),ARCHIVE_CRAWL_SEEDED_INDEX,2026-09-22,https://japan.kantei.go.jp/98_abe/statement/202001/index.html,DISCOVERED
https://japan.kantei.go.jp/98_abe/statement/202005/index.html,japan,Prime Minister's Office of Japan (Kantei),ARCHIVE_CRAWL_SEEDED_INDEX,2026-09-22,https://japan.kantei.go.jp/98_abe/statement/202001/index.html,DISCOVERED
https://japan.kantei.go.jp/98_abe/statement/202006/index.html,japan,Prime Minister's Office of Japan (Kantei),ARCHIVE_CRAWL_SEEDED_INDEX,2026-09-22,https://japan.kantei.go.jp/98_abe/statement/202001/index.html,DISCOVERED
https://japan.kantei.go.jp/98_abe/statement/202007/index.html,japan,Prime Minister's Office of Japan (Kantei),ARCHIVE_CRAWL_SEEDED_INDEX,2026-09-22,https://japan.kantei.go.jp/98_abe/statement/202001/index.html,DISCOVERED
https://japan.kantei.go.jp/98_abe/statement/202008/index.html,japan,Prime Minister's Office of Japan (Kantei),ARCHIVE_CRAWL_SEEDED_INDEX,2026-09-22,https://japan.kantei.go.jp/98_abe/statement/202001/index.html,DISCOVERED
https://japan.kantei.go.jp/98_abe/statement/index_e.html,japan,Prime Minister's Office of Japan (Kantei),ARCHIVE_CRAWL_SEEDED_INDEX,2026-09-22,https://japan.kantei.go.jp/98_abe/statement/202001/index.html,DISCOVERED
https://japan.kantei.go.jp/abespeech/index_e.html,japan,Prime Minister's Office of Japan (Kantei),ARCHIVE_CRAWL_SEEDED_INDEX,2026-09-22,https://japan.kantei.go.jp/98_abe/statement/202001/index.html,DISCOVERED
https://japan.kantei.go.jp/asospeech/index_e.html,japan,Prime Minister's Office of Japan (Kantei),ARCHIVE_CRAWL_SEEDED_INDEX,2026-09-22,https://japan.kantei.go.jp/98_abe/statement/202001/index.html,DISCOVERED
https://japan.kantei.go.jp/hatoyama/statement/index_e.html,japan,Prime Minister's Office of Japan (Kantei),ARCHIVE_CRAWL_SEEDED_INDEX,2026-09-22,https://japan.kantei.go.jp/98_abe/statement/202001/index.html,DISCOVERED
https://japan.kantei.go.jp/hukudaspeech/index_e.html,japan,Prime Minister's Office of Japan (Kantei),ARCHIVE_CRAWL_SEEDED_INDEX,2026-09-22,https://japan.kantei.go.jp/98_abe/statement/202001/index.html,DISCOVERED
https://japan.kantei.go.jp/kan/statement/index_e.html,japan,Prime Minister's Office of Japan (Kantei),ARCHIVE_CRAWL_SEEDED_INDEX,2026-09-22,https://japan.kantei.go.jp/98_abe/statement/202001/index.html,DISCOVERED
https://japan.kantei.go.jp/koizumispeech/index_e.html,japan,Prime Minister's Office of Japan (Kantei),ARCHIVE_CRAWL_SEEDED_INDEX,2026-09-22,https://japan.kantei.go.jp/98_abe/statement/202001/index.html,DISCOVERED
https://japan.kantei.go.jp/link/index.html,japan,Prime Minister's Office of Japan (Kantei),ARCHIVE_CRAWL_SEEDED_INDEX,2026-09-22,https://japan.kantei.go.jp/98_abe/statement/202001/index.html,DISCOVERED
https://japan.kantei.go.jp/noda/statement/index_e.html,japan,Prime Minister's Office of Japan (Kantei),ARCHIVE_CRAWL_SEEDED_INDEX,2026-09-22,https://japan.kantei.go.jp/98_abe/statement/202001/index.html,DISCOVERED
https://japan.kantei.go.jp/policy/index.html,japan,Prime Minister's Office of Japan (Kantei),ARCHIVE_CRAWL_SEEDED_INDEX,2026-09-22,https://japan.kantei.go.jp/98_abe/statement/202001/index.html,DISCOVERED
https://japan.kantei.go.jp/rekidaisouri/hashimoto_e.html,japan,Prime Minister's Office of Japan (Kantei),ARCHIVE_CRAWL_SEEDED_INDEX,2026-09-22,https://japan.kantei.go.jp/98_abe/statement/202001/index.html,DISCOVERED
https://japan.kantei.go.jp/rekidaisouri/mori_e.html,japan,Prime Minister's Office of Japan (Kantei),ARCHIVE_CRAWL_SEEDED_INDEX,2026-09-22,https://japan.kantei.go.jp/98_abe/statement/202001/index.html,DISCOVERED
https://japan.kantei.go.jp/rekidaisouri/obuchi_e.html,japan,Prime Minister's Office of Japan (Kantei),ARCHIVE_CRAWL_SEEDED_INDEX,2026-09-22,https://japan.kantei.go.jp/98_abe/statement/202001/index.html,DISCOVERED
https://nettv.gov-online.go.jp/eng/index.html,japan,Prime Minister's Office of Japan (Kantei),ARCHIVE_CRAWL_SEEDED_INDEX,2026-09-22,https://japan.kantei.go.jp/98_abe/statement/202001/index.html,DISCOVERED
https://www.kantei.go.jp/cn/index.html,japan,Prime Minister's Office of Japan (Kantei),ARCHIVE_CRAWL_SEEDED_INDEX,2026-09-22,https://japan.kantei.go.jp/98_abe/statement/202001/index.html,DISCOVERED
https://www.kantei.go.jp/foreign/forms/comment_ssl.html,japan,Prime Minister's Office of Japan (Kantei),ARCHIVE_CRAWL_SEEDED_INDEX,2026-09-22,https://japan.kantei.go.jp/98_abe/statement/202001/index.html,DISCOVERED
https://www.kantei.go.jp/index.html,japan,Prime Minister's Office of Japan (Kantei),ARCHIVE_CRAWL_SEEDED_INDEX,2026-09-22,https://japan.kantei.go.jp/98_abe/statement/202001/index.html,DISCOVERED
https://www.youtube.com/user/pmojapan,japan,Prime Minister's Office of Japan (Kantei),ARCHIVE_CRAWL_SEEDED_INDEX,2026-09-22,https://japan.kantei.go.jp/98_abe/statement/202001/index.html,DISCOVERED
https://japan.kantei.go.jp/98_abe/statement/202002/_00002.html,japan,Prime Minister's Office of Japan (Kantei),ARCHIVE_CRAWL_SEEDED_INDEX,2026-09-22,https://japan.kantei.go.jp/98_abe/statement/202002/index.html,DISCOVERED
https://japan.kantei.go.jp/98_abe/statement/202003/_00001.html,japan,Prime Minister's Office of Japan (Kantei),ARCHIVE_CRAWL_SEEDED_INDEX,2026-09-22,https://japan.kantei.go.jp/98_abe/statement/202003/index.html,DISCOVERED
https://japan.kantei.go.jp/98_abe/statement/202003/_00002.html,japan,Prime Minister's Office of Japan (Kantei),ARCHIVE_CRAWL_SEEDED_INDEX,2026-09-22,https://japan.kantei.go.jp/98_abe/statement/202003/index.html,DISCOVERED
https://japan.kantei.go.jp/98_abe/statement/202004/_00001.html,japan,Prime Minister's Office of Japan (Kantei),ARCHIVE_CRAWL_SEEDED_INDEX,2026-09-22,https://japan.kantei.go.jp/98_abe/statement/202004/index.html,DISCOVERED
https://japan.kantei.go.jp/98_abe/statement/202004/_00002.html,japan,Prime Minister's Office of Japan (Kantei),ARCHIVE_CRAWL_SEEDED_INDEX,2026-09-22,https://japan.kantei.go.jp/98_abe/statement/202004/index.html,DISCOVERED
https://japan.kantei.go.jp/98_abe/statement/202005/_00001.html,japan,Prime Minister's Office of Japan (Kantei),ARCHIVE_CRAWL_SEEDED_INDEX,2026-09-22,https://japan.kantei.go.jp/98_abe/statement/202005/index.html,DISCOVERED
https://japan.kantei.go.jp/98_abe/statement/202005/_00002.html,japan,Prime Minister's Office of Japan (Kantei),ARCHIVE_CRAWL_SEEDED_INDEX,2026-09-22,https://japan.kantei.go.jp/98_abe/statement/202005/index.html,DISCOVERED
https://japan.kantei.go.jp/98_abe/statement/202005/_00003.html,japan,Prime Minister's Office of Japan (Kantei),ARCHIVE_CRAWL_SEEDED_INDEX,2026-09-22,https://japan.kantei.go.jp/98_abe/statement/202005/index.html,DISCOVERED
https://japan.kantei.go.jp/98_abe/statement/201906/_00005.html,japan,Prime Minister's Office of Japan (Kantei),ARCHIVE_CRAWL_SEEDED_INDEX,2026-09-22,https://japan.kantei.go.jp/98_abe/statement/202006/index.html,DISCOVERED
https://japan.kantei.go.jp/98_abe/statement/202006/_00001.html,japan,Prime Minister's Office of Japan (Kantei),ARCHIVE_CRAWL_SEEDED_INDEX,2026-09-22,https://japan.kantei.go.jp/98_abe/statement/202006/index.html,DISCOVERED
https://japan.kantei.go.jp/98_abe/statement/202007/_00001.html,japan,Prime Minister's Office of Japan (Kantei),ARCHIVE_CRAWL_SEEDED_INDEX,2026-09-22,https://japan.kantei.go.jp/98_abe/statement/202007/index.html,DISCOVERED
https://japan.kantei.go.jp/98_abe/statement/202008/_00001.html,japan,Prime Minister's Office of Japan (Kantei),ARCHIVE_CRAWL_SEEDED_INDEX,2026-09-22,https://japan.kantei.go.jp/98_abe/statement/202008/index.html,DISCOVERED
https://japan.kantei.go.jp/98_abe/statement/202008/_00002.html,japan,Prime Minister's Office of Japan (Kantei),ARCHIVE_CRAWL_SEEDED_INDEX,2026-09-22,https://japan.kantei.go.jp/98_abe/statement/202008/index.html,DISCOVERED
https://japan.kantei.go.jp/98_abe/statement/202008/_00003.html,japan,Prime Minister's Office of Japan (Kantei),ARCHIVE_CRAWL_SEEDED_INDEX,2026-09-22,https://japan.kantei.go.jp/98_abe/statement/202008/index.html,DISCOVERED
https://japan.kantei.go.jp/98_abe/statement/202008/_00004.html,japan,Prime Minister's Office of Japan (Kantei),ARCHIVE_CRAWL_SEEDED_INDEX,2026-09-22,https://japan.kantei.go.jp/98_abe/statement/202008/index.html,DISCOVERED
https://japan.kantei.go.jp/98_abe/statement/202009/_00002.html,japan,Prime Minister's Office of Japan (Kantei),ARCHIVE_CRAWL_SEEDED_INDEX,2026-09-22,https://japan.kantei.go.jp/98_abe/statement/202009/index.html,DISCOVERED
https://japan.kantei.go.jp/99_suga/statement/202009/_00001.html,japan,Prime Minister's Office of Japan (Kantei),ARCHIVE_CRAWL_SEEDED_INDEX,2026-09-22,https://japan.kantei.go.jp/99_suga/statement/202009/index.html,DISCOVERED
https://japan.kantei.go.jp/99_suga/statement/202009/_00002.html,japan,Prime Minister's Office of Japan (Kantei),ARCHIVE_CRAWL_SEEDED_INDEX,2026-09-22,https://japan.kantei.go.jp/99_suga/statement/202009/index.html,DISCOVERED
https://japan.kantei.go.jp/99_suga/statement/202009/_00005.html,japan,Prime Minister's Office of Japan (Kantei),ARCHIVE_CRAWL_SEEDED_INDEX,2026-09-22,https://japan.kantei.go.jp/99_suga/statement/202009/index.html,DISCOVERED
https://japan.kantei.go.jp/99_suga/statement/202009/index.html,japan,Prime Minister's Office of Japan (Kantei),ARCHIVE_CRAWL_SEEDED_INDEX,2026-09-22,https://japan.kantei.go.jp/99_suga/statement/202009/index.html,DISCOVERED
https://japan.kantei.go.jp/99_suga/statement/202010/index.html,japan,Prime Minister's Office of Japan (Kantei),ARCHIVE_CRAWL_SEEDED_INDEX,2026-09-22,https://japan.kantei.go.jp/99_suga/statement/202009/index.html,DISCOVERED
https://japan.kantei.go.jp/99_suga/statement/202011/index.html,japan,Prime Minister's Office of Japan (Kantei),ARCHIVE_CRAWL_SEEDED_INDEX,2026-09-22,https://japan.kantei.go.jp/99_suga/statement/202009/index.html,DISCOVERED
https://japan.kantei.go.jp/99_suga/statement/202101/index.html,japan,Prime Minister's Office of Japan (Kantei),ARCHIVE_CRAWL_SEEDED_INDEX,2026-09-22,https://japan.kantei.go.jp/99_suga/statement/202009/index.html,DISCOVERED
https://japan.kantei.go.jp/99_suga/statement/202102/index.html,japan,Prime Minister's Office of Japan (Kantei),ARCHIVE_CRAWL_SEEDED_INDEX,2026-09-22,https://japan.kantei.go.jp/99_suga/statement/202009/index.html,DISCOVERED
https://japan.kantei.go.jp/99_suga/statement/202103/index.html,japan,Prime Minister's Office of Japan (Kantei),ARCHIVE_CRAWL_SEEDED_INDEX,2026-09-22,https://japan.kantei.go.jp/99_suga/statement/202009/index.html,DISCOVERED
https://japan.kantei.go.jp/99_suga/statement/202104/index.html,japan,Prime Minister's Office of Japan (Kantei),ARCHIVE_CRAWL_SEEDED_INDEX,2026-09-22,https://japan.kantei.go.jp/99_suga/statement/202009/index.html,DISCOVERED
https://japan.kantei.go.jp/99_suga/statement/202105/index.html,japan,Prime Minister's Office of Japan (Kantei),ARCHIVE_CRAWL_SEEDED_INDEX,2026-09-22,https://japan.kantei.go.jp/99_suga/statement/202009/index.html,DISCOVERED
https://japan.kantei.go.jp/99_suga/statement/202106/index.html,japan,Prime Minister's Office of Japan (Kantei),ARCHIVE_CRAWL_SEEDED_INDEX,2026-09-22,https://japan.kantei.go.jp/99_suga/statement/202009/index.html,DISCOVERED
https://japan.kantei.go.jp/99_suga/statement/202107/index.html,japan,Prime Minister's Office of Japan (Kantei),ARCHIVE_CRAWL_SEEDED_INDEX,2026-09-22,https://japan.kantei.go.jp/99_suga/statement/202009/index.html,DISCOVERED
https://japan.kantei.go.jp/99_suga/statement/202108/index.html,japan,Prime Minister's Office of Japan (Kantei),ARCHIVE_CRAWL_SEEDED_INDEX,2026-09-22,https://japan.kantei.go.jp/99_suga/statement/202009/index.html,DISCOVERED
https://japan.kantei.go.jp/99_suga/statement/202109/index.html,japan,Prime Minister's Office of Japan (Kantei),ARCHIVE_CRAWL_SEEDED_INDEX,2026-09-22,https://japan.kantei.go.jp/99_suga/statement/202009/index.html,DISCOVERED
https://japan.kantei.go.jp/99_suga/statement/index.html,japan,Prime Minister's Office of Japan (Kantei),ARCHIVE_CRAWL_SEEDED_INDEX,2026-09-22,https://japan.kantei.go.jp/99_suga/statement/202009/index.html,DISCOVERED
https://japan.kantei.go.jp/99_suga/statement/202010/_00001.html,japan,Prime Minister's Office of Japan (Kantei),ARCHIVE_CRAWL_SEEDED_INDEX,2026-09-22,https://japan.kantei.go.jp/99_suga/statement/202010/index.html,DISCOVERED
https://japan.kantei.go.jp/99_suga/statement/202010/_00002.html,japan,Prime Minister's Office of Japan (Kantei),ARCHIVE_CRAWL_SEEDED_INDEX,2026-09-22,https://japan.kantei.go.jp/99_suga/statement/202010/index.html,DISCOVERED
https://japan.kantei.go.jp/99_suga/statement/202010/_00003.html,japan,Prime Minister's Office of Japan (Kantei),ARCHIVE_CRAWL_SEEDED_INDEX,2026-09-22,https://japan.kantei.go.jp/99_suga/statement/202010/index.html,DISCOVERED
https://japan.kantei.go.jp/99_suga/statement/202010/_00004.html,japan,Prime Minister's Office of Japan (Kantei),ARCHIVE_CRAWL_SEEDED_INDEX,2026-09-22,https://japan.kantei.go.jp/99_suga/statement/202010/index.html,DISCOVERED
https://japan.kantei.go.jp/99_suga/statement/202010/_00006.html,japan,Prime Minister's Office of Japan (Kantei),ARCHIVE_CRAWL_SEEDED_INDEX,2026-09-22,https://japan.kantei.go.jp/99_suga/statement/202010/index.html,DISCOVERED
https://japan.kantei.go.jp/99_suga/statement/202010/_00007.html,japan,Prime Minister's Office of Japan (Kantei),ARCHIVE_CRAWL_SEEDED_INDEX,2026-09-22,https://japan.kantei.go.jp/99_suga/statement/202010/index.html,DISCOVERED
https://japan.kantei.go.jp/99_suga/statement/202011/_00001.html,japan,Prime Minister's Office of Japan (Kantei),ARCHIVE_CRAWL_SEEDED_INDEX,2026-09-22,https://japan.kantei.go.jp/99_suga/statement/202011/index.html,DISCOVERED
https://japan.kantei.go.jp/99_suga/statement/202011/_00003.html,japan,Prime Minister's Office of Japan (Kantei),ARCHIVE_CRAWL_SEEDED_INDEX,2026-09-22,https://japan.kantei.go.jp/99_suga/statement/202011/index.html,DISCOVERED
https://japan.kantei.go.jp/99_suga/statement/202011/_00004.html,japan,Prime Minister's Office of Japan (Kantei),ARCHIVE_CRAWL_SEEDED_INDEX,2026-09-22,https://japan.kantei.go.jp/99_suga/statement/202011/index.html,DISCOVERED
https://japan.kantei.go.jp/99_suga/statement/202011/_00005.html,japan,Prime Minister's Office of Japan (Kantei),ARCHIVE_CRAWL_SEEDED_INDEX,2026-09-22,https://japan.kantei.go.jp/99_suga/statement/202011/index.html,DISCOVERED
https://japan.kantei.go.jp/99_suga/statement/202011/_00006.html,japan,Prime Minister's Office of Japan (Kantei),ARCHIVE_CRAWL_SEEDED_INDEX,2026-09-22,https://japan.kantei.go.jp/99_suga/statement/202011/index.html,DISCOVERED
https://japan.kantei.go.jp/99_suga/statement/202011/_00008.html,japan,Prime Minister's Office of Japan (Kantei),ARCHIVE_CRAWL_SEEDED_INDEX,2026-09-22,https://japan.kantei.go.jp/99_suga/statement/202011/index.html,DISCOVERED
https://japan.kantei.go.jp/99_suga/statement/202011/_00010.html,japan,Prime Minister's Office of Japan (Kantei),ARCHIVE_CRAWL_SEEDED_INDEX,2026-09-22,https://japan.kantei.go.jp/99_suga/statement/202011/index.html,DISCOVERED
https://japan.kantei.go.jp/99_suga/statement/202011/_1201.html,japan,Prime Minister's Office of Japan (Kantei),ARCHIVE_CRAWL_SEEDED_INDEX,2026-09-22,https://japan.kantei.go.jp/99_suga/statement/202012/index.html,DISCOVERED
https://japan.kantei.go.jp/99_suga/statement/202012/_00003.html,japan,Prime Minister's Office of Japan (Kantei),ARCHIVE_CRAWL_SEEDED_INDEX,2026-09-22,https://japan.kantei.go.jp/99_suga/statement/202012/index.html,DISCOVERED
https://japan.kantei.go.jp/99_suga/statement/202012/_00004.html,japan,Prime Minister's Office of Japan (Kantei),ARCHIVE_CRAWL_SEEDED_INDEX,2026-09-22,https://japan.kantei.go.jp/99_suga/statement/202012/index.html,DISCOVERED
https://japan.kantei.go.jp/99_suga/statement/202012/_00007.html,japan,Prime Minister's Office of Japan (Kantei),ARCHIVE_CRAWL_SEEDED_INDEX,2026-09-22,https://japan.kantei.go.jp/99_suga/statement/202012/index.html,DISCOVERED
https://japan.kantei.go.jp/99_suga/statement/202012/_00012.html,japan,Prime Minister's Office of Japan (Kantei),ARCHIVE_CRAWL_SEEDED_INDEX,2026-09-22,https://japan.kantei.go.jp/99_suga/statement/202012/index.html,DISCOVERED
https://www.mofa.go.jp/ic/ghp/page1e_000292.html,japan,Prime Minister's Office of Japan (Kantei),ARCHIVE_CRAWL_SEEDED_INDEX,2026-09-22,https://japan.kantei.go.jp/99_suga/statement/202012/index.html,DISCOVERED
https://www.mofa.go.jp/s_sa/sw/page3e_001093.html,japan,Prime Minister's Office of Japan (Kantei),ARCHIVE_CRAWL_SEEDED_INDEX,2026-09-22,https://japan.kantei.go.jp/99_suga/statement/202012/index.html,DISCOVERED
https://japan.kantei.go.jp/99_suga/statement/202101/_00001.html,japan,Prime Minister's Office of Japan (Kantei),ARCHIVE_CRAWL_SEEDED_INDEX,2026-09-22,https://japan.kantei.go.jp/99_suga/statement/202101/index.html,DISCOVERED
https://japan.kantei.go.jp/99_suga/statement/202101/_00002.html,japan,Prime Minister's Office of Japan (Kantei),ARCHIVE_CRAWL_SEEDED_INDEX,2026-09-22,https://japan.kantei.go.jp/99_suga/statement/202101/index.html,DISCOVERED
https://japan.kantei.go.jp/99_suga/statement/202101/_00003.html,japan,Prime Minister's Office of Japan (Kantei),ARCHIVE_CRAWL_SEEDED_INDEX,2026-09-22,https://japan.kantei.go.jp/99_suga/statement/202101/index.html,DISCOVERED
https://japan.kantei.go.jp/99_suga/statement/202101/_00004.html,japan,Prime Minister's Office of Japan (Kantei),ARCHIVE_CRAWL_SEEDED_INDEX,2026-09-22,https://japan.kantei.go.jp/99_suga/statement/202101/index.html,DISCOVERED
https://japan.kantei.go.jp/99_suga/statement/202101/_00005.html,japan,Prime Minister's Office of Japan (Kantei),ARCHIVE_CRAWL_SEEDED_INDEX,2026-09-22,https://japan.kantei.go.jp/99_suga/statement/202101/index.html,DISCOVERED
https://japan.kantei.go.jp/99_suga/statement/202101/_00006.html,japan,Prime Minister's Office of Japan (Kantei),ARCHIVE_CRAWL_SEEDED_INDEX,2026-09-22,https://japan.kantei.go.jp/99_suga/statement/202101/index.html,DISCOVERED
https://japan.kantei.go.jp/99_suga/statement/202101/_00007.html,japan,Prime Minister's Office of Japan (Kantei),ARCHIVE_CRAWL_SEEDED_INDEX,2026-09-22,https://japan.kantei.go.jp/99_suga/statement/202101/index.html,DISCOVERED
https://japan.kantei.go.jp/99_suga/statement/202101/_00008.html,japan,Prime Minister's Office of Japan (Kantei),ARCHIVE_CRAWL_SEEDED_INDEX,2026-09-22,https://japan.kantei.go.jp/99_suga/statement/202101/index.html,DISCOVERED
https://japan.kantei.go.jp/99_suga/statement/202101/_00009.html,japan,Prime Minister's Office of Japan (Kantei),ARCHIVE_CRAWL_SEEDED_INDEX,2026-09-22,https://japan.kantei.go.jp/99_suga/statement/202101/index.html,DISCOVERED
https://japan.kantei.go.jp/99_suga/statement/202101/_00010.html,japan,Prime Minister's Office of Japan (Kantei),ARCHIVE_CRAWL_SEEDED_INDEX,2026-09-22,https://japan.kantei.go.jp/99_suga/statement/202101/index.html,DISCOVERED
https://japan.kantei.go.jp/99_suga/statement/202101/_00011.html,japan,Prime Minister's Office of Japan (Kantei),ARCHIVE_CRAWL_SEEDED_INDEX,2026-09-22,https://japan.kantei.go.jp/99_suga/statement/202101/index.html,DISCOVERED
https://japan.kantei.go.jp/99_suga/statement/202101/_00012.html,japan,Prime Minister's Office of Japan (Kantei),ARCHIVE_CRAWL_SEEDED_INDEX,2026-09-22,https://japan.kantei.go.jp/99_suga/statement/202101/index.html,DISCOVERED
https://japan.kantei.go.jp/99_suga/statement/202101/_00013.html,japan,Prime Minister's Office of Japan (Kantei),ARCHIVE_CRAWL_SEEDED_INDEX,2026-09-22,https://japan.kantei.go.jp/99_suga/statement/202101/index.html,DISCOVERED
https://japan.kantei.go.jp/99_suga/statement/202101/_00015.html,japan,Prime Minister's Office of Japan (Kantei),ARCHIVE_CRAWL_SEEDED_INDEX,2026-09-22,https://japan.kantei.go.jp/99_suga/statement/202101/index.html,DISCOVERED
https://japan.kantei.go.jp/99_suga/statement/202101/_00016.html,japan,Prime Minister's Office of Japan (Kantei),ARCHIVE_CRAWL_SEEDED_INDEX,2026-09-22,https://japan.kantei.go.jp/99_suga/statement/202101/index.html,DISCOVERED
https://japan.kantei.go.jp/99_suga/statement/202102/_00001.html,japan,Prime Minister's Office of Japan (Kantei),ARCHIVE_CRAWL_SEEDED_INDEX,2026-09-22,https://japan.kantei.go.jp/99_suga/statement/202102/index.html,DISCOVERED
https://japan.kantei.go.jp/99_suga/statement/202102/_00002.html,japan,Prime Minister's Office of Japan (Kantei),ARCHIVE_CRAWL_SEEDED_INDEX,2026-09-22,https://japan.kantei.go.jp/99_suga/statement/202102/index.html,DISCOVERED
https://japan.kantei.go.jp/99_suga/statement/202102/_00003.html,japan,Prime Minister's Office of Japan (Kantei),ARCHIVE_CRAWL_SEEDED_INDEX,2026-09-22,https://japan.kantei.go.jp/99_suga/statement/202102/index.html,DISCOVERED
https://japan.kantei.go.jp/99_suga/statement/202102/_00004.html,japan,Prime Minister's Office of Japan (Kantei),ARCHIVE_CRAWL_SEEDED_INDEX,2026-09-22,https://japan.kantei.go.jp/99_suga/statement/202102/index.html,DISCOVERED
https://japan.kantei.go.jp/99_suga/statement/202102/_00005.html,japan,Prime Minister's Office of Japan (Kantei),ARCHIVE_CRAWL_SEEDED_INDEX,2026-09-22,https://japan.kantei.go.jp/99_suga/statement/202102/index.html,DISCOVERED
https://japan.kantei.go.jp/99_suga/statement/202102/_00006.html,japan,Prime Minister's Office of Japan (Kantei),ARCHIVE_CRAWL_SEEDED_INDEX,2026-09-22,https://japan.kantei.go.jp/99_suga/statement/202102/index.html,DISCOVERED
https://japan.kantei.go.jp/99_suga/statement/202102/_00008.html,japan,Prime Minister's Office of Japan (Kantei),ARCHIVE_CRAWL_SEEDED_INDEX,2026-09-22,https://japan.kantei.go.jp/99_suga/statement/202102/index.html,DISCOVERED
https://japan.kantei.go.jp/99_suga/statement/202102/_00010.html,japan,Prime Minister's Office of Japan (Kantei),ARCHIVE_CRAWL_SEEDED_INDEX,2026-09-22,https://japan.kantei.go.jp/99_suga/statement/202102/index.html,DISCOVERED
https://japan.kantei.go.jp/99_suga/statement/202102/_00011.html,japan,Prime Minister's Office of Japan (Kantei),ARCHIVE_CRAWL_SEEDED_INDEX,2026-09-22,https://japan.kantei.go.jp/99_suga/statement/202102/index.html,DISCOVERED
https://japan.kantei.go.jp/99_suga/statement/202102/_00012.html,japan,Prime Minister's Office of Japan (Kantei),ARCHIVE_CRAWL_SEEDED_INDEX,2026-09-22,https://japan.kantei.go.jp/99_suga/statement/202102/index.html,DISCOVERED
https://japan.kantei.go.jp/99_suga/statement/202102/_00013.html,japan,Prime Minister's Office of Japan (Kantei),ARCHIVE_CRAWL_SEEDED_INDEX,2026-09-22,https://japan.kantei.go.jp/99_suga/statement/202102/index.html,DISCOVERED
https://japan.kantei.go.jp/99_suga/statement/202103/_00001.html,japan,Prime Minister's Office of Japan (Kantei),ARCHIVE_CRAWL_SEEDED_INDEX,2026-09-22,https://japan.kantei.go.jp/99_suga/statement/202103/index.html,DISCOVERED
https://japan.kantei.go.jp/99_suga/statement/202103/_00002.html,japan,Prime Minister's Office of Japan (Kantei),ARCHIVE_CRAWL_SEEDED_INDEX,2026-09-22,https://japan.kantei.go.jp/99_suga/statement/202103/index.html,DISCOVERED
https://japan.kantei.go.jp/99_suga/statement/202103/_00003.html,japan,Prime Minister's Office of Japan (Kantei),ARCHIVE_CRAWL_SEEDED_INDEX,2026-09-22,https://japan.kantei.go.jp/99_suga/statement/202103/index.html,DISCOVERED
https://japan.kantei.go.jp/99_suga/statement/202103/_00004.html,japan,Prime Minister's Office of Japan (Kantei),ARCHIVE_CRAWL_SEEDED_INDEX,2026-09-22,https://japan.kantei.go.jp/99_suga/statement/202103/index.html,DISCOVERED
https://japan.kantei.go.jp/99_suga/statement/202103/_00005.html,japan,Prime Minister's Office of Japan (Kantei),ARCHIVE_CRAWL_SEEDED_INDEX,2026-09-22,https://japan.kantei.go.jp/99_suga/statement/202103/index.html,DISCOVERED
https://japan.kantei.go.jp/99_suga/statement/202103/_00006.html,japan,Prime Minister's Office of Japan (Kantei),ARCHIVE_CRAWL_SEEDED_INDEX,2026-09-22,https://japan.kantei.go.jp/99_suga/statement/202103/index.html,DISCOVERED
https://japan.kantei.go.jp/99_suga/statement/202103/_00007.html,japan,Prime Minister's Office of Japan (Kantei),ARCHIVE_CRAWL_SEEDED_INDEX,2026-09-22,https://japan.kantei.go.jp/99_suga/statement/202103/index.html,DISCOVERED
https://japan.kantei.go.jp/99_suga/statement/202103/_00009.html,japan,Prime Minister's Office of Japan (Kantei),ARCHIVE_CRAWL_SEEDED_INDEX,2026-09-22,https://japan.kantei.go.jp/99_suga/statement/202103/index.html,DISCOVERED
https://japan.kantei.go.jp/99_suga/statement/202103/_00010.html,japan,Prime Minister's Office of Japan (Kantei),ARCHIVE_CRAWL_SEEDED_INDEX,2026-09-22,https://japan.kantei.go.jp/99_suga/statement/202103/index.html,DISCOVERED
https://japan.kantei.go.jp/99_suga/statement/202103/_00011.html,japan,Prime Minister's Office of Japan (Kantei),ARCHIVE_CRAWL_SEEDED_INDEX,2026-09-22,https://japan.kantei.go.jp/99_suga/statement/202103/index.html,DISCOVERED
https://japan.kantei.go.jp/99_suga/statement/202103/_00012.html,japan,Prime Minister's Office of Japan (Kantei),ARCHIVE_CRAWL_SEEDED_INDEX,2026-09-22,https://japan.kantei.go.jp/99_suga/statement/202103/index.html,DISCOVERED
https://japan.kantei.go.jp/99_suga/statement/202103/_00013.html,japan,Prime Minister's Office of Japan (Kantei),ARCHIVE_CRAWL_SEEDED_INDEX,2026-09-22,https://japan.kantei.go.jp/99_suga/statement/202103/index.html,DISCOVERED
https://japan.kantei.go.jp/99_suga/statement/202103/_00015.html,japan,Prime Minister's Office of Japan (Kantei),ARCHIVE_CRAWL_SEEDED_INDEX,2026-09-22,https://japan.kantei.go.jp/99_suga/statement/202103/index.html,DISCOVERED
https://japan.kantei.go.jp/99_suga/statement/202103/_00016.html,japan,Prime Minister's Office of Japan (Kantei),ARCHIVE_CRAWL_SEEDED_INDEX,2026-09-22,https://japan.kantei.go.jp/99_suga/statement/202103/index.html,DISCOVERED
https://japan.kantei.go.jp/99_suga/statement/202103/_00017.html,japan,Prime Minister's Office of Japan (Kantei),ARCHIVE_CRAWL_SEEDED_INDEX,2026-09-22,https://japan.kantei.go.jp/99_suga/statement/202103/index.html,DISCOVERED
https://japan.kantei.go.jp/99_suga/statement/202103/_00018.html,japan,Prime Minister's Office of Japan (Kantei),ARCHIVE_CRAWL_SEEDED_INDEX,2026-09-22,https://japan.kantei.go.jp/99_suga/statement/202103/index.html,DISCOVERED
https://japan.kantei.go.jp/99_suga/statement/202103/_00019.html,japan,Prime Minister's Office of Japan (Kantei),ARCHIVE_CRAWL_SEEDED_INDEX,2026-09-22,https://japan.kantei.go.jp/99_suga/statement/202103/index.html,DISCOVERED
https://japan.kantei.go.jp/99_suga/statement/202104/_00001.html,japan,Prime Minister's Office of Japan (Kantei),ARCHIVE_CRAWL_SEEDED_INDEX,2026-09-22,https://japan.kantei.go.jp/99_suga/statement/202104/index.html,DISCOVERED
https://japan.kantei.go.jp/99_suga/statement/202104/_00002.html,japan,Prime Minister's Office of Japan (Kantei),ARCHIVE_CRAWL_SEEDED_INDEX,2026-09-22,https://japan.kantei.go.jp/99_suga/statement/202104/index.html,DISCOVERED
https://japan.kantei.go.jp/99_suga/statement/202104/_00003.html,japan,Prime Minister's Office of Japan (Kantei),ARCHIVE_CRAWL_SEEDED_INDEX,2026-09-22,https://japan.kantei.go.jp/99_suga/statement/202104/index.html,DISCOVERED
https://japan.kantei.go.jp/99_suga/statement/202104/_00004.html,japan,Prime Minister's Office of Japan (Kantei),ARCHIVE_CRAWL_SEEDED_INDEX,2026-09-22,https://japan.kantei.go.jp/99_suga/statement/202104/index.html,DISCOVERED
https://japan.kantei.go.jp/99_suga/statement/202104/_00005.html,japan,Prime Minister's Office of Japan (Kantei),ARCHIVE_CRAWL_SEEDED_INDEX,2026-09-22,https://japan.kantei.go.jp/99_suga/statement/202104/index.html,DISCOVERED
https://japan.kantei.go.jp/99_suga/statement/202104/_00006.html,japan,Prime Minister's Office of Japan (Kantei),ARCHIVE_CRAWL_SEEDED_INDEX,2026-09-22,https://japan.kantei.go.jp/99_suga/statement/202104/index.html,DISCOVERED
https://japan.kantei.go.jp/99_suga/statement/202104/_00007.html,japan,Prime Minister's Office of Japan (Kantei),ARCHIVE_CRAWL_SEEDED_INDEX,2026-09-22,https://japan.kantei.go.jp/99_suga/statement/202104/index.html,DISCOVERED
https://japan.kantei.go.jp/99_suga/statement/202104/_00008.html,japan,Prime Minister's Office of Japan (Kantei),ARCHIVE_CRAWL_SEEDED_INDEX,2026-09-22,https://japan.kantei.go.jp/99_suga/statement/202104/index.html,DISCOVERED
https://japan.kantei.go.jp/99_suga/statement/202104/_00009.html,japan,Prime Minister's Office of Japan (Kantei),ARCHIVE_CRAWL_SEEDED_INDEX,2026-09-22,https://japan.kantei.go.jp/99_suga/statement/202104/index.html,DISCOVERED
https://japan.kantei.go.jp/99_suga/statement/202104/_00010.html,japan,Prime Minister's Office of Japan (Kantei),ARCHIVE_CRAWL_SEEDED_INDEX,2026-09-22,https://japan.kantei.go.jp/99_suga/statement/202104/index.html,DISCOVERED
https://japan.kantei.go.jp/99_suga/statement/202104/_00011.html,japan,Prime Minister's Office of Japan (Kantei),ARCHIVE_CRAWL_SEEDED_INDEX,2026-09-22,https://japan.kantei.go.jp/99_suga/statement/202104/index.html,DISCOVERED
https://japan.kantei.go.jp/99_suga/statement/202104/_00012.html,japan,Prime Minister's Office of Japan (Kantei),ARCHIVE_CRAWL_SEEDED_INDEX,2026-09-22,https://japan.kantei.go.jp/99_suga/statement/202104/index.html,DISCOVERED
https://japan.kantei.go.jp/99_suga/statement/202104/_00013.html,japan,Prime Minister's Office of Japan (Kantei),ARCHIVE_CRAWL_SEEDED_INDEX,2026-09-22,https://japan.kantei.go.jp/99_suga/statement/202104/index.html,DISCOVERED
https://japan.kantei.go.jp/99_suga/statement/202104/_00014.html,japan,Prime Minister's Office of Japan (Kantei),ARCHIVE_CRAWL_SEEDED_INDEX,2026-09-22,https://japan.kantei.go.jp/99_suga/statement/202104/index.html,DISCOVERED
https://japan.kantei.go.jp/99_suga/statement/202104/_00015.html,japan,Prime Minister's Office of Japan (Kantei),ARCHIVE_CRAWL_SEEDED_INDEX,2026-09-22,https://japan.kantei.go.jp/99_suga/statement/202104/index.html,DISCOVERED
https://japan.kantei.go.jp/99_suga/statement/202104/_00016.html,japan,Prime Minister's Office of Japan (Kantei),ARCHIVE_CRAWL_SEEDED_INDEX,2026-09-22,https://japan.kantei.go.jp/99_suga/statement/202104/index.html,DISCOVERED
https://japan.kantei.go.jp/99_suga/statement/202104/_00017.html,japan,Prime Minister's Office of Japan (Kantei),ARCHIVE_CRAWL_SEEDED_INDEX,2026-09-22,https://japan.kantei.go.jp/99_suga/statement/202104/index.html,DISCOVERED
https://japan.kantei.go.jp/99_suga/statement/202104/_00018.html,japan,Prime Minister's Office of Japan (Kantei),ARCHIVE_CRAWL_SEEDED_INDEX,2026-09-22,https://japan.kantei.go.jp/99_suga/statement/202104/index.html,DISCOVERED
https://japan.kantei.go.jp/99_suga/statement/202105/_00001.html,japan,Prime Minister's Office of Japan (Kantei),ARCHIVE_CRAWL_SEEDED_INDEX,2026-09-22,https://japan.kantei.go.jp/99_suga/statement/202105/index.html,DISCOVERED
https://japan.kantei.go.jp/99_suga/statement/202105/_00002.html,japan,Prime Minister's Office of Japan (Kantei),ARCHIVE_CRAWL_SEEDED_INDEX,2026-09-22,https://japan.kantei.go.jp/99_suga/statement/202105/index.html,DISCOVERED
https://japan.kantei.go.jp/99_suga/statement/202105/_00003.html,japan,Prime Minister's Office of Japan (Kantei),ARCHIVE_CRAWL_SEEDED_INDEX,2026-09-22,https://japan.kantei.go.jp/99_suga/statement/202105/index.html,DISCOVERED
https://japan.kantei.go.jp/99_suga/statement/202105/_00005.html,japan,Prime Minister's Office of Japan (Kantei),ARCHIVE_CRAWL_SEEDED_INDEX,2026-09-22,https://japan.kantei.go.jp/99_suga/statement/202105/index.html,DISCOVERED
https://japan.kantei.go.jp/99_suga/statement/202105/_00006.html,japan,Prime Minister's Office of Japan (Kantei),ARCHIVE_CRAWL_SEEDED_INDEX,2026-09-22,https://japan.kantei.go.jp/99_suga/statement/202105/index.html,DISCOVERED
https://japan.kantei.go.jp/99_suga/statement/202105/_00007.html,japan,Prime Minister's Office of Japan (Kantei),ARCHIVE_CRAWL_SEEDED_INDEX,2026-09-22,https://japan.kantei.go.jp/99_suga/statement/202105/index.html,DISCOVERED
https://japan.kantei.go.jp/99_suga/statement/202105/_00008.html,japan,Prime Minister's Office of Japan (Kantei),ARCHIVE_CRAWL_SEEDED_INDEX,2026-09-22,https://japan.kantei.go.jp/99_suga/statement/202105/index.html,DISCOVERED
https://japan.kantei.go.jp/99_suga/statement/202105/_00009.html,japan,Prime Minister's Office of Japan (Kantei),ARCHIVE_CRAWL_SEEDED_INDEX,2026-09-22,https://japan.kantei.go.jp/99_suga/statement/202105/index.html,DISCOVERED
https://japan.kantei.go.jp/99_suga/statement/202105/_00010.html,japan,Prime Minister's Office of Japan (Kantei),ARCHIVE_CRAWL_SEEDED_INDEX,2026-09-22,https://japan.kantei.go.jp/99_suga/statement/202105/index.html,DISCOVERED
https://japan.kantei.go.jp/99_suga/statement/202105/_00011.html,japan,Prime Minister's Office of Japan (Kantei),ARCHIVE_CRAWL_SEEDED_INDEX,2026-09-22,https://japan.kantei.go.jp/99_suga/statement/202105/index.html,DISCOVERED
https://japan.kantei.go.jp/99_suga/statement/202105/_00012.html,japan,Prime Minister's Office of Japan (Kantei),ARCHIVE_CRAWL_SEEDED_INDEX,2026-09-22,https://japan.kantei.go.jp/99_suga/statement/202105/index.html,DISCOVERED
https://japan.kantei.go.jp/99_suga/statement/202105/_00013.html,japan,Prime Minister's Office of Japan (Kantei),ARCHIVE_CRAWL_SEEDED_INDEX,2026-09-22,https://japan.kantei.go.jp/99_suga/statement/202105/index.html,DISCOVERED
https://japan.kantei.go.jp/99_suga/statement/202106/_00002.html,japan,Prime Minister's Office of Japan (Kantei),ARCHIVE_CRAWL_SEEDED_INDEX,2026-09-22,https://japan.kantei.go.jp/99_suga/statement/202106/index.html,DISCOVERED
https://japan.kantei.go.jp/99_suga/statement/202106/_00004.html,japan,Prime Minister's Office of Japan (Kantei),ARCHIVE_CRAWL_SEEDED_INDEX,2026-09-22,https://japan.kantei.go.jp/99_suga/statement/202106/index.html,DISCOVERED
https://japan.kantei.go.jp/99_suga/statement/202106/_00005.html,japan,Prime Minister's Office of Japan (Kantei),ARCHIVE_CRAWL_SEEDED_INDEX,2026-09-22,https://japan.kantei.go.jp/99_suga/statement/202106/index.html,DISCOVERED
https://japan.kantei.go.jp/99_suga/statement/202106/_00006.html,japan,Prime Minister's Office of Japan (Kantei),ARCHIVE_CRAWL_SEEDED_INDEX,2026-09-22,https://japan.kantei.go.jp/99_suga/statement/202106/index.html,DISCOVERED
https://japan.kantei.go.jp/99_suga/statement/202106/_00007.html,japan,Prime Minister's Office of Japan (Kantei),ARCHIVE_CRAWL_SEEDED_INDEX,2026-09-22,https://japan.kantei.go.jp/99_suga/statement/202106/index.html,DISCOVERED
https://japan.kantei.go.jp/99_suga/statement/202106/_00008.html,japan,Prime Minister's Office of Japan (Kantei),ARCHIVE_CRAWL_SEEDED_INDEX,2026-09-22,https://japan.kantei.go.jp/99_suga/statement/202106/index.html,DISCOVERED
https://japan.kantei.go.jp/99_suga/statement/202106/_00009.html,japan,Prime Minister's Office of Japan (Kantei),ARCHIVE_CRAWL_SEEDED_INDEX,2026-09-22,https://japan.kantei.go.jp/99_suga/statement/202106/index.html,DISCOVERED
https://japan.kantei.go.jp/99_suga/statement/202106/_00010.html,japan,Prime Minister's Office of Japan (Kantei),ARCHIVE_CRAWL_SEEDED_INDEX,2026-09-22,https://japan.kantei.go.jp/99_suga/statement/202106/index.html,DISCOVERED
https://japan.kantei.go.jp/99_suga/statement/202106/_00011.html,japan,Prime Minister's Office of Japan (Kantei),ARCHIVE_CRAWL_SEEDED_INDEX,2026-09-22,https://japan.kantei.go.jp/99_suga/statement/202106/index.html,DISCOVERED
https://japan.kantei.go.jp/99_suga/statement/202106/_00012.html,japan,Prime Minister's Office of Japan (Kantei),ARCHIVE_CRAWL_SEEDED_INDEX,2026-09-22,https://japan.kantei.go.jp/99_suga/statement/202106/index.html,DISCOVERED
https://japan.kantei.go.jp/99_suga/statement/202107/_00001.html,japan,Prime Minister's Office of Japan (Kantei),ARCHIVE_CRAWL_SEEDED_INDEX,2026-09-22,https://japan.kantei.go.jp/99_suga/statement/202107/index.html,DISCOVERED
https://japan.kantei.go.jp/99_suga/statement/202107/_00002.html,japan,Prime Minister's Office of Japan (Kantei),ARCHIVE_CRAWL_SEEDED_INDEX,2026-09-22,https://japan.kantei.go.jp/99_suga/statement/202107/index.html,DISCOVERED
https://japan.kantei.go.jp/99_suga/statement/202107/_00003.html,japan,Prime Minister's Office of Japan (Kantei),ARCHIVE_CRAWL_SEEDED_INDEX,2026-09-22,https://japan.kantei.go.jp/99_suga/statement/202107/index.html,DISCOVERED
https://japan.kantei.go.jp/99_suga/statement/202107/_00004.html,japan,Prime Minister's Office of Japan (Kantei),ARCHIVE_CRAWL_SEEDED_INDEX,2026-09-22,https://japan.kantei.go.jp/99_suga/statement/202107/index.html,DISCOVERED
https://japan.kantei.go.jp/99_suga/statement/202107/_00005.html,japan,Prime Minister's Office of Japan (Kantei),ARCHIVE_CRAWL_SEEDED_INDEX,2026-09-22,https://japan.kantei.go.jp/99_suga/statement/202107/index.html,DISCOVERED
https://japan.kantei.go.jp/99_suga/statement/202107/_00006.html,japan,Prime Minister's Office of Japan (Kantei),ARCHIVE_CRAWL_SEEDED_INDEX,2026-09-22,https://japan.kantei.go.jp/99_suga/statement/202107/index.html,DISCOVERED
https://japan.kantei.go.jp/99_suga/statement/202107/_00007.html,japan,Prime Minister's Office of Japan (Kantei),ARCHIVE_CRAWL_SEEDED_INDEX,2026-09-22,https://japan.kantei.go.jp/99_suga/statement/202107/index.html,DISCOVERED
https://japan.kantei.go.jp/99_suga/statement/202107/_00008.html,japan,Prime Minister's Office of Japan (Kantei),ARCHIVE_CRAWL_SEEDED_INDEX,2026-09-22,https://japan.kantei.go.jp/99_suga/statement/202107/index.html,DISCOVERED
https://japan.kantei.go.jp/99_suga/statement/202107/_00009.html,japan,Prime Minister's Office of Japan (Kantei),ARCHIVE_CRAWL_SEEDED_INDEX,2026-09-22,https://japan.kantei.go.jp/99_suga/statement/202107/index.html,DISCOVERED
https://japan.kantei.go.jp/99_suga/statement/202107/_00010.html,japan,Prime Minister's Office of Japan (Kantei),ARCHIVE_CRAWL_SEEDED_INDEX,2026-09-22,https://japan.kantei.go.jp/99_suga/statement/202107/index.html,DISCOVERED
https://japan.kantei.go.jp/99_suga/statement/202107/_00011.html,japan,Prime Minister's Office of Japan (Kantei),ARCHIVE_CRAWL_SEEDED_INDEX,2026-09-22,https://japan.kantei.go.jp/99_suga/statement/202107/index.html,DISCOVERED
https://japan.kantei.go.jp/99_suga/statement/202107/_00012.html,japan,Prime Minister's Office of Japan (Kantei),ARCHIVE_CRAWL_SEEDED_INDEX,2026-09-22,https://japan.kantei.go.jp/99_suga/statement/202107/index.html,DISCOVERED
https://japan.kantei.go.jp/99_suga/statement/202107/_00013.html,japan,Prime Minister's Office of Japan (Kantei),ARCHIVE_CRAWL_SEEDED_INDEX,2026-09-22,https://japan.kantei.go.jp/99_suga/statement/202107/index.html,DISCOVERED
https://japan.kantei.go.jp/99_suga/statement/202107/_00014.html,japan,Prime Minister's Office of Japan (Kantei),ARCHIVE_CRAWL_SEEDED_INDEX,2026-09-22,https://japan.kantei.go.jp/99_suga/statement/202107/index.html,DISCOVERED
https://japan.kantei.go.jp/99_suga/statement/202107/_00015.html,japan,Prime Minister's Office of Japan (Kantei),ARCHIVE_CRAWL_SEEDED_INDEX,2026-09-22,https://japan.kantei.go.jp/99_suga/statement/202107/index.html,DISCOVERED
https://japan.kantei.go.jp/99_suga/statement/202107/_00016.html,japan,Prime Minister's Office of Japan (Kantei),ARCHIVE_CRAWL_SEEDED_INDEX,2026-09-22,https://japan.kantei.go.jp/99_suga/statement/202107/index.html,DISCOVERED
https://japan.kantei.go.jp/99_suga/statement/202107/_00017.html,japan,Prime Minister's Office of Japan (Kantei),ARCHIVE_CRAWL_SEEDED_INDEX,2026-09-22,https://japan.kantei.go.jp/99_suga/statement/202107/index.html,DISCOVERED
https://japan.kantei.go.jp/99_suga/statement/202108/_00001.html,japan,Prime Minister's Office of Japan (Kantei),ARCHIVE_CRAWL_SEEDED_INDEX,2026-09-22,https://japan.kantei.go.jp/99_suga/statement/202108/index.html,DISCOVERED
https://japan.kantei.go.jp/99_suga/statement/202108/_00002.html,japan,Prime Minister's Office of Japan (Kantei),ARCHIVE_CRAWL_SEEDED_INDEX,2026-09-22,https://japan.kantei.go.jp/99_suga/statement/202108/index.html,DISCOVERED
https://japan.kantei.go.jp/99_suga/statement/202108/_00003.html,japan,Prime Minister's Office of Japan (Kantei),ARCHIVE_CRAWL_SEEDED_INDEX,2026-09-22,https://japan.kantei.go.jp/99_suga/statement/202108/index.html,DISCOVERED
https://japan.kantei.go.jp/99_suga/statement/202108/_00004.html,japan,Prime Minister's Office of Japan (Kantei),ARCHIVE_CRAWL_SEEDED_INDEX,2026-09-22,https://japan.kantei.go.jp/99_suga/statement/202108/index.html,DISCOVERED
https://japan.kantei.go.jp/99_suga/statement/202108/_00006.html,japan,Prime Minister's Office of Japan (Kantei),ARCHIVE_CRAWL_SEEDED_INDEX,2026-09-22,https://japan.kantei.go.jp/99_suga/statement/202108/index.html,DISCOVERED
https://japan.kantei.go.jp/99_suga/statement/202108/_00007.html,japan,Prime Minister's Office of Japan (Kantei),ARCHIVE_CRAWL_SEEDED_INDEX,2026-09-22,https://japan.kantei.go.jp/99_suga/statement/202108/index.html,DISCOVERED
https://japan.kantei.go.jp/99_suga/statement/202108/_00008.html,japan,Prime Minister's Office of Japan (Kantei),ARCHIVE_CRAWL_SEEDED_INDEX,2026-09-22,https://japan.kantei.go.jp/99_suga/statement/202108/index.html,DISCOVERED
https://japan.kantei.go.jp/99_suga/statement/202108/_00009.html,japan,Prime Minister's Office of Japan (Kantei),ARCHIVE_CRAWL_SEEDED_INDEX,2026-09-22,https://japan.kantei.go.jp/99_suga/statement/202108/index.html,DISCOVERED
https://japan.kantei.go.jp/99_suga/statement/202108/_00010.html,japan,Prime Minister's Office of Japan (Kantei),ARCHIVE_CRAWL_SEEDED_INDEX,2026-09-22,https://japan.kantei.go.jp/99_suga/statement/202108/index.html,DISCOVERED
https://japan.kantei.go.jp/99_suga/statement/202108/_00011.html,japan,Prime Minister's Office of Japan (Kantei),ARCHIVE_CRAWL_SEEDED_INDEX,2026-09-22,https://japan.kantei.go.jp/99_suga/statement/202108/index.html,DISCOVERED
https://japan.kantei.go.jp/99_suga/statement/202108/_00012.html,japan,Prime Minister's Office of Japan (Kantei),ARCHIVE_CRAWL_SEEDED_INDEX,2026-09-22,https://japan.kantei.go.jp/99_suga/statement/202108/index.html,DISCOVERED
https://japan.kantei.go.jp/99_suga/statement/202108/_00013.html,japan,Prime Minister's Office of Japan (Kantei),ARCHIVE_CRAWL_SEEDED_INDEX,2026-09-22,https://japan.kantei.go.jp/99_suga/statement/202108/index.html,DISCOVERED
https://japan.kantei.go.jp/99_suga/statement/202109/_00002.html,japan,Prime Minister's Office of Japan (Kantei),ARCHIVE_CRAWL_SEEDED_INDEX,2026-09-22,https://japan.kantei.go.jp/99_suga/statement/202109/index.html,DISCOVERED
https://japan.kantei.go.jp/99_suga/statement/202109/_00003.html,japan,Prime Minister's Office of Japan (Kantei),ARCHIVE_CRAWL_SEEDED_INDEX,2026-09-22,https://japan.kantei.go.jp/99_suga/statement/202109/index.html,DISCOVERED
https://japan.kantei.go.jp/99_suga/statement/202109/_00004.html,japan,Prime Minister's Office of Japan (Kantei),ARCHIVE_CRAWL_SEEDED_INDEX,2026-09-22,https://japan.kantei.go.jp/99_suga/statement/202109/index.html,DISCOVERED
https://japan.kantei.go.jp/99_suga/statement/202109/_00005.html,japan,Prime Minister's Office of Japan (Kantei),ARCHIVE_CRAWL_SEEDED_INDEX,2026-09-22,https://japan.kantei.go.jp/99_suga/statement/202109/index.html,DISCOVERED
https://japan.kantei.go.jp/99_suga/statement/202109/_00006.html,japan,Prime Minister's Office of Japan (Kantei),ARCHIVE_CRAWL_SEEDED_INDEX,2026-09-22,https://japan.kantei.go.jp/99_suga/statement/202109/index.html,DISCOVERED
https://japan.kantei.go.jp/99_suga/statement/202109/_00007.html,japan,Prime Minister's Office of Japan (Kantei),ARCHIVE_CRAWL_SEEDED_INDEX,2026-09-22,https://japan.kantei.go.jp/99_suga/statement/202109/index.html,DISCOVERED
https://japan.kantei.go.jp/99_suga/statement/202109/_00008.html,japan,Prime Minister's Office of Japan (Kantei),ARCHIVE_CRAWL_SEEDED_INDEX,2026-09-22,https://japan.kantei.go.jp/99_suga/statement/202109/index.html,DISCOVERED
https://japan.kantei.go.jp/99_suga/statement/202109/_00009.html,japan,Prime Minister's Office of Japan (Kantei),ARCHIVE_CRAWL_SEEDED_INDEX,2026-09-22,https://japan.kantei.go.jp/99_suga/statement/202109/index.html,DISCOVERED
https://japan.kantei.go.jp/99_suga/statement/202109/_00010.html,japan,Prime Minister's Office of Japan (Kantei),ARCHIVE_CRAWL_SEEDED_INDEX,2026-09-22,https://japan.kantei.go.jp/99_suga/statement/202109/index.html,DISCOVERED
https://japan.kantei.go.jp/99_suga/statement/202109/_00011.html,japan,Prime Minister's Office of Japan (Kantei),ARCHIVE_CRAWL_SEEDED_INDEX,2026-09-22,https://japan.kantei.go.jp/99_suga/statement/202109/index.html,DISCOVERED
https://japan.kantei.go.jp/99_suga/statement/202109/_00013.html,japan,Prime Minister's Office of Japan (Kantei),ARCHIVE_CRAWL_SEEDED_INDEX,2026-09-22,https://japan.kantei.go.jp/99_suga/statement/202109/index.html,DISCOVERED
https://japan.kantei.go.jp/99_suga/statement/202109/_00014.html,japan,Prime Minister's Office of Japan (Kantei),ARCHIVE_CRAWL_SEEDED_INDEX,2026-09-22,https://japan.kantei.go.jp/99_suga/statement/202109/index.html,DISCOVERED
https://japan.kantei.go.jp/99_suga/statement/202109/_00016.html,japan,Prime Minister's Office of Japan (Kantei),ARCHIVE_CRAWL_SEEDED_INDEX,2026-09-22,https://japan.kantei.go.jp/99_suga/statement/202109/index.html,DISCOVERED
https://japan.kantei.go.jp/99_suga/statement/202110/_00002.html,japan,Prime Minister's Office of Japan (Kantei),ARCHIVE_CRAWL_SEEDED_INDEX,2026-09-22,https://japan.kantei.go.jp/99_suga/statement/202110/index.html,DISCOVERED
https://japan.kantei.go.jp/99_suga/statement/202110/_00003.html,japan,Prime Minister's Office of Japan (Kantei),ARCHIVE_CRAWL_SEEDED_INDEX,2026-09-22,https://japan.kantei.go.jp/99_suga/statement/202110/index.html,DISCOVERED
http://webarchives.pa.go.kr/19th/english.president.go.kr/BriefingSpeeches/Speeches/861,korea,"Office of the President, Republic of Korea (via National Archives of Korea web archive)",SEARCH_DISCOVERY_MANUAL_SEED,2026-09-22,manual/search,DISCOVERED
http://webarchives.pa.go.kr/19th/english.president.go.kr/BriefingSpeeches/Speeches/1045,korea,"Office of the President, Republic of Korea (via National Archives of Korea web archive)",SEARCH_DISCOVERY_MANUAL_SEED,2026-09-22,manual/search,DISCOVERED
http://webarchives.pa.go.kr/19th/english.president.go.kr/BriefingSpeeches/Others/979,korea,"Office of the President, Republic of Korea (via National Archives of Korea web archive)",SEARCH_DISCOVERY_MANUAL_SEED,2026-09-22,manual/search,DISCOVERED
http://webarchives.pa.go.kr/20th/eng.president.go.kr/speeches/k4bSEz3J,korea,"Office of the President, Republic of Korea (via National Archives of Korea web archive)",SEARCH_DISCOVERY_MANUAL_SEED,2026-09-22,manual/search,DISCOVERED
http://webarchives.pa.go.kr/20th/eng.president.go.kr/speeches/ChFr4MEm,korea,"Office of the President, Republic of Korea (via National Archives of Korea web archive)",SEARCH_DISCOVERY_MANUAL_SEED,2026-09-22,manual/search,DISCOVERED
http://webarchives.pa.go.kr/20th/eng.president.go.kr/speeches/YhZsGrfN,korea,"Office of the President, Republic of Korea (via National Archives of Korea web archive)",SEARCH_DISCOVERY_MANUAL_SEED,2026-09-22,manual/search,DISCOVERED
https://www.mfa.gov.cn/eng/xw/fyrbt/lxjzh/202405/t20240530_11347616.html,china,Ministry of Foreign Affairs of the People's Republic of China,SEARCH_DISCOVERY_MANUAL_SEED,2026-09-22,manual/search,DISCOVERED
https://www.mfa.gov.cn/eng/xw/fyrbt/lxjzh/202405/t20240530_11347742.html,china,Ministry of Foreign Affairs of the People's Republic of China,SEARCH_DISCOVERY_MANUAL_SEED,2026-09-22,manual/search,DISCOVERED
https://www.mfa.gov.cn/eng/xw/fyrbt/202410/t20241017_11509439.html,china,Ministry of Foreign Affairs of the People's Republic of China,SEARCH_DISCOVERY_MANUAL_SEED,2026-09-22,manual/search,DISCOVERED
https://www.mfa.gov.cn/eng/xw/zwbd/202509/t20250922_11712999.html,china,Ministry of Foreign Affairs of the People's Republic of China,SEARCH_DISCOVERY_MANUAL_SEED,2026-09-22,manual/search,DISCOVERED
https://www.mfa.gov.cn/eng/xwfw_665399/s2510_665401/2511_665403/202103/t20210325_9170713.html,china,Ministry of Foreign Affairs of the People's Republic of China,SEARCH_DISCOVERY_MANUAL_SEED,2026-09-22,manual/search,DISCOVERED
