raw_file,cleaned_file,url,country,institution,document_title,document_type_guess,date_guess,source_language_guess
data/raw/japan/100_kishida_statement_202110_00002_html_47cc3f7221.html,data/cleaned/japan/100_kishida_statement_202110_00002_html_47cc3f7221.txt,https://japan.kantei.go.jp/100_kishida/statement/202110/_00002.html,japan,Prime Minister's Office of Japan (Kantei),Statement by Prime Minister KISHIDA Fumio (Speeches and Statements <br>by the Prime Minister) | Prime Minister's Office of Japan,SPEECH,"October 4, 2021",en
data/raw/japan/100_kishida_statement_202110_00003_html_cba048509d.html,data/cleaned/japan/100_kishida_statement_202110_00003_html_cba048509d.txt,https://japan.kantei.go.jp/100_kishida/statement/202110/_00003.html,japan,Prime Minister's Office of Japan (Kantei),Press Conference by the Prime Minister on the Winning of the Nobel Prize in Physics by Dr. MANABE Syukuro (Speeches and Statements <br>by the Prime Minister) | Prime Minister's Office of Japan,PRESS_CONFERENCE,"October 6, 2021",en
data/raw/japan/100_kishida_statement_202110_00004_html_902f1e16f2.html,data/cleaned/japan/100_kishida_statement_202110_00004_html_902f1e16f2.txt,https://japan.kantei.go.jp/100_kishida/statement/202110/_00004.html,japan,Prime Minister's Office of Japan (Kantei),Press Conference by the Prime Minister on His State of Mind the Day after the Inauguration of His Cabinet and Other Matters (Speeches and Statements <br>by the Prime Minister) | Prime Minister's Office of Japan,PRESS_CONFERENCE,"October 5, 2021",en
data/raw/japan/100_kishida_statement_202110_00005_html_271c69eafd.html,data/cleaned/japan/100_kishida_statement_202110_00005_html_271c69eafd.txt,https://japan.kantei.go.jp/100_kishida/statement/202110/_00005.html,japan,Prime Minister's Office of Japan (Kantei),Policy Speech by Prime Minister KISHIDA Fumio to the 205th Session of the Diet (Speeches and Statements <br>by the Prime Minister) | Prime Minister's Office of Japan,SPEECH,"October 8, 2021",en
data/raw/japan/100_kishida_statement_202110_00006_html_13e3100d18.html,data/cleaned/japan/100_kishida_statement_202110_00006_html_13e3100d18.txt,https://japan.kantei.go.jp/100_kishida/statement/202110/_00006.html,japan,Prime Minister's Office of Japan (Kantei),Press Conference by the Prime Minister regarding a Telephone Talk with Russian President Vladimir Putin (Speeches and Statements <br>by the Prime Minister) | Prime Minister's Office of Japan,PRESS_CONFERENCE,"October 7, 2021",en
data/raw/japan/100_kishida_statement_202110_00007_html_7b3227b48a.html,data/cleaned/japan/100_kishida_statement_202110_00007_html_7b3227b48a.txt,https://japan.kantei.go.jp/100_kishida/statement/202110/_00007.html,japan,Prime Minister's Office of Japan (Kantei),Press Conference by the Prime Minister regarding the Earthquake centered in Northwestern Chiba Prefecture (Speeches and Statements <br>by the Prime Minister) | Prime Minister's Office of Japan,PRESS_CONFERENCE,"October 8, 2021",en
data/raw/japan/100_kishida_statement_202110_00008_html_6c391fdf08.html,data/cleaned/japan/100_kishida_statement_202110_00008_html_6c391fdf08.txt,https://japan.kantei.go.jp/100_kishida/statement/202110/_00008.html,japan,Prime Minister's Office of Japan (Kantei),"Press Conference by the Prime Minister regarding Telephone Talks with President Xi Jinping of China, and Prime Minister Narendra Modi of India (Speeches and Statements <br>by the Prime Minister) | Prime Minister's Office of Japan",PRESS_CONFERENCE,"October 8, 2021",en
data/raw/japan/100_kishida_statement_202110_00009_html_6c7fab1464.html,data/cleaned/japan/100_kishida_statement_202110_00009_html_6c7fab1464.txt,https://japan.kantei.go.jp/100_kishida/statement/202110/_00009.html,japan,Prime Minister's Office of Japan (Kantei),Press Conference by the Prime Minister regarding His Visit to Tokyo Metropolitan Bokutoh Hospital  (Speeches and Statements <br>by the Prime Minister) | Prime Minister's Office of Japan,PRESS_CONFERENCE,"October 9, 2021",en
data/raw/japan/100_kishida_statement_202110_00010_html_a77439c972.html,data/cleaned/japan/100_kishida_statement_202110_00010_html_a77439c972.txt,https://japan.kantei.go.jp/100_kishida/statement/202110/_00010.html,japan,Prime Minister's Office of Japan (Kantei),Press Conference by the Prime Minister regarding His Visit to a Temporary Accommodation Facility for Recuperation in Kanagawa Prefecture (Speeches and Statements <br>by the Prime Minister) | Prime Minister's Office of Japan,PRESS_CONFERENCE,"October 10, 2021",en
data/raw/japan/100_kishida_statement_202110_00011_html_06090be86e.html,data/cleaned/japan/100_kishida_statement_202110_00011_html_06090be86e.txt,https://japan.kantei.go.jp/100_kishida/statement/202110/_00011.html,japan,Prime Minister's Office of Japan (Kantei),Press Conference by the Prime Minister regarding the Dissolution of the House of Representatives (Speeches and Statements <br>by the Prime Minister) | Prime Minister's Office of Japan,PRESS_CONFERENCE,"October 14, 2021",en
data/raw/japan/100_kishida_statement_202110_00012_html_bb5dae1df2.html,data/cleaned/japan/100_kishida_statement_202110_00012_html_bb5dae1df2.txt,https://japan.kantei.go.jp/100_kishida/statement/202110/_00012.html,japan,Prime Minister's Office of Japan (Kantei),Press Conference by Prime Minister Kishida (Speeches and Statements <br>by the Prime Minister) | Prime Minister's Office of Japan,PRESS_CONFERENCE,"October 14, 2021",en
data/raw/japan/100_kishida_statement_202110_00013_html_fb6d44d924.html,data/cleaned/japan/100_kishida_statement_202110_00013_html_fb6d44d924.txt,https://japan.kantei.go.jp/100_kishida/statement/202110/_00013.html,japan,Prime Minister's Office of Japan (Kantei),Press Conference by the Prime Minister regarding Japan-ROK Telephone Summit Talks (Speeches and Statements <br>by the Prime Minister) | Prime Minister's Office of Japan,PRESS_CONFERENCE,"October 15, 2021",en
data/raw/japan/100_kishida_statement_202110_00014_html_0a1eb8fbe5.html,data/cleaned/japan/100_kishida_statement_202110_00014_html_0a1eb8fbe5.txt,https://japan.kantei.go.jp/100_kishida/statement/202110/_00014.html,japan,Prime Minister's Office of Japan (Kantei),Press Conference by the Prime Minister on North Korea’s Launch of Ballistic Missiles (Speeches and Statements <br>by the Prime Minister) | Prime Minister's Office of Japan,PRESS_CONFERENCE,"October 19, 2021",en
data/raw/japan/100_kishida_statement_202110_00015_html_a5b3ddbb1e.html,data/cleaned/japan/100_kishida_statement_202110_00015_html_a5b3ddbb1e.txt,https://japan.kantei.go.jp/100_kishida/statement/202110/_00015.html,japan,Prime Minister's Office of Japan (Kantei),Press Conference by the Prime Minister on a Meeting of the National Security Council and Other Matters (Speeches and Statements <br>by the Prime Minister) | Prime Minister's Office of Japan,PRESS_CONFERENCE,"October 19, 2021",en
data/raw/japan/100_kishida_statement_202110_00017_html_11b1c7406f.html,data/cleaned/japan/100_kishida_statement_202110_00017_html_11b1c7406f.txt,https://japan.kantei.go.jp/100_kishida/statement/202110/_00017.html,japan,Prime Minister's Office of Japan (Kantei),Press Conference by the Prime Minister regarding ASEAN-related Summit Meetings (Speeches and Statements <br>by the Prime Minister) | Prime Minister's Office of Japan,PRESS_CONFERENCE,"October 27, 2021",en
data/raw/japan/100_kishida_statement_index_html_981a2d5087.html,data/cleaned/japan/100_kishida_statement_index_html_981a2d5087.txt,https://japan.kantei.go.jp/100_kishida/statement/index.html,japan,Prime Minister's Office of Japan (Kantei),Speeches and Statements by the Prime Minister | Prime Minister's Office of Japan,PRESS_CONFERENCE,"November 4, 2021",en
data/raw/japan/98_abe_statement_201712_index_html_9c0e06a0e7.html,data/cleaned/japan/98_abe_statement_201712_index_html_9c0e06a0e7.txt,https://japan.kantei.go.jp/98_abe/statement/201712/index.html,japan,Prime Minister's Office of Japan (Kantei),December 2017 (Speeches and Statements by the Prime Minister) | Prime Minister of Japan and His Cabinet,SPEECH,"December 25, 2017",en
data/raw/japan/98_abe_statement_201812_index_html_c5e8f8f000.html,data/cleaned/japan/98_abe_statement_201812_index_html_c5e8f8f000.txt,https://japan.kantei.go.jp/98_abe/statement/201812/index.html,japan,Prime Minister's Office of Japan (Kantei),December 2018 (Speeches and Statements by the Prime Minister) | Prime Minister of Japan and His Cabinet,SPEECH,"December 1, 2018",en
data/raw/japan/98_abe_statement_201912_index_html_6e8f2163db.html,data/cleaned/japan/98_abe_statement_201912_index_html_6e8f2163db.txt,https://japan.kantei.go.jp/98_abe/statement/201912/index.html,japan,Prime Minister's Office of Japan (Kantei),December 2019 (Speeches and Statements by the Prime Minister) | Prime Minister of Japan and His Cabinet,SPEECH,,en
data/raw/japan/98_abe_statement_202009_index_html_1f2fe87ab6.html,data/cleaned/japan/98_abe_statement_202009_index_html_1f2fe87ab6.txt,https://japan.kantei.go.jp/98_abe/statement/202009/index.html,japan,Prime Minister's Office of Japan (Kantei),September 2020 (Speeches and Statements by the Prime Minister) | Prime Minister of Japan and His Cabinet,SPEECH,"September 11, 2020",en
data/raw/japan/99_suga_statement_202012_index_html_22354b134d.html,data/cleaned/japan/99_suga_statement_202012_index_html_22354b134d.txt,https://japan.kantei.go.jp/99_suga/statement/202012/index.html,japan,Prime Minister's Office of Japan (Kantei),December 2020 (Speeches and Statements by the Prime Minister) | Prime Minister of Japan and His Cabinet,PRESS_CONFERENCE,"December 31, 2020",en
data/raw/japan/99_suga_statement_202110_index_html_6ef3e8e9c9.html,data/cleaned/japan/99_suga_statement_202110_index_html_6ef3e8e9c9.txt,https://japan.kantei.go.jp/99_suga/statement/202110/index.html,japan,Prime Minister's Office of Japan (Kantei),October 2021 (Speeches and Statements by the Prime Minister) | Prime Minister of Japan and His Cabinet,PRESS_CONFERENCE,"October 4, 2021",en
data/raw/japan/index_html_9243eab78b.html,data/cleaned/japan/index_html_9243eab78b.txt,https://japan.kantei.go.jp/index.html,japan,Prime Minister's Office of Japan (Kantei),Prime Minister's Office of Japan,PRESS_CONFERENCE,"September 4, 2026",en
data/raw/japan/info_index_html_76148e49c1.html,data/cleaned/japan/info_index_html_76148e49c1.txt,https://japan.kantei.go.jp/info/index.html,japan,Prime Minister's Office of Japan (Kantei),News | Prime Minister's Office of Japan,PRESS_CONFERENCE,,en
data/raw/japan/tag_20772fbe52.html,data/cleaned/japan/tag_20772fbe52.txt,https://japan.kantei.go.jp/tag/,japan,Prime Minister's Office of Japan (Kantei),Tag List | Prime Minister's Office of Japan,OTHER,,en
data/raw/japan/tag_0088_html_249f6eebe7.html,data/cleaned/japan/tag_0088_html_249f6eebe7.txt,https://japan.kantei.go.jp/tag/0088.html,japan,Prime Minister's Office of Japan (Kantei),#DisasterResponse List of articles | Prime Minister's Office of Japan,PRESS_CONFERENCE,"December 3, 2024",en
data/raw/japan/tag_0092_html_7c8cd34fb2.html,data/cleaned/japan/tag_0092_html_7c8cd34fb2.txt,https://japan.kantei.go.jp/tag/0092.html,japan,Prime Minister's Office of Japan (Kantei),#Quake2021NWChiba List of articles | Prime Minister's Office of Japan,OTHER,"October 8, 2021",en
data/raw/japan/100_kishida_statement_202111_00001_html_d0b4f620b9.html,data/cleaned/japan/100_kishida_statement_202111_00001_html_d0b4f620b9.txt,https://japan.kantei.go.jp/100_kishida/statement/202111/_00001.html,japan,Prime Minister's Office of Japan (Kantei),Press Conference by the Prime Minister regarding His Attendance at the World Leaders Summit at COP 26 (Speeches and Statements <br>by the Prime Minister) | Prime Minister's Office of Japan,PRESS_CONFERENCE,"November 2, 2021",en
data/raw/japan/100_kishida_statement_202111_00002_html_9dd42120df.html,data/cleaned/japan/100_kishida_statement_202111_00002_html_9dd42120df.txt,https://japan.kantei.go.jp/100_kishida/statement/202111/_00002.html,japan,Prime Minister's Office of Japan (Kantei),COP26 World Leaders Summit Statement by Prime Minister KISHIDA Fumio (Speeches and Statements <br>by the Prime Minister) | Prime Minister's Office of Japan,SPEECH,"November 2, 2021",en
data/raw/japan/100_kishida_statement_202111_00003_html_9614461fee.html,data/cleaned/japan/100_kishida_statement_202111_00003_html_9614461fee.txt,https://japan.kantei.go.jp/100_kishida/statement/202111/_00003.html,japan,Prime Minister's Office of Japan (Kantei),Press Conference by the Prime Minister regarding His Attendance at the COP26 World Leaders Summit (Speeches and Statements <br>by the Prime Minister) | Prime Minister's Office of Japan,PRESS_CONFERENCE,"November 3, 2021",en
data/raw/japan/100_kishida_statement_202111_00004_html_722192c746.html,data/cleaned/japan/100_kishida_statement_202111_00004_html_722192c746.txt,https://japan.kantei.go.jp/100_kishida/statement/202111/_00004.html,japan,Prime Minister's Office of Japan (Kantei),Press Conference by the Prime Minister regarding His State of Mind One Month since the Inauguration of the Kishida Cabinet and Other Matters (Speeches and Statements <br>by the Prime Minister) | Prime Minister's Office of Japan,PRESS_CONFERENCE,"November 4, 2021",en
data/raw/japan/tag_0010_html_083d7f1e11.html,data/cleaned/japan/tag_0010_html_083d7f1e11.txt,https://japan.kantei.go.jp/tag/0010.html,japan,Prime Minister's Office of Japan (Kantei),#ClimateChange List of articles | Prime Minister's Office of Japan,SPEECH,"September 28, 2024",en
data/raw/japan/tag_0019_html_1e49c3a310.html,data/cleaned/japan/tag_0019_html_1e49c3a310.txt,https://japan.kantei.go.jp/tag/0019.html,japan,Prime Minister's Office of Japan (Kantei),#DiplomacySecurity List of articles | Prime Minister's Office of Japan,SPEECH,"October 31, 2024",en
data/raw/japan/tag_0031_html_0fe28d1039.html,data/cleaned/japan/tag_0031_html_0fe28d1039.txt,https://japan.kantei.go.jp/tag/0031.html,japan,Prime Minister's Office of Japan (Kantei),#COP List of articles | Prime Minister's Office of Japan,PRESS_CONFERENCE,"July 5, 2024",en
data/raw/japan/101_kishida_statement_202111_00002_html_4ca231285d.html,data/cleaned/japan/101_kishida_statement_202111_00002_html_4ca231285d.txt,https://japan.kantei.go.jp/101_kishida/statement/202111/_00002.html,japan,Prime Minister's Office of Japan (Kantei),Statement by the Prime Minister (Speeches and Statements <br>by the Prime Minister) | Prime Minister's Office of Japan,SPEECH,"November 10, 2021",en
data/raw/japan/101_kishida_statement_202111_00003_html_b4a5fafb5d.html,data/cleaned/japan/101_kishida_statement_202111_00003_html_b4a5fafb5d.txt,https://japan.kantei.go.jp/101_kishida/statement/202111/_00003.html,japan,Prime Minister's Office of Japan (Kantei),Press Conference by the Prime Minister regarding the Sale of Part  of the State Petroleum Reserves  (Speeches and Statements <br>by the Prime Minister) | Prime Minister's Office of Japan,PRESS_CONFERENCE,"November 24, 2021",en
data/raw/japan/101_kishida_statement_202111_00005_html_035b752fb2.html,data/cleaned/japan/101_kishida_statement_202111_00005_html_035b752fb2.txt,https://japan.kantei.go.jp/101_kishida/statement/202111/_00005.html,japan,Prime Minister's Office of Japan (Kantei),Press Conference by the Prime Minister regarding Border Control Measures Related to the Omicron Strain of COVID-19  (Speeches and Statements <br>by the Prime Minister) | Prime Minister's Office of Japan,PRESS_CONFERENCE,"November 29, 2021",en
data/raw/japan/101_kishida_statement_202111_00006_html_56e3fc8963.html,data/cleaned/japan/101_kishida_statement_202111_00006_html_56e3fc8963.txt,https://japan.kantei.go.jp/101_kishida/statement/202111/_00006.html,japan,Prime Minister's Office of Japan (Kantei),Press Conference by the Prime Minister regarding Border Control Measures and Other Matters Related to the Omicron Strain of COVID-19 (Speeches and Statements <br>by the Prime Minister) | Prime Minister's Office of Japan,PRESS_CONFERENCE,"November 29, 2021",en
data/raw/japan/101_kishida_statement_202112_index_html_7d5ef5704c.html,data/cleaned/japan/101_kishida_statement_202112_index_html_7d5ef5704c.txt,https://japan.kantei.go.jp/101_kishida/statement/202112/index.html,japan,Prime Minister's Office of Japan (Kantei),December 2021 (Speeches and Statements by the Prime Minister) | Prime Minister's Office of Japan,PRESS_CONFERENCE,"December 22, 2021",en
data/raw/japan/101_kishida_statement_202212_index_html_59706e65f9.html,data/cleaned/japan/101_kishida_statement_202212_index_html_59706e65f9.txt,https://japan.kantei.go.jp/101_kishida/statement/202212/index.html,japan,Prime Minister's Office of Japan (Kantei),December 2022 (Speeches and Statements by the Prime Minister) | Prime Minister's Office of Japan,PRESS_CONFERENCE,"December 19, 2022",en
data/raw/japan/101_kishida_statement_202312_index_html_b8869e8c97.html,data/cleaned/japan/101_kishida_statement_202312_index_html_b8869e8c97.txt,https://japan.kantei.go.jp/101_kishida/statement/202312/index.html,japan,Prime Minister's Office of Japan (Kantei),December 2023 (Speeches and Statements by the Prime Minister) | Prime Minister's Office of Japan,SPEECH,"December 20, 2023",en
data/raw/japan/101_kishida_statement_202409_index_html_c8c38dfca6.html,data/cleaned/japan/101_kishida_statement_202409_index_html_c8c38dfca6.txt,https://japan.kantei.go.jp/101_kishida/statement/202409/index.html,japan,Prime Minister's Office of Japan (Kantei),September 2024 (Speeches and Statements by the Prime Minister) | Prime Minister's Office of Japan,PRESS_CONFERENCE,"September 28, 2024",en
data/raw/japan/101_kishida_statement_index_html_e424b849d2.html,data/cleaned/japan/101_kishida_statement_index_html_e424b849d2.txt,https://japan.kantei.go.jp/101_kishida/statement/index.html,japan,Prime Minister's Office of Japan (Kantei),Speeches and Statements by the Prime Minister | Prime Minister's Office of Japan,PRESS_CONFERENCE,"October 1, 2024",en
data/raw/japan/102_ishiba_statement_202411_index_html_a487a463e7.html,data/cleaned/japan/102_ishiba_statement_202411_index_html_a487a463e7.txt,https://japan.kantei.go.jp/102_ishiba/statement/202411/index.html,japan,Prime Minister's Office of Japan (Kantei),November 2024 (Speeches and Statements by the Prime Minister) | Prime Minister's Office of Japan,PRESS_CONFERENCE,"November 7, 2024",en
data/raw/japan/103_statement_202412_index_html_d14eca2648.html,data/cleaned/japan/103_statement_202412_index_html_d14eca2648.txt,https://japan.kantei.go.jp/103/statement/202412/index.html,japan,Prime Minister's Office of Japan (Kantei),December 2024 (Speeches and Statements by the Prime Minister) | Prime Minister's Office of Japan,PRESS_CONFERENCE,"December 30, 2024",en
data/raw/japan/103_statement_202510_index_html_31c125c0f4.html,data/cleaned/japan/103_statement_202510_index_html_31c125c0f4.txt,https://japan.kantei.go.jp/103/statement/202510/index.html,japan,Prime Minister's Office of Japan (Kantei),October 2025 (Speeches and Statements by the Prime Minister) | Prime Minister's Office of Japan,PRESS_CONFERENCE,"October 21, 2025",en
data/raw/japan/101_kishida_statement_202112_00001_html_03546978eb.html,data/cleaned/japan/101_kishida_statement_202112_00001_html_03546978eb.txt,https://japan.kantei.go.jp/101_kishida/statement/202112/_00001.html,japan,Prime Minister's Office of Japan (Kantei),Press Conference by the Prime Minister regarding the Border Control Measures related to the Omicron Strain of COVID-19 (Speeches and Statements <br>by the Prime Minister) | Prime Minister's Office of Japan,PRESS_CONFERENCE,"December 2, 2021",en
data/raw/japan/101_kishida_statement_202112_00002_html_e1d2690683.html,data/cleaned/japan/101_kishida_statement_202112_00002_html_e1d2690683.txt,https://japan.kantei.go.jp/101_kishida/statement/202112/_00002.html,japan,Prime Minister's Office of Japan (Kantei),Policy Speech by Prime Minister KISHIDA Fumio to the 207th Session of the Diet (Speeches and Statements <br>by the Prime Minister) | Prime Minister's Office of Japan,SPEECH,"December 6, 2021",en
data/raw/japan/101_kishida_statement_202112_00003_html_7d80ac03de.html,data/cleaned/japan/101_kishida_statement_202112_00003_html_7d80ac03de.txt,https://japan.kantei.go.jp/101_kishida/statement/202112/_00003.html,japan,Prime Minister's Office of Japan (Kantei),Press Conference by the Prime Minister regarding the Border Control Measures related to the Omicron Strain of COVID-19 (Speeches and Statements <br>by the Prime Minister) | Prime Minister's Office of Japan,PRESS_CONFERENCE,"December 3, 2021",en
data/raw/japan/101_kishida_statement_202112_00004_html_0ae2dc2e83.html,data/cleaned/japan/101_kishida_statement_202112_00004_html_0ae2dc2e83.txt,https://japan.kantei.go.jp/101_kishida/statement/202112/_00004.html,japan,Prime Minister's Office of Japan (Kantei),Opening speech by Prime Minister KISHIDA Fumio at the Tokyo Nutrition for Growth (N4G) Summit 2021 (Speeches and Statements <br>by the Prime Minister) | Prime Minister's Office of Japan,SPEECH,"December 7, 2021",en
data/raw/japan/101_kishida_statement_202112_00005_html_0121d2a155.html,data/cleaned/japan/101_kishida_statement_202112_00005_html_0121d2a155.txt,https://japan.kantei.go.jp/101_kishida/statement/202112/_00005.html,japan,Prime Minister's Office of Japan (Kantei),Press Conference by the Prime Minister regarding the Announcement by the United States of Its Diplomatic Boycott of the Beijing Winter Olympics (Speeches and Statements <br>by the Prime Minister) | Prime Minister's Office of Japan,PRESS_CONFERENCE,"December 7, 2021",en
data/raw/japan/101_kishida_statement_202112_00006_html_da674f635c.html,data/cleaned/japan/101_kishida_statement_202112_00006_html_da674f635c.txt,https://japan.kantei.go.jp/101_kishida/statement/202112/_00006.html,japan,Prime Minister's Office of Japan (Kantei),Opening Speech by Prime Minister KISHIDA Fumio at the GZERO Summit 2021 (Speeches and Statements <br>by the Prime Minister) | Prime Minister's Office of Japan,SPEECH,"December 8, 2021",en
data/raw/japan/101_kishida_statement_202112_00007_html_3ed766441e.html,data/cleaned/japan/101_kishida_statement_202112_00007_html_3ed766441e.txt,https://japan.kantei.go.jp/101_kishida/statement/202112/_00007.html,japan,Prime Minister's Office of Japan (Kantei),Video Message by Prime Minister KISHIDA Fumio at the Summit for Democracy (Speeches and Statements <br>by the Prime Minister) | Prime Minister's Office of Japan,SPEECH,"December 9, 2021",en
data/raw/japan/101_kishida_statement_202112_00008_html_72283771fd.html,data/cleaned/japan/101_kishida_statement_202112_00008_html_72283771fd.txt,https://japan.kantei.go.jp/101_kishida/statement/202112/_00008.html,japan,Prime Minister's Office of Japan (Kantei),Video Message by Prime Minister KISHIDA Fumio at the IDA20 Final Meeting (Speeches and Statements <br>by the Prime Minister) | Prime Minister's Office of Japan,SPEECH,"December 14, 2021",en
data/raw/japan/101_kishida_statement_202112_00009_html_4ece84a40b.html,data/cleaned/japan/101_kishida_statement_202112_00009_html_4ece84a40b.txt,https://japan.kantei.go.jp/101_kishida/statement/202112/_00009.html,japan,Prime Minister's Office of Japan (Kantei),Press Conference by the Prime Minister regarding the Comprehensive Strengthened Measures against the Omicron Strain (Speeches and Statements <br>by the Prime Minister) | Prime Minister's Office of Japan,PRESS_CONFERENCE,"December 17, 2021",en
data/raw/japan/101_kishida_statement_202112_00010_html_d116105d8f.html,data/cleaned/japan/101_kishida_statement_202112_00010_html_d116105d8f.txt,https://japan.kantei.go.jp/101_kishida/statement/202112/_00010.html,japan,Prime Minister's Office of Japan (Kantei),Press Conference by the Prime Minister regarding His Visit to a Press Photo Exhibition and Other Matters (Speeches and Statements <br>by the Prime Minister) | Prime Minister's Office of Japan,PRESS_CONFERENCE,"December 18, 2021",en
data/raw/japan/101_kishida_statement_202112_00011_html_38d1f9d4ba.html,data/cleaned/japan/101_kishida_statement_202112_00011_html_38d1f9d4ba.txt,https://japan.kantei.go.jp/101_kishida/statement/202112/_00011.html,japan,Prime Minister's Office of Japan (Kantei),Video Message by Prime Minister KISHIDA Fumio on the Occasion of the Seventh Japan-China Business Leader and Former High-Level Government Official Dialogue (Japan-China CEO Summit) (Speeches and Statements <br>by the Prime Minister) | Prime Minister's Office of Japan,SPEECH,"December 21, 2021",en
data/raw/japan/101_kishida_statement_202112_00012_html_05f2395edd.html,data/cleaned/japan/101_kishida_statement_202112_00012_html_05f2395edd.txt,https://japan.kantei.go.jp/101_kishida/statement/202112/_00012.html,japan,Prime Minister's Office of Japan (Kantei),Video Message by Prime Minister KISHIDA Fumio at the Hiroshima Round Table 2021 (Speeches and Statements <br>by the Prime Minister) | Prime Minister's Office of Japan,SPEECH,"December 22, 2021",en
data/raw/japan/101_kishida_statement_202112_00013_html_68ec89e044.html,data/cleaned/japan/101_kishida_statement_202112_00013_html_68ec89e044.txt,https://japan.kantei.go.jp/101_kishida/statement/202112/_00013.html,japan,Prime Minister's Office of Japan (Kantei),Press Conference by the Prime Minister regarding the Confirmation of Community Transmission of the Omicron Strain in Osaka Prefecture (Speeches and Statements <br>by the Prime Minister) | Prime Minister's Office of Japan,PRESS_CONFERENCE,"December 22, 2021",en
data/raw/japan/101_kishida_statement_202112_00014_html_fb63cee2be.html,data/cleaned/japan/101_kishida_statement_202112_00014_html_fb63cee2be.txt,https://japan.kantei.go.jp/101_kishida/statement/202112/_00014.html,japan,Prime Minister's Office of Japan (Kantei),Press Conference by Prime Minister KISHIDA Fumio (Speeches and Statements <br>by the Prime Minister) | Prime Minister's Office of Japan,PRESS_CONFERENCE,"December 21, 2021",en
data/raw/japan/101_kishida_statement_202201_00001_html_6b6873814d.html,data/cleaned/japan/101_kishida_statement_202201_00001_html_6b6873814d.txt,https://japan.kantei.go.jp/101_kishida/statement/202201/_00001.html,japan,Prime Minister's Office of Japan (Kantei),New Year’s Reflection by Prime Minister KISHIDA Fumio (Speeches and Statements <br>by the Prime Minister) | Prime Minister's Office of Japan,SPEECH,"January 1, 2022",en
data/raw/japan/101_kishida_statement_202201_00003_html_51f5ad20c8.html,data/cleaned/japan/101_kishida_statement_202201_00003_html_51f5ad20c8.txt,https://japan.kantei.go.jp/101_kishida/statement/202201/_00003.html,japan,Prime Minister's Office of Japan (Kantei),Press Conference by the Prime Minister on North Korea’s Suspected Launch of Ballistic Missile (Speeches and Statements <br>by the Prime Minister) | Prime Minister's Office of Japan,PRESS_CONFERENCE,"January 5, 2022",en
data/raw/japan/101_kishida_statement_202201_00004_html_18cf547588.html,data/cleaned/japan/101_kishida_statement_202201_00004_html_18cf547588.txt,https://japan.kantei.go.jp/101_kishida/statement/202201/_00004.html,japan,Prime Minister's Office of Japan (Kantei),Press Conference by the Prime Minister on North Korea’s Suspected Launch of Ballistic Missile and Others (Speeches and Statements <br>by the Prime Minister) | Prime Minister's Office of Japan,PRESS_CONFERENCE,"January 11, 2022",en
data/raw/japan/101_kishida_statement_202201_00005_html_9cc3173df2.html,data/cleaned/japan/101_kishida_statement_202201_00005_html_9cc3173df2.txt,https://japan.kantei.go.jp/101_kishida/statement/202201/_00005.html,japan,Prime Minister's Office of Japan (Kantei),Press Conference by the Prime Minister regarding the Request for Application of Priority Measures to Prevent the Spread of Disease (Speeches and Statements <br>by the Prime Minister) | Prime Minister's Office of Japan,PRESS_CONFERENCE,"January 6, 2022",en
data/raw/japan/101_kishida_statement_202201_00006_html_097554a938.html,data/cleaned/japan/101_kishida_statement_202201_00006_html_097554a938.txt,https://japan.kantei.go.jp/101_kishida/statement/202201/_00006.html,japan,Prime Minister's Office of Japan (Kantei),New Year’s Press Conference by Prime Minister KISHIDA Fumio (Speeches and Statements <br>by the Prime Minister) | Prime Minister's Office of Japan,PRESS_CONFERENCE,"January 4, 2022",en
data/raw/japan/101_kishida_statement_202201_00007_html_e6dc5f9ff2.html,data/cleaned/japan/101_kishida_statement_202201_00007_html_e6dc5f9ff2.txt,https://japan.kantei.go.jp/101_kishida/statement/202201/_00007.html,japan,Prime Minister's Office of Japan (Kantei),Message of Condolences by Prime Minister KISHIDA Fumio following the Volcano Eruptions of Hunga Tonga Hunga Ha'apai (Speeches and Statements <br>by the Prime Minister) | Prime Minister's Office of Japan,SPEECH,"January 17, 2022",en
data/raw/japan/101_kishida_statement_202201_00008_html_c505303e32.html,data/cleaned/japan/101_kishida_statement_202201_00008_html_c505303e32.txt,https://japan.kantei.go.jp/101_kishida/statement/202201/_00008.html,japan,Prime Minister's Office of Japan (Kantei),Speech by Prime Minister KISHIDA Fumio at “Davos Agenda” (Speeches and Statements <br>by the Prime Minister) | Prime Minister's Office of Japan,SPEECH,"January 18, 2022",en
data/raw/japan/101_kishida_statement_202201_00009_html_d042dc6cf9.html,data/cleaned/japan/101_kishida_statement_202201_00009_html_d042dc6cf9.txt,https://japan.kantei.go.jp/101_kishida/statement/202201/_00009.html,japan,Prime Minister's Office of Japan (Kantei),Policy Speech by Prime Minister KISHIDA Fumio to the 208th Session of the Diet (Speeches and Statements <br>by the Prime Minister) | Prime Minister's Office of Japan,SPEECH,"January 17, 2022",en
data/raw/japan/101_kishida_statement_202201_00010_html_a8ad69146e.html,data/cleaned/japan/101_kishida_statement_202201_00010_html_a8ad69146e.txt,https://japan.kantei.go.jp/101_kishida/statement/202201/_00010.html,japan,Prime Minister's Office of Japan (Kantei),Press Conference by the Prime Minister regarding the Request for Application of Priority Measures to Prevent the Spread of Disease and Other Matters (Speeches and Statements <br>by the Prime Minister) | Prime Minister's Office of Japan,PRESS_CONFERENCE,"January 18, 2022",en
data/raw/japan/101_kishida_statement_202201_00011_html_cd4ea6664f.html,data/cleaned/japan/101_kishida_statement_202201_00011_html_cd4ea6664f.txt,https://japan.kantei.go.jp/101_kishida/statement/202201/_00011.html,japan,Prime Minister's Office of Japan (Kantei),A Lunar New Year Message from Prime Minister KISHIDA Fumio (Speeches and Statements <br>by the Prime Minister) | Prime Minister's Office of Japan,SPEECH,"January 28, 2022",en
data/raw/japan/101_kishida_statement_202201_00012_html_4b2ce28167.html,data/cleaned/japan/101_kishida_statement_202201_00012_html_4b2ce28167.txt,https://japan.kantei.go.jp/101_kishida/statement/202201/_00012.html,japan,Prime Minister's Office of Japan (Kantei),Press Conference by the Prime Minister regarding Japan-U.S. Video Conference Summit Meeting (Speeches and Statements <br>by the Prime Minister) | Prime Minister's Office of Japan,PRESS_CONFERENCE,"January 21, 2022",en
data/raw/japan/101_kishida_statement_202201_00013_html_a7d93d0de8.html,data/cleaned/japan/101_kishida_statement_202201_00013_html_a7d93d0de8.txt,https://japan.kantei.go.jp/101_kishida/statement/202201/_00013.html,japan,Prime Minister's Office of Japan (Kantei),Press Conference by the Prime Minister regarding the Request for Application of Priority Measures to Prevent the Spread of Disease and Other Matters (Speeches and Statements <br>by the Prime Minister) | Prime Minister's Office of Japan,PRESS_CONFERENCE,"January 24, 2022",en
data/raw/japan/101_kishida_statement_202201_00014_html_6c2cf95bcf.html,data/cleaned/japan/101_kishida_statement_202201_00014_html_6c2cf95bcf.txt,https://japan.kantei.go.jp/101_kishida/statement/202201/_00014.html,japan,Prime Minister's Office of Japan (Kantei),Press Conference by the Prime Minister on North Korea’s Suspected Launch of Ballistic Missile (Speeches and Statements <br>by the Prime Minister) | Prime Minister's Office of Japan,PRESS_CONFERENCE,"January 27, 2022",en
data/raw/japan/101_kishida_statement_202201_00015_html_728998cc67.html,data/cleaned/japan/101_kishida_statement_202201_00015_html_728998cc67.txt,https://japan.kantei.go.jp/101_kishida/statement/202201/_00015.html,japan,Prime Minister's Office of Japan (Kantei),"Press Conference by the Prime Minister regarding the Status of Consideration toward the Inscription on the World Cultural Heritage List of the Sado Complex of Heritage Mines, Primarily Gold Mines (Speeches and Statements <br>by the Prime Minister) | Prime Minister's Office of Japan",PRESS_CONFERENCE,"January 28, 2022",en
data/raw/japan/tag_0001_html_6003144828.html,data/cleaned/japan/tag_0001_html_6003144828.txt,https://japan.kantei.go.jp/tag/0001.html,japan,Prime Minister's Office of Japan (Kantei),#COVID19 List of articles | Prime Minister's Office of Japan,PRESS_CONFERENCE,"September 1, 2023",en
data/raw/japan/tag_0002_html_c6362d70d5.html,data/cleaned/japan/tag_0002_html_c6362d70d5.txt,https://japan.kantei.go.jp/tag/0002.html,japan,Prime Minister's Office of Japan (Kantei),#COVID19PriorityMeasures List of articles | Prime Minister's Office of Japan,PRESS_CONFERENCE,"June 24, 2023",en
data/raw/japan/tag_0003_html_b8ffea0435.html,data/cleaned/japan/tag_0003_html_b8ffea0435.txt,https://japan.kantei.go.jp/tag/0003.html,japan,Prime Minister's Office of Japan (Kantei),#COVID19PriorityMeasures List of articles | Prime Minister's Office of Japan,OTHER,"March 16, 2022",en
data/raw/japan/tag_0005_html_d4dbc5835f.html,data/cleaned/japan/tag_0005_html_d4dbc5835f.txt,https://japan.kantei.go.jp/tag/0005.html,japan,Prime Minister's Office of Japan (Kantei),#MedSystemStrengthening List of articles | Prime Minister's Office of Japan,OTHER,"January 27, 2023",en
data/raw/japan/tag_0095_html_2153643dbe.html,data/cleaned/japan/tag_0095_html_2153643dbe.txt,https://japan.kantei.go.jp/tag/0095.html,japan,Prime Minister's Office of Japan (Kantei),#WorldHeritage List of articles | Prime Minister's Office of Japan,SPEECH,"September 23, 2024",en
data/raw/japan/101_kishida_statement_202202_00002_html_8731ed6031.html,data/cleaned/japan/101_kishida_statement_202202_00002_html_8731ed6031.txt,https://japan.kantei.go.jp/101_kishida/statement/202202/_00002.html,japan,Prime Minister's Office of Japan (Kantei),Instructions by the Prime Minister regarding the COVID-19 Booster Shots (Speeches and Statements <br>by the Prime Minister) | Prime Minister's Office of Japan,SPEECH,"February 7, 2022",en
data/raw/japan/101_kishida_statement_202202_00003_html_4c4a6397d3.html,data/cleaned/japan/101_kishida_statement_202202_00003_html_4c4a6397d3.txt,https://japan.kantei.go.jp/101_kishida/statement/202202/_00003.html,japan,Prime Minister's Office of Japan (Kantei),"Press Conference by the Prime Minister regarding Telephone Talks with Dr. von der Leyen, President of the European Commission, and Mr. Zelenskyy, President of Ukraine (Speeches and Statements <br>by the Prime Minister) | Prime Minister's Office of Japan",PRESS_CONFERENCE,"February 15, 2022",en
data/raw/japan/101_kishida_statement_202202_00004_html_c8424fc424.html,data/cleaned/japan/101_kishida_statement_202202_00004_html_c8424fc424.txt,https://japan.kantei.go.jp/101_kishida/statement/202202/_00004.html,japan,Prime Minister's Office of Japan (Kantei),Press Conference by the Prime Minister regarding a Summit Telephone Talk with UK Prime Minister Boris Johnson (Speeches and Statements <br>by the Prime Minister) | Prime Minister's Office of Japan,PRESS_CONFERENCE,"February 16, 2022",en
data/raw/japan/101_kishida_statement_202202_00005_html_c616083842.html,data/cleaned/japan/101_kishida_statement_202202_00005_html_c616083842.txt,https://japan.kantei.go.jp/101_kishida/statement/202202/_00005.html,japan,Prime Minister's Office of Japan (Kantei),Press Conference by the Prime Minister (Speeches and Statements <br>by the Prime Minister) | Prime Minister's Office of Japan,PRESS_CONFERENCE,"February 17, 2022",en
data/raw/japan/101_kishida_statement_202202_00006_html_1f70296cff.html,data/cleaned/japan/101_kishida_statement_202202_00006_html_1f70296cff.txt,https://japan.kantei.go.jp/101_kishida/statement/202202/_00006.html,japan,Prime Minister's Office of Japan (Kantei),Press Conference by the Prime Minister regarding a Summit Telephone Talk with Russian President Vladimir Putin (Speeches and Statements <br>by the Prime Minister) | Prime Minister's Office of Japan,PRESS_CONFERENCE,"February 17, 2022",en
data/raw/japan/101_kishida_statement_202202_00007_html_421c4840b5.html,data/cleaned/japan/101_kishida_statement_202202_00007_html_421c4840b5.txt,https://japan.kantei.go.jp/101_kishida/statement/202202/_00007.html,japan,Prime Minister's Office of Japan (Kantei),"Message of Condolences from Prime Minister KISHIDA Fumio following the Damages Caused by the Flood and Landslide Disaster in the City of Petropolis, State of Rio de Janeiro, the Federative Republic of Brazil (Speeches and Statements <br>by the Prime Minister) | Prime Minister's Office of Japan",SPEECH,"February 18, 2022",en
data/raw/japan/101_kishida_statement_202202_00008_html_b479cbd8bb.html,data/cleaned/japan/101_kishida_statement_202202_00008_html_b479cbd8bb.txt,https://japan.kantei.go.jp/101_kishida/statement/202202/_00008.html,japan,Prime Minister's Office of Japan (Kantei),Press Conference by the Prime Minister regarding the Situation in Ukraine (Speeches and Statements <br>by the Prime Minister) | Prime Minister's Office of Japan,PRESS_CONFERENCE,"February 22, 2022",en
data/raw/japan/101_kishida_statement_202202_00009_html_74f3376e22.html,data/cleaned/japan/101_kishida_statement_202202_00009_html_74f3376e22.txt,https://japan.kantei.go.jp/101_kishida/statement/202202/_00009.html,japan,Prime Minister's Office of Japan (Kantei),Press Conference by the Prime Minister regarding the Situation in Ukraine (Speeches and Statements <br>by the Prime Minister) | Prime Minister's Office of Japan,PRESS_CONFERENCE,"February 24, 2022",en
data/raw/japan/101_kishida_statement_202202_00010_html_0d9dfb1d9c.html,data/cleaned/japan/101_kishida_statement_202202_00010_html_0d9dfb1d9c.txt,https://japan.kantei.go.jp/101_kishida/statement/202202/_00010.html,japan,Prime Minister's Office of Japan (Kantei),"Press Conference by the Prime Minister regarding the Content of Discussions by the National Security Council, Which Convened regarding the Situation in Ukraine (Speeches and Statements <br>by the Prime Minister) | Prime Minister's Office of Japan",PRESS_CONFERENCE,"February 24, 2022",en
data/raw/japan/101_kishida_statement_202202_00011_html_33d3a1dd85.html,data/cleaned/japan/101_kishida_statement_202202_00011_html_33d3a1dd85.txt,https://japan.kantei.go.jp/101_kishida/statement/202202/_00011.html,japan,Prime Minister's Office of Japan (Kantei),Press Conference on Sanctions and Other Measures in Light of the Situation in Ukraine (Speeches and Statements <br>by the Prime Minister) | Prime Minister's Office of Japan,PRESS_CONFERENCE,"February 23, 2022",en
data/raw/japan/101_kishida_statement_202202_00012_html_4708e45ef9.html,data/cleaned/japan/101_kishida_statement_202202_00012_html_4708e45ef9.txt,https://japan.kantei.go.jp/101_kishida/statement/202202/_00012.html,japan,Prime Minister's Office of Japan (Kantei),Press Conference by the Prime Minister regarding the G7 Leaders’ Video Conference (Speeches and Statements <br>by the Prime Minister) | Prime Minister's Office of Japan,PRESS_CONFERENCE,"February 25, 2022",en
data/raw/japan/101_kishida_statement_202202_00013_html_16235c1416.html,data/cleaned/japan/101_kishida_statement_202202_00013_html_16235c1416.txt,https://japan.kantei.go.jp/101_kishida/statement/202202/_00013.html,japan,Prime Minister's Office of Japan (Kantei),Press Conference by the Prime Minister (Speeches and Statements <br>by the Prime Minister) | Prime Minister's Office of Japan,PRESS_CONFERENCE,"February 25, 2022",en
data/raw/japan/101_kishida_statement_202202_00014_html_c7499f10b6.html,data/cleaned/japan/101_kishida_statement_202202_00014_html_c7499f10b6.txt,https://japan.kantei.go.jp/101_kishida/statement/202202/_00014.html,japan,Prime Minister's Office of Japan (Kantei),Press Conference by the Prime Minister regarding Japan’s Response to the Situation in Ukraine (Speeches and Statements <br>by the Prime Minister) | Prime Minister's Office of Japan,PRESS_CONFERENCE,"February 27, 2022",en
data/raw/japan/101_kishida_statement_202202_00016_html_9b193faa7c.html,data/cleaned/japan/101_kishida_statement_202202_00016_html_9b193faa7c.txt,https://japan.kantei.go.jp/101_kishida/statement/202202/_00016.html,japan,Prime Minister's Office of Japan (Kantei),Press Conference by the Prime Minister regarding His Telephone Talk with President Zelensky of Ukraine (Speeches and Statements <br>by the Prime Minister) | Prime Minister's Office of Japan,PRESS_CONFERENCE,"February 28, 2022",en
data/raw/japan/tag_0027_html_4150a8fef9.html,data/cleaned/japan/tag_0027_html_4150a8fef9.txt,https://japan.kantei.go.jp/tag/0027.html,japan,Prime Minister's Office of Japan (Kantei),#Ukraine List of articles | Prime Minister's Office of Japan,PRESS_CONFERENCE,"September 28, 2024",en
data/raw/japan/tag_0048_html_85f62f5c92.html,data/cleaned/japan/tag_0048_html_85f62f5c92.txt,https://japan.kantei.go.jp/tag/0048.html,japan,Prime Minister's Office of Japan (Kantei),#JPNRUSsummit List of articles | Prime Minister's Office of Japan,OTHER,"February 17, 2022",en
data/raw/japan/101_kishida_statement_202203_00002_html_080a85c332.html,data/cleaned/japan/101_kishida_statement_202203_00002_html_080a85c332.txt,https://japan.kantei.go.jp/101_kishida/statement/202203/_00002.html,japan,Prime Minister's Office of Japan (Kantei),Press Conference by the Prime Minister regarding a Summit Conference Call on the Situation in Ukraine (Speeches and Statements <br>by the Prime Minister) | Prime Minister's Office of Japan,PRESS_CONFERENCE,"March 1, 2022",en
data/raw/japan/101_kishida_statement_202203_00003_html_ebd344e9a5.html,data/cleaned/japan/101_kishida_statement_202203_00003_html_ebd344e9a5.txt,https://japan.kantei.go.jp/101_kishida/statement/202203/_00003.html,japan,Prime Minister's Office of Japan (Kantei),Press Conference by the Prime Minister regarding Summit Telephone Talks with Prime Minister Phankham Viphavanh of the Lao PDR and President Emmanuel Macron of France (Speeches and Statements <br>by the Prime Minister) | Prime Minister's Office of Japan,PRESS_CONFERENCE,"March 1, 2022",en
data/raw/japan/101_kishida_statement_202203_00005_html_ad0bdb894a.html,data/cleaned/japan/101_kishida_statement_202203_00005_html_ad0bdb894a.txt,https://japan.kantei.go.jp/101_kishida/statement/202203/_00005.html,japan,Prime Minister's Office of Japan (Kantei),Press Conference by Prime Minister Kishida (Speeches and Statements <br>by the Prime Minister) | Prime Minister's Office of Japan,PRESS_CONFERENCE,"March 3, 2022",en
data/raw/japan/101_kishida_statement_202203_00006_html_d509586bd0.html,data/cleaned/japan/101_kishida_statement_202203_00006_html_d509586bd0.txt,https://japan.kantei.go.jp/101_kishida/statement/202203/_00006.html,japan,Prime Minister's Office of Japan (Kantei),Press Conference by the Prime Minister regarding Summit Telephone Talks with President Steinmeier of Germany and Prime Minister Morawiecki of Poland (Speeches and Statements <br>by the Prime Minister) | Prime Minister's Office of Japan,PRESS_CONFERENCE,"March 2, 2022",en
data/raw/japan/101_kishida_statement_202203_00007_html_b3045cada3.html,data/cleaned/japan/101_kishida_statement_202203_00007_html_b3045cada3.txt,https://japan.kantei.go.jp/101_kishida/statement/202203/_00007.html,japan,Prime Minister's Office of Japan (Kantei),Press Conference by the Prime Minister regarding Receiving the COVID-19 Vaccine (Speeches and Statements <br>by the Prime Minister) | Prime Minister's Office of Japan,PRESS_CONFERENCE,"March 4, 2022",en
data/raw/japan/101_kishida_statement_202203_00008_html_4ed48bf490.html,data/cleaned/japan/101_kishida_statement_202203_00008_html_4ed48bf490.txt,https://japan.kantei.go.jp/101_kishida/statement/202203/_00008.html,japan,Prime Minister's Office of Japan (Kantei),Press Conference by the Prime Minister regarding the Reaction to the U.S. Decision to Introduce an Embargo on the Import of Russian Oil (Speeches and Statements <br>by the Prime Minister) | Prime Minister's Office of Japan,PRESS_CONFERENCE,"March 9, 2022",en
data/raw/japan/101_kishida_statement_202203_00009_html_f4bd03707a.html,data/cleaned/japan/101_kishida_statement_202203_00009_html_f4bd03707a.txt,https://japan.kantei.go.jp/101_kishida/statement/202203/_00009.html,japan,Prime Minister's Office of Japan (Kantei),Press Conference on the Response to the ROK Presidential Election Results and Others (Speeches and Statements <br>by the Prime Minister) | Prime Minister's Office of Japan,PRESS_CONFERENCE,"March 10, 2022",en
data/raw/japan/101_kishida_statement_202203_00010_html_8da36d9038.html,data/cleaned/japan/101_kishida_statement_202203_00010_html_8da36d9038.txt,https://japan.kantei.go.jp/101_kishida/statement/202203/_00010.html,japan,Prime Minister's Office of Japan (Kantei),"Press Conference on the Telephone Talk with Mr. YOON Suk Yeol, President-elect of the Republic of Korea (Speeches and Statements <br>by the Prime Minister) | Prime Minister's Office of Japan",PRESS_CONFERENCE,"March 11, 2022",en
data/raw/japan/101_kishida_statement_202203_00011_html_eccccf43b5.html,data/cleaned/japan/101_kishida_statement_202203_00011_html_eccccf43b5.txt,https://japan.kantei.go.jp/101_kishida/statement/202203/_00011.html,japan,Prime Minister's Office of Japan (Kantei),Video Message by Prime Minister KISHIDA Fumio on the Occasion of International Women’s Day (Speeches and Statements <br>by the Prime Minister) | Prime Minister's Office of Japan,SPEECH,"March 8, 2022",en
data/raw/japan/101_kishida_statement_202203_00012_html_dd2b7e0e18.html,data/cleaned/japan/101_kishida_statement_202203_00012_html_dd2b7e0e18.txt,https://japan.kantei.go.jp/101_kishida/statement/202203/_00012.html,japan,Prime Minister's Office of Japan (Kantei),Video Message by Prime Minister Kishida for the 3rd Tokyo Global Dialogue (Speeches and Statements <br>by the Prime Minister) | Prime Minister's Office of Japan,SPEECH,"March 2, 2022",en
data/raw/japan/101_kishida_statement_202203_00013_html_582b34ec3b.html,data/cleaned/japan/101_kishida_statement_202203_00013_html_582b34ec3b.txt,https://japan.kantei.go.jp/101_kishida/statement/202203/_00013.html,japan,Prime Minister's Office of Japan (Kantei),Video message by Prime Minister KISHIDA Fumio at “The Tokyo Conference 2022: How do we restore democracy and multilateralism  moving towards a post-COVID-19 world?” (Speeches and Statements <br>by the Prime Minister) | Prime Minister's Office of Japan,SPEECH,"March 14, 2022",en
data/raw/japan/101_kishida_statement_202203_00014_html_f36fe97118.html,data/cleaned/japan/101_kishida_statement_202203_00014_html_f36fe97118.txt,https://japan.kantei.go.jp/101_kishida/statement/202203/_00014.html,japan,Prime Minister's Office of Japan (Kantei),"Press Conference by the Prime Minister regarding His Telephone Talk with H. H. General Sheikh Mohamed bin Zayed Al Nahyan, Crown Prince of Abu Dhabi, and Deputy Supreme Commander of the UAE Armed Forces (Speeches and Statements <br>by the Prime Minister) | Prime Minister's Office of Japan",PRESS_CONFERENCE,"March 15, 2022",en
data/raw/japan/101_kishida_statement_202203_00015_html_ed31dc99ad.html,data/cleaned/japan/101_kishida_statement_202203_00015_html_ed31dc99ad.txt,https://japan.kantei.go.jp/101_kishida/statement/202203/_00015.html,japan,Prime Minister's Office of Japan (Kantei),Press Conference by the Prime Minister regarding the Earthquake off the Coast of Fukushima Prefecture (Speeches and Statements <br>by the Prime Minister) | Prime Minister's Office of Japan,PRESS_CONFERENCE,"March 17, 2022",en
data/raw/japan/101_kishida_statement_202203_00016_html_7ddf4c1d91.html,data/cleaned/japan/101_kishida_statement_202203_00016_html_7ddf4c1d91.txt,https://japan.kantei.go.jp/101_kishida/statement/202203/_00016.html,japan,Prime Minister's Office of Japan (Kantei),Press Conference by the Prime Minister regarding His Visit to Fukushima Prefecture (Speeches and Statements <br>by the Prime Minister) | Prime Minister's Office of Japan,PRESS_CONFERENCE,"March 11, 2022",en
data/raw/japan/101_kishida_statement_202203_00017_html_a14cde4bbe.html,data/cleaned/japan/101_kishida_statement_202203_00017_html_a14cde4bbe.txt,https://japan.kantei.go.jp/101_kishida/statement/202203/_00017.html,japan,Prime Minister's Office of Japan (Kantei),Press Conference by the Prime Minister regarding His Visit to Iwate and Miyagi Prefectures and Other Matters (Speeches and Statements <br>by the Prime Minister) | Prime Minister's Office of Japan,PRESS_CONFERENCE,"March 12, 2022",en
data/raw/japan/101_kishida_statement_202203_00018_html_7a42be90a2.html,data/cleaned/japan/101_kishida_statement_202203_00018_html_7a42be90a2.txt,https://japan.kantei.go.jp/101_kishida/statement/202203/_00018.html,japan,Prime Minister's Office of Japan (Kantei),Press Conference by Prime Minister Kishida (Speeches and Statements <br>by the Prime Minister) | Prime Minister's Office of Japan,PRESS_CONFERENCE,"March 16, 2022",en
data/raw/japan/101_kishida_statement_202203_00019_html_903eb36452.html,data/cleaned/japan/101_kishida_statement_202203_00019_html_903eb36452.txt,https://japan.kantei.go.jp/101_kishida/statement/202203/_00019.html,japan,Prime Minister's Office of Japan (Kantei),Contribution to The Indian Express by Prime Minister KISHIDA Fumio of Japan (Speeches and Statements <br>by the Prime Minister) | Prime Minister's Office of Japan,SPEECH,"March 19, 2022",en
data/raw/japan/101_kishida_statement_202203_00020_html_16d3fdf2cb.html,data/cleaned/japan/101_kishida_statement_202203_00020_html_16d3fdf2cb.txt,https://japan.kantei.go.jp/101_kishida/statement/202203/_00020.html,japan,Prime Minister's Office of Japan (Kantei),"Press Conference by the Prime Minister regarding His Telephone Talks with H. E. Hon. Uhuru KENYATTA, President of the Republic of Kenya, and His Royal Highness Mohammed bin Salman bin Abdulaziz Al Saud, Crown Prince, Deputy Prime Minister and Minister of Defense, the Kingdom of Saudi Arabia (Speeches and Statements <br>by the Prime Minister) | Prime Minister's Office of Japan",PRESS_CONFERENCE,"March 17, 2022",en
data/raw/japan/101_kishida_statement_202203_00021_html_d06ec22568.html,data/cleaned/japan/101_kishida_statement_202203_00021_html_d06ec22568.txt,https://japan.kantei.go.jp/101_kishida/statement/202203/_00021.html,japan,Prime Minister's Office of Japan (Kantei),Press Conference by the Prime Minister regarding His Attendance at a G7 Summit Meeting and Other Matters (Speeches and Statements <br>by the Prime Minister) | Prime Minister's Office of Japan,PRESS_CONFERENCE,"March 23, 2022",en
data/raw/japan/101_kishida_statement_202203_00022_html_63d42e67c6.html,data/cleaned/japan/101_kishida_statement_202203_00022_html_63d42e67c6.txt,https://japan.kantei.go.jp/101_kishida/statement/202203/_00022.html,japan,Prime Minister's Office of Japan (Kantei),Press Conference by the Prime Minister regarding the Enactment of the FY2022 Budget and Other Matters (Speeches and Statements <br>by the Prime Minister) | Prime Minister's Office of Japan,PRESS_CONFERENCE,"March 22, 2022",en
data/raw/japan/101_kishida_statement_202203_00023_html_8b7e791e0a.html,data/cleaned/japan/101_kishida_statement_202203_00023_html_8b7e791e0a.txt,https://japan.kantei.go.jp/101_kishida/statement/202203/_00023.html,japan,Prime Minister's Office of Japan (Kantei),Press Conference by the Prime Minister regarding the Japan-Cambodia Summit Meeting and Other Matters (Speeches and Statements <br>by the Prime Minister) | Prime Minister's Office of Japan,PRESS_CONFERENCE,"March 20, 2022",en
data/raw/japan/101_kishida_statement_202203_00024_html_cd2fbebe32.html,data/cleaned/japan/101_kishida_statement_202203_00024_html_cd2fbebe32.txt,https://japan.kantei.go.jp/101_kishida/statement/202203/_00024.html,japan,Prime Minister's Office of Japan (Kantei),Address by Prime Minister KISHIDA Fumio at the Graduation Ceremony of the National Defense Academy (Speeches and Statements <br>by the Prime Minister) | Prime Minister's Office of Japan,SPEECH,"March 27, 2022",en
data/raw/japan/101_kishida_statement_202203_00025_html_1c76a3634a.html,data/cleaned/japan/101_kishida_statement_202203_00025_html_1c76a3634a.txt,https://japan.kantei.go.jp/101_kishida/statement/202203/_00025.html,japan,Prime Minister's Office of Japan (Kantei),Press Conference by the Prime Minister regarding the Japan-India Summit Meeting (Speeches and Statements <br>by the Prime Minister) | Prime Minister's Office of Japan,PRESS_CONFERENCE,"March 19, 2022",en
data/raw/japan/101_kishida_statement_202203_00026_html_785845e856.html,data/cleaned/japan/101_kishida_statement_202203_00026_html_785845e856.txt,https://japan.kantei.go.jp/101_kishida/statement/202203/_00026.html,japan,Prime Minister's Office of Japan (Kantei),Press Conference by the Prime Minister regarding His Visit to India and Cambodia (Speeches and Statements <br>by the Prime Minister) | Prime Minister's Office of Japan,PRESS_CONFERENCE,"March 19, 2022",en
data/raw/japan/101_kishida_statement_202203_00027_html_8c5284ddc5.html,data/cleaned/japan/101_kishida_statement_202203_00027_html_8c5284ddc5.txt,https://japan.kantei.go.jp/101_kishida/statement/202203/_00027.html,japan,Prime Minister's Office of Japan (Kantei),Press Conference by the Prime Minister regarding North Korea’s Launch of a Ballistic Missile (Speeches and Statements <br>by the Prime Minister) | Prime Minister's Office of Japan,PRESS_CONFERENCE,"March 24, 2022",en
data/raw/japan/101_kishida_statement_202203_00028_html_08e979beca.html,data/cleaned/japan/101_kishida_statement_202203_00028_html_08e979beca.txt,https://japan.kantei.go.jp/101_kishida/statement/202203/_00028.html,japan,Prime Minister's Office of Japan (Kantei),Press Conference by the Prime Minister regarding the Latest G7 Summit Meeting and Other Matters (Speeches and Statements <br>by the Prime Minister) | Prime Minister's Office of Japan,PRESS_CONFERENCE,"March 24, 2022",en
data/raw/japan/tag_0017_html_1c01744205.html,data/cleaned/japan/tag_0017_html_1c01744205.txt,https://japan.kantei.go.jp/tag/0017.html,japan,Prime Minister's Office of Japan (Kantei),#EconMeasures List of articles | Prime Minister's Office of Japan,PRESS_CONFERENCE,"October 1, 2024",en
data/raw/japan/tag_0021_html_4157408a2b.html,data/cleaned/japan/tag_0021_html_4157408a2b.txt,https://japan.kantei.go.jp/tag/0021.html,japan,Prime Minister's Office of Japan (Kantei),#AbductionsByNK List of articles | Prime Minister's Office of Japan,PRESS_CONFERENCE,"June 21, 2024",en
data/raw/japan/tag_0093_html_4e0784a612.html,data/cleaned/japan/tag_0093_html_4e0784a612.txt,https://japan.kantei.go.jp/tag/0093.html,japan,Prime Minister's Office of Japan (Kantei),#Quake2022FukushimaCoast List of articles | Prime Minister's Office of Japan,OTHER,"March 22, 2022",en
data/raw/japan/101_kishida_statement_202204_00001_html_6c1243eeed.html,data/cleaned/japan/101_kishida_statement_202204_00001_html_6c1243eeed.txt,https://japan.kantei.go.jp/101_kishida/statement/202204/_00001.html,japan,Prime Minister's Office of Japan (Kantei),"Press Conference by the Prime Minister regarding His Thoughts on the Six Months since the Inauguration of the Kishida Administration, His Policies for the Future and Other Matters (Speeches and Statements <br>by the Prime Minister) | Prime Minister's Office of Japan",PRESS_CONFERENCE,"April 4, 2022",en
data/raw/japan/101_kishida_statement_202204_00004_html_7084bc39bd.html,data/cleaned/japan/101_kishida_statement_202204_00004_html_7084bc39bd.txt,https://japan.kantei.go.jp/101_kishida/statement/202204/_00004.html,japan,Prime Minister's Office of Japan (Kantei),Press Conference by Prime Minister Kishida (Speeches and Statements <br>by the Prime Minister) | Prime Minister's Office of Japan,PRESS_CONFERENCE,"April 8, 2022",en
data/raw/japan/101_kishida_statement_202204_00005_html_80838b2e19.html,data/cleaned/japan/101_kishida_statement_202204_00005_html_80838b2e19.txt,https://japan.kantei.go.jp/101_kishida/statement/202204/_00005.html,japan,Prime Minister's Office of Japan (Kantei),Press Conference by the Prime Minister regarding Japan’s Response to the Situation in Ukraine (Speeches and Statements <br>by the Prime Minister) | Prime Minister's Office of Japan,PRESS_CONFERENCE,"April 7, 2022",en
data/raw/japan/101_kishida_statement_202204_00006_html_0744e9b2a8.html,data/cleaned/japan/101_kishida_statement_202204_00006_html_0744e9b2a8.txt,https://japan.kantei.go.jp/101_kishida/statement/202204/_00006.html,japan,Prime Minister's Office of Japan (Kantei),Video Message by Prime Minister KISHIDA Fumio at the Gavi COVAX AMC Summit 2022 (Speeches and Statements <br>by the Prime Minister) | Prime Minister's Office of Japan,SPEECH,"April 8, 2022",en
data/raw/japan/101_kishida_statement_202204_00007_html_2ef171a928.html,data/cleaned/japan/101_kishida_statement_202204_00007_html_2ef171a928.txt,https://japan.kantei.go.jp/101_kishida/statement/202204/_00007.html,japan,Prime Minister's Office of Japan (Kantei),Video Message by Prime Minister KISHIDA Fumio at the Stand Up For Ukraine Pledging Event for Evacuees and Internally Displaced People Convened by European Commission and Canada  (Speeches and Statements <br>by the Prime Minister) | Prime Minister's Office of Japan,SPEECH,"April 9, 2022",en
data/raw/japan/101_kishida_statement_202204_00008_html_600764439a.html,data/cleaned/japan/101_kishida_statement_202204_00008_html_600764439a.txt,https://japan.kantei.go.jp/101_kishida/statement/202204/_00008.html,japan,Prime Minister's Office of Japan (Kantei),Video Message by Prime Minister KISHIDA Fumio at the 7th Our Ocean Conference (Speeches and Statements <br>by the Prime Minister) | Prime Minister's Office of Japan,SPEECH,"April 15, 2022",en
data/raw/japan/101_kishida_statement_202204_00009_html_6fd95fa990.html,data/cleaned/japan/101_kishida_statement_202204_00009_html_6fd95fa990.txt,https://japan.kantei.go.jp/101_kishida/statement/202204/_00009.html,japan,Prime Minister's Office of Japan (Kantei),Message of Condolences from Prime Minister KISHIDA Fumio following the Damages Caused by the Flood Disaster in the Republic of South Africa (Speeches and Statements <br>by the Prime Minister) | Prime Minister's Office of Japan,SPEECH,"April 18, 2022",en
data/raw/japan/101_kishida_statement_202204_00010_html_058b897c77.html,data/cleaned/japan/101_kishida_statement_202204_00010_html_058b897c77.txt,https://japan.kantei.go.jp/101_kishida/statement/202204/_00010.html,japan,Prime Minister's Office of Japan (Kantei),Press Conference by the Prime Minister regarding a Telephone Talk with President Zelensky of Ukraine (Speeches and Statements <br>by the Prime Minister) | Prime Minister's Office of Japan,PRESS_CONFERENCE,"April 26, 2022",en
data/raw/japan/101_kishida_statement_202204_00011_html_6df97b6ed4.html,data/cleaned/japan/101_kishida_statement_202204_00011_html_6df97b6ed4.txt,https://japan.kantei.go.jp/101_kishida/statement/202204/_00011.html,japan,Prime Minister's Office of Japan (Kantei),"Press Conference by the Prime Minister regarding the Asia-Pacific Water Summit, Summit Meetings with Leaders of Other Nations and Other Matters (Speeches and Statements <br>by the Prime Minister) | Prime Minister's Office of Japan",PRESS_CONFERENCE,"April 23, 2022",en
data/raw/japan/101_kishida_statement_202204_00012_html_7a330237d8.html,data/cleaned/japan/101_kishida_statement_202204_00012_html_7a330237d8.txt,https://japan.kantei.go.jp/101_kishida/statement/202204/_00012.html,japan,Prime Minister's Office of Japan (Kantei),Press Conference by Prime Minister Kishida (Speeches and Statements <br>by the Prime Minister) | Prime Minister's Office of Japan,PRESS_CONFERENCE,"April 26, 2022",en
data/raw/japan/101_kishida_statement_202204_00014_html_fa24e0d460.html,data/cleaned/japan/101_kishida_statement_202204_00014_html_fa24e0d460.txt,https://japan.kantei.go.jp/101_kishida/statement/202204/_00014.html,japan,Prime Minister's Office of Japan (Kantei),Press Conference by the Prime Minister regarding His Visit to Southeast Asia and Europe (Speeches and Statements <br>by the Prime Minister) | Prime Minister's Office of Japan,PRESS_CONFERENCE,"April 29, 2022",en
data/raw/japan/101_kishida_statement_202204_00015_html_eb19c8001f.html,data/cleaned/japan/101_kishida_statement_202204_00015_html_eb19c8001f.txt,https://japan.kantei.go.jp/101_kishida/statement/202204/_00015.html,japan,Prime Minister's Office of Japan (Kantei),Press Conference by the Prime Minister regarding the Japan-Indonesia Summit Meeting and Other Matters (Speeches and Statements <br>by the Prime Minister) | Prime Minister's Office of Japan,PRESS_CONFERENCE,"April 29, 2022",en
data/raw/japan/101_kishida_statement_202204_00016_html_169ef675bc.html,data/cleaned/japan/101_kishida_statement_202204_00016_html_169ef675bc.txt,https://japan.kantei.go.jp/101_kishida/statement/202204/_00016.html,japan,Prime Minister's Office of Japan (Kantei),Press Conference by the Prime Minister regarding the Japan-Indonesia Summit Meeting and Other Matters (Speeches and Statements <br>by the Prime Minister) | Prime Minister's Office of Japan,PRESS_CONFERENCE,"April 29, 2022",en
data/raw/japan/101_kishida_statement_202204_00017_html_d98673f8ca.html,data/cleaned/japan/101_kishida_statement_202204_00017_html_d98673f8ca.txt,https://japan.kantei.go.jp/101_kishida/statement/202204/_00017.html,japan,Prime Minister's Office of Japan (Kantei),Speech by Prime Minister KISHIDA Fumio at the 4th Asia-Pacific Water Summit (Speeches and Statements <br>by the Prime Minister) | Prime Minister's Office of Japan,SPEECH,"April 23, 2022",en
data/raw/japan/101_kishida_statement_202205_00001_html_ff245ba79d.html,data/cleaned/japan/101_kishida_statement_202205_00001_html_ff245ba79d.txt,https://japan.kantei.go.jp/101_kishida/statement/202205/_00001.html,japan,Prime Minister's Office of Japan (Kantei),Press Conference by the Prime Minister regarding the Japan-Viet Nam Summit Meeting and Other Matters (Speeches and Statements <br>by the Prime Minister) | Prime Minister's Office of Japan,PRESS_CONFERENCE,"May 1, 2022",en
data/raw/japan/101_kishida_statement_202205_00002_html_9b4191b3a3.html,data/cleaned/japan/101_kishida_statement_202205_00002_html_9b4191b3a3.txt,https://japan.kantei.go.jp/101_kishida/statement/202205/_00002.html,japan,Prime Minister's Office of Japan (Kantei),Speech by Prime Minister KISHIDA Fumio at the Guildhall in London (Speeches and Statements <br>by the Prime Minister) | Prime Minister's Office of Japan,SPEECH,"May 5, 2022",en
data/raw/japan/101_kishida_statement_202205_00003_html_942c0f28c3.html,data/cleaned/japan/101_kishida_statement_202205_00003_html_942c0f28c3.txt,https://japan.kantei.go.jp/101_kishida/statement/202205/_00003.html,japan,Prime Minister's Office of Japan (Kantei),Press Conference by the Prime Minister regarding the Japan-Thailand Summit Meeting and Other Matters (Speeches and Statements <br>by the Prime Minister) | Prime Minister's Office of Japan,PRESS_CONFERENCE,"May 2, 2022",en
data/raw/japan/101_kishida_statement_202205_00004_html_ea97ded0be.html,data/cleaned/japan/101_kishida_statement_202205_00004_html_ea97ded0be.txt,https://japan.kantei.go.jp/101_kishida/statement/202205/_00004.html,japan,Prime Minister's Office of Japan (Kantei),Press Conference by the Prime Minister regarding North Korea’s Launch of a Ballistic Missile (Speeches and Statements <br>by the Prime Minister) | Prime Minister's Office of Japan,PRESS_CONFERENCE,"May 4, 2022",en
data/raw/japan/101_kishida_statement_202205_00005_html_d6d1306f00.html,data/cleaned/japan/101_kishida_statement_202205_00005_html_d6d1306f00.txt,https://japan.kantei.go.jp/101_kishida/statement/202205/_00005.html,japan,Prime Minister's Office of Japan (Kantei),Press Conference by the Prime Minister regarding His Visit to Italy and the Vatican and Other Matters (Speeches and Statements <br>by the Prime Minister) | Prime Minister's Office of Japan,PRESS_CONFERENCE,"May 4, 2022",en
data/raw/japan/101_kishida_statement_202205_00006_html_0cd28147c5.html,data/cleaned/japan/101_kishida_statement_202205_00006_html_0cd28147c5.txt,https://japan.kantei.go.jp/101_kishida/statement/202205/_00006.html,japan,Prime Minister's Office of Japan (Kantei),Video Message by Prime Minister KISHIDA Fumio at the Second Global COVID-19 Summit (Speeches and Statements <br>by the Prime Minister) | Prime Minister's Office of Japan,SPEECH,"May 10, 2022",en
data/raw/japan/101_kishida_statement_202205_00007_html_9dd5b27fc2.html,data/cleaned/japan/101_kishida_statement_202205_00007_html_9dd5b27fc2.txt,https://japan.kantei.go.jp/101_kishida/statement/202205/_00007.html,japan,Prime Minister's Office of Japan (Kantei),"Speech by Prime Minister KISHIDA Fumio at the Japan-Finland Co-hosted Event ""Societal Impacts of Digitalization - Toward the society of Beyond 5G/6G"" (Speeches and Statements <br>by the Prime Minister) | Prime Minister's Office of Japan",SPEECH,"May 11, 2022",en
data/raw/japan/101_kishida_statement_202205_00008_html_9451d339e4.html,data/cleaned/japan/101_kishida_statement_202205_00008_html_9451d339e4.txt,https://japan.kantei.go.jp/101_kishida/statement/202205/_00008.html,japan,Prime Minister's Office of Japan (Kantei),"Condolences by Prime Minister Kishida on the Demise of the President of the United Arab Emirates, His Highness Sheikh Khalifa bin Zayed Al Nahyan (Speeches and Statements <br>by the Prime Minister) | Prime Minister's Office of Japan",SPEECH,"May 14, 2022",en
data/raw/japan/101_kishida_statement_202205_00009_html_a7aeccca60.html,data/cleaned/japan/101_kishida_statement_202205_00009_html_a7aeccca60.txt,https://japan.kantei.go.jp/101_kishida/statement/202205/_00009.html,japan,Prime Minister's Office of Japan (Kantei),Japan’s Response to Russia's Aggression against Ukraine (Speeches and Statements <br>by the Prime Minister) | Prime Minister's Office of Japan,SPEECH,"May 11, 2022",en
data/raw/japan/101_kishida_statement_202205_00010_html_96a6600642.html,data/cleaned/japan/101_kishida_statement_202205_00010_html_96a6600642.txt,https://japan.kantei.go.jp/101_kishida/statement/202205/_00010.html,japan,Prime Minister's Office of Japan (Kantei),Press Conference by the Prime Minister regarding His Visit to Okinawa Prefecture (Speeches and Statements <br>by the Prime Minister) | Prime Minister's Office of Japan,PRESS_CONFERENCE,"May 15, 2022",en
data/raw/japan/101_kishida_statement_202205_00011_html_7e4e303ba1.html,data/cleaned/japan/101_kishida_statement_202205_00011_html_7e4e303ba1.txt,https://japan.kantei.go.jp/101_kishida/statement/202205/_00011.html,japan,Prime Minister's Office of Japan (Kantei),Press Conference by Prime Minister KISHIDA Fumio regarding His Visit to Southeast Asia and Europe (Speeches and Statements <br>by the Prime Minister) | Prime Minister's Office of Japan,PRESS_CONFERENCE,"May 5, 2022",en
data/raw/japan/101_kishida_statement_202205_00012_html_d74e91a8ba.html,data/cleaned/japan/101_kishida_statement_202205_00012_html_d74e91a8ba.txt,https://japan.kantei.go.jp/101_kishida/statement/202205/_00012.html,japan,Prime Minister's Office of Japan (Kantei),Press Conference by the Prime Minister regarding U.S. President Biden’s Visit to Japan and Other Matters (Speeches and Statements <br>by the Prime Minister) | Prime Minister's Office of Japan,PRESS_CONFERENCE,"May 21, 2022",en
data/raw/japan/101_kishida_statement_202205_00013_html_05e428b302.html,data/cleaned/japan/101_kishida_statement_202205_00013_html_05e428b302.txt,https://japan.kantei.go.jp/101_kishida/statement/202205/_00013.html,japan,Prime Minister's Office of Japan (Kantei),Press Conference by Prime Minister KISHIDA Fumio Following the Japan-Australia-India-U.S. (Quad) Leaders' Meeting (Speeches and Statements <br>by the Prime Minister) | Prime Minister's Office of Japan,PRESS_CONFERENCE,"May 24, 2022",en
data/raw/japan/101_kishida_statement_202205_00014_html_31e1c42d61.html,data/cleaned/japan/101_kishida_statement_202205_00014_html_31e1c42d61.txt,https://japan.kantei.go.jp/101_kishida/statement/202205/_00014.html,japan,Prime Minister's Office of Japan (Kantei),Speech by Prime Minister KISHIDA Fumio at the 27th International Conference on The Future of Asia (Speeches and Statements <br>by the Prime Minister) | Prime Minister's Office of Japan,SPEECH,"May 26, 2022",en
data/raw/japan/101_kishida_statement_202205_00015_html_a59db9087f.html,data/cleaned/japan/101_kishida_statement_202205_00015_html_a59db9087f.txt,https://japan.kantei.go.jp/101_kishida/statement/202205/_00015.html,japan,Prime Minister's Office of Japan (Kantei),Press Conference by the Prime Minister on the Approval of the FY2022 Supplementary Budget and Other Matters (Speeches and Statements <br>by the Prime Minister) | Prime Minister's Office of Japan,PRESS_CONFERENCE,"May 31, 2022",en
data/raw/japan/101_kishida_statement_202206_00001_html_183a00fde3.html,data/cleaned/japan/101_kishida_statement_202206_00001_html_183a00fde3.txt,https://japan.kantei.go.jp/101_kishida/statement/202206/_00001.html,japan,Prime Minister's Office of Japan (Kantei),"Message of Condolences from Prime Minister KISHIDA Fumio Following the Damages Caused by the Flood and Landslide Disaster in the State of Pernambuco, the Federative Republic of Brazil  (Speeches and Statements <br>by the Prime Minister) | Prime Minister's Office of Japan",SPEECH,"June 1, 2022",en
data/raw/japan/101_kishida_statement_202206_00002_html_02cb7dd3a2.html,data/cleaned/japan/101_kishida_statement_202206_00002_html_02cb7dd3a2.txt,https://japan.kantei.go.jp/101_kishida/statement/202206/_00002.html,japan,Prime Minister's Office of Japan (Kantei),Keynote Address by Prime Minister KISHIDA Fumio at the IISS Shangri-La Dialogue (Speeches and Statements <br>by the Prime Minister) | Prime Minister's Office of Japan,SPEECH,"June 10, 2022",en
data/raw/japan/101_kishida_statement_202206_00004_html_7df2acfa0f.html,data/cleaned/japan/101_kishida_statement_202206_00004_html_7df2acfa0f.txt,https://japan.kantei.go.jp/101_kishida/statement/202206/_00004.html,japan,Prime Minister's Office of Japan (Kantei),Press Conference by the Prime Minister on His Upcoming Visit to Singapore (Speeches and Statements <br>by the Prime Minister) | Prime Minister's Office of Japan,PRESS_CONFERENCE,"June 10, 2022",en
data/raw/japan/101_kishida_statement_202206_00005_html_01b93efe5b.html,data/cleaned/japan/101_kishida_statement_202206_00005_html_01b93efe5b.txt,https://japan.kantei.go.jp/101_kishida/statement/202206/_00005.html,japan,Prime Minister's Office of Japan (Kantei),Press Conference by the Prime Minister on His Keynote Address at the Shangri-La Dialogue (the IISS Asia Security Summit) and Other Matters (Speeches and Statements <br>by the Prime Minister) | Prime Minister's Office of Japan,PRESS_CONFERENCE,"June 10, 2022",en
data/raw/japan/101_kishida_statement_202206_00006_html_065ae9dcec.html,data/cleaned/japan/101_kishida_statement_202206_00006_html_065ae9dcec.txt,https://japan.kantei.go.jp/101_kishida/statement/202206/_00006.html,japan,Prime Minister's Office of Japan (Kantei),Press Conference by Prime Minister Kishida (Speeches and Statements <br>by the Prime Minister) | Prime Minister's Office of Japan,PRESS_CONFERENCE,"June 15, 2022",en
data/raw/japan/101_kishida_statement_202206_00007_html_fbd52b3aa7.html,data/cleaned/japan/101_kishida_statement_202206_00007_html_fbd52b3aa7.txt,https://japan.kantei.go.jp/101_kishida/statement/202206/_00007.html,japan,Prime Minister's Office of Japan (Kantei),Video Message by Prime Minister KISHIDA Fumio at the Major Economies Forum on Energy and Climate Leaders Meeting (Speeches and Statements <br>by the Prime Minister) | Prime Minister's Office of Japan,SPEECH,"June 17, 2022",en
data/raw/japan/101_kishida_statement_202206_00009_html_598d8c0a4c.html,data/cleaned/japan/101_kishida_statement_202206_00009_html_598d8c0a4c.txt,https://japan.kantei.go.jp/101_kishida/statement/202206/_00009.html,japan,Prime Minister's Office of Japan (Kantei),Contribution to Frankfurter Allgemeine Zeitung by Prime Minister KISHIDA Fumio on the Occasion of His Visit to Germany for the G7 Elmau Summit (in German) (Speeches and Statements <br>by the Prime Minister) | Prime Minister's Office of Japan,SPEECH,"June 26, 2022",en
data/raw/japan/101_kishida_statement_202206_00010_html_631ca9e70a.html,data/cleaned/japan/101_kishida_statement_202206_00010_html_631ca9e70a.txt,https://japan.kantei.go.jp/101_kishida/statement/202206/_00010.html,japan,Prime Minister's Office of Japan (Kantei),Contribution to Frankfurter Allgemeine Zeitung by Prime Minister KISHIDA Fumio on the Occasion of His Visit to Germany for the G7 Elmau Summit (Speeches and Statements <br>by the Prime Minister) | Prime Minister's Office of Japan,SPEECH,"June 26, 2022",en
data/raw/japan/101_kishida_statement_202206_00011_html_744e0bc432.html,data/cleaned/japan/101_kishida_statement_202206_00011_html_744e0bc432.txt,https://japan.kantei.go.jp/101_kishida/statement/202206/_00011.html,japan,Prime Minister's Office of Japan (Kantei),Press Conference by Prime Minister Kishida on His Attendance at the G7 Summit and NATO Summit (Speeches and Statements <br>by the Prime Minister) | Prime Minister's Office of Japan,PRESS_CONFERENCE,"June 25, 2022",en
data/raw/japan/101_kishida_statement_202206_00012_html_f0cf2b889f.html,data/cleaned/japan/101_kishida_statement_202206_00012_html_f0cf2b889f.txt,https://japan.kantei.go.jp/101_kishida/statement/202206/_00012.html,japan,Prime Minister's Office of Japan (Kantei),Contribution to EL PAÍS by Prime Minister KISHIDA Fumio on the Occasion of His Visit to Spain for the NATO Summit (in Spanish) (Speeches and Statements <br>by the Prime Minister) | Prime Minister's Office of Japan,SPEECH,"June 28, 2022",en
data/raw/japan/101_kishida_statement_202206_00013_html_4c4fa90b3e.html,data/cleaned/japan/101_kishida_statement_202206_00013_html_4c4fa90b3e.txt,https://japan.kantei.go.jp/101_kishida/statement/202206/_00013.html,japan,Prime Minister's Office of Japan (Kantei),Contribution to EL PAÍS by Prime Minister KISHIDA Fumio on the Occasion of His Visit to Spain for the NATO Summit (Speeches and Statements <br>by the Prime Minister) | Prime Minister's Office of Japan,SPEECH,"June 28, 2022",en
data/raw/japan/101_kishida_statement_202206_00015_html_4d3dc841a6.html,data/cleaned/japan/101_kishida_statement_202206_00015_html_4d3dc841a6.txt,https://japan.kantei.go.jp/101_kishida/statement/202206/_00015.html,japan,Prime Minister's Office of Japan (Kantei),Press Conference by the Prime Minister regarding the NATO Summit Meeting and Other Matters (Speeches and Statements <br>by the Prime Minister) | Prime Minister's Office of Japan,PRESS_CONFERENCE,"June 29, 2022",en
data/raw/japan/101_kishida_statement_202206_00016_html_420ade943c.html,data/cleaned/japan/101_kishida_statement_202206_00016_html_420ade943c.txt,https://japan.kantei.go.jp/101_kishida/statement/202206/_00016.html,japan,Prime Minister's Office of Japan (Kantei),Press Conference by Prime Minster Kishida on Attending the G7 Elmau Summit (Speeches and Statements <br>by the Prime Minister) | Prime Minister's Office of Japan,PRESS_CONFERENCE,"June 28, 2022",en
data/raw/japan/101_kishida_statement_202207_00002_html_67327f7452.html,data/cleaned/japan/101_kishida_statement_202207_00002_html_67327f7452.txt,https://japan.kantei.go.jp/101_kishida/statement/202207/_00002.html,japan,Prime Minister's Office of Japan (Kantei),Press Conference by the Prime Minister on the Attack Perpetrated against Former Prime Minister ABE Shinzo (Speeches and Statements <br>by the Prime Minister) | Prime Minister's Office of Japan,PRESS_CONFERENCE,"July 8, 2022",en
data/raw/japan/101_kishida_statement_202207_00003_html_dfc8fdfbe1.html,data/cleaned/japan/101_kishida_statement_202207_00003_html_dfc8fdfbe1.txt,https://japan.kantei.go.jp/101_kishida/statement/202207/_00003.html,japan,Prime Minister's Office of Japan (Kantei),Statement by Prime Minister Kishida on the Passing of Former Prime Minister ABE Shinzo (Speeches and Statements <br>by the Prime Minister) | Prime Minister's Office of Japan,SPEECH,"July 8, 2022",en
data/raw/japan/101_kishida_statement_202207_00004_html_e085ca564a.html,data/cleaned/japan/101_kishida_statement_202207_00004_html_e085ca564a.txt,https://japan.kantei.go.jp/101_kishida/statement/202207/_00004.html,japan,Prime Minister's Office of Japan (Kantei),Press Conference by Prime Minister Kishida on the Passing of Former Prime Minister ABE Shinzo (Speeches and Statements <br>by the Prime Minister) | Prime Minister's Office of Japan,PRESS_CONFERENCE,"July 8, 2022",en
data/raw/japan/101_kishida_statement_202207_00006_html_c6a6d2f379.html,data/cleaned/japan/101_kishida_statement_202207_00006_html_c6a6d2f379.txt,https://japan.kantei.go.jp/101_kishida/statement/202207/_00006.html,japan,Prime Minister's Office of Japan (Kantei),Press Conference by Prime Minister Kishida on His Telephone Meeting with President Biden of the United States (Speeches and Statements <br>by the Prime Minister) | Prime Minister's Office of Japan,PRESS_CONFERENCE,"July 9, 2022",en
data/raw/japan/101_kishida_statement_202207_00007_html_92a5213427.html,data/cleaned/japan/101_kishida_statement_202207_00007_html_92a5213427.txt,https://japan.kantei.go.jp/101_kishida/statement/202207/_00007.html,japan,Prime Minister's Office of Japan (Kantei),Message of Condolences from Prime Minister Kishida following the Damages Caused by Heavy Rainfall in Various Parts of Pakistan (Speeches and Statements <br>by the Prime Minister) | Prime Minister's Office of Japan,SPEECH,"July 14, 2022",en
data/raw/japan/101_kishida_statement_202207_00008_html_08062c4634.html,data/cleaned/japan/101_kishida_statement_202207_00008_html_08062c4634.txt,https://japan.kantei.go.jp/101_kishida/statement/202207/_00008.html,japan,Prime Minister's Office of Japan (Kantei),Press Conference by Prime Minster Kishida (Speeches and Statements <br>by the Prime Minister) | Prime Minister's Office of Japan,PRESS_CONFERENCE,"July 14, 2022",en
data/raw/japan/101_kishida_statement_202207_00009_html_e2fa0f6fe1.html,data/cleaned/japan/101_kishida_statement_202207_00009_html_e2fa0f6fe1.txt,https://japan.kantei.go.jp/101_kishida/statement/202207/_00009.html,japan,Prime Minister's Office of Japan (Kantei),Message from the Prime Minister on the Occasion of Marine Day 2022 (Speeches and Statements <br>by the Prime Minister) | Prime Minister's Office of Japan,SPEECH,"July 18, 2022",en
data/raw/japan/101_kishida_statement_202207_00010_html_6b80f3d6f6.html,data/cleaned/japan/101_kishida_statement_202207_00010_html_6b80f3d6f6.txt,https://japan.kantei.go.jp/101_kishida/statement/202207/_00010.html,japan,Prime Minister's Office of Japan (Kantei),Press Conference by Prime Minister Kishida on His Visit to the United States and Other Matters (Speeches and Statements <br>by the Prime Minister) | Prime Minister's Office of Japan,PRESS_CONFERENCE,"July 31, 2022",en
data/raw/japan/101_kishida_statement_202208_00001_html_9c1cc4ff89.html,data/cleaned/japan/101_kishida_statement_202208_00001_html_9c1cc4ff89.txt,https://japan.kantei.go.jp/101_kishida/statement/202208/_00001.html,japan,Prime Minister's Office of Japan (Kantei),General Debate Speech by Prime Minister KISHIDA Fumio at the Tenth Review Conference of the Parties to the Treaty on the Non-Proliferation of Nuclear Weapons (NPT) (Speeches and Statements <br>by the Prime Minister) | Prime Minister's Office of Japan,SPEECH,"August 1, 2022",en
data/raw/japan/101_kishida_statement_202208_00002_html_75ed7ce5eb.html,data/cleaned/japan/101_kishida_statement_202208_00002_html_75ed7ce5eb.txt,https://japan.kantei.go.jp/101_kishida/statement/202208/_00002.html,japan,Prime Minister's Office of Japan (Kantei),Press Conference by Prime Minister Kishida on Attending the Review Conference of the Parties to the Treaty on the Non-Proliferation of Nuclear Weapons (NPT) (Speeches and Statements <br>by the Prime Minister) | Prime Minister's Office of Japan,PRESS_CONFERENCE,"August 1, 2022",en
data/raw/japan/101_kishida_statement_202208_00003_html_1d70283e29.html,data/cleaned/japan/101_kishida_statement_202208_00003_html_1d70283e29.txt,https://japan.kantei.go.jp/101_kishida/statement/202208/_00003.html,japan,Prime Minister's Office of Japan (Kantei),Address by Prime Minister KISHIDA Fumio at the Hiroshima Peace Memorial Ceremony (Speeches and Statements <br>by the Prime Minister) | Prime Minister's Office of Japan,SPEECH,"August 6, 2022",en
data/raw/japan/101_kishida_statement_202208_00004_html_a03c83a31c.html,data/cleaned/japan/101_kishida_statement_202208_00004_html_a03c83a31c.txt,https://japan.kantei.go.jp/101_kishida/statement/202208/_00004.html,japan,Prime Minister's Office of Japan (Kantei),Address by Prime Minister KISHIDA Fumio at the Nagasaki Peace Memorial Ceremony (Speeches and Statements <br>by the Prime Minister) | Prime Minister's Office of Japan,SPEECH,"August 9, 2022",en
data/raw/japan/101_kishida_statement_202208_00005_html_e052f430e3.html,data/cleaned/japan/101_kishida_statement_202208_00005_html_e052f430e3.txt,https://japan.kantei.go.jp/101_kishida/statement/202208/_00005.html,japan,Prime Minister's Office of Japan (Kantei),Statement by Prime Minister Kishida (Speeches and Statements <br>by the Prime Minister) | Prime Minister's Office of Japan,SPEECH,"August 10, 2022",en
data/raw/japan/101_kishida_statement_202208_00006_html_47b905f25e.html,data/cleaned/japan/101_kishida_statement_202208_00006_html_47b905f25e.txt,https://japan.kantei.go.jp/101_kishida/statement/202208/_00006.html,japan,Prime Minister's Office of Japan (Kantei),Address by Prime Minister Kishida at the Seventy-Seventh National Memorial Ceremony for the War Dead (Speeches and Statements <br>by the Prime Minister) | Prime Minister's Office of Japan,SPEECH,"August 15, 2022",en
data/raw/japan/101_kishida_statement_202208_00007_html_99e8480ce3.html,data/cleaned/japan/101_kishida_statement_202208_00007_html_99e8480ce3.txt,https://japan.kantei.go.jp/101_kishida/statement/202208/_00007.html,japan,Prime Minister's Office of Japan (Kantei),Press Conference by Prime Minster Kishida (Speeches and Statements <br>by the Prime Minister) | Prime Minister's Office of Japan,PRESS_CONFERENCE,"August 10, 2022",en
data/raw/japan/101_kishida_statement_202208_00009_html_a631e28e22.html,data/cleaned/japan/101_kishida_statement_202208_00009_html_a631e28e22.txt,https://japan.kantei.go.jp/101_kishida/statement/202208/_00009.html,japan,Prime Minister's Office of Japan (Kantei),Video Message by Prime Minister KISHIDA Fumio at the Second Summit of the Crimea Platform (Speeches and Statements <br>by the Prime Minister) | Prime Minister's Office of Japan,SPEECH,"August 23, 2022",en
data/raw/japan/101_kishida_statement_202208_00011_html_0cb858e547.html,data/cleaned/japan/101_kishida_statement_202208_00011_html_0cb858e547.txt,https://japan.kantei.go.jp/101_kishida/statement/202208/_00011.html,japan,Prime Minister's Office of Japan (Kantei),Contributed article to The Japan Times by Prime Minister KISHIDA Fumio on the Occasion of Holding the 8th Tokyo International Conference on African Development (TICAD8) in Tunisia (Speeches and Statements <br>by the Prime Minister) | Prime Minister's Office of Japan,SPEECH,"August 26, 2022",en
data/raw/japan/101_kishida_statement_202208_00012_html_685d4d11df.html,data/cleaned/japan/101_kishida_statement_202208_00012_html_685d4d11df.txt,https://japan.kantei.go.jp/101_kishida/statement/202208/_00012.html,japan,Prime Minister's Office of Japan (Kantei),Contributed article to La Presse de Tunisie by Prime Minister KISHIDA Fumio on the Occasion of Holding the 8th Tokyo International Conference on African Development (TICAD8) in Tunisia (in French) (Speeches and Statements <br>by the Prime Minister) | Prime Minister's Office of Japan,SPEECH,"August 26, 2022",en
data/raw/japan/101_kishida_statement_202208_00013_html_4e09ee21c6.html,data/cleaned/japan/101_kishida_statement_202208_00013_html_4e09ee21c6.txt,https://japan.kantei.go.jp/101_kishida/statement/202208/_00013.html,japan,Prime Minister's Office of Japan (Kantei),Contributed article to Assabah by Prime Minister KISHIDA Fumio on the Occasion of Holding the 8th Tokyo International Conference on African Development (TICAD8) in Tunisia (in Arabic) (Speeches and Statements <br>by the Prime Minister) | Prime Minister's Office of Japan,SPEECH,"August 26, 2022",en
data/raw/japan/101_kishida_statement_202208_00015_html_cc56f24e0d.html,data/cleaned/japan/101_kishida_statement_202208_00015_html_cc56f24e0d.txt,https://japan.kantei.go.jp/101_kishida/statement/202208/_00015.html,japan,Prime Minister's Office of Japan (Kantei),Contributed article to the Arab News by Prime Minister KISHIDA Fumio on the Occasion of Holding the 8th Tokyo International Conference on African Development (TICAD8) in Tunisia (Speeches and Statements <br>by the Prime Minister) | Prime Minister's Office of Japan,SPEECH,"August 26, 2022",en
data/raw/japan/101_kishida_statement_202208_00016_html_9c383b2934.html,data/cleaned/japan/101_kishida_statement_202208_00016_html_9c383b2934.txt,https://japan.kantei.go.jp/101_kishida/statement/202208/_00016.html,japan,Prime Minister's Office of Japan (Kantei),Contributed article to La Presse de Tunisie and Assabah by Prime Minister KISHIDA Fumio on the Occasion of Holding the 8th Tokyo International Conference on African Development (TICAD8) in Tunisia (in English) (Speeches and Statements <br>by the Prime Minister) | Prime Minister's Office of Japan,SPEECH,"August 26, 2022",en
data/raw/japan/101_kishida_statement_202208_00017_html_ff215e4244.html,data/cleaned/japan/101_kishida_statement_202208_00017_html_ff215e4244.txt,https://japan.kantei.go.jp/101_kishida/statement/202208/_00017.html,japan,Prime Minister's Office of Japan (Kantei),Opening  Speech by Prime Minister KISHIDA Fumio at the Opening Session of the Eighth Tokyo International Conference on African Development (TICAD8) (Speeches and Statements <br>by the Prime Minister) | Prime Minister's Office of Japan,SPEECH,"August 27, 2022",en
data/raw/japan/101_kishida_statement_202208_00019_html_f11ab7b0d7.html,data/cleaned/japan/101_kishida_statement_202208_00019_html_f11ab7b0d7.txt,https://japan.kantei.go.jp/101_kishida/statement/202208/_00019.html,japan,Prime Minister's Office of Japan (Kantei),Video Message by Prime Minister KISHIDA Fumio at the Business Forum of TICAD 8 (in English) (Speeches and Statements <br>by the Prime Minister) | Prime Minister's Office of Japan,SPEECH,"August 27, 2022",en
data/raw/japan/101_kishida_statement_202208_00020_html_7707a140db.html,data/cleaned/japan/101_kishida_statement_202208_00020_html_7707a140db.txt,https://japan.kantei.go.jp/101_kishida/statement/202208/_00020.html,japan,Prime Minister's Office of Japan (Kantei),Video Message by Prime Minister KISHIDA Fumio at the Business Forum of TICAD 8 (in French) (Speeches and Statements <br>by the Prime Minister) | Prime Minister's Office of Japan,SPEECH,"August 27, 2022",en
data/raw/japan/101_kishida_statement_202208_00021_html_7e7361727f.html,data/cleaned/japan/101_kishida_statement_202208_00021_html_7e7361727f.txt,https://japan.kantei.go.jp/101_kishida/statement/202208/_00021.html,japan,Prime Minister's Office of Japan (Kantei),Video Message by Prime Minister KISHIDA Fumio at the Fourth Hideyo Noguchi Africa Prize Award Ceremony (in English) (Speeches and Statements <br>by the Prime Minister) | Prime Minister's Office of Japan,SPEECH,"August 28, 2022",en
data/raw/japan/101_kishida_statement_202208_00022_html_36ed6138e3.html,data/cleaned/japan/101_kishida_statement_202208_00022_html_36ed6138e3.txt,https://japan.kantei.go.jp/101_kishida/statement/202208/_00022.html,japan,Prime Minister's Office of Japan (Kantei),Video Message by Prime Minister KISHIDA Fumio at the Fourth Hideyo Noguchi Africa Prize Award Ceremony (in French) (Speeches and Statements <br>by the Prime Minister) | Prime Minister's Office of Japan,SPEECH,"August 28, 2022",en
data/raw/japan/101_kishida_statement_202208_00024_html_61b311a690.html,data/cleaned/japan/101_kishida_statement_202208_00024_html_61b311a690.txt,https://japan.kantei.go.jp/101_kishida/statement/202208/_00024.html,japan,Prime Minister's Office of Japan (Kantei),Joint Press Conference at the Eighth Tokyo International Conference on African Development (TICAD8) (Speeches and Statements <br>by the Prime Minister) | Prime Minister's Office of Japan,PRESS_CONFERENCE,"August 28, 2022",en
data/raw/japan/101_kishida_statement_202208_00027_html_c15bc66543.html,data/cleaned/japan/101_kishida_statement_202208_00027_html_c15bc66543.txt,https://japan.kantei.go.jp/101_kishida/statement/202208/_00027.html,japan,Prime Minister's Office of Japan (Kantei),Press Conference by Prime Minister Kishida on His Reaction to the Outcome of the Review Conference of the Parties to the Treaty on the Non-Proliferation of Nuclear Weapons (NPT) and Other Matters (Speeches and Statements <br>by the Prime Minister) | Prime Minister's Office of Japan,PRESS_CONFERENCE,"August 27, 2022",en
data/raw/japan/101_kishida_statement_202208_00028_html_77d0509c32.html,data/cleaned/japan/101_kishida_statement_202208_00028_html_77d0509c32.txt,https://japan.kantei.go.jp/101_kishida/statement/202208/_00028.html,japan,Prime Minister's Office of Japan (Kantei),"Discours d’ouverture de M. KISHIDA Fumio, Premier ministre du Japon Séance d’ouverture, 8e Conférence internationale de Tokyo sur le Développement de l’Afrique (TICAD 8)27 août 2022, Palais des Congrès, Tunis, Tunisie (Speeches and Statements <br>by the Prime Minister) | Prime Minister's Office of Japan",SPEECH,"August 27, 2022",en
data/raw/japan/101_kishida_statement_202208_00029_html_700cda685b.html,data/cleaned/japan/101_kishida_statement_202208_00029_html_700cda685b.txt,https://japan.kantei.go.jp/101_kishida/statement/202208/_00029.html,japan,Prime Minister's Office of Japan (Kantei),"Intervention de M. KISHIDA Fumio, Premier ministre du Japon, à la Conférence de presse conjointe de la 8e Conférence internationale de Tokyo sur le Développement de l’Afrique (TICAD 8) 28 août 2022, Hôtel Laico Tunis, Tunis, Tunisie (Speeches and Statements <br>by the Prime Minister) | Prime Minister's Office of Japan",SPEECH,"August 28, 2022",en
data/raw/japan/101_kishida_statement_202208_00031_html_5b1e6d9313.html,data/cleaned/japan/101_kishida_statement_202208_00031_html_5b1e6d9313.txt,https://japan.kantei.go.jp/101_kishida/statement/202208/_00031.html,japan,Prime Minister's Office of Japan (Kantei),Press Conference by Prime Minster Kishida (Speeches and Statements <br>by the Prime Minister) | Prime Minister's Office of Japan,PRESS_CONFERENCE,"August 31, 2022",en
data/raw/japan/tag_0004_html_d145a36ad4.html,data/cleaned/japan/tag_0004_html_d145a36ad4.txt,https://japan.kantei.go.jp/tag/0004.html,japan,Prime Minister's Office of Japan (Kantei),#BorderMeasures List of articles | Prime Minister's Office of Japan,PRESS_CONFERENCE,"August 31, 2022",en
data/raw/japan/tag_0037_html_8b95e4016f.html,data/cleaned/japan/tag_0037_html_8b95e4016f.txt,https://japan.kantei.go.jp/tag/0037.html,japan,Prime Minister's Office of Japan (Kantei),#TICAD List of articles | Prime Minister's Office of Japan,PRESS_CONFERENCE,"August 26, 2023",en
data/raw/japan/101_kishida_statement_202209_00001_html_2d68ac0dd9.html,data/cleaned/japan/101_kishida_statement_202209_00001_html_2d68ac0dd9.txt,https://japan.kantei.go.jp/101_kishida/statement/202209/_00001.html,japan,Prime Minister's Office of Japan (Kantei),Statement by Prime Minister Kishida on the Passing of the Former Soviet Union President Mikhail Gorbachev (Speeches and Statements <br>by the Prime Minister) | Prime Minister's Office of Japan,SPEECH,"September 1, 2022",en
data/raw/japan/101_kishida_statement_202209_00002_html_9eb2f88bcd.html,data/cleaned/japan/101_kishida_statement_202209_00002_html_9eb2f88bcd.txt,https://japan.kantei.go.jp/101_kishida/statement/202209/_00002.html,japan,Prime Minister's Office of Japan (Kantei),Statement by Prime Minister Kishida on the Passing of Her Majesty Queen Elizabeth II (Speeches and Statements <br>by the Prime Minister) | Prime Minister's Office of Japan,SPEECH,"September 9, 2022",en
data/raw/japan/101_kishida_statement_202209_00003_html_66fe5d5fbb.html,data/cleaned/japan/101_kishida_statement_202209_00003_html_66fe5d5fbb.txt,https://japan.kantei.go.jp/101_kishida/statement/202209/_00003.html,japan,Prime Minister's Office of Japan (Kantei),Press Conference by Prime Minister Kishida on the Passing of Her Majesty Queen Elizabeth II (Speeches and Statements <br>by the Prime Minister) | Prime Minister's Office of Japan,PRESS_CONFERENCE,"September 9, 2022",en
data/raw/japan/101_kishida_statement_202209_00004_html_5fd95e5c8a.html,data/cleaned/japan/101_kishida_statement_202209_00004_html_5fd95e5c8a.txt,https://japan.kantei.go.jp/101_kishida/statement/202209/_00004.html,japan,Prime Minister's Office of Japan (Kantei),Address by Prime Minister Kishida at the Seventy-Seventh Session of the United Nations General Assembly (Speeches and Statements <br>by the Prime Minister) | Prime Minister's Office of Japan,SPEECH,"September 20, 2022",en
data/raw/japan/101_kishida_statement_202209_00005_html_f3db6a8210.html,data/cleaned/japan/101_kishida_statement_202209_00005_html_f3db6a8210.txt,https://japan.kantei.go.jp/101_kishida/statement/202209/_00005.html,japan,Prime Minister's Office of Japan (Kantei),Press Conference by Prime Minister Kishida on His Upcoming Visit to the United States (Speeches and Statements <br>by the Prime Minister) | Prime Minister's Office of Japan,PRESS_CONFERENCE,"September 20, 2022",en
data/raw/japan/101_kishida_statement_202209_00006_html_0db06efad0.html,data/cleaned/japan/101_kishida_statement_202209_00006_html_0db06efad0.txt,https://japan.kantei.go.jp/101_kishida/statement/202209/_00006.html,japan,Prime Minister's Office of Japan (Kantei),Speech by Prime Minister KISHIDA Fumio at UN Women's HeForShe Summit (Speeches and Statements <br>by the Prime Minister) | Prime Minister's Office of Japan,SPEECH,"September 21, 2022",en
data/raw/japan/101_kishida_statement_202209_00008_html_9defb681f9.html,data/cleaned/japan/101_kishida_statement_202209_00008_html_9defb681f9.txt,https://japan.kantei.go.jp/101_kishida/statement/202209/_00008.html,japan,Prime Minister's Office of Japan (Kantei),Speech by Prime Minister KISHIDA Fumio at the Global Fund’s Seventh Replenishment Conference (Speeches and Statements <br>by the Prime Minister) | Prime Minister's Office of Japan,SPEECH,"September 21, 2022",en
data/raw/japan/101_kishida_statement_202209_00009_html_01229402a6.html,data/cleaned/japan/101_kishida_statement_202209_00009_html_01229402a6.txt,https://japan.kantei.go.jp/101_kishida/statement/202209/_00009.html,japan,Prime Minister's Office of Japan (Kantei),Speech by Prime Minister KISHIDA Fumio at the New York Stock Exchange (Speeches and Statements <br>by the Prime Minister) | Prime Minister's Office of Japan,SPEECH,"September 22, 2022",en
data/raw/japan/101_kishida_statement_202209_00010_html_7170759321.html,data/cleaned/japan/101_kishida_statement_202209_00010_html_7170759321.txt,https://japan.kantei.go.jp/101_kishida/statement/202209/_00010.html,japan,Prime Minister's Office of Japan (Kantei),Press Conference by Prime Minster Kishida on His Visit to the United States (Speeches and Statements <br>by the Prime Minister) | Prime Minister's Office of Japan,PRESS_CONFERENCE,"September 22, 2022",en
data/raw/japan/101_kishida_statement_202209_00011_html_e126bdb289.html,data/cleaned/japan/101_kishida_statement_202209_00011_html_e126bdb289.txt,https://japan.kantei.go.jp/101_kishida/statement/202209/_00011.html,japan,Prime Minister's Office of Japan (Kantei),Memorial Address by Prime Minister KISHIDA Fumio at the State Funeral for the Late Prime Minister ABE Shinzo (Speeches and Statements <br>by the Prime Minister) | Prime Minister's Office of Japan,SPEECH,"September 27, 2022",en
data/raw/japan/101_kishida_statement_202209_00012_html_5f075d5389.html,data/cleaned/japan/101_kishida_statement_202209_00012_html_5f075d5389.txt,https://japan.kantei.go.jp/101_kishida/statement/202209/_00012.html,japan,Prime Minister's Office of Japan (Kantei),Video Message by Prime Minister KISHIDA Fumio at the GZERO Summit 2022 (Speeches and Statements <br>by the Prime Minister) | Prime Minister's Office of Japan,SPEECH,"September 28, 2022",en
data/raw/japan/101_kishida_statement_202209_00013_html_f663481756.html,data/cleaned/japan/101_kishida_statement_202209_00013_html_f663481756.txt,https://japan.kantei.go.jp/101_kishida/statement/202209/_00013.html,japan,Prime Minister's Office of Japan (Kantei),Press Conference by the Prime Minister on His Thoughts after the State Funeral for the Late Abe Shinzo and Other Matters (Speeches and Statements <br>by the Prime Minister) | Prime Minister's Office of Japan,PRESS_CONFERENCE,"September 29, 2022",en
data/raw/japan/101_kishida_statement_202209_00014_html_6bf5b77d64.html,data/cleaned/japan/101_kishida_statement_202209_00014_html_6bf5b77d64.txt,https://japan.kantei.go.jp/101_kishida/statement/202209/_00014.html,japan,Prime Minister's Office of Japan (Kantei),Press Conference by the Prime Minister on a Telephone Talk with Ukrainian President Zelenskyy (Speeches and Statements <br>by the Prime Minister) | Prime Minister's Office of Japan,PRESS_CONFERENCE,"September 30, 2022",en
data/raw/japan/tag_0006_html_c6e25c2391.html,data/cleaned/japan/tag_0006_html_c6e25c2391.txt,https://japan.kantei.go.jp/tag/0006.html,japan,Prime Minister's Office of Japan (Kantei),#NewFormCapitalism List of articles | Prime Minister's Office of Japan,SPEECH,"October 1, 2024",en
data/raw/japan/tag_0007_html_7da443a9a3.html,data/cleaned/japan/tag_0007_html_7da443a9a3.txt,https://japan.kantei.go.jp/tag/0007.html,japan,Prime Minister's Office of Japan (Kantei),#GrowthStrategy List of articles | Prime Minister's Office of Japan,SPEECH,"October 1, 2024",en
data/raw/japan/tag_0008_html_9a0b4760e4.html,data/cleaned/japan/tag_0008_html_9a0b4760e4.txt,https://japan.kantei.go.jp/tag/0008.html,japan,Prime Minister's Office of Japan (Kantei),#SciTechInnovation List of articles | Prime Minister's Office of Japan,PRESS_CONFERENCE,"August 19, 2024",en
data/raw/japan/tag_0012_html_bbbfb527ff.html,data/cleaned/japan/tag_0012_html_bbbfb527ff.txt,https://japan.kantei.go.jp/tag/0012.html,japan,Prime Minister's Office of Japan (Kantei),#DistribStrategy List of articles | Prime Minister's Office of Japan,PRESS_CONFERENCE,"October 1, 2024",en
data/raw/japan/tag_0013_html_f666ab6e49.html,data/cleaned/japan/tag_0013_html_f666ab6e49.txt,https://japan.kantei.go.jp/tag/0013.html,japan,Prime Minister's Office of Japan (Kantei),#InvestInPeople List of articles | Prime Minister's Office of Japan,OTHER,"September 4, 2024",en
data/raw/japan/tag_0016_html_11d37eb30e.html,data/cleaned/japan/tag_0016_html_11d37eb30e.txt,https://japan.kantei.go.jp/tag/0016.html,japan,Prime Minister's Office of Japan (Kantei),#GenderEquality List of articles | Prime Minister's Office of Japan,PRESS_CONFERENCE,"September 25, 2024",en
data/raw/japan/tag_0020_html_be2185458f.html,data/cleaned/japan/tag_0020_html_be2185458f.txt,https://japan.kantei.go.jp/tag/0020.html,japan,Prime Minister's Office of Japan (Kantei),#FreeOpenIndoPacific List of articles | Prime Minister's Office of Japan,PRESS_CONFERENCE,"September 28, 2024",en
data/raw/japan/tag_0022_html_5b84871aa5.html,data/cleaned/japan/tag_0022_html_5b84871aa5.txt,https://japan.kantei.go.jp/tag/0022.html,japan,Prime Minister's Office of Japan (Kantei),#NuclearDisarmament List of articles | Prime Minister's Office of Japan,PRESS_CONFERENCE,"September 28, 2024",en
data/raw/japan/tag_0023_html_5d3c9c2d38.html,data/cleaned/japan/tag_0023_html_5d3c9c2d38.txt,https://japan.kantei.go.jp/tag/0023.html,japan,Prime Minister's Office of Japan (Kantei),#Nonproliferation List of articles | Prime Minister's Office of Japan,PRESS_CONFERENCE,"September 28, 2024",en
data/raw/japan/tag_0038_html_13e89a83ae.html,data/cleaned/japan/tag_0038_html_13e89a83ae.txt,https://japan.kantei.go.jp/tag/0038.html,japan,Prime Minister's Office of Japan (Kantei),#UnitedNations List of articles | Prime Minister's Office of Japan,PRESS_CONFERENCE,"September 28, 2024",en
data/raw/japan/tag_0051_html_0151e21eb8.html,data/cleaned/japan/tag_0051_html_0151e21eb8.txt,https://japan.kantei.go.jp/tag/0051.html,japan,Prime Minister's Office of Japan (Kantei),#JPNUKRsummit List of articles | Prime Minister's Office of Japan,PRESS_CONFERENCE,"September 23, 2024",en
data/raw/japan/101_kishida_statement_202210_00001_html_113464e7e0.html,data/cleaned/japan/101_kishida_statement_202210_00001_html_113464e7e0.txt,https://japan.kantei.go.jp/101_kishida/statement/202210/_00001.html,japan,Prime Minister's Office of Japan (Kantei),Press Conference by the Prime Minister regarding North Korea’s Launch of a Ballistic Missile (Speeches and Statements <br>by the Prime Minister) | Prime Minister's Office of Japan,PRESS_CONFERENCE,"October 4, 2022",en
data/raw/japan/101_kishida_statement_202210_00002_html_960b57b12f.html,data/cleaned/japan/101_kishida_statement_202210_00002_html_960b57b12f.txt,https://japan.kantei.go.jp/101_kishida/statement/202210/_00002.html,japan,Prime Minister's Office of Japan (Kantei),Press Conference by Prime Minister Kishida regarding North Korea’s Launch of a Ballistic Missile and Prime Minister Kishida's Thoughts on the First Year of His Administration (Speeches and Statements <br>by the Prime Minister) | Prime Minister's Office of Japan,PRESS_CONFERENCE,"October 4, 2022",en
data/raw/japan/101_kishida_statement_202210_00003_html_fcd4f2dee7.html,data/cleaned/japan/101_kishida_statement_202210_00003_html_fcd4f2dee7.txt,https://japan.kantei.go.jp/101_kishida/statement/202210/_00003.html,japan,Prime Minister's Office of Japan (Kantei),Policy Speech by Prime Minister KISHIDA Fumio to the 210th Session of the Diet (Speeches and Statements <br>by the Prime Minister) | Prime Minister's Office of Japan,SPEECH,"October 3, 2022",en
data/raw/japan/101_kishida_statement_202210_00004_html_5162cb3076.html,data/cleaned/japan/101_kishida_statement_202210_00004_html_5162cb3076.txt,https://japan.kantei.go.jp/101_kishida/statement/202210/_00004.html,japan,Prime Minister's Office of Japan (Kantei),Press Conference by the Prime Minister regarding a Telephone Talk with U.S. President Biden (Speeches and Statements <br>by the Prime Minister) | Prime Minister's Office of Japan,PRESS_CONFERENCE,"October 4, 2022",en
data/raw/japan/101_kishida_statement_202210_00005_html_1fafcfc32c.html,data/cleaned/japan/101_kishida_statement_202210_00005_html_1fafcfc32c.txt,https://japan.kantei.go.jp/101_kishida/statement/202210/_00005.html,japan,Prime Minister's Office of Japan (Kantei),"Message of Condolences by Prime Minister Kishida to H.E. Mr. Recep Tayyip ERDOĞAN, President of the Republic of Turkey (Speeches and Statements <br>by the Prime Minister) | Prime Minister's Office of Japan",SPEECH,"October 17, 2022",en
data/raw/japan/101_kishida_statement_202210_00006_html_5f9eaeb69a.html,data/cleaned/japan/101_kishida_statement_202210_00006_html_5f9eaeb69a.txt,https://japan.kantei.go.jp/101_kishida/statement/202210/_00006.html,japan,Prime Minister's Office of Japan (Kantei),Message of Condolences by Prime Minister Kishida following the Damages Caused by the Flood Disaster in the Federal Republic of Nigeria (Speeches and Statements <br>by the Prime Minister) | Prime Minister's Office of Japan,SPEECH,"October 19, 2022",en
data/raw/japan/101_kishida_statement_202210_00007_html_76908a6240.html,data/cleaned/japan/101_kishida_statement_202210_00007_html_76908a6240.txt,https://japan.kantei.go.jp/101_kishida/statement/202210/_00007.html,japan,Prime Minister's Office of Japan (Kantei),Video Message by Prime Minister KISHIDA Fumio at the High School Students Summit on “World Tsunami Awareness Day” (Speeches and Statements <br>by the Prime Minister) | Prime Minister's Office of Japan,SPEECH,"October 19, 2022",en
data/raw/japan/101_kishida_statement_202210_00008_html_57f044f822.html,data/cleaned/japan/101_kishida_statement_202210_00008_html_57f044f822.txt,https://japan.kantei.go.jp/101_kishida/statement/202210/_00008.html,japan,Prime Minister's Office of Japan (Kantei),Contributed Article to The Australian by Prime Minister KISHIDA Fumio on the Occasion of His Visit to Australia (Speeches and Statements <br>by the Prime Minister) | Prime Minister's Office of Japan,SPEECH,"October 21, 2022",en
data/raw/japan/101_kishida_statement_202210_00009_html_3f482c2d40.html,data/cleaned/japan/101_kishida_statement_202210_00009_html_3f482c2d40.txt,https://japan.kantei.go.jp/101_kishida/statement/202210/_00009.html,japan,Prime Minister's Office of Japan (Kantei),Press Conference by Prime Minister Kishida regarding His Upcoming Visit to Australia and Other Matters (Speeches and Statements <br>by the Prime Minister) | Prime Minister's Office of Japan,PRESS_CONFERENCE,"October 21, 2022",en
data/raw/japan/101_kishida_statement_202210_00011_html_58bcf69653.html,data/cleaned/japan/101_kishida_statement_202210_00011_html_58bcf69653.txt,https://japan.kantei.go.jp/101_kishida/statement/202210/_00011.html,japan,Prime Minister's Office of Japan (Kantei),Japan-Australia Joint Press Announcement (Speeches and Statements <br>by the Prime Minister) | Prime Minister's Office of Japan,SPEECH,"October 22, 2022",en
data/raw/japan/101_kishida_statement_202210_00012_html_0520f09bac.html,data/cleaned/japan/101_kishida_statement_202210_00012_html_0520f09bac.txt,https://japan.kantei.go.jp/101_kishida/statement/202210/_00012.html,japan,Prime Minister's Office of Japan (Kantei),Press Conference by Prime Minister Kishida regarding His Visit to Australia and Other Matters (Speeches and Statements <br>by the Prime Minister) | Prime Minister's Office of Japan,PRESS_CONFERENCE,"October 22, 2022",en
data/raw/japan/101_kishida_statement_202210_00013_html_107eda2972.html,data/cleaned/japan/101_kishida_statement_202210_00013_html_107eda2972.txt,https://japan.kantei.go.jp/101_kishida/statement/202210/_00013.html,japan,Prime Minister's Office of Japan (Kantei),Congratulatory Message from Prime Minister Kishida to Prime Minister of the Kingdom of Sweden Kristersson (Speeches and Statements <br>by the Prime Minister) | Prime Minister's Office of Japan,SPEECH,"October 19, 2022",en
data/raw/japan/101_kishida_statement_202210_00014_html_26a256dfa1.html,data/cleaned/japan/101_kishida_statement_202210_00014_html_26a256dfa1.txt,https://japan.kantei.go.jp/101_kishida/statement/202210/_00014.html,japan,Prime Minister's Office of Japan (Kantei),Congratulatory Letter from Prime Minister Kishida to Prime Minister of Italy Meloni (Speeches and Statements <br>by the Prime Minister) | Prime Minister's Office of Japan,SPEECH,"October 24, 2022",en
data/raw/japan/101_kishida_statement_202210_00015_html_76f2df6700.html,data/cleaned/japan/101_kishida_statement_202210_00015_html_76f2df6700.txt,https://japan.kantei.go.jp/101_kishida/statement/202210/_00015.html,japan,Prime Minister's Office of Japan (Kantei),"Video Message by Prime Minister KISHIDA Fumio at the International Expert Conference on the Recovery, Reconstruction and Modernisation of Ukraine (Speeches and Statements <br>by the Prime Minister) | Prime Minister's Office of Japan",SPEECH,"October 25, 2022",en
data/raw/japan/101_kishida_statement_202210_00017_html_920306accc.html,data/cleaned/japan/101_kishida_statement_202210_00017_html_920306accc.txt,https://japan.kantei.go.jp/101_kishida/statement/202210/_00017.html,japan,Prime Minister's Office of Japan (Kantei),Congratulatory Message from Prime Minister Kishida to Prime Minister of the UK Sunak (Speeches and Statements <br>by the Prime Minister) | Prime Minister's Office of Japan,SPEECH,"October 25, 2022",en
data/raw/japan/101_kishida_statement_202210_00018_html_01c3f37473.html,data/cleaned/japan/101_kishida_statement_202210_00018_html_01c3f37473.txt,https://japan.kantei.go.jp/101_kishida/statement/202210/_00018.html,japan,Prime Minister's Office of Japan (Kantei),Video Message by Prime Minister KISHIDA Fumio at the International High-Speed Rail Association (IHRA) Forum 2022 (Speeches and Statements <br>by the Prime Minister) | Prime Minister's Office of Japan,SPEECH,"October 27, 2022",en
data/raw/japan/101_kishida_statement_202210_00019_html_63bd80b141.html,data/cleaned/japan/101_kishida_statement_202210_00019_html_63bd80b141.txt,https://japan.kantei.go.jp/101_kishida/statement/202210/_00019.html,japan,Prime Minister's Office of Japan (Kantei),Congratulatory Message by Prime Minister KISHIDA Fumio at the U.S.-Japan Council (Speeches and Statements <br>by the Prime Minister) | Prime Minister's Office of Japan,SPEECH,"October 28, 2022",en
data/raw/japan/101_kishida_statement_202210_00021_html_95ec825f3c.html,data/cleaned/japan/101_kishida_statement_202210_00021_html_95ec825f3c.txt,https://japan.kantei.go.jp/101_kishida/statement/202210/_00021.html,japan,Prime Minister's Office of Japan (Kantei),"Message of Condolences by Prime Minister Kishida Following the Accident in Itaewon, Seoul, the Republic of Korea (Speeches and Statements <br>by the Prime Minister) | Prime Minister's Office of Japan",SPEECH,"October 30, 2022",en
data/raw/japan/101_kishida_statement_202210_00022_html_697d94a562.html,data/cleaned/japan/101_kishida_statement_202210_00022_html_697d94a562.txt,https://japan.kantei.go.jp/101_kishida/statement/202210/_00022.html,japan,Prime Minister's Office of Japan (Kantei),"Message of Condolences by Prime Minister Kishida following the Bridge Collapse Accident in the State of Gujarat, India (Speeches and Statements <br>by the Prime Minister) | Prime Minister's Office of Japan",SPEECH,"October 31, 2022",en
data/raw/japan/101_kishida_statement_202210_00023_html_27ed1131aa.html,data/cleaned/japan/101_kishida_statement_202210_00023_html_27ed1131aa.txt,https://japan.kantei.go.jp/101_kishida/statement/202210/_00023.html,japan,Prime Minister's Office of Japan (Kantei),Press Conference by Prime Minister Kishida (Speeches and Statements <br>by the Prime Minister) | Prime Minister's Office of Japan,PRESS_CONFERENCE,"October 28, 2022",en
data/raw/japan/101_kishida_statement_202210_00024_html_f82cec707f.html,data/cleaned/japan/101_kishida_statement_202210_00024_html_f82cec707f.txt,https://japan.kantei.go.jp/101_kishida/statement/202210/_00024.html,japan,Prime Minister's Office of Japan (Kantei),Congratulatory Letter from Prime Minister Kishida to Federative Republic of Brazil President-elect Lula (Speeches and Statements <br>by the Prime Minister) | Prime Minister's Office of Japan,SPEECH,"October 31, 2022",en
data/raw/japan/tag_0009_html_3a00322ec1.html,data/cleaned/japan/tag_0009_html_3a00322ec1.txt,https://japan.kantei.go.jp/tag/0009.html,japan,Prime Minister's Office of Japan (Kantei),#DigitalGardenCityNation List of articles | Prime Minister's Office of Japan,PRESS_CONFERENCE,"October 1, 2024",en
data/raw/japan/tag_0011_html_4016b10f5e.html,data/cleaned/japan/tag_0011_html_4016b10f5e.txt,https://japan.kantei.go.jp/tag/0011.html,japan,Prime Minister's Office of Japan (Kantei),#EconomicSecurity List of articles | Prime Minister's Office of Japan,PRESS_CONFERENCE,"July 12, 2024",en
data/raw/japan/tag_0014_html_920ee4742f.html,data/cleaned/japan/tag_0014_html_920ee4742f.txt,https://japan.kantei.go.jp/tag/0014.html,japan,Prime Minister's Office of Japan (Kantei),#SocialSec4AllGenerations List of articles | Prime Minister's Office of Japan,SPEECH,"May 23, 2024",en
data/raw/japan/tag_0018_html_7bd5b86aee.html,data/cleaned/japan/tag_0018_html_7bd5b86aee.txt,https://japan.kantei.go.jp/tag/0018.html,japan,Prime Minister's Office of Japan (Kantei),#PriceMeasures List of articles | Prime Minister's Office of Japan,PRESS_CONFERENCE,"September 3, 2024",en
data/raw/japan/tag_0026_html_c7b77b1e45.html,data/cleaned/japan/tag_0026_html_c7b77b1e45.txt,https://japan.kantei.go.jp/tag/0026.html,japan,Prime Minister's Office of Japan (Kantei),#NKmissile List of articles | Prime Minister's Office of Japan,PRESS_CONFERENCE,"October 31, 2024",en
data/raw/japan/tag_0043_html_f1d880a510.html,data/cleaned/japan/tag_0043_html_f1d880a510.txt,https://japan.kantei.go.jp/tag/0043.html,japan,Prime Minister's Office of Japan (Kantei),#JPNAUSsummit List of articles | Prime Minister's Office of Japan,PRESS_CONFERENCE,"September 21, 2024",en
data/raw/japan/tag_0089_html_05c34ac5cb.html,data/cleaned/japan/tag_0089_html_05c34ac5cb.txt,https://japan.kantei.go.jp/tag/0089.html,japan,Prime Minister's Office of Japan (Kantei),#DisastersAndResilience List of articles | Prime Minister's Office of Japan,OTHER,"September 20, 2024",en
data/raw/japan/101_kishida_statement_202111_00008_html_547e918932.html,data/cleaned/japan/101_kishida_statement_202111_00008_html_547e918932.txt,https://japan.kantei.go.jp/101_kishida/statement/202111/_00008.html,japan,Prime Minister's Office of Japan (Kantei),Address by Prime Minister KISHIDA Fumio at the International Fleet Review 2022 (Speeches and Statements <br>by the Prime Minister) | Prime Minister's Office of Japan,SPEECH,"November 6, 2022",en
data/raw/japan/101_kishida_statement_202211_00001_html_8f83598825.html,data/cleaned/japan/101_kishida_statement_202211_00001_html_8f83598825.txt,https://japan.kantei.go.jp/101_kishida/statement/202211/_00001.html,japan,Prime Minister's Office of Japan (Kantei),Press Conference by Prime Minister Kishida regarding the Launch of Ballistic Missiles by North Korea (Speeches and Statements <br>by the Prime Minister) | Prime Minister's Office of Japan,PRESS_CONFERENCE,"November 3, 2022",en
data/raw/japan/101_kishida_statement_202211_00002_html_21d6630dc0.html,data/cleaned/japan/101_kishida_statement_202211_00002_html_21d6630dc0.txt,https://japan.kantei.go.jp/101_kishida/statement/202211/_00002.html,japan,Prime Minister's Office of Japan (Kantei),Press Conference by Prime Minister Kishida regarding Convening a Meeting of the National Security Council (Speeches and Statements <br>by the Prime Minister) | Prime Minister's Office of Japan,PRESS_CONFERENCE,"November 3, 2022",en
data/raw/japan/101_kishida_statement_202211_00003_html_567462818f.html,data/cleaned/japan/101_kishida_statement_202211_00003_html_567462818f.txt,https://japan.kantei.go.jp/101_kishida/statement/202211/_00003.html,japan,Prime Minister's Office of Japan (Kantei),Contributed Article to the Khmer Times by Prime Minister KISHIDA Fumio on the Occasion of His Visit to Cambodia (Speeches and Statements <br>by the Prime Minister) | Prime Minister's Office of Japan,SPEECH,"November 11, 2022",en
data/raw/japan/101_kishida_statement_202211_00004_html_12cbda5885.html,data/cleaned/japan/101_kishida_statement_202211_00004_html_12cbda5885.txt,https://japan.kantei.go.jp/101_kishida/statement/202211/_00004.html,japan,Prime Minister's Office of Japan (Kantei),Video Message by Prime Minister KISHIDA Fumio at the ASEAN Business and Investment Summit (ABIS) (Speeches and Statements <br>by the Prime Minister) | Prime Minister's Office of Japan,SPEECH,"November 11, 2022",en
data/raw/japan/101_kishida_statement_202211_00005_html_90472a25f9.html,data/cleaned/japan/101_kishida_statement_202211_00005_html_90472a25f9.txt,https://japan.kantei.go.jp/101_kishida/statement/202211/_00005.html,japan,Prime Minister's Office of Japan (Kantei),Policy Speech by Prime Minister KISHIDA Fumio to the G20 Bali Summit side-event on Partnership for Global Infrastructure and Investment (Speeches and Statements <br>by the Prime Minister) | Prime Minister's Office of Japan,SPEECH,"November 15, 2022",en
data/raw/japan/101_kishida_statement_202211_00006_html_2259b0fb9f.html,data/cleaned/japan/101_kishida_statement_202211_00006_html_2259b0fb9f.txt,https://japan.kantei.go.jp/101_kishida/statement/202211/_00006.html,japan,Prime Minister's Office of Japan (Kantei),"Press Conference by Prime Minister Kishida regarding His Attendance at the ASEAN-related Summit Meetings, the G20 Bali Summit, and the APEC Economic Leaders' Meeting and Other Matters (Speeches and Statements <br>by the Prime Minister) | Prime Minister's Office of Japan",PRESS_CONFERENCE,"November 12, 2022",en
data/raw/japan/101_kishida_statement_202211_00007_html_2c7e48e40b.html,data/cleaned/japan/101_kishida_statement_202211_00007_html_2c7e48e40b.txt,https://japan.kantei.go.jp/101_kishida/statement/202211/_00007.html,japan,Prime Minister's Office of Japan (Kantei),Press Conference by Prime Minister Kishida regarding the ASEAN-related Summit Meetings and Other Matters (Speeches and Statements <br>by the Prime Minister) | Prime Minister's Office of Japan,PRESS_CONFERENCE,"November 13, 2022",en
data/raw/japan/101_kishida_statement_202211_00008_html_fe7508b245.html,data/cleaned/japan/101_kishida_statement_202211_00008_html_fe7508b245.txt,https://japan.kantei.go.jp/101_kishida/statement/202211/_00008.html,japan,Prime Minister's Office of Japan (Kantei),"Press Conference by Prime Minister Kishida regarding the Emergency Meeting of the Leaders of the G7/NATO Member Countries, the G20 Bali Summit, and Other Matters (Speeches and Statements <br>by the Prime Minister) | Prime Minister's Office of Japan",PRESS_CONFERENCE,"November 16, 2022",en
data/raw/japan/101_kishida_statement_202211_00009_html_d5d421af1d.html,data/cleaned/japan/101_kishida_statement_202211_00009_html_d5d421af1d.txt,https://japan.kantei.go.jp/101_kishida/statement/202211/_00009.html,japan,Prime Minister's Office of Japan (Kantei),Press Conference by Prime Minster Kishida Regarding His Visit to Southeast Asia and Other Matters (Speeches and Statements <br>by the Prime Minister) | Prime Minister's Office of Japan,PRESS_CONFERENCE,"November 19, 2022",en
data/raw/japan/101_kishida_statement_202211_00010_html_040a29afe5.html,data/cleaned/japan/101_kishida_statement_202211_00010_html_040a29afe5.txt,https://japan.kantei.go.jp/101_kishida/statement/202211/_00010.html,japan,Prime Minister's Office of Japan (Kantei),"Message of Condolences by Prime Minister Kishida regarding the Damage Caused by an Earthquake in Cianjur, West Java, Indonesia (Speeches and Statements <br>by the Prime Minister) | Prime Minister's Office of Japan",SPEECH,"November 22, 2022",en
data/raw/japan/101_kishida_statement_202211_00011_html_76d5a6fb8d.html,data/cleaned/japan/101_kishida_statement_202211_00011_html_76d5a6fb8d.txt,https://japan.kantei.go.jp/101_kishida/statement/202211/_00011.html,japan,Prime Minister's Office of Japan (Kantei),Congratulatory Message from Prime Minister Kishida to Prime Minister of Malaysia Anwar (Speeches and Statements <br>by the Prime Minister) | Prime Minister's Office of Japan,SPEECH,"November 25, 2022",en
data/raw/japan/101_kishida_statement_202211_00012_html_98bb71e341.html,data/cleaned/japan/101_kishida_statement_202211_00012_html_98bb71e341.txt,https://japan.kantei.go.jp/101_kishida/statement/202211/_00012.html,japan,Prime Minister's Office of Japan (Kantei),Message from Prime Minister Kishida on the Occasion of the Inscription of “Furyu-odori” on the UNESCO Representative List of the Intangible Cultural Heritage of Humanity (Speeches and Statements <br>by the Prime Minister) | Prime Minister's Office of Japan,SPEECH,"November 30, 2022",en
data/raw/japan/101_kishida_statement_202211_00013_html_1e4b0a9a1e.html,data/cleaned/japan/101_kishida_statement_202211_00013_html_1e4b0a9a1e.txt,https://japan.kantei.go.jp/101_kishida/statement/202211/_00013.html,japan,Prime Minister's Office of Japan (Kantei),Message of Condolence from Prime Minister Kishida regarding the Passing of Former President of the People's Republic of China Jiang Zemin (Speeches and Statements <br>by the Prime Minister) | Prime Minister's Office of Japan,SPEECH,"November 30, 2022",en
data/raw/japan/tag_0028_html_f61b6a2ffd.html,data/cleaned/japan/tag_0028_html_f61b6a2ffd.txt,https://japan.kantei.go.jp/tag/0028.html,japan,Prime Minister's Office of Japan (Kantei),#APEC List of articles | Prime Minister's Office of Japan,PRESS_CONFERENCE,"August 2, 2024",en
data/raw/japan/tag_0029_html_33c2b50562.html,data/cleaned/japan/tag_0029_html_33c2b50562.txt,https://japan.kantei.go.jp/tag/0029.html,japan,Prime Minister's Office of Japan (Kantei),#ASEAN List of articles | Prime Minister's Office of Japan,SPEECH,"July 5, 2024",en
data/raw/japan/tag_0033_html_da27a592eb.html,data/cleaned/japan/tag_0033_html_da27a592eb.txt,https://japan.kantei.go.jp/tag/0033.html,japan,Prime Minister's Office of Japan (Kantei),#G7 List of articles | Prime Minister's Office of Japan,PRESS_CONFERENCE,"June 15, 2024",en
data/raw/japan/tag_0034_html_ab0598f0e9.html,data/cleaned/japan/tag_0034_html_ab0598f0e9.txt,https://japan.kantei.go.jp/tag/0034.html,japan,Prime Minister's Office of Japan (Kantei),#G20 List of articles | Prime Minister's Office of Japan,PRESS_CONFERENCE,"March 7, 2024",en
data/raw/japan/tag_0035_html_d745b4866b.html,data/cleaned/japan/tag_0035_html_d745b4866b.txt,https://japan.kantei.go.jp/tag/0035.html,japan,Prime Minister's Office of Japan (Kantei),#NATO List of articles | Prime Minister's Office of Japan,PRESS_CONFERENCE,"September 23, 2024",en
data/raw/japan/tag_0042_html_1cb6bec4dc.html,data/cleaned/japan/tag_0042_html_1cb6bec4dc.txt,https://japan.kantei.go.jp/tag/0042.html,japan,Prime Minister's Office of Japan (Kantei),#JPNKORsummit List of articles | Prime Minister's Office of Japan,PRESS_CONFERENCE,"September 6, 2024",en
data/raw/japan/tag_0047_html_b72fca5456.html,data/cleaned/japan/tag_0047_html_b72fca5456.txt,https://japan.kantei.go.jp/tag/0047.html,japan,Prime Minister's Office of Japan (Kantei),#JPNUSAsummit List of articles | Prime Minister's Office of Japan,PRESS_CONFERENCE,"September 21, 2024",en
data/raw/japan/tag_0065_html_e1a0ef8097.html,data/cleaned/japan/tag_0065_html_e1a0ef8097.txt,https://japan.kantei.go.jp/tag/0065.html,japan,Prime Minister's Office of Japan (Kantei),#JPNVNMsummit List of articles | Prime Minister's Office of Japan,PRESS_CONFERENCE,"September 3, 2024",en
data/raw/japan/tag_0070_html_0e102749fa.html,data/cleaned/japan/tag_0070_html_0e102749fa.txt,https://japan.kantei.go.jp/tag/0070.html,japan,Prime Minister's Office of Japan (Kantei),#JPNUSAKORsummit List of articles | Prime Minister's Office of Japan,PRESS_CONFERENCE,"August 18, 2024",en
data/raw/japan/101_kishida_statement_202212_00002_html_eddd88d195.html,data/cleaned/japan/101_kishida_statement_202212_00002_html_eddd88d195.txt,https://japan.kantei.go.jp/101_kishida/statement/202212/_00002.html,japan,Prime Minister's Office of Japan (Kantei),Opening Remarks by Prime Minister KISHIDA Fumio at the World Assembly for Women: WAW! 2022 (Speeches and Statements <br>by the Prime Minister) | Prime Minister's Office of Japan,SPEECH,"December 3, 2022",en
data/raw/japan/101_kishida_statement_202212_00003_html_412523c020.html,data/cleaned/japan/101_kishida_statement_202212_00003_html_412523c020.txt,https://japan.kantei.go.jp/101_kishida/statement/202212/_00003.html,japan,Prime Minister's Office of Japan (Kantei),Address by Prime Minister KISHIDA Fumio at the Opening Session of the International Group of Eminent Persons for a World without Nuclear Weapons (IGEP) (Speeches and Statements <br>by the Prime Minister) | Prime Minister's Office of Japan,SPEECH,"December 11, 2022",en
data/raw/japan/101_kishida_statement_202212_00004_html_4463247a2a.html,data/cleaned/japan/101_kishida_statement_202212_00004_html_4463247a2a.txt,https://japan.kantei.go.jp/101_kishida/statement/202212/_00004.html,japan,Prime Minister's Office of Japan (Kantei),Press Conference by Prime Minister Kishida (Speeches and Statements <br>by the Prime Minister) | Prime Minister's Office of Japan,PRESS_CONFERENCE,"December 10, 2022",en
data/raw/japan/101_kishida_statement_202212_00005_html_8b74bb1507.html,data/cleaned/japan/101_kishida_statement_202212_00005_html_8b74bb1507.txt,https://japan.kantei.go.jp/101_kishida/statement/202212/_00005.html,japan,Prime Minister's Office of Japan (Kantei),Congratulatory Message from Prime Minister Kishida to Irish Prime Minister Varadkar (Speeches and Statements <br>by the Prime Minister) | Prime Minister's Office of Japan,JOINT_STATEMENT,"December 19, 2022",en
data/raw/japan/101_kishida_statement_202212_00006_html_773dbe01c5.html,data/cleaned/japan/101_kishida_statement_202212_00006_html_773dbe01c5.txt,https://japan.kantei.go.jp/101_kishida/statement/202212/_00006.html,japan,Prime Minister's Office of Japan (Kantei),Press Conference by Prime Minister Kishida (Speeches and Statements <br>by the Prime Minister) | Prime Minister's Office of Japan,PRESS_CONFERENCE,"December 16, 2022",en
data/raw/japan/tag_0015_html_6b85d9759e.html,data/cleaned/japan/tag_0015_html_6b85d9759e.txt,https://japan.kantei.go.jp/tag/0015.html,japan,Prime Minister's Office of Japan (Kantei),#ChildSupport List of articles | Prime Minister's Office of Japan,PRESS_CONFERENCE,"October 1, 2024",en
data/raw/japan/tag_0024_html_eba65bb485.html,data/cleaned/japan/tag_0024_html_eba65bb485.txt,https://japan.kantei.go.jp/tag/0024.html,japan,Prime Minister's Office of Japan (Kantei),#OkinawaPolicy List of articles | Prime Minister's Office of Japan,PRESS_CONFERENCE,"August 28, 2024",en
data/raw/japan/tag_0098_html_cd7c770e66.html,data/cleaned/japan/tag_0098_html_cd7c770e66.txt,https://japan.kantei.go.jp/tag/0098.html,japan,Prime Minister's Office of Japan (Kantei),#GreenTransformation List of articles | Prime Minister's Office of Japan,PRESS_CONFERENCE,"October 1, 2024",en
data/raw/japan/101_kishida_statement_202301_00002_html_f4337271a5.html,data/cleaned/japan/101_kishida_statement_202301_00002_html_f4337271a5.txt,https://japan.kantei.go.jp/101_kishida/statement/202301/_00002.html,japan,Prime Minister's Office of Japan (Kantei),New Year’s Reflection by Prime Minister KISHIDA Fumio (Speeches and Statements <br>by the Prime Minister) | Prime Minister's Office of Japan,SPEECH,"January 1, 2023",en
data/raw/japan/101_kishida_statement_202301_00003_html_fe7c843fb0.html,data/cleaned/japan/101_kishida_statement_202301_00003_html_fe7c843fb0.txt,https://japan.kantei.go.jp/101_kishida/statement/202301/_00003.html,japan,Prime Minister's Office of Japan (Kantei),Video Message by Prime Minister KISHIDA Fumio Toward a Successful G7 Hiroshima Summit (Speeches and Statements <br>by the Prime Minister) | Prime Minister's Office of Japan,SPEECH,"January 4, 2023",en
data/raw/japan/101_kishida_statement_202301_00004_html_036e7c1b70.html,data/cleaned/japan/101_kishida_statement_202301_00004_html_036e7c1b70.txt,https://japan.kantei.go.jp/101_kishida/statement/202301/_00004.html,japan,Prime Minister's Office of Japan (Kantei),"Press Conference by Prime Minster Kishida Regarding His Visits to France, Italy, the United Kingdom, Canada, and the United States of America (Speeches and Statements <br>by the Prime Minister) | Prime Minister's Office of Japan",PRESS_CONFERENCE,"January 10, 2023",en
data/raw/japan/101_kishida_statement_202301_00005_html_94eb17191b.html,data/cleaned/japan/101_kishida_statement_202301_00005_html_94eb17191b.txt,https://japan.kantei.go.jp/101_kishida/statement/202301/_00005.html,japan,Prime Minister's Office of Japan (Kantei),Policy Speech by Prime Minister KISHIDA Fumio at the Johns Hopkins University School of Advanced International Studies (SAIS) (Speeches and Statements <br>by the Prime Minister) | Prime Minister's Office of Japan,SPEECH,"January 13, 2023",en
data/raw/japan/101_kishida_statement_202301_00006_html_80e0f57513.html,data/cleaned/japan/101_kishida_statement_202301_00006_html_80e0f57513.txt,https://japan.kantei.go.jp/101_kishida/statement/202301/_00006.html,japan,Prime Minister's Office of Japan (Kantei),A Lunar New Year Message from Prime Minister KISHIDA Fumio (Speeches and Statements <br>by the Prime Minister) | Prime Minister's Office of Japan,SPEECH,"January 20, 2023",en
data/raw/japan/101_kishida_statement_202301_00007_html_f9bf7cd2a9.html,data/cleaned/japan/101_kishida_statement_202301_00007_html_f9bf7cd2a9.txt,https://japan.kantei.go.jp/101_kishida/statement/202301/_00007.html,japan,Prime Minister's Office of Japan (Kantei),Message of condolence from Prime Minister Kishida regarding the helicopter crash in Ukraine  (Speeches and Statements <br>by the Prime Minister) | Prime Minister's Office of Japan,SPEECH,"January 19, 2023",en
data/raw/japan/101_kishida_statement_202301_00008_html_13d37b4aff.html,data/cleaned/japan/101_kishida_statement_202301_00008_html_13d37b4aff.txt,https://japan.kantei.go.jp/101_kishida/statement/202301/_00008.html,japan,Prime Minister's Office of Japan (Kantei),Press Conference by the Prime Minister regarding the Discussion toward Reclassifying COVID-19 as a Class V Infectious Disease (Speeches and Statements <br>by the Prime Minister) | Prime Minister's Office of Japan,PRESS_CONFERENCE,"January 20, 2023",en
data/raw/japan/101_kishida_statement_202301_00009_html_9762dab2ca.html,data/cleaned/japan/101_kishida_statement_202301_00009_html_9762dab2ca.txt,https://japan.kantei.go.jp/101_kishida/statement/202301/_00009.html,japan,Prime Minister's Office of Japan (Kantei),Contributed Article by Prime Minister KISHIDA Fumio to The Lancet (Speeches and Statements <br>by the Prime Minister) | Prime Minister's Office of Japan,SPEECH,"January 21, 2023",en
data/raw/japan/101_kishida_statement_202301_00010_html_80e68c9de7.html,data/cleaned/japan/101_kishida_statement_202301_00010_html_80e68c9de7.txt,https://japan.kantei.go.jp/101_kishida/statement/202301/_00010.html,japan,Prime Minister's Office of Japan (Kantei),"Press Conference by Prime Minster Kishida Regarding His Visits to France, Italy, the United Kingdom, Canada, and the United States of America (Speeches and Statements <br>by the Prime Minister) | Prime Minister's Office of Japan",PRESS_CONFERENCE,"January 14, 2023",en
data/raw/japan/101_kishida_statement_202301_00011_html_ae552ae327.html,data/cleaned/japan/101_kishida_statement_202301_00011_html_ae552ae327.txt,https://japan.kantei.go.jp/101_kishida/statement/202301/_00011.html,japan,Prime Minister's Office of Japan (Kantei),Comment by Prime Minister KISHIDA Fumio on the Successful Launch of the H-IIA Launch Vehicle No. 46 (H-IIA F46) (Speeches and Statements <br>by the Prime Minister) | Prime Minister's Office of Japan,SPEECH,"January 26, 2023",en
data/raw/japan/101_kishida_statement_202301_00012_html_9a7b5fef42.html,data/cleaned/japan/101_kishida_statement_202301_00012_html_9a7b5fef42.txt,https://japan.kantei.go.jp/101_kishida/statement/202301/_00012.html,japan,Prime Minister's Office of Japan (Kantei),Policy Speech by Prime Minister KISHIDA Fumio to the 211th Session of the Diet (Speeches and Statements <br>by the Prime Minister) | Prime Minister's Office of Japan,SPEECH,"January 23, 2023",en
data/raw/japan/tag_0039_html_3866e55428.html,data/cleaned/japan/tag_0039_html_3866e55428.txt,https://japan.kantei.go.jp/tag/0039.html,japan,Prime Minister's Office of Japan (Kantei),#JPNITAsummit List of articles | Prime Minister's Office of Japan,PRESS_CONFERENCE,"February 5, 2024",en
data/raw/japan/tag_0041_html_55e1c048e7.html,data/cleaned/japan/tag_0041_html_55e1c048e7.txt,https://japan.kantei.go.jp/tag/0041.html,japan,Prime Minister's Office of Japan (Kantei),#JPNGBRsummit List of articles | Prime Minister's Office of Japan,PRESS_CONFERENCE,"July 11, 2024",en
data/raw/japan/tag_0046_html_34b9f909eb.html,data/cleaned/japan/tag_0046_html_34b9f909eb.txt,https://japan.kantei.go.jp/tag/0046.html,japan,Prime Minister's Office of Japan (Kantei),#JPNFRAsummit List of articles | Prime Minister's Office of Japan,PRESS_CONFERENCE,"May 2, 2024",en
data/raw/japan/tag_0052_html_b71396ee70.html,data/cleaned/japan/tag_0052_html_b71396ee70.txt,https://japan.kantei.go.jp/tag/0052.html,japan,Prime Minister's Office of Japan (Kantei),#JPNCANsummit List of articles | Prime Minister's Office of Japan,PRESS_CONFERENCE,"September 22, 2024",en
data/raw/japan/101_kishida_statement_202302_00001_html_644f0f6b4f.html,data/cleaned/japan/101_kishida_statement_202302_00001_html_644f0f6b4f.txt,https://japan.kantei.go.jp/101_kishida/statement/202302/_00001.html,japan,Prime Minister's Office of Japan (Kantei),"Message of Condolences from Prime Minister KISHIDA Fumio to H.E. Mr. Recep Tayyip Erdoğan, President of the Republic of Turkey (Speeches and Statements <br>by the Prime Minister) | Prime Minister's Office of Japan",SPEECH,"February 6, 2023",en
data/raw/japan/101_kishida_statement_202302_00002_html_64ace14d67.html,data/cleaned/japan/101_kishida_statement_202302_00002_html_64ace14d67.txt,https://japan.kantei.go.jp/101_kishida/statement/202302/_00002.html,japan,Prime Minister's Office of Japan (Kantei),Press Conference by Prime Minister Kishida regarding the Summit Telephone Talk with President Erdoğan of Türkiye (Speeches and Statements <br>by the Prime Minister) | Prime Minister's Office of Japan,PRESS_CONFERENCE,"February 17, 2023",en
data/raw/japan/101_kishida_statement_202302_00003_html_fc36f0a917.html,data/cleaned/japan/101_kishida_statement_202302_00003_html_fc36f0a917.txt,https://japan.kantei.go.jp/101_kishida/statement/202302/_00003.html,japan,Prime Minister's Office of Japan (Kantei),Press Conference by Prime Minister Kishida regarding the Ballistic Missile Launch by North Korea (Speeches and Statements <br>by the Prime Minister) | Prime Minister's Office of Japan,PRESS_CONFERENCE,"February 18, 2023",en
data/raw/japan/101_kishida_statement_202302_00004_html_eefa862f34.html,data/cleaned/japan/101_kishida_statement_202302_00004_html_eefa862f34.txt,https://japan.kantei.go.jp/101_kishida/statement/202302/_00004.html,japan,Prime Minister's Office of Japan (Kantei),Message from the Prime Minister on the Occasion of National Foundation Day (Speeches and Statements <br>by the Prime Minister) | Prime Minister's Office of Japan,SPEECH,"February 10, 2023",en
data/raw/japan/101_kishida_statement_202302_00005_html_be9e4762ea.html,data/cleaned/japan/101_kishida_statement_202302_00005_html_be9e4762ea.txt,https://japan.kantei.go.jp/101_kishida/statement/202302/_00005.html,japan,Prime Minister's Office of Japan (Kantei),To My Fellow Citizens (Speeches and Statements <br>by the Prime Minister) | Prime Minister's Office of Japan,SPEECH,"February 24, 2023",en
data/raw/japan/101_kishida_statement_202302_00006_html_4775a2ff79.html,data/cleaned/japan/101_kishida_statement_202302_00006_html_4775a2ff79.txt,https://japan.kantei.go.jp/101_kishida/statement/202302/_00006.html,japan,Prime Minister's Office of Japan (Kantei),Press Conference by Prime Minister Kishida regarding the Ballistic Missile Launch by North Korea (Speeches and Statements <br>by the Prime Minister) | Prime Minister's Office of Japan,PRESS_CONFERENCE,"February 20, 2023",en
data/raw/japan/101_kishida_statement_202302_00007_html_e1a92ddee8.html,data/cleaned/japan/101_kishida_statement_202302_00007_html_e1a92ddee8.txt,https://japan.kantei.go.jp/101_kishida/statement/202302/_00007.html,japan,Prime Minister's Office of Japan (Kantei),"Message of Condolences from Prime Minister KISHIDA Fumio regarding the Damage Caused by the Flood and Landslide Disaster in the Northern Coastal Area of the State of Sao Paulo, the Federative Republic of Brazil (Speeches and Statements <br>by the Prime Minister) | Prime Minister's Office of Japan",SPEECH,"February 24, 2023",en
data/raw/japan/101_kishida_statement_202302_00008_html_df50d3333c.html,data/cleaned/japan/101_kishida_statement_202302_00008_html_df50d3333c.txt,https://japan.kantei.go.jp/101_kishida/statement/202302/_00008.html,japan,Prime Minister's Office of Japan (Kantei),Press Conference by Prime Minister Kishida (Speeches and Statements <br>by the Prime Minister) | Prime Minister's Office of Japan,PRESS_CONFERENCE,"February 24, 2023",en
data/raw/japan/tag_0072_html_ee224dfd23.html,data/cleaned/japan/tag_0072_html_ee224dfd23.txt,https://japan.kantei.go.jp/tag/0072.html,japan,Prime Minister's Office of Japan (Kantei),#JPNTURsummit List of articles | Prime Minister's Office of Japan,PRESS_CONFERENCE,"December 1, 2023",en
data/raw/japan/tag_0091_html_22d3b63154.html,data/cleaned/japan/tag_0091_html_22d3b63154.txt,https://japan.kantei.go.jp/tag/0091.html,japan,Prime Minister's Office of Japan (Kantei),#GreatEastJapanQuake List of articles | Prime Minister's Office of Japan,PRESS_CONFERENCE,"August 24, 2024",en
data/raw/japan/101_kishida_statement_202303_00001_html_b6f9c151be.html,data/cleaned/japan/101_kishida_statement_202303_00001_html_b6f9c151be.txt,https://japan.kantei.go.jp/101_kishida/statement/202303/_00001.html,japan,Prime Minister's Office of Japan (Kantei),Message of Condolence from Prime Minister KISHIDA Fumio regarding the Train Crash in the Hellenic Republic (Speeches and Statements <br>by the Prime Minister) | Prime Minister's Office of Japan,SPEECH,"March 6, 2023",en
data/raw/japan/101_kishida_statement_202303_00002_html_d79a42e426.html,data/cleaned/japan/101_kishida_statement_202303_00002_html_d79a42e426.txt,https://japan.kantei.go.jp/101_kishida/statement/202303/_00002.html,japan,Prime Minister's Office of Japan (Kantei),Congratulatory Message from Prime Minister Kishida to President of the Socialist Republic of Viet Nam (Speeches and Statements <br>by the Prime Minister) | Prime Minister's Office of Japan,SPEECH,"March 6, 2023",en
data/raw/japan/101_kishida_statement_202303_00003_html_5b127884da.html,data/cleaned/japan/101_kishida_statement_202303_00003_html_5b127884da.txt,https://japan.kantei.go.jp/101_kishida/statement/202303/_00003.html,japan,Prime Minister's Office of Japan (Kantei),Video Message from Prime Minister KISHIDA Fumio on International Women's Day (Speeches and Statements <br>by the Prime Minister) | Prime Minister's Office of Japan,SPEECH,"March 8, 2023",en
data/raw/japan/101_kishida_statement_202303_00004_html_845105911f.html,data/cleaned/japan/101_kishida_statement_202303_00004_html_845105911f.txt,https://japan.kantei.go.jp/101_kishida/statement/202303/_00004.html,japan,Prime Minister's Office of Japan (Kantei),Press Conference by the Prime Minister regarding the Issue of Former Civilian Workers from the Korean Peninsula (Speeches and Statements <br>by the Prime Minister) | Prime Minister's Office of Japan,PRESS_CONFERENCE,"March 6, 2023",en
data/raw/japan/101_kishida_statement_202303_00005_html_2270486b3f.html,data/cleaned/japan/101_kishida_statement_202303_00005_html_2270486b3f.txt,https://japan.kantei.go.jp/101_kishida/statement/202303/_00005.html,japan,Prime Minister's Office of Japan (Kantei),Address by Prime Minister KISHIDA Fumio to the 2023 Memorial Ceremony for the Great East Japan Earthquake (Speeches and Statements <br>by the Prime Minister) | Prime Minister's Office of Japan,SPEECH,"March 11, 2023",en
data/raw/japan/101_kishida_statement_202303_00006_html_32abc79499.html,data/cleaned/japan/101_kishida_statement_202303_00006_html_32abc79499.txt,https://japan.kantei.go.jp/101_kishida/statement/202303/_00006.html,japan,Prime Minister's Office of Japan (Kantei),Video Message by Prime Minister KISHIDA Fumio at the Side Event of the 66th Session of the Commission on Narcotic Drugs (Speeches and Statements <br>by the Prime Minister) | Prime Minister's Office of Japan,SPEECH,"March 14, 2023",en
data/raw/japan/101_kishida_statement_202303_00007_html_262dfac82b.html,data/cleaned/japan/101_kishida_statement_202303_00007_html_262dfac82b.txt,https://japan.kantei.go.jp/101_kishida/statement/202303/_00007.html,japan,Prime Minister's Office of Japan (Kantei),Video Message by Prime Minister KISHIDA Fumio at the International Symposium hosted by Hiroshima City and the World Bank (Speeches and Statements <br>by the Prime Minister) | Prime Minister's Office of Japan,SPEECH,"March 15, 2023",en
data/raw/japan/101_kishida_statement_202303_00009_html_b84d2c9218.html,data/cleaned/japan/101_kishida_statement_202303_00009_html_b84d2c9218.txt,https://japan.kantei.go.jp/101_kishida/statement/202303/_00009.html,japan,Prime Minister's Office of Japan (Kantei),Video Message by Prime Minister KISHIDA Fumio at the International Symposium on the 50th Year of ASEAN-Japan Friendship and Cooperation (Speeches and Statements <br>by the Prime Minister) | Prime Minister's Office of Japan,SPEECH,"March 16, 2023",en
data/raw/japan/101_kishida_statement_202303_00010_html_7a07ee06d4.html,data/cleaned/japan/101_kishida_statement_202303_00010_html_7a07ee06d4.txt,https://japan.kantei.go.jp/101_kishida/statement/202303/_00010.html,japan,Prime Minister's Office of Japan (Kantei),Joint Press Conference by the Leaders of Japan and the Republic of Korea (Speeches and Statements <br>by the Prime Minister) | Prime Minister's Office of Japan,PRESS_CONFERENCE,"March 16, 2023",en
data/raw/japan/101_kishida_statement_202303_00011_html_c1977d4f6a.html,data/cleaned/japan/101_kishida_statement_202303_00011_html_c1977d4f6a.txt,https://japan.kantei.go.jp/101_kishida/statement/202303/_00011.html,japan,Prime Minister's Office of Japan (Kantei),Contributed Article by Prime Minister KISHIDA Fumio to The Indian Express (Speeches and Statements <br>by the Prime Minister) | Prime Minister's Office of Japan,SPEECH,"March 20, 2023",en
data/raw/japan/101_kishida_statement_202303_00012_html_422f3a0c65.html,data/cleaned/japan/101_kishida_statement_202303_00012_html_422f3a0c65.txt,https://japan.kantei.go.jp/101_kishida/statement/202303/_00012.html,japan,Prime Minister's Office of Japan (Kantei),Press Conference by Prime Minister Kishida Regarding His Visit to India (Speeches and Statements <br>by the Prime Minister) | Prime Minister's Office of Japan,PRESS_CONFERENCE,"March 19, 2023",en
data/raw/japan/101_kishida_statement_202303_00013_html_9f57a2445f.html,data/cleaned/japan/101_kishida_statement_202303_00013_html_9f57a2445f.txt,https://japan.kantei.go.jp/101_kishida/statement/202303/_00013.html,japan,Prime Minister's Office of Japan (Kantei),Policy Speech by Prime Minister KISHIDA Fumio at the Indian Council of World Affairs (ICWA) (Speeches and Statements <br>by the Prime Minister) | Prime Minister's Office of Japan,SPEECH,"March 20, 2023",en
data/raw/japan/101_kishida_statement_202303_00014_html_c3b1b1ea4c.html,data/cleaned/japan/101_kishida_statement_202303_00014_html_c3b1b1ea4c.txt,https://japan.kantei.go.jp/101_kishida/statement/202303/_00014.html,japan,Prime Minister's Office of Japan (Kantei),"Message of Condolences from Prime Minister KISHIDA Fumio to H.E. Mr. Guillermo Alberto Santiago Lasso Mendoza, President of the Republic of Ecuador (Speeches and Statements <br>by the Prime Minister) | Prime Minister's Office of Japan",SPEECH,"March 21, 2023",en
data/raw/japan/101_kishida_statement_202303_00015_html_2e2d053fec.html,data/cleaned/japan/101_kishida_statement_202303_00015_html_2e2d053fec.txt,https://japan.kantei.go.jp/101_kishida/statement/202303/_00015.html,japan,Prime Minister's Office of Japan (Kantei),Press Conference by Prime Minister Kishida (Speeches and Statements <br>by the Prime Minister) | Prime Minister's Office of Japan,PRESS_CONFERENCE,"March 17, 2023",en
data/raw/japan/101_kishida_statement_202303_00016_html_4f61715bb7.html,data/cleaned/japan/101_kishida_statement_202303_00016_html_4f61715bb7.txt,https://japan.kantei.go.jp/101_kishida/statement/202303/_00016.html,japan,Prime Minister's Office of Japan (Kantei),Press Conference by Prime Minister Kishida on His Visit to Fukushima Prefecture and Other Matters (Speeches and Statements <br>by the Prime Minister) | Prime Minister's Office of Japan,PRESS_CONFERENCE,"March 11, 2023",en
data/raw/japan/101_kishida_statement_202303_00017_html_6d29a685c7.html,data/cleaned/japan/101_kishida_statement_202303_00017_html_6d29a685c7.txt,https://japan.kantei.go.jp/101_kishida/statement/202303/_00017.html,japan,Prime Minister's Office of Japan (Kantei),Video Message by Prime Minister KISHIDA Fumio at the Second Summit for Democracy (Speeches and Statements <br>by the Prime Minister) | Prime Minister's Office of Japan,SPEECH,"March 29, 2023",en
data/raw/japan/101_kishida_statement_202303_00018_html_3c10508b98.html,data/cleaned/japan/101_kishida_statement_202303_00018_html_3c10508b98.txt,https://japan.kantei.go.jp/101_kishida/statement/202303/_00018.html,japan,Prime Minister's Office of Japan (Kantei),"Contributed Article by Prime Minister KISHIDA Fumio to the ""Diplomacy"" Vol. 78 (Speeches and Statements <br>by the Prime Minister) | Prime Minister's Office of Japan",SPEECH,"March 31, 2023",en
data/raw/japan/tag_0040_html_eecdfc763c.html,data/cleaned/japan/tag_0040_html_eecdfc763c.txt,https://japan.kantei.go.jp/tag/0040.html,japan,Prime Minister's Office of Japan (Kantei),#JPNINDsummit List of articles | Prime Minister's Office of Japan,PRESS_CONFERENCE,"September 21, 2024",en
data/raw/japan/tag_0090_html_64f3132d0d.html,data/cleaned/japan/tag_0090_html_64f3132d0d.txt,https://japan.kantei.go.jp/tag/0090.html,japan,Prime Minister's Office of Japan (Kantei),#Reconstruction List of articles | Prime Minister's Office of Japan,PRESS_CONFERENCE,"August 24, 2024",en
data/raw/japan/tag_0108_html_b62483eac2.html,data/cleaned/japan/tag_0108_html_b62483eac2.txt,https://japan.kantei.go.jp/tag/0108.html,japan,Prime Minister's Office of Japan (Kantei),#ALPSTreatedWater  List of articles | Prime Minister's Office of Japan,PRESS_CONFERENCE,"August 30, 2024",en
data/raw/japan/101_kishida_statement_202304_20message_html_c8ea2ba0d6.html,data/cleaned/japan/101_kishida_statement_202304_20message_html_c8ea2ba0d6.txt,https://japan.kantei.go.jp/101_kishida/statement/202304/20message.html,japan,Prime Minister's Office of Japan (Kantei),Video Message by Prime Minister KISHIDA Fumio at the Major Economies Forum on Energy and Climate Leaders Meeting (Speeches and Statements <br>by the Prime Minister) | Prime Minister's Office of Japan,SPEECH,"April 20, 2023",en
data/raw/japan/101_kishida_statement_202304_29contribution_html_b4cfdfcb0c.html,data/cleaned/japan/101_kishida_statement_202304_29contribution_html_b4cfdfcb0c.txt,https://japan.kantei.go.jp/101_kishida/statement/202304/29contribution.html,japan,Prime Minister's Office of Japan (Kantei),Contributed Article by Prime Minister KISHIDA Fumio the Daily Graphic (Speeches and Statements <br>by the Prime Minister) | Prime Minister's Office of Japan,SPEECH,"April 30, 2023",en
data/raw/japan/101_kishida_statement_202304_30contribution_html_1a8be8e226.html,data/cleaned/japan/101_kishida_statement_202304_30contribution_html_1a8be8e226.txt,https://japan.kantei.go.jp/101_kishida/statement/202304/30contribution.html,japan,Prime Minister's Office of Japan (Kantei),Contributed Article by Prime Minister KISHIDA Fumio the Ahram Newspaper (Speeches and Statements <br>by the Prime Minister) | Prime Minister's Office of Japan,SPEECH,"April 30, 2023",en
data/raw/japan/101_kishida_statement_202304_00001_html_2df4f62169.html,data/cleaned/japan/101_kishida_statement_202304_00001_html_2df4f62169.txt,https://japan.kantei.go.jp/101_kishida/statement/202304/_00001.html,japan,Prime Minister's Office of Japan (Kantei),Video Message by Prime Minister KISHIDA Fumio at the Bucha Summit on Russia’s Accountability for the Crimes in Ukraine (Speeches and Statements <br>by the Prime Minister) | Prime Minister's Office of Japan,SPEECH,"April 4, 2023",en
data/raw/japan/101_kishida_statement_202304_00003_html_b7fb4d8289.html,data/cleaned/japan/101_kishida_statement_202304_00003_html_b7fb4d8289.txt,https://japan.kantei.go.jp/101_kishida/statement/202304/_00003.html,japan,Prime Minister's Office of Japan (Kantei),"Message of Condolences from Prime Minister KISHIDA Fumio regarding the Passing of Hon. Albert F. Del Rosario, Former Secretary of Foreign Affairs of the Republic of the Philippines (Speeches and Statements <br>by the Prime Minister) | Prime Minister's Office of Japan",SPEECH,"April 19, 2023",en
data/raw/japan/101_kishida_statement_202305_0521kaiken_html_8abcc44665.html,data/cleaned/japan/101_kishida_statement_202305_0521kaiken_html_8abcc44665.txt,https://japan.kantei.go.jp/101_kishida/statement/202305/0521kaiken.html,japan,Prime Minister's Office of Japan (Kantei),Press Conference by Prime Minister KISHIDA Fumio as Chair of the G7 Hiroshima Summit Meeting (Speeches and Statements <br>by the Prime Minister) | Prime Minister's Office of Japan,PRESS_CONFERENCE,"May 21, 2023",en
data/raw/japan/101_kishida_statement_202305_08contribution_html_f2b93b72b1.html,data/cleaned/japan/101_kishida_statement_202305_08contribution_html_f2b93b72b1.txt,https://japan.kantei.go.jp/101_kishida/statement/202305/08contribution.html,japan,Prime Minister's Office of Japan (Kantei),Video Message by Prime Minister KISHIDA Fumio at the IOWN Global Forum Annual Member Meeting (Speeches and Statements <br>by the Prime Minister) | Prime Minister's Office of Japan,SPEECH,"May 8, 2023",en
data/raw/japan/101_kishida_statement_202305_25africaday_html_da83cd02ca.html,data/cleaned/japan/101_kishida_statement_202305_25africaday_html_da83cd02ca.txt,https://japan.kantei.go.jp/101_kishida/statement/202305/25africaday.html,japan,Prime Minister's Office of Japan (Kantei),Message from Prime Minister KISHIDA Fumio on the Occasion of Africa Day (Speeches and Statements <br>by the Prime Minister) | Prime Minister's Office of Japan,SPEECH,"May 25, 2023",en
data/raw/japan/101_kishida_statement_202305_25speech_html_3b662f51cc.html,data/cleaned/japan/101_kishida_statement_202305_25speech_html_3b662f51cc.txt,https://japan.kantei.go.jp/101_kishida/statement/202305/25speech.html,japan,Prime Minister's Office of Japan (Kantei),Speech by Prime Minister KISHIDA Fumio at the “Future of Asia” Forum (Speeches and Statements <br>by the Prime Minister) | Prime Minister's Office of Japan,SPEECH,"May 25, 2023",en
data/raw/japan/101_kishida_statement_202306_02message_html_e0e976a974.html,data/cleaned/japan/101_kishida_statement_202306_02message_html_e0e976a974.txt,https://japan.kantei.go.jp/101_kishida/statement/202306/02message.html,japan,Prime Minister's Office of Japan (Kantei),Video Message by Prime Minister KISHIDA Fumio at the Hydrogen Council Global CEO Meeting (Speeches and Statements <br>by the Prime Minister) | Prime Minister's Office of Japan,SPEECH,"June 2, 2023",en
data/raw/japan/101_kishida_statement_202306_03message_html_0527474e36.html,data/cleaned/japan/101_kishida_statement_202306_03message_html_0527474e36.txt,https://japan.kantei.go.jp/101_kishida/statement/202306/03message.html,japan,Prime Minister's Office of Japan (Kantei),"Message of Condolences from Prime Minister KISHIDA Fumio regarding the Train Accident in the State of Odisha, India (Speeches and Statements <br>by the Prime Minister) | Prime Minister's Office of Japan",SPEECH,"June 3, 2023",en
data/raw/japan/101_kishida_statement_202306_0623okinawa_html_845d5d88e9.html,data/cleaned/japan/101_kishida_statement_202306_0623okinawa_html_845d5d88e9.txt,https://japan.kantei.go.jp/101_kishida/statement/202306/0623okinawa.html,japan,Prime Minister's Office of Japan (Kantei),Address by Prime Minister KISHIDA Fumio for the Memorial Ceremony to Commemorate the Fallen on the 78th Anniversary of the End of the Battle of Okinawa (Speeches and Statements <br>by the Prime Minister) | Prime Minister's Office of Japan,SPEECH,"June 23, 2023",en
data/raw/japan/101_kishida_statement_202306_09danwa_html_7ffd44e99c.html,data/cleaned/japan/101_kishida_statement_202306_09danwa_html_7ffd44e99c.txt,https://japan.kantei.go.jp/101_kishida/statement/202306/09danwa.html,japan,Prime Minister's Office of Japan (Kantei),Statement by Prime Minister KISHIDA Fumio on Their Majesties’ Visit to the Republic of Indonesia  (Speeches and Statements <br>by the Prime Minister) | Prime Minister's Office of Japan,SPEECH,"June 9, 2023",en
data/raw/japan/101_kishida_statement_202306_09message_html_c2403968e8.html,data/cleaned/japan/101_kishida_statement_202306_09message_html_c2403968e8.txt,https://japan.kantei.go.jp/101_kishida/statement/202306/09message.html,japan,Prime Minister's Office of Japan (Kantei),Video Message by Prime Minister KISHIDA Fumio at the GFANZ Japan Chapter Inaugural Event (Speeches and Statements <br>by the Prime Minister) | Prime Minister's Office of Japan,SPEECH,"June 9, 2023",en
data/raw/japan/101_kishida_statement_202306_13message_html_aa0c19c11c.html,data/cleaned/japan/101_kishida_statement_202306_13message_html_aa0c19c11c.txt,https://japan.kantei.go.jp/101_kishida/statement/202306/13message.html,japan,Prime Minister's Office of Japan (Kantei),Letter of Condolences by Prime Minister KISHIDA Fumio regarding the Passing of Hon. Senator Silvio Berlusconi of the Italian Republic (Speeches and Statements <br>by the Prime Minister) | Prime Minister's Office of Japan,SPEECH,"June 12, 2023",en
data/raw/japan/101_kishida_statement_202306_14message_html_3f7c1f6c90.html,data/cleaned/japan/101_kishida_statement_202306_14message_html_3f7c1f6c90.txt,https://japan.kantei.go.jp/101_kishida/statement/202306/14message.html,japan,Prime Minister's Office of Japan (Kantei),Message by Prime Minister KISHIDA Fumio for Gavi’s 2023 Mid-Term Review (Speeches and Statements <br>by the Prime Minister) | Prime Minister's Office of Japan,SPEECH,"June 14, 2023",en
data/raw/japan/101_kishida_statement_202306_15message_html_073f340871.html,data/cleaned/japan/101_kishida_statement_202306_15message_html_073f340871.txt,https://japan.kantei.go.jp/101_kishida/statement/202306/15message.html,japan,Prime Minister's Office of Japan (Kantei),"Congratulatory Message from Prime Minister KISHIDA Fumio to Minister Rinkēvičs, President-elect of the Republic of Latvia (Speeches and Statements <br>by the Prime Minister) | Prime Minister's Office of Japan",SPEECH,"June 15, 2023",en
data/raw/japan/101_kishida_statement_202306_23message_html_70b372abf3.html,data/cleaned/japan/101_kishida_statement_202306_23message_html_70b372abf3.txt,https://japan.kantei.go.jp/101_kishida/statement/202306/23message.html,japan,Prime Minister's Office of Japan (Kantei),"Congratulatory Message from Prime Minister Kishida to Prime Minister Orpo, Prime Minister of the Republic of Finland (Speeches and Statements <br>by the Prime Minister) | Prime Minister's Office of Japan",SPEECH,"June 23, 2023",en
data/raw/japan/101_kishida_statement_202307_04message_html_9c8986e47c.html,data/cleaned/japan/101_kishida_statement_202307_04message_html_9c8986e47c.txt,https://japan.kantei.go.jp/101_kishida/statement/202307/04message.html,japan,Prime Minister's Office of Japan (Kantei),Congratulatory Message from Prime Minister KISHIDA Fumio to Prime Minister Xanana Gusmão of Timor-Leste  (Speeches and Statements <br>by the Prime Minister) | Prime Minister's Office of Japan,SPEECH,"July 4, 2023",en
data/raw/japan/101_kishida_statement_202307_0717speech_html_d51f50f4b3.html,data/cleaned/japan/101_kishida_statement_202307_0717speech_html_d51f50f4b3.txt,https://japan.kantei.go.jp/101_kishida/statement/202307/0717speech.html,japan,Prime Minister's Office of Japan (Kantei),Prime Minister Kishida’s Speech at the Japan-UAE Business Forum (Speeches and Statements <br>by the Prime Minister) | Prime Minister's Office of Japan,SPEECH,"July 17, 2023",en
data/raw/japan/101_kishida_statement_202307_0718kaiken_html_947b4a2fae.html,data/cleaned/japan/101_kishida_statement_202307_0718kaiken_html_947b4a2fae.txt,https://japan.kantei.go.jp/101_kishida/statement/202307/0718kaiken.html,japan,Prime Minister's Office of Japan (Kantei),Press Conference by the Prime Minister regarding His Visit to the Middle East and Other Matters (Speeches and Statements <br>by the Prime Minister) | Prime Minister's Office of Japan,PRESS_CONFERENCE,"July 18, 2023",en
data/raw/japan/101_kishida_statement_202307_0718speech_html_af90e9b17a.html,data/cleaned/japan/101_kishida_statement_202307_0718speech_html_af90e9b17a.txt,https://japan.kantei.go.jp/101_kishida/statement/202307/0718speech.html,japan,Prime Minister's Office of Japan (Kantei),Prime Minister Kishida’s Speech at the Japan-Qatar Business Reception (Speeches and Statements <br>by the Prime Minister) | Prime Minister's Office of Japan,SPEECH,"July 18, 2023",en
data/raw/japan/101_kishida_statement_202307_11interview_html_9a623d5adf.html,data/cleaned/japan/101_kishida_statement_202307_11interview_html_9a623d5adf.txt,https://japan.kantei.go.jp/101_kishida/statement/202307/11interview.html,japan,Prime Minister's Office of Japan (Kantei),Written Interview with Prime Minister KISHIDA Fumio by the Lithuanian Radio and Television (LRT) (Speeches and Statements <br>by the Prime Minister) | Prime Minister's Office of Japan,SPEECH,"July 12, 2023",en
data/raw/japan/101_kishida_statement_202307_11kaiken_html_b3041661f0.html,data/cleaned/japan/101_kishida_statement_202307_11kaiken_html_b3041661f0.txt,https://japan.kantei.go.jp/101_kishida/statement/202307/11kaiken.html,japan,Prime Minister's Office of Japan (Kantei),Press Conference by Prime Minister Kishida on His Attendance at the NATO Summit Meeting and the Japan-EU Summit and Other Matters (Speeches and Statements <br>by the Prime Minister) | Prime Minister's Office of Japan,PRESS_CONFERENCE,"July 11, 2023",en
data/raw/japan/101_kishida_statement_202307_13kaiken_html_2aa2c59e72.html,data/cleaned/japan/101_kishida_statement_202307_13kaiken_html_2aa2c59e72.txt,https://japan.kantei.go.jp/101_kishida/statement/202307/13kaiken.html,japan,Prime Minister's Office of Japan (Kantei),Joint Press Conference by the Leaders of Japan and the European Union (Speeches and Statements <br>by the Prime Minister) | Prime Minister's Office of Japan,PRESS_CONFERENCE,"July 13, 2023",en
data/raw/japan/101_kishida_statement_202307_15message_html_8bee97a9ba.html,data/cleaned/japan/101_kishida_statement_202307_15message_html_8bee97a9ba.txt,https://japan.kantei.go.jp/101_kishida/statement/202307/15message.html,japan,Prime Minister's Office of Japan (Kantei),Message of Condolences from Prime Minister KISHIDA Fumio regarding the Damages Caused by the Heavy Rain in the Republic of Korea (Speeches and Statements <br>by the Prime Minister) | Prime Minister's Office of Japan,SPEECH,"July 15, 2023",en
data/raw/japan/101_kishida_statement_202307_16kaiken_html_c9375ab390.html,data/cleaned/japan/101_kishida_statement_202307_16kaiken_html_c9375ab390.txt,https://japan.kantei.go.jp/101_kishida/statement/202307/16kaiken.html,japan,Prime Minister's Office of Japan (Kantei),"Press Conference by Prime Minister Kishida regarding His Visits to Saudi Arabia, the United Arab Emirates and Qatar and Other Matters (Speeches and Statements <br>by the Prime Minister) | Prime Minister's Office of Japan",PRESS_CONFERENCE,"July 16, 2023",en
data/raw/japan/101_kishida_statement_202307_16kaiken2_html_aa0b924496.html,data/cleaned/japan/101_kishida_statement_202307_16kaiken2_html_aa0b924496.txt,https://japan.kantei.go.jp/101_kishida/statement/202307/16kaiken2.html,japan,Prime Minister's Office of Japan (Kantei),Press Conference by Prime Minister Kishida on the Japan-Saudi Arabia Summit Meeting and Other Matters (Speeches and Statements <br>by the Prime Minister) | Prime Minister's Office of Japan,PRESS_CONFERENCE,"July 16, 2023",en
data/raw/japan/101_kishida_statement_202307_17contribution_html_6946124ca8.html,data/cleaned/japan/101_kishida_statement_202307_17contribution_html_6946124ca8.txt,https://japan.kantei.go.jp/101_kishida/statement/202307/17contribution.html,japan,Prime Minister's Office of Japan (Kantei),Contributed Article by Prime Minister KISHIDA Fumio to the Emirates News Agency WAM (Speeches and Statements <br>by the Prime Minister) | Prime Minister's Office of Japan,SPEECH,"July 17, 2023",en
data/raw/japan/tag_0032_html_1d1fde057c.html,data/cleaned/japan/tag_0032_html_1d1fde057c.txt,https://japan.kantei.go.jp/tag/0032.html,japan,Prime Minister's Office of Japan (Kantei),#EU List of articles | Prime Minister's Office of Japan,PRESS_CONFERENCE,"September 23, 2024",en
data/raw/japan/tag_0122_html_4c08359742.html,data/cleaned/japan/tag_0122_html_4c08359742.txt,https://japan.kantei.go.jp/tag/0122.html,japan,Prime Minister's Office of Japan (Kantei),#JPNSAUsummit List of articles | Prime Minister's Office of Japan,PRESS_CONFERENCE,"May 21, 2024",en
data/raw/japan/101_kishida_statement_202308_03message_html_c254eca955.html,data/cleaned/japan/101_kishida_statement_202308_03message_html_c254eca955.txt,https://japan.kantei.go.jp/101_kishida/statement/202308/03message.html,japan,Prime Minister's Office of Japan (Kantei),Video Message by Prime Minister Kishida for the Symposium on Semiconductor Strategy at the University of Tokyo (Speeches and Statements <br>by the Prime Minister) | Prime Minister's Office of Japan,SPEECH,"August 4, 2023",en
data/raw/japan/101_kishida_statement_202308_06hiroshima_html_fa98c5b280.html,data/cleaned/japan/101_kishida_statement_202308_06hiroshima_html_fa98c5b280.txt,https://japan.kantei.go.jp/101_kishida/statement/202308/06hiroshima.html,japan,Prime Minister's Office of Japan (Kantei),Address by Prime Minister KISHIDA Fumio at the Hiroshima Peace Memorial Ceremony (Speeches and Statements <br>by the Prime Minister) | Prime Minister's Office of Japan,SPEECH,"August 6, 2023",en
data/raw/japan/101_kishida_statement_202308_0807kaiken_html_2d5d036395.html,data/cleaned/japan/101_kishida_statement_202308_0807kaiken_html_2d5d036395.txt,https://japan.kantei.go.jp/101_kishida/statement/202308/0807kaiken.html,japan,Prime Minister's Office of Japan (Kantei),Press Conference by the Prime Minister on an Exchange of Views with the Toshima Ward Residents Council of Social Welfare etc. and Other Matters (Speeches and Statements <br>by the Prime Minister) | Prime Minister's Office of Japan,PRESS_CONFERENCE,"August 7, 2023",en
data/raw/japan/101_kishida_statement_202308_0810kaiken_html_aa3bf7d920.html,data/cleaned/japan/101_kishida_statement_202308_0810kaiken_html_aa3bf7d920.txt,https://japan.kantei.go.jp/101_kishida/statement/202308/0810kaiken.html,japan,Prime Minister's Office of Japan (Kantei),Press Conference by the Prime Minister on His Visit to Toyama Prefecture and Other Matters (Speeches and Statements <br>by the Prime Minister) | Prime Minister's Office of Japan,PRESS_CONFERENCE,"August 10, 2023",en
data/raw/japan/101_kishida_statement_202308_0831kaiken_html_9806460124.html,data/cleaned/japan/101_kishida_statement_202308_0831kaiken_html_9806460124.txt,https://japan.kantei.go.jp/101_kishida/statement/202308/0831kaiken.html,japan,Prime Minister's Office of Japan (Kantei),"Press Conference by the Prime Minister on the Response to China’s Suspension of Imports of Marine Products, Support Measures to Protect the Fisheries Industry and Other Matters (Speeches and Statements <br>by the Prime Minister) | Prime Minister's Office of Japan",PRESS_CONFERENCE,"August 31, 2023",en
data/raw/japan/101_kishida_statement_202308_09message_html_31feebe98e.html,data/cleaned/japan/101_kishida_statement_202308_09message_html_31feebe98e.txt,https://japan.kantei.go.jp/101_kishida/statement/202308/09message.html,japan,Prime Minister's Office of Japan (Kantei),Video Message by Prime Minister KISHIDA Fumio at the Nagasaki Peace Memorial Ceremony (Speeches and Statements <br>by the Prime Minister) | Prime Minister's Office of Japan,SPEECH,"August 9, 2023",en
data/raw/japan/101_kishida_statement_202308_12message_html_b82395f5c2.html,data/cleaned/japan/101_kishida_statement_202308_12message_html_b82395f5c2.txt,https://japan.kantei.go.jp/101_kishida/statement/202308/12message.html,japan,Prime Minister's Office of Japan (Kantei),Message of Condolences from Prime Minister Kishida regarding the Damage Caused by the Wildfires in the U.S. State of Hawaii (Speeches and Statements <br>by the Prime Minister) | Prime Minister's Office of Japan,SPEECH,"August 12, 2023",en
data/raw/japan/101_kishida_statement_202308_15shikiji_html_e3b1991c3c.html,data/cleaned/japan/101_kishida_statement_202308_15shikiji_html_e3b1991c3c.txt,https://japan.kantei.go.jp/101_kishida/statement/202308/15shikiji.html,japan,Prime Minister's Office of Japan (Kantei),Address by Prime Minister Kishida at the Seventy-Eighth National Memorial Ceremony for the War Dead (Speeches and Statements <br>by the Prime Minister) | Prime Minister's Office of Japan,SPEECH,"August 15, 2023",en
data/raw/japan/101_kishida_statement_202308_17kaiken_html_925c62f079.html,data/cleaned/japan/101_kishida_statement_202308_17kaiken_html_925c62f079.txt,https://japan.kantei.go.jp/101_kishida/statement/202308/17kaiken.html,japan,Prime Minister's Office of Japan (Kantei),Press Conference by Prime Minister Kishida regarding His Upcoming Visit to the United States (Speeches and Statements <br>by the Prime Minister) | Prime Minister's Office of Japan,PRESS_CONFERENCE,"August 17, 2023",en
data/raw/japan/101_kishida_statement_202308_18kaiken_html_29b10e5468.html,data/cleaned/japan/101_kishida_statement_202308_18kaiken_html_29b10e5468.txt,https://japan.kantei.go.jp/101_kishida/statement/202308/18kaiken.html,japan,Prime Minister's Office of Japan (Kantei),Press Conference by Prime Minister Kishida Regarding His Visit to the United States and Other Matters (Speeches and Statements <br>by the Prime Minister) | Prime Minister's Office of Japan,PRESS_CONFERENCE,"August 18, 2023",en
data/raw/japan/101_kishida_statement_202308_18kyodo_kaiken_html_b082bab69b.html,data/cleaned/japan/101_kishida_statement_202308_18kyodo_kaiken_html_b082bab69b.txt,https://japan.kantei.go.jp/101_kishida/statement/202308/18kyodo_kaiken.html,japan,Prime Minister's Office of Japan (Kantei),"Joint Press Conference by the Leaders of Japan, the United States and the Republic of Korea (Speeches and Statements <br>by the Prime Minister) | Prime Minister's Office of Japan",PRESS_CONFERENCE,"August 18, 2023",en
data/raw/japan/101_kishida_statement_202308_20kaiken_html_e23d219239.html,data/cleaned/japan/101_kishida_statement_202308_20kaiken_html_e23d219239.txt,https://japan.kantei.go.jp/101_kishida/statement/202308/20kaiken.html,japan,Prime Minister's Office of Japan (Kantei),Press Conference by Prime Minister Kishida Regarding His Visit to Fukushima Prefecture and Other Matters (Speeches and Statements <br>by the Prime Minister) | Prime Minister's Office of Japan,PRESS_CONFERENCE,"August 20, 2023",en
data/raw/japan/101_kishida_statement_202308_21kaiken_html_27e392a7c6.html,data/cleaned/japan/101_kishida_statement_202308_21kaiken_html_27e392a7c6.txt,https://japan.kantei.go.jp/101_kishida/statement/202308/21kaiken.html,japan,Prime Minister's Office of Japan (Kantei),Press Conference by Prime Minister Kishida Regarding the discharge of ALPS (Advanced Liquid Processing System) Treated Water into the sea (Speeches and Statements <br>by the Prime Minister) | Prime Minister's Office of Japan,PRESS_CONFERENCE,"August 21, 2023",en
data/raw/japan/101_kishida_statement_202308_22kaiken_html_64bbc317ab.html,data/cleaned/japan/101_kishida_statement_202308_22kaiken_html_64bbc317ab.txt,https://japan.kantei.go.jp/101_kishida/statement/202308/22kaiken.html,japan,Prime Minister's Office of Japan (Kantei),Press Conference by the Prime Minister on the Measures to Address Fuel Oil Prices and Other Matters (Speeches and Statements <br>by the Prime Minister) | Prime Minister's Office of Japan,PRESS_CONFERENCE,"August 22, 2023",en
data/raw/japan/101_kishida_statement_202308_24kaiken_html_54286b2009.html,data/cleaned/japan/101_kishida_statement_202308_24kaiken_html_54286b2009.txt,https://japan.kantei.go.jp/101_kishida/statement/202308/24kaiken.html,japan,Prime Minister's Office of Japan (Kantei),"Press Conference by the Prime Minister on the Discharge of ALPS Treated Water into the Sea, the Overall Review of My Number Information and Other Matters (Speeches and Statements <br>by the Prime Minister) | Prime Minister's Office of Japan",PRESS_CONFERENCE,"August 24, 2023",en
data/raw/japan/101_kishida_statement_202308_24message_html_14daa20075.html,data/cleaned/japan/101_kishida_statement_202308_24message_html_14daa20075.txt,https://japan.kantei.go.jp/101_kishida/statement/202308/24message.html,japan,Prime Minister's Office of Japan (Kantei),Video Message by Prime Minister KISHIDA Fumio at the Third Summit of the Crimea Platform  (Speeches and Statements <br>by the Prime Minister) | Prime Minister's Office of Japan,SPEECH,"August 24, 2023",en
data/raw/japan/101_kishida_statement_202308_25message_html_f2d66f63bc.html,data/cleaned/japan/101_kishida_statement_202308_25message_html_f2d66f63bc.txt,https://japan.kantei.go.jp/101_kishida/statement/202308/25message.html,japan,Prime Minister's Office of Japan (Kantei),Video Message by Prime Minister KISHIDA Fumio on the Occasion of Ukraine's Independence Day  (Speeches and Statements <br>by the Prime Minister) | Prime Minister's Office of Japan,SPEECH,"August 25, 2023",en
data/raw/japan/101_kishida_statement_202308_30message_html_52792e6700.html,data/cleaned/japan/101_kishida_statement_202308_30message_html_52792e6700.txt,https://japan.kantei.go.jp/101_kishida/statement/202308/30message.html,japan,Prime Minister's Office of Japan (Kantei),Video Message by Prime Minister KISHIDA Fumio to Support the Sanriku and Joban Regions through Food  (Speeches and Statements <br>by the Prime Minister) | Prime Minister's Office of Japan,SPEECH,"August 30, 2023",en
data/raw/japan/101_kishida_statement_202308_00016_html_168ecbdf04.html,data/cleaned/japan/101_kishida_statement_202308_00016_html_168ecbdf04.txt,https://japan.kantei.go.jp/101_kishida/statement/202308/_00016.html,japan,Prime Minister's Office of Japan (Kantei),Video Message by Prime Minister KISHIDA Fumio on the occasion of TICAD 30th Anniversary Event (Speeches and Statements <br>by the Prime Minister) | Prime Minister's Office of Japan,SPEECH,"August 26, 2023",en
data/raw/japan/101_kishida_statement_202309_04message_html_1cc2148cea.html,data/cleaned/japan/101_kishida_statement_202309_04message_html_1cc2148cea.txt,https://japan.kantei.go.jp/101_kishida/statement/202309/04message.html,japan,Prime Minister's Office of Japan (Kantei),Video Message by Prime Minister KISHIDA Fumio  on the Occasion of the ASEAN Business and Investment Summit  (Speeches and Statements <br>by the Prime Minister) | Prime Minister's Office of Japan,SPEECH,"September 4, 2023",en
data/raw/japan/101_kishida_statement_202309_06contribution_html_241110af60.html,data/cleaned/japan/101_kishida_statement_202309_06contribution_html_241110af60.txt,https://japan.kantei.go.jp/101_kishida/statement/202309/06contribution.html,japan,Prime Minister's Office of Japan (Kantei),Contributed Article by Prime Minister KISHIDA Fumio on ASEAN-related Summit Meetings to the Indonesian Newspaper Kompas (Speeches and Statements <br>by the Prime Minister) | Prime Minister's Office of Japan,SPEECH,"September 6, 2023",en
data/raw/japan/101_kishida_statement_202309_06message_html_6b43f5eea5.html,data/cleaned/japan/101_kishida_statement_202309_06message_html_6b43f5eea5.txt,https://japan.kantei.go.jp/101_kishida/statement/202309/06message.html,japan,Prime Minister's Office of Japan (Kantei),Video Message by Prime Minister KISHIDA Fumio at the Three Seas Summit 2023 (Speeches and Statements <br>by the Prime Minister) | Prime Minister's Office of Japan,SPEECH,"September 6, 2023",en
data/raw/japan/101_kishida_statement_202309_06speech_html_64a369a2c7.html,data/cleaned/japan/101_kishida_statement_202309_06speech_html_64a369a2c7.txt,https://japan.kantei.go.jp/101_kishida/statement/202309/06speech.html,japan,Prime Minister's Office of Japan (Kantei),Speech by Prime Minister KISHIDA Fumio at the ASEAN-Indo-Pacific Forum (Speeches and Statements <br>by the Prime Minister) | Prime Minister's Office of Japan,SPEECH,"September 6, 2023",en
data/raw/japan/101_kishida_statement_202309_0905kaiken_html_20b3c88105.html,data/cleaned/japan/101_kishida_statement_202309_0905kaiken_html_20b3c88105.txt,https://japan.kantei.go.jp/101_kishida/statement/202309/0905kaiken.html,japan,Prime Minister's Office of Japan (Kantei),Press Conference by Prime Minister Kishida on Attending ASEAN-related Summit Meetings and the G20 New Delhi Summit and Other Matters (Speeches and Statements <br>by the Prime Minister) | Prime Minister's Office of Japan,PRESS_CONFERENCE,"September 5, 2023",en
data/raw/japan/101_kishida_statement_202309_0906kaiken_html_2e21b396b4.html,data/cleaned/japan/101_kishida_statement_202309_0906kaiken_html_2e21b396b4.txt,https://japan.kantei.go.jp/101_kishida/statement/202309/0906kaiken.html,japan,Prime Minister's Office of Japan (Kantei),Press Conference by Prime Minister KISHIDA Fumio on His Conversation with Chinese Premier Li Qiang (Speeches and Statements <br>by the Prime Minister) | Prime Minister's Office of Japan,PRESS_CONFERENCE,"September 6, 2023",en
data/raw/japan/101_kishida_statement_202309_0907kaiken_html_85f2a970f3.html,data/cleaned/japan/101_kishida_statement_202309_0907kaiken_html_85f2a970f3.txt,https://japan.kantei.go.jp/101_kishida/statement/202309/0907kaiken.html,japan,Prime Minister's Office of Japan (Kantei),Press Conference by Prime Minister KISHIDA Fumio on the ASEAN-related Summit Meetings and Other Matters (Speeches and Statements <br>by the Prime Minister) | Prime Minister's Office of Japan,PRESS_CONFERENCE,"September 7, 2023",en
data/raw/japan/101_kishida_statement_202309_0925kaiken_html_cc2f97bb09.html,data/cleaned/japan/101_kishida_statement_202309_0925kaiken_html_cc2f97bb09.txt,https://japan.kantei.go.jp/101_kishida/statement/202309/0925kaiken.html,japan,Prime Minister's Office of Japan (Kantei),Press Conference by Prime Minister Kishida Regarding Economic measures (Speeches and Statements <br>by the Prime Minister) | Prime Minister's Office of Japan,PRESS_CONFERENCE,"September 25, 2023",en
data/raw/japan/101_kishida_statement_202309_09message_html_3034f56a76.html,data/cleaned/japan/101_kishida_statement_202309_09message_html_3034f56a76.txt,https://japan.kantei.go.jp/101_kishida/statement/202309/09message.html,japan,Prime Minister's Office of Japan (Kantei),Message of condolences from Prime Minister KISHIDA Fumio following the damages caused by the earthquake disaster in the central part of the Kingdom of Morocco (Speeches and Statements <br>by the Prime Minister) | Prime Minister's Office of Japan,SPEECH,"September 9, 2023",en
data/raw/japan/101_kishida_statement_202309_10kaiken_html_30f5f3c0f2.html,data/cleaned/japan/101_kishida_statement_202309_10kaiken_html_30f5f3c0f2.txt,https://japan.kantei.go.jp/101_kishida/statement/202309/10kaiken.html,japan,Prime Minister's Office of Japan (Kantei),Press Conference by Prime Minister Kishida Regarding His Attendance at the ASEAN-related Summit Meetings and the G20 New Delhi Summit (Speeches and Statements <br>by the Prime Minister) | Prime Minister's Office of Japan,PRESS_CONFERENCE,"September 10, 2023",en
data/raw/japan/101_kishida_statement_202309_12message_html_cf9cb5bba3.html,data/cleaned/japan/101_kishida_statement_202309_12message_html_cf9cb5bba3.txt,https://japan.kantei.go.jp/101_kishida/statement/202309/12message.html,japan,Prime Minister's Office of Japan (Kantei),Message of condolences from Prime Minister KISHIDA Fumio following the damages caused by the flood disaster in the eastern part of the State of Libya (Speeches and Statements <br>by the Prime Minister) | Prime Minister's Office of Japan,SPEECH,"September 12, 2023",en
data/raw/japan/101_kishida_statement_202309_19fmct_html_0c843680e3.html,data/cleaned/japan/101_kishida_statement_202309_19fmct_html_0c843680e3.txt,https://japan.kantei.go.jp/101_kishida/statement/202309/19fmct.html,japan,Prime Minister's Office of Japan (Kantei),Opening Statement by Prime Minister Kishida at the Commemorative High -Level Event on an FMCT (Speeches and Statements <br>by the Prime Minister) | Prime Minister's Office of Japan,SPEECH,"September 19, 2023",en
data/raw/japan/101_kishida_statement_202309_19kaiken_html_5db9b7c746.html,data/cleaned/japan/101_kishida_statement_202309_19kaiken_html_5db9b7c746.txt,https://japan.kantei.go.jp/101_kishida/statement/202309/19kaiken.html,japan,Prime Minister's Office of Japan (Kantei),Press Conference by Prime Minister Kishida Regarding His Visit to the United States and Other Matters (Speeches and Statements <br>by the Prime Minister) | Prime Minister's Office of Japan,PRESS_CONFERENCE,"September 19, 2023",en
data/raw/japan/101_kishida_statement_202309_19sdg_html_a203b57817.html,data/cleaned/japan/101_kishida_statement_202309_19sdg_html_a203b57817.txt,https://japan.kantei.go.jp/101_kishida/statement/202309/19sdg.html,japan,Prime Minister's Office of Japan (Kantei),Statement by Prime Minister Kishida at the SDG Summit (Speeches and Statements <br>by the Prime Minister) | Prime Minister's Office of Japan,SPEECH,"September 19, 2023",en
data/raw/japan/101_kishida_statement_202309_19unga_html_91f96354c8.html,data/cleaned/japan/101_kishida_statement_202309_19unga_html_91f96354c8.txt,https://japan.kantei.go.jp/101_kishida/statement/202309/19unga.html,japan,Prime Minister's Office of Japan (Kantei),Address by Prime Minister Kishida at the Seventy-Eighth Session of the United Nations General Assembly (Speeches and Statements <br>by the Prime Minister) | Prime Minister's Office of Japan,SPEECH,"September 19, 2023",en
data/raw/japan/101_kishida_statement_202309_20gga_html_ada8b69bdf.html,data/cleaned/japan/101_kishida_statement_202309_20gga_html_ada8b69bdf.txt,https://japan.kantei.go.jp/101_kishida/statement/202309/20gga.html,japan,Prime Minister's Office of Japan (Kantei),Prime Minister Kishida's Acceptance Speech at the Global Goalkeepers Award 2023 Ceremony (Speeches and Statements <br>by the Prime Minister) | Prime Minister's Office of Japan,SPEECH,"September 20, 2023",en
data/raw/japan/101_kishida_statement_202309_20kaiken_html_36e646798c.html,data/cleaned/japan/101_kishida_statement_202309_20kaiken_html_36e646798c.txt,https://japan.kantei.go.jp/101_kishida/statement/202309/20kaiken.html,japan,Prime Minister's Office of Japan (Kantei),Press Conference by Prime Minister Kishida Regarding His Attendance at the Seventy-Eighth Session of the United Nations General Assembly and Other matters (Speeches and Statements <br>by the Prime Minister) | Prime Minister's Office of Japan,PRESS_CONFERENCE,"September 20, 2023",en
data/raw/japan/101_kishida_statement_202309_20security_html_bde7cb1da0.html,data/cleaned/japan/101_kishida_statement_202309_20security_html_bde7cb1da0.txt,https://japan.kantei.go.jp/101_kishida/statement/202309/20security.html,japan,Prime Minister's Office of Japan (Kantei),Prime Minister Kishida’s Statement at the Security Council High Level Open Debate on “Upholding the purposes and principles of the UN Charter through effective multilateralism: maintenance of peace and security of Ukraine” (Speeches and Statements <br>by the Prime Minister) | Prime Minister's Office of Japan,SPEECH,"September 20, 2023",en
data/raw/japan/101_kishida_statement_202309_21economicclub_html_4d01cfd0bf.html,data/cleaned/japan/101_kishida_statement_202309_21economicclub_html_4d01cfd0bf.txt,https://japan.kantei.go.jp/101_kishida/statement/202309/21economicclub.html,japan,Prime Minister's Office of Japan (Kantei),Prime Minister Kishida’s Remarks to the Economic Club of New York (Speeches and Statements <br>by the Prime Minister) | Prime Minister's Office of Japan,SPEECH,"September 21, 2023",en
data/raw/japan/101_kishida_statement_202309_21g7health_html_e7956ce2dc.html,data/cleaned/japan/101_kishida_statement_202309_21g7health_html_e7956ce2dc.txt,https://japan.kantei.go.jp/101_kishida/statement/202309/21g7health.html,japan,Prime Minister's Office of Japan (Kantei),Opening Remarks by Prime Minister Kishida at the G7 Health Follow-up Side Event (Speeches and Statements <br>by the Prime Minister) | Prime Minister's Office of Japan,SPEECH,"September 21, 2023",en
data/raw/japan/101_kishida_statement_202309_21uhc_html_10f7e43701.html,data/cleaned/japan/101_kishida_statement_202309_21uhc_html_10f7e43701.txt,https://japan.kantei.go.jp/101_kishida/statement/202309/21uhc.html,japan,Prime Minister's Office of Japan (Kantei),Statement by Prime Minister Kishida at the UN General Assembly High-Level Meeting on Universal Health Coverage (UHC) (Speeches and Statements <br>by the Prime Minister) | Prime Minister's Office of Japan,SPEECH,"September 21, 2023",en
data/raw/japan/101_kishida_statement_202309_22message_sideevent_html_288ed30f8e.html,data/cleaned/japan/101_kishida_statement_202309_22message_sideevent_html_288ed30f8e.txt,https://japan.kantei.go.jp/101_kishida/statement/202309/22message_sideevent.html,japan,Prime Minister's Office of Japan (Kantei),"Video Message by Prime Minister Kishida at the DISCOVER Japan's NEW TREASURES reception, a United Nations General Assembly side event (Speeches and Statements <br>by the Prime Minister) | Prime Minister's Office of Japan",SPEECH,"September 22, 2023",en
data/raw/japan/101_kishida_statement_202309_23letter_html_d1f022c4f5.html,data/cleaned/japan/101_kishida_statement_202309_23letter_html_d1f022c4f5.txt,https://japan.kantei.go.jp/101_kishida/statement/202309/23letter.html,japan,Prime Minister's Office of Japan (Kantei),Letter of Condolence by Prime Minister KISHIDA Fumio on the Passing of Former President Sen. Giorgio Napolitano of the Italian Republic (Speeches and Statements <br>by the Prime Minister) | Prime Minister's Office of Japan,SPEECH,"September 23, 2023",en
data/raw/japan/101_kishida_statement_202309_25message_html_97f9a52662.html,data/cleaned/japan/101_kishida_statement_202309_25message_html_97f9a52662.txt,https://japan.kantei.go.jp/101_kishida/statement/202309/25message.html,japan,Prime Minister's Office of Japan (Kantei),Congratulatory Message from Prime Minister KISHIDA to Prime Minister Siliņa of Latvia (Speeches and Statements <br>by the Prime Minister) | Prime Minister's Office of Japan,SPEECH,"September 25, 2023",en
data/raw/japan/tag_0141_html_ed6997c2f8.html,data/cleaned/japan/tag_0141_html_ed6997c2f8.txt,https://japan.kantei.go.jp/tag/0141.html,japan,Prime Minister's Office of Japan (Kantei),#WageIncrease List of articles | Prime Minister's Office of Japan,PRESS_CONFERENCE,"September 18, 2024",en
data/raw/japan/101_kishida_statement_202310_03pri_html_18a90a5d9b.html,data/cleaned/japan/101_kishida_statement_202310_03pri_html_18a90a5d9b.txt,https://japan.kantei.go.jp/101_kishida/statement/202310/03pri.html,japan,Prime Minister's Office of Japan (Kantei),Statement by Prime Minister Kishida at PRI in Person 2023 (Speeches and Statements <br>by the Prime Minister) | Prime Minister's Office of Japan,SPEECH,"October 3, 2023",en
data/raw/japan/101_kishida_statement_202310_06message_html_285b9a0971.html,data/cleaned/japan/101_kishida_statement_202310_06message_html_285b9a0971.txt,https://japan.kantei.go.jp/101_kishida/statement/202310/06message.html,japan,Prime Minister's Office of Japan (Kantei),Congratulatory Message from Prime Minister KISHIDA to President-elect Muizzu of the Maldives (Speeches and Statements <br>by the Prime Minister) | Prime Minister's Office of Japan,SPEECH,"October 6, 2023",en
data/raw/japan/101_kishida_statement_202310_18message_html_f48534b49c.html,data/cleaned/japan/101_kishida_statement_202310_18message_html_f48534b49c.txt,https://japan.kantei.go.jp/101_kishida/statement/202310/18message.html,japan,Prime Minister's Office of Japan (Kantei),Letter of Condolences by Prime Minister KISHIDA Fumio on the Passing of Former President H.E. Mr. Martti Ahtisaari of the Republic of Finland (Speeches and Statements <br>by the Prime Minister) | Prime Minister's Office of Japan,SPEECH,"October 18, 2023",en
data/raw/japan/101_kishida_statement_202310_20231024message_html_49ad996ba6.html,data/cleaned/japan/101_kishida_statement_202310_20231024message_html_49ad996ba6.txt,https://japan.kantei.go.jp/101_kishida/statement/202310/20231024message.html,japan,Prime Minister's Office of Japan (Kantei),Video Message by Prime Minister Kishida at the Opening Ceremony of the 36th Tokyo International Film Festival (Speeches and Statements <br>by the Prime Minister) | Prime Minister's Office of Japan,SPEECH,"October 24, 2023",en
data/raw/japan/101_kishida_statement_202310_23message_html_5b3a9fa059.html,data/cleaned/japan/101_kishida_statement_202310_23message_html_5b3a9fa059.txt,https://japan.kantei.go.jp/101_kishida/statement/202310/23message.html,japan,Prime Minister's Office of Japan (Kantei),Video Message by Prime Minister Kishida at the 10th Mount Fuji Dialogue (Speeches and Statements <br>by the Prime Minister) | Prime Minister's Office of Japan,SPEECH,"October 23, 2023",en
data/raw/japan/101_kishida_statement_202310_23shoshinhyomei_html_6eee98b2f3.html,data/cleaned/japan/101_kishida_statement_202310_23shoshinhyomei_html_6eee98b2f3.txt,https://japan.kantei.go.jp/101_kishida/statement/202310/23shoshinhyomei.html,japan,Prime Minister's Office of Japan (Kantei),Policy Speech by Prime Minister Kishida to the 212th Session of the Diet (Speeches and Statements <br>by the Prime Minister) | Prime Minister's Office of Japan,SPEECH,"October 23, 2023",en
data/raw/japan/101_kishida_statement_202310_26message_html_766d6e3acb.html,data/cleaned/japan/101_kishida_statement_202310_26message_html_766d6e3acb.txt,https://japan.kantei.go.jp/101_kishida/statement/202310/26message.html,japan,Prime Minister's Office of Japan (Kantei),Video Message by Prime Minister Kishida at the Global Gateway Forum hosted by the European Commission (Speeches and Statements <br>by the Prime Minister) | Prime Minister's Office of Japan,SPEECH,"October 26, 2023",en
data/raw/japan/101_kishida_statement_202310_30message_html_52c4ff269d.html,data/cleaned/japan/101_kishida_statement_202310_30message_html_52c4ff269d.txt,https://japan.kantei.go.jp/101_kishida/statement/202310/30message.html,japan,Prime Minister's Office of Japan (Kantei),Video Message by Prime Minister Kishida for the John F. Kennedy Profile in Courage Award (Speeches and Statements <br>by the Prime Minister) | Prime Minister's Office of Japan,SPEECH,"October 30, 2023",en
data/raw/japan/tag_0134_html_ee40c9c5d7.html,data/cleaned/japan/tag_0134_html_ee40c9c5d7.txt,https://japan.kantei.go.jp/tag/0134.html,japan,Prime Minister's Office of Japan (Kantei),#DigitalAdminFiscalReform List of articles | Prime Minister's Office of Japan,PRESS_CONFERENCE,"September 2, 2024",en
data/raw/japan/101_kishida_statement_202311_03_html_8fcbec7f9a.html,data/cleaned/japan/101_kishida_statement_202311_03_html_8fcbec7f9a.txt,https://japan.kantei.go.jp/101_kishida/statement/202311/03.html,japan,Prime Minister's Office of Japan (Kantei),"Contributed Article ""Celebrating our 'special bond of friendship' with the Philippines"" by Prime Minister KISHIDA Fumio to the Philippine Media (Philippine Star, Manila Bulletin, Philippine Daily Inquirer) (Speeches and Statements <br>by the Prime Minister) | Prime Minister's Office of Japan",SPEECH,"November 3, 2023",en
data/raw/japan/101_kishida_statement_202311_04_html_65013885c2.html,data/cleaned/japan/101_kishida_statement_202311_04_html_65013885c2.txt,https://japan.kantei.go.jp/101_kishida/statement/202311/04.html,japan,Prime Minister's Office of Japan (Kantei),Written Interview with Prime Minister KISHIDA Fumio by the Malaysian National News Agency Bernama (Speeches and Statements <br>by the Prime Minister) | Prime Minister's Office of Japan,SPEECH,"November 4, 2023",en
data/raw/japan/101_kishida_statement_202311_04policyspeech_html_550c973083.html,data/cleaned/japan/101_kishida_statement_202311_04policyspeech_html_550c973083.txt,https://japan.kantei.go.jp/101_kishida/statement/202311/04policyspeech.html,japan,Prime Minister's Office of Japan (Kantei),Policy Speech by Prime Minister Kishida at the Joint Session of the Phlippine Senate and House of Representatives (Speeches and Statements <br>by the Prime Minister) | Prime Minister's Office of Japan,SPEECH,"November 4, 2023",en
data/raw/japan/101_kishida_statement_202311_05kaiken_html_284b6497b8.html,data/cleaned/japan/101_kishida_statement_202311_05kaiken_html_284b6497b8.txt,https://japan.kantei.go.jp/101_kishida/statement/202311/05kaiken.html,japan,Prime Minister's Office of Japan (Kantei),Press Conference by Prime Minister Kishida Regarding His Visit to the Republic of the Philippines and Malaysia and Other Matters (Speeches and Statements <br>by the Prime Minister) | Prime Minister's Office of Japan,PRESS_CONFERENCE,"November 5, 2023",en
data/raw/japan/101_kishida_statement_202311_1102kaiken_html_4613022817.html,data/cleaned/japan/101_kishida_statement_202311_1102kaiken_html_4613022817.txt,https://japan.kantei.go.jp/101_kishida/statement/202311/1102kaiken.html,japan,Prime Minister's Office of Japan (Kantei),Press Conference by Prime Minister Kishida (Speeches and Statements <br>by the Prime Minister) | Prime Minister's Office of Japan,PRESS_CONFERENCE,"November 2, 2023",en
data/raw/japan/101_kishida_statement_202311_1103kaiken_html_86ede397c2.html,data/cleaned/japan/101_kishida_statement_202311_1103kaiken_html_86ede397c2.txt,https://japan.kantei.go.jp/101_kishida/statement/202311/1103kaiken.html,japan,Prime Minister's Office of Japan (Kantei),Press Conference by Prime Minister Kishida regarding His Upcoming Visit to the Republic of the Philippines and Malaysia (Speeches and Statements <br>by the Prime Minister) | Prime Minister's Office of Japan,PRESS_CONFERENCE,"November 3, 2023",en
data/raw/japan/101_kishida_statement_202311_1115kaiken_html_00e827fb7d.html,data/cleaned/japan/101_kishida_statement_202311_1115kaiken_html_00e827fb7d.txt,https://japan.kantei.go.jp/101_kishida/statement/202311/1115kaiken.html,japan,Prime Minister's Office of Japan (Kantei),Press Conference by Prime Minister Kishida on Attending the APEC Economic Leaders’ Meeting and Other Matters (Speeches and Statements <br>by the Prime Minister) | Prime Minister's Office of Japan,PRESS_CONFERENCE,"November 15, 2023",en
data/raw/japan/101_kishida_statement_202311_1116kaiken_html_afea3041fb.html,data/cleaned/japan/101_kishida_statement_202311_1116kaiken_html_afea3041fb.txt,https://japan.kantei.go.jp/101_kishida/statement/202311/1116kaiken.html,japan,Prime Minister's Office of Japan (Kantei),Press Conference by Prime Minister Kishida Regarding the Japan-U.S. Summit Meeting and the Japan-China Summit Meeting (Speeches and Statements <br>by the Prime Minister) | Prime Minister's Office of Japan,PRESS_CONFERENCE,"November 16, 2023",en
data/raw/japan/101_kishida_statement_202311_1117kaiken_html_365baab26b.html,data/cleaned/japan/101_kishida_statement_202311_1117kaiken_html_365baab26b.txt,https://japan.kantei.go.jp/101_kishida/statement/202311/1117kaiken.html,japan,Prime Minister's Office of Japan (Kantei),Press Conference by Prime Minister Kishida Regarding His Attendance at the APEC Leaders’ Meeting and Other Matters (Speeches and Statements <br>by the Prime Minister) | Prime Minister's Office of Japan,PRESS_CONFERENCE,"November 17, 2023",en
data/raw/japan/101_kishida_statement_202311_1202kaiken_html_cc005352b7.html,data/cleaned/japan/101_kishida_statement_202311_1202kaiken_html_cc005352b7.txt,https://japan.kantei.go.jp/101_kishida/statement/202311/1202kaiken.html,japan,Prime Minister's Office of Japan (Kantei),Press Conference by the Prime Minister regarding His Attendance at the 28th Conference of the Parties to the United Nations Framework Convention on Climate Change (COP28) (Speeches and Statements <br>by the Prime Minister) | Prime Minister's Office of Japan,PRESS_CONFERENCE,"November 30, 2023",en
data/raw/japan/101_kishida_statement_202311_14contribution_html_bf1aeb336b.html,data/cleaned/japan/101_kishida_statement_202311_14contribution_html_bf1aeb336b.txt,https://japan.kantei.go.jp/101_kishida/statement/202311/14contribution.html,japan,Prime Minister's Office of Japan (Kantei),"Contributed Article ""Why  APEC in S.F. carries a special  significance for Japan"" by Prime Minister KISHIDA Fumio to the San Francisco Chronicle (Speeches and Statements <br>by the Prime Minister) | Prime Minister's Office of Japan",SPEECH,"November 14, 2023",en
data/raw/japan/101_kishida_statement_202311_17message_html_6d88cf3213.html,data/cleaned/japan/101_kishida_statement_202311_17message_html_6d88cf3213.txt,https://japan.kantei.go.jp/101_kishida/statement/202311/17message.html,japan,Prime Minister's Office of Japan (Kantei),Video Message by Prime Minister Kishida at the Ceremony to Commemorate the 100th Anniversary of the Establishment of the Indian Commerce and Industry Association Japan (Speeches and Statements <br>by the Prime Minister) | Prime Minister's Office of Japan,SPEECH,"November 17, 2023",en
data/raw/japan/101_kishida_statement_202311_22message_html_47c87bad63.html,data/cleaned/japan/101_kishida_statement_202311_22message_html_47c87bad63.txt,https://japan.kantei.go.jp/101_kishida/statement/202311/22message.html,japan,Prime Minister's Office of Japan (Kantei),"Message of Condolences by Prime Minister KISHIDA Fumio on the Passing of Mrs. Rosalynn Carter, the Former First Lady of the United States of America (Speeches and Statements <br>by the Prime Minister) | Prime Minister's Office of Japan",SPEECH,"November 22, 2023",en
data/raw/japan/101_kishida_statement_202311_27message_html_accc128663.html,data/cleaned/japan/101_kishida_statement_202311_27message_html_accc128663.txt,https://japan.kantei.go.jp/101_kishida/statement/202311/27message.html,japan,Prime Minister's Office of Japan (Kantei),Congratulatory Message from Prime Minister KISHIDA to President-elect Boakai of the Republic of Liberia (Speeches and Statements <br>by the Prime Minister) | Prime Minister's Office of Japan,SPEECH,"November 27, 2023",en
data/raw/japan/101_kishida_statement_202311_28message_html_d1c27d9e9a.html,data/cleaned/japan/101_kishida_statement_202311_28message_html_d1c27d9e9a.txt,https://japan.kantei.go.jp/101_kishida/statement/202311/28message.html,japan,Prime Minister's Office of Japan (Kantei),Congratulatory Message from Prime Minister KISHIDA to Prime Minister Frieden of Luxembourg (Speeches and Statements <br>by the Prime Minister) | Prime Minister's Office of Japan,SPEECH,"November 28, 2023",en
data/raw/japan/tag_0044_html_61736a80c9.html,data/cleaned/japan/tag_0044_html_61736a80c9.txt,https://japan.kantei.go.jp/tag/0044.html,japan,Prime Minister's Office of Japan (Kantei),#JPNCHNsummit List of articles | Prime Minister's Office of Japan,PRESS_CONFERENCE,"May 26, 2024",en
data/raw/japan/101_kishida_statement_202312_01statement_html_f64c1074c2.html,data/cleaned/japan/101_kishida_statement_202312_01statement_html_f64c1074c2.txt,https://japan.kantei.go.jp/101_kishida/statement/202312/01statement.html,japan,Prime Minister's Office of Japan (Kantei),Statement by Prime Minister KISHIDA Fumio at COP28 World Climate Action Summit (Speeches and Statements <br>by the Prime Minister) | Prime Minister's Office of Japan,SPEECH,"December 1, 2023",en
data/raw/japan/101_kishida_statement_202312_02speech_html_a4cd955ef8.html,data/cleaned/japan/101_kishida_statement_202312_02speech_html_a4cd955ef8.txt,https://japan.kantei.go.jp/101_kishida/statement/202312/02speech.html,japan,Prime Minister's Office of Japan (Kantei),Speech by Prime Minister Kishida at COP28: Action to Zero led by Japan and UAE (Speeches and Statements <br>by the Prime Minister) | Prime Minister's Office of Japan,SPEECH,"December 2, 2023",en
data/raw/japan/101_kishida_statement_202312_06message_html_dd513838b5.html,data/cleaned/japan/101_kishida_statement_202312_06message_html_dd513838b5.txt,https://japan.kantei.go.jp/101_kishida/statement/202312/06message.html,japan,Prime Minister's Office of Japan (Kantei),Message of Condolence by Prime Minister KISHIDA Fumio on the loss of the members of the U.S. Forces due to the crash of the CV-22 (Speeches and Statements <br>by the Prime Minister) | Prime Minister's Office of Japan,SPEECH,"December 6, 2023",en
data/raw/japan/101_kishida_statement_202312_08speech_html_071bfa7387.html,data/cleaned/japan/101_kishida_statement_202312_08speech_html_071bfa7387.txt,https://japan.kantei.go.jp/101_kishida/statement/202312/08speech.html,japan,Prime Minister's Office of Japan (Kantei),Address by Prime Minister Kishida at the opening session of the third meeting of the International Group of Eminent Persons for a World without Nuclear Weapons (IGEP) (Read out by Special Advisor to the Prime Minister ISHIHARA Hirotaka) (Speeches and Statements <br>by the Prime Minister) | Prime Minister's Office of Japan,SPEECH,"December 8, 2023",en
data/raw/japan/101_kishida_statement_202312_09speech_html_7eb4e25ae9.html,data/cleaned/japan/101_kishida_statement_202312_09speech_html_7eb4e25ae9.txt,https://japan.kantei.go.jp/101_kishida/statement/202312/09speech.html,japan,Prime Minister's Office of Japan (Kantei),Address by Prime Minister Kishida at the closing session of the third meeting of the International Group of Eminent Persons for a World without Nuclear Weapons (IGEP) (Speeches and Statements <br>by the Prime Minister) | Prime Minister's Office of Japan,SPEECH,"December 9, 2023",en
data/raw/japan/101_kishida_statement_202312_1202kaiken_html_7de141c1ac.html,data/cleaned/japan/101_kishida_statement_202312_1202kaiken_html_7de141c1ac.txt,https://japan.kantei.go.jp/101_kishida/statement/202312/1202kaiken.html,japan,Prime Minister's Office of Japan (Kantei),Press Conference by the Prime Minister regarding His Attendance at the 28th Conference of the Parties to the United Nations Framework Convention on Climate Change (COP28) (Speeches and Statements <br>by the Prime Minister) | Prime Minister's Office of Japan,PRESS_CONFERENCE,"December 2, 2023",en
data/raw/japan/101_kishida_statement_202312_12message_geac_html_ebe206e879.html,data/cleaned/japan/101_kishida_statement_202312_12message_geac_html_ebe206e879.txt,https://japan.kantei.go.jp/101_kishida/statement/202312/12message_geac.html,japan,Prime Minister's Office of Japan (Kantei),Message from Prime Minister KISHIDA Fumio on the Occasion of Submission of the Final Report by Gender Equality Advisory Council (GEAC) (Speeches and Statements <br>by the Prime Minister) | Prime Minister's Office of Japan,SPEECH,"December 12, 2023",en
data/raw/japan/101_kishida_statement_202312_13contribution_html_0f44df6dde.html,data/cleaned/japan/101_kishida_statement_202312_13contribution_html_0f44df6dde.txt,https://japan.kantei.go.jp/101_kishida/statement/202312/13contribution.html,japan,Prime Minister's Office of Japan (Kantei),"Contributed Article ""Co-creating the future of the Indo-Pacific based on trust"" by Prime Minister KISHIDA Fumio to Japan Forward on the Occasion of The Commemorative Summit for the 50th Year of ASEAN-Japan Friendship and Cooperation (Speeches and Statements <br>by the Prime Minister) | Prime Minister's Office of Japan",SPEECH,"December 13, 2023",en
data/raw/japan/101_kishida_statement_202312_14message_html_251efbcc21.html,data/cleaned/japan/101_kishida_statement_202312_14message_html_251efbcc21.txt,https://japan.kantei.go.jp/101_kishida/statement/202312/14message.html,japan,Prime Minister's Office of Japan (Kantei),Video Message by Prime Minister Kishida at the ASEAN-Japan Young Business Leaders’ Summit 2023 (Speeches and Statements <br>by the Prime Minister) | Prime Minister's Office of Japan,SPEECH,"December 14, 2023",en
data/raw/japan/101_kishida_statement_202312_15contribution_cambodia_html_77bc9e5093.html,data/cleaned/japan/101_kishida_statement_202312_15contribution_cambodia_html_77bc9e5093.txt,https://japan.kantei.go.jp/101_kishida/statement/202312/15contribution_cambodia.html,japan,Prime Minister's Office of Japan (Kantei),"Contributed Article ""Co-creating the future of the Indo-Pacific based on trust"" by Prime Minister KISHIDA Fumio to the Cambodian newspaper Khmer Times on the Occasion of The Commemorative Summit for the 50th Year of ASEAN-Japan Friendship and Cooperation (Speeches and Statements <br>by the Prime Minister) | Prime Minister's Office of Japan",SPEECH,"December 15, 2023",en
data/raw/japan/101_kishida_statement_202312_15contribution_indonesia_html_9b3edc74e7.html,data/cleaned/japan/101_kishida_statement_202312_15contribution_indonesia_html_9b3edc74e7.txt,https://japan.kantei.go.jp/101_kishida/statement/202312/15contribution_indonesia.html,japan,Prime Minister's Office of Japan (Kantei),"Contributed Article ""Co-creating the future of the Indo-Pacific based on trust"" by Prime Minister KISHIDA Fumio to the Indonesian Newspaper Kompas on the Occasion of The Commemorative Summit for the 50th Year of ASEAN-Japan Friendship and Cooperation (Speeches and Statements <br>by the Prime Minister) | Prime Minister's Office of Japan",SPEECH,"December 15, 2023",en
data/raw/japan/101_kishida_statement_202312_15contribution_laos_html_a578b6ea8c.html,data/cleaned/japan/101_kishida_statement_202312_15contribution_laos_html_a578b6ea8c.txt,https://japan.kantei.go.jp/101_kishida/statement/202312/15contribution_laos.html,japan,Prime Minister's Office of Japan (Kantei),"Contributed Article ""Co-creating the future of the Indo-Pacific based on trust"" by Prime Minister KISHIDA Fumio to the Lao Newspaper The Vientiane Times on the Occasion of The Commemorative Summit for the 50th Year of ASEAN-Japan Friendship and Cooperation (Speeches and Statements <br>by the Prime Minister) | Prime Minister's Office of Japan",SPEECH,"December 15, 2023",en
data/raw/japan/101_kishida_statement_202312_15contribution_malaysia_html_29f606c831.html,data/cleaned/japan/101_kishida_statement_202312_15contribution_malaysia_html_29f606c831.txt,https://japan.kantei.go.jp/101_kishida/statement/202312/15contribution_malaysia.html,japan,Prime Minister's Office of Japan (Kantei),"Contributed Article ""Co-creating the future of the Indo-Pacific based on trust"" by Prime Minister KISHIDA Fumio to the Malaysian National News Agency Bernama on the Occasion of The Commemorative Summit for the 50th Year of ASEAN-Japan Friendship and Cooperation (Speeches and Statements <br>by the Prime Minister) | Prime Minister's Office of Japan",SPEECH,"December 15, 2023",en
data/raw/japan/101_kishida_statement_202312_15contribution_philippines_html_f2d0677559.html,data/cleaned/japan/101_kishida_statement_202312_15contribution_philippines_html_f2d0677559.txt,https://japan.kantei.go.jp/101_kishida/statement/202312/15contribution_philippines.html,japan,Prime Minister's Office of Japan (Kantei),"Contributed Article ""Co-creating the future of the Indo-Pacific based on trust"" by Prime Minister KISHIDA Fumio to the Philippine Media (Philippine Star, Manila Bulletin, Philippine Daily Inquirer) on the Occasion of The Commemorative Summit for the 50th Year of ASEAN-Japan Friendship and Cooperation (Speeches and Statements <br>by the Prime Minister) | Prime Minister's Office of Japan",SPEECH,"December 15, 2023",en
data/raw/japan/101_kishida_statement_202312_15contribution_singapore_html_f323e490b7.html,data/cleaned/japan/101_kishida_statement_202312_15contribution_singapore_html_f323e490b7.txt,https://japan.kantei.go.jp/101_kishida/statement/202312/15contribution_singapore.html,japan,Prime Minister's Office of Japan (Kantei),"Contributed Article ""Co-creating the future of the Indo-Pacific based on trust"" by Prime Minister KISHIDA Fumio to the Singaporean Newspaper The Straits Times on the Occasion of The Commemorative Summit for the 50th Year of ASEAN-Japan Friendship and Cooperation (Speeches and Statements <br>by the Prime Minister) | Prime Minister's Office of Japan",SPEECH,"December 15, 2023",en
data/raw/japan/101_kishida_statement_202312_15contribution_thailand_html_c9a0aca759.html,data/cleaned/japan/101_kishida_statement_202312_15contribution_thailand_html_c9a0aca759.txt,https://japan.kantei.go.jp/101_kishida/statement/202312/15contribution_thailand.html,japan,Prime Minister's Office of Japan (Kantei),"Contributed Article ""Co-creating the future of the Indo-Pacific based on trust"" by Prime Minister KISHIDA Fumio to the Thai Media (Matichon, Daily News) on the Occasion of The Commemorative Summit for the 50th Year of ASEAN-Japan Friendship and Cooperation (Speeches and Statements <br>by the Prime Minister) | Prime Minister's Office of Japan",SPEECH,"December 15, 2023",en
data/raw/japan/101_kishida_statement_202312_16contribution_html_de28ab2b26.html,data/cleaned/japan/101_kishida_statement_202312_16contribution_html_de28ab2b26.txt,https://japan.kantei.go.jp/101_kishida/statement/202312/16contribution.html,japan,Prime Minister's Office of Japan (Kantei),"Contributed Article ""Trusted partners to co-create the future of the Indo-Pacific"" by Prime Minister KISHIDA Fumio to The Japan Times on the Occasion of The Commemorative Summit for the 50th Year of ASEAN-Japan Friendship and Cooperation (Speeches and Statements <br>by the Prime Minister) | Prime Minister's Office of Japan",SPEECH,"December 16, 2023",en
data/raw/japan/101_kishida_statement_202312_16contribution_brunei_html_ca287bff55.html,data/cleaned/japan/101_kishida_statement_202312_16contribution_brunei_html_ca287bff55.txt,https://japan.kantei.go.jp/101_kishida/statement/202312/16contribution_brunei.html,japan,Prime Minister's Office of Japan (Kantei),"Contributed Article ""Co-creating the future of the Indo-Pacific based on trust"" by Prime Minister KISHIDA Fumio to the Brunei Newspaper Borneo Bulletin on the Occasion of The Commemorative Summit for the 50th Year of ASEAN-Japan Friendship and Cooperation (Speeches and Statements <br>by the Prime Minister) | Prime Minister's Office of Japan",SPEECH,"December 16, 2023",en
data/raw/japan/101_kishida_statement_202312_16contribution_vietnam_00001_html_19d07dadb5.html,data/cleaned/japan/101_kishida_statement_202312_16contribution_vietnam_00001_html_19d07dadb5.txt,https://japan.kantei.go.jp/101_kishida/statement/202312/16contribution_vietnam_00001.html,japan,Prime Minister's Office of Japan (Kantei),"Contributed Article ""Co-creating the future of the Indo-Pacific based on trust"" by Prime Minister KISHIDA Fumio to the Vietnamese newspaper Tuoi Tre on the Occasion of The Commemorative Summit for the 50th Year of ASEAN-Japan Friendship and Cooperation (Speeches and Statements <br>by the Prime Minister) | Prime Minister's Office of Japan",SPEECH,"December 16, 2023",en
data/raw/japan/101_kishida_statement_202312_16message_kuwait_html_f5b3df0db3.html,data/cleaned/japan/101_kishida_statement_202312_16message_kuwait_html_f5b3df0db3.txt,https://japan.kantei.go.jp/101_kishida/statement/202312/16message_kuwait.html,japan,Prime Minister's Office of Japan (Kantei),"Statement by Prime Minister Kishida: Condolences on the Demise of the Amir of the State of Kuwait, His Highness Sheikh Nawaf Al-Ahmad Al-Jaber Al-Sabah (Speeches and Statements <br>by the Prime Minister) | Prime Minister's Office of Japan",SPEECH,"December 16, 2023",en
data/raw/japan/101_kishida_statement_202312_18message_html_1e9f864afc.html,data/cleaned/japan/101_kishida_statement_202312_18message_html_1e9f864afc.txt,https://japan.kantei.go.jp/101_kishida/statement/202312/18message.html,japan,Prime Minister's Office of Japan (Kantei),Video Message by Prime Minister Kishida at the ASEAN-Japan Economic Co-Creation Forum (Speeches and Statements <br>by the Prime Minister) | Prime Minister's Office of Japan,SPEECH,"December 18, 2023",en
data/raw/japan/101_kishida_statement_202312_19message_html_6545948124.html,data/cleaned/japan/101_kishida_statement_202312_19message_html_6545948124.txt,https://japan.kantei.go.jp/101_kishida/statement/202312/19message.html,japan,Prime Minister's Office of Japan (Kantei),"Video Message by Prime Minister Kishida at the Youth Leader Fund for a World Without Nuclear Weapons, an UN-sponsored online launch event (Speeches and Statements <br>by the Prime Minister) | Prime Minister's Office of Japan",SPEECH,"December 19, 2023",en
data/raw/japan/101_kishida_statement_202312_1message_html_0b8f181055.html,data/cleaned/japan/101_kishida_statement_202312_1message_html_0b8f181055.txt,https://japan.kantei.go.jp/101_kishida/statement/202312/1message.html,japan,Prime Minister's Office of Japan (Kantei),"Message of Condolences by Prime Minister KISHIDA Fumio on the Passing of Dr. Henry Kissinger, Former Secretary of State of the United States of America (Speeches and Statements <br>by the Prime Minister) | Prime Minister's Office of Japan",SPEECH,"December 1, 2023",en
data/raw/japan/101_kishida_statement_202312_20message_html_9e3ebdc1d9.html,data/cleaned/japan/101_kishida_statement_202312_20message_html_9e3ebdc1d9.txt,https://japan.kantei.go.jp/101_kishida/statement/202312/20message.html,japan,Prime Minister's Office of Japan (Kantei),Congratulatory Message from Prime Minister KISHIDA to President El-Sisi of Egypt (Speeches and Statements <br>by the Prime Minister) | Prime Minister's Office of Japan,SPEECH,"December 20, 2023",en
data/raw/japan/101_kishida_statement_202401_01kaiken_html_6e23e3452a.html,data/cleaned/japan/101_kishida_statement_202401_01kaiken_html_6e23e3452a.txt,https://japan.kantei.go.jp/101_kishida/statement/202401/01kaiken.html,japan,Prime Minister's Office of Japan (Kantei),Press Conference by the Prime Minister on the 2024 Noto Peninsula Earthquake (Speeches and Statements <br>by the Prime Minister) | Prime Minister's Office of Japan,PRESS_CONFERENCE,"January 1, 2024",en
data/raw/japan/101_kishida_statement_202401_01nentou_html_a43b4dccdd.html,data/cleaned/japan/101_kishida_statement_202401_01nentou_html_a43b4dccdd.txt,https://japan.kantei.go.jp/101_kishida/statement/202401/01nentou.html,japan,Prime Minister's Office of Japan (Kantei),New Year’s Reflection by Prime Minister KISHIDA Fumio (Speeches and Statements <br>by the Prime Minister) | Prime Minister's Office of Japan,SPEECH,"January 1, 2024",en
data/raw/japan/101_kishida_statement_202401_02kaiken_html_ae9cca11c1.html,data/cleaned/japan/101_kishida_statement_202401_02kaiken_html_ae9cca11c1.txt,https://japan.kantei.go.jp/101_kishida/statement/202401/02kaiken.html,japan,Prime Minister's Office of Japan (Kantei),Press Conference by the Prime Minister on the 2024 Noto Peninsula Earthquake (Speeches and Statements <br>by the Prime Minister) | Prime Minister's Office of Japan,PRESS_CONFERENCE,"January 2, 2024",en
data/raw/japan/101_kishida_statement_202401_03kaiken_html_7999cfa8e8.html,data/cleaned/japan/101_kishida_statement_202401_03kaiken_html_7999cfa8e8.txt,https://japan.kantei.go.jp/101_kishida/statement/202401/03kaiken.html,japan,Prime Minister's Office of Japan (Kantei),Press Conference by the Prime Minister on the 2024 Noto Peninsula Earthquake (Speeches and Statements <br>by the Prime Minister) | Prime Minister's Office of Japan,PRESS_CONFERENCE,"January 3, 2024",en
data/raw/japan/101_kishida_statement_202401_04kaiken2_html_dc4bf5a81b.html,data/cleaned/japan/101_kishida_statement_202401_04kaiken2_html_dc4bf5a81b.txt,https://japan.kantei.go.jp/101_kishida/statement/202401/04kaiken2.html,japan,Prime Minister's Office of Japan (Kantei),Press Conference by Prime Minister Kishida (Speeches and Statements <br>by the Prime Minister) | Prime Minister's Office of Japan,PRESS_CONFERENCE,"January 4, 2024",en
data/raw/japan/101_kishida_statement_202401_05kaiken_html_9b28d9ddf7.html,data/cleaned/japan/101_kishida_statement_202401_05kaiken_html_9b28d9ddf7.txt,https://japan.kantei.go.jp/101_kishida/statement/202401/05kaiken.html,japan,Prime Minister's Office of Japan (Kantei),Press Conference by the Prime Minister on the 2024 Noto Peninsula Earthquake (Speeches and Statements <br>by the Prime Minister) | Prime Minister's Office of Japan,PRESS_CONFERENCE,"January 5, 2024",en
data/raw/japan/101_kishida_statement_202401_05kaiken2_html_dfbb42ee7f.html,data/cleaned/japan/101_kishida_statement_202401_05kaiken2_html_dfbb42ee7f.txt,https://japan.kantei.go.jp/101_kishida/statement/202401/05kaiken2.html,japan,Prime Minister's Office of Japan (Kantei),Press Conference by the Prime Minister on the 2024 Noto Peninsula Earthquake (2) (Speeches and Statements <br>by the Prime Minister) | Prime Minister's Office of Japan,PRESS_CONFERENCE,"January 5, 2024",en
data/raw/japan/101_kishida_statement_202401_11kaiken_html_e1e12a0900.html,data/cleaned/japan/101_kishida_statement_202401_11kaiken_html_e1e12a0900.txt,https://japan.kantei.go.jp/101_kishida/statement/202401/11kaiken.html,japan,Prime Minister's Office of Japan (Kantei),Press Conference by the Prime Minister on the 2024 Noto Peninsula Earthquake (Speeches and Statements <br>by the Prime Minister) | Prime Minister's Office of Japan,PRESS_CONFERENCE,"January 11, 2024",en
data/raw/japan/101_kishida_statement_202401_14kaiken_html_36d6ec51c9.html,data/cleaned/japan/101_kishida_statement_202401_14kaiken_html_36d6ec51c9.txt,https://japan.kantei.go.jp/101_kishida/statement/202401/14kaiken.html,japan,Prime Minister's Office of Japan (Kantei),Press Conference by the Prime Minister on His Visit to Ishikawa Prefecture to Confirm the Extent of the Damage Caused by the 2024 Noto Peninsula Earthquake and Other Matters (Speeches and Statements <br>by the Prime Minister) | Prime Minister's Office of Japan,PRESS_CONFERENCE,"January 14, 2024",en
data/raw/japan/101_kishida_statement_202401_16message_pr_html_d02831617b.html,data/cleaned/japan/101_kishida_statement_202401_16message_pr_html_d02831617b.txt,https://japan.kantei.go.jp/101_kishida/statement/202401/16message_pr.html,japan,Prime Minister's Office of Japan (Kantei),Video Message by Prime Minister Kishida at the Japan Marine Product Seminar (Speeches and Statements <br>by the Prime Minister) | Prime Minister's Office of Japan,SPEECH,"January 16, 2024",en
data/raw/japan/101_kishida_statement_202401_22message_html_9894a4babe.html,data/cleaned/japan/101_kishida_statement_202401_22message_html_9894a4babe.txt,https://japan.kantei.go.jp/101_kishida/statement/202401/22message.html,japan,Prime Minister's Office of Japan (Kantei),Video Message by Prime Minister Kishida regarding the Successful Landing of the Smart Lander for Investigating Moon (SLIM) on the Moon  (Speeches and Statements <br>by the Prime Minister) | Prime Minister's Office of Japan,SPEECH,"January 22, 2024",en
data/raw/japan/101_kishida_statement_202401_25kaiken_html_58dbd2f67c.html,data/cleaned/japan/101_kishida_statement_202401_25kaiken_html_58dbd2f67c.txt,https://japan.kantei.go.jp/101_kishida/statement/202401/25kaiken.html,japan,Prime Minister's Office of Japan (Kantei),Press Conference by the Prime Minister on the Package of Measures to Support the Daily Lives and the Livelihoods of the Disaster Victims and Other Matters (Speeches and Statements <br>by the Prime Minister) | Prime Minister's Office of Japan,PRESS_CONFERENCE,"January 25, 2024",en
data/raw/japan/101_kishida_statement_202401_30shiseihoshin_html_c5d6021c37.html,data/cleaned/japan/101_kishida_statement_202401_30shiseihoshin_html_c5d6021c37.txt,https://japan.kantei.go.jp/101_kishida/statement/202401/30shiseihoshin.html,japan,Prime Minister's Office of Japan (Kantei),Policy Speech by Prime Minister Kishida to the 213th Session of the Diet  (Speeches and Statements <br>by the Prime Minister) | Prime Minister's Office of Japan,SPEECH,"January 30, 2024",en
data/raw/japan/tag_0142_html_25733c93e8.html,data/cleaned/japan/tag_0142_html_25733c93e8.txt,https://japan.kantei.go.jp/tag/0142.html,japan,Prime Minister's Office of Japan (Kantei),#Quake2024NotoPeninsula List of articles | Prime Minister's Office of Japan,PRESS_CONFERENCE,"December 3, 2024",en
data/raw/japan/101_kishida_statement_202402_05_message_html_7e0d977de7.html,data/cleaned/japan/101_kishida_statement_202402_05_message_html_7e0d977de7.txt,https://japan.kantei.go.jp/101_kishida/statement/202402/05_message.html,japan,Prime Minister's Office of Japan (Kantei),Video Message by Prime Minister Kishida at the Symposium on Inclusive Society and Human Rights (Speeches and Statements <br>by the Prime Minister) | Prime Minister's Office of Japan,SPEECH,"February 5, 2024",en
data/raw/japan/101_kishida_statement_202402_05message_html_ac1df0f2be.html,data/cleaned/japan/101_kishida_statement_202402_05message_html_ac1df0f2be.txt,https://japan.kantei.go.jp/101_kishida/statement/202402/05message.html,japan,Prime Minister's Office of Japan (Kantei),Letter of Condolence by Prime Minister KISHIDA Fumio on the Passing of Former President Hage G. Geingob of the Republic of Namibia  (Speeches and Statements <br>by the Prime Minister) | Prime Minister's Office of Japan,SPEECH,"February 5, 2024",en
data/raw/japan/101_kishida_statement_202402_07message_html_570dce8d5d.html,data/cleaned/japan/101_kishida_statement_202402_07message_html_570dce8d5d.txt,https://japan.kantei.go.jp/101_kishida/statement/202402/07message.html,japan,Prime Minister's Office of Japan (Kantei),Video Message by Prime Minister Kishida at the Opening Ceremony of the WCO RILO Tokyo (Speeches and Statements <br>by the Prime Minister) | Prime Minister's Office of Japan,SPEECH,"February 7, 2024",en
data/raw/japan/101_kishida_statement_202402_08shukuji_html_b73920e7f2.html,data/cleaned/japan/101_kishida_statement_202402_08shukuji_html_b73920e7f2.txt,https://japan.kantei.go.jp/101_kishida/statement/202402/08shukuji.html,japan,Prime Minister's Office of Japan (Kantei),A Lunar New Year Message from Prime Minister KISHIDA Fumio (Speeches and Statements <br>by the Prime Minister) | Prime Minister's Office of Japan,SPEECH,"February 8, 2024",en
data/raw/japan/101_kishida_statement_202402_11message_html_e60cb96091.html,data/cleaned/japan/101_kishida_statement_202402_11message_html_e60cb96091.txt,https://japan.kantei.go.jp/101_kishida/statement/202402/11message.html,japan,Prime Minister's Office of Japan (Kantei),Message from the Prime Minister on the Occasion of National Foundation Day (Speeches and Statements <br>by the Prime Minister) | Prime Minister's Office of Japan,SPEECH,"February 11, 2024",en
data/raw/japan/101_kishida_statement_202402_13message_html_d0fc0f4bbf.html,data/cleaned/japan/101_kishida_statement_202402_13message_html_d0fc0f4bbf.txt,https://japan.kantei.go.jp/101_kishida/statement/202402/13message.html,japan,Prime Minister's Office of Japan (Kantei),Letter of Condolence by Prime Minister KISHIDA Fumio on the Passing of Former President Sebastián Piñera Echenique of the Republic of Chile (Speeches and Statements <br>by the Prime Minister) | Prime Minister's Office of Japan,SPEECH,"February 13, 2024",en
data/raw/japan/101_kishida_statement_202402_14message_html_be665b812f.html,data/cleaned/japan/101_kishida_statement_202402_14message_html_be665b812f.txt,https://japan.kantei.go.jp/101_kishida/statement/202402/14message.html,japan,Prime Minister's Office of Japan (Kantei),Video Message by Prime Minister Kishida at the IEA 2024 Ministerial Meeting (Speeches and Statements <br>by the Prime Minister) | Prime Minister's Office of Japan,SPEECH,"February 14, 2024",en
data/raw/japan/101_kishida_statement_202402_16message_html_35fb79f4d7.html,data/cleaned/japan/101_kishida_statement_202402_16message_html_35fb79f4d7.txt,https://japan.kantei.go.jp/101_kishida/statement/202402/16message.html,japan,Prime Minister's Office of Japan (Kantei),"Congratulatory Message from Prime Minister KISHIDA to H.E. Mr. Alexander Stubb, President-elect of the Republic of Finland (Speeches and Statements <br>by the Prime Minister) | Prime Minister's Office of Japan",SPEECH,"February 16, 2024",en
data/raw/japan/101_kishida_statement_202402_19contribution_html_7859c6bc68.html,data/cleaned/japan/101_kishida_statement_202402_19contribution_html_7859c6bc68.txt,https://japan.kantei.go.jp/101_kishida/statement/202402/19contribution.html,japan,Prime Minister's Office of Japan (Kantei),Contributed Article by Prime Minister KISHIDA Fumio to The Nikkei’s Special Feature on the Japan-Ukraine Conference for Promotion of Economic Reconstruction (Speeches and Statements <br>by the Prime Minister) | Prime Minister's Office of Japan,SPEECH,"February 19, 2024",en
data/raw/japan/101_kishida_statement_202402_24kaiken_html_6b6193422d.html,data/cleaned/japan/101_kishida_statement_202402_24kaiken_html_6b6193422d.txt,https://japan.kantei.go.jp/101_kishida/statement/202402/24kaiken.html,japan,Prime Minister's Office of Japan (Kantei),Press Conference by the Prime Minister on His Visit to Ishikawa Prefecture to Confirm the Extent of the Damage Caused by the 2024 Noto Peninsula Earthquake and Other Matters (Speeches and Statements <br>by the Prime Minister) | Prime Minister's Office of Japan,PRESS_CONFERENCE,"February 24, 2024",en
data/raw/japan/101_kishida_statement_202403_01_html_a84817dcad.html,data/cleaned/japan/101_kishida_statement_202403_01_html_a84817dcad.txt,https://japan.kantei.go.jp/101_kishida/statement/202403/01.html,japan,Prime Minister's Office of Japan (Kantei),To My Fellow Citizens (Speeches and Statements <br>by the Prime Minister) | Prime Minister's Office of Japan,SPEECH,"March 1, 2024",en
data/raw/japan/101_kishida_statement_202403_06message_html_615029711d.html,data/cleaned/japan/101_kishida_statement_202403_06message_html_615029711d.txt,https://japan.kantei.go.jp/101_kishida/statement/202403/06message.html,japan,Prime Minister's Office of Japan (Kantei),Video Message by Prime Minister Kishida at FIN/SUM 2024 (Speeches and Statements <br>by the Prime Minister) | Prime Minister's Office of Japan,SPEECH,"March 6, 2024",en
data/raw/japan/101_kishida_statement_202403_07message_html_f04b2a85ef.html,data/cleaned/japan/101_kishida_statement_202403_07message_html_f04b2a85ef.txt,https://japan.kantei.go.jp/101_kishida/statement/202403/07message.html,japan,Prime Minister's Office of Japan (Kantei),Video Message by Prime Minister Kishida at Raisina Roundtable @ Tokyo (Speeches and Statements <br>by the Prime Minister) | Prime Minister's Office of Japan,SPEECH,"March 7, 2024",en
data/raw/japan/101_kishida_statement_202403_08message_html_ef5cdbdc59.html,data/cleaned/japan/101_kishida_statement_202403_08message_html_ef5cdbdc59.txt,https://japan.kantei.go.jp/101_kishida/statement/202403/08message.html,japan,Prime Minister's Office of Japan (Kantei),"Letter of Condolence by Prime Minister KISHIDA Fumio on the Passing of the Right Honourable Brian Mulroney, Former Prime Minister of Canada  (Speeches and Statements <br>by the Prime Minister) | Prime Minister's Office of Japan",SPEECH,"March 8, 2024",en
data/raw/japan/101_kishida_statement_202403_08message2_html_84afcb9304.html,data/cleaned/japan/101_kishida_statement_202403_08message2_html_84afcb9304.txt,https://japan.kantei.go.jp/101_kishida/statement/202403/08message2.html,japan,Prime Minister's Office of Japan (Kantei),Video Message from Prime Minister KISHIDA Fumio on International Women's Day (Speeches and Statements <br>by the Prime Minister) | Prime Minister's Office of Japan,SPEECH,"March 8, 2024",en
data/raw/japan/101_kishida_statement_202403_11kaiken_html_adf18f0ed6.html,data/cleaned/japan/101_kishida_statement_202403_11kaiken_html_adf18f0ed6.txt,https://japan.kantei.go.jp/101_kishida/statement/202403/11kaiken.html,japan,Prime Minister's Office of Japan (Kantei),Press Conference by Prime Minister Kishida on His Visit to Fukushima Prefecture and Other Matters (Speeches and Statements <br>by the Prime Minister) | Prime Minister's Office of Japan,PRESS_CONFERENCE,"March 11, 2024",en
data/raw/japan/101_kishida_statement_202403_11message_academy_html_c21b518560.html,data/cleaned/japan/101_kishida_statement_202403_11message_academy_html_c21b518560.txt,https://japan.kantei.go.jp/101_kishida/statement/202403/11message_academy.html,japan,Prime Minister's Office of Japan (Kantei),Congratulatory Message from Prime Minister Kishida on the Awarding of Oscars to Japanese Films at the 96th Academy Awards (Speeches and Statements <br>by the Prime Minister) | Prime Minister's Office of Japan,SPEECH,"March 11, 2024",en
data/raw/japan/101_kishida_statement_202403_11message_japan_vietnam_html_4496f3f356.html,data/cleaned/japan/101_kishida_statement_202403_11message_japan_vietnam_html_4496f3f356.txt,https://japan.kantei.go.jp/101_kishida/statement/202403/11message_japan_vietnam.html,japan,Prime Minister's Office of Japan (Kantei),Video Message by Prime Minister Kishida for the Opening Ceremony of the 9th Japan Vietnam Festival (Speeches and Statements <br>by the Prime Minister) | Prime Minister's Office of Japan,SPEECH,"March 11, 2024",en
data/raw/japan/101_kishida_statement_202403_11tsuito_html_fae8997bd3.html,data/cleaned/japan/101_kishida_statement_202403_11tsuito_html_fae8997bd3.txt,https://japan.kantei.go.jp/101_kishida/statement/202403/11tsuito.html,japan,Prime Minister's Office of Japan (Kantei),Address by Prime Minister KISHIDA Fumio to the 2024 Memorial Ceremony for the Great East Japan Earthquake  (Speeches and Statements <br>by the Prime Minister) | Prime Minister's Office of Japan,SPEECH,"March 11, 2024",en
data/raw/japan/101_kishida_statement_202403_18message_html_f40b81ea0a.html,data/cleaned/japan/101_kishida_statement_202403_18message_html_f40b81ea0a.txt,https://japan.kantei.go.jp/101_kishida/statement/202403/18message.html,japan,Prime Minister's Office of Japan (Kantei),Video Message by Prime Minister Kishida on the Occasion of the Opening Ceremony and Celebratory Event Commemorating the Completion of Construction of the Kanazawa-Tsuruga Section of the Hokuriku Shinkansen and the Celebratory Event Commemorating the Opening of the IR Ishikawa Railway Line (Speeches and Statements <br>by the Prime Minister) | Prime Minister's Office of Japan,SPEECH,"March 18, 2024",en
data/raw/japan/101_kishida_statement_202403_18message2_html_7dfea89836.html,data/cleaned/japan/101_kishida_statement_202403_18message2_html_7dfea89836.txt,https://japan.kantei.go.jp/101_kishida/statement/202403/18message2.html,japan,Prime Minister's Office of Japan (Kantei),Video Message by Prime Minister Kishida on the Occasion of the Opening Ceremony and Celebratory Event Commemorating the Completion of Construction of the Kanazawa-Tsuruga Section of the Hokuriku Shinkansen and the Celebratory Event Commemorating the Opening of the Hapi-Line Fukui Line (Speeches and Statements <br>by the Prime Minister) | Prime Minister's Office of Japan,SPEECH,"March 18, 2024",en
data/raw/japan/101_kishida_statement_202403_19kaiken_html_d8a5ba23e0.html,data/cleaned/japan/101_kishida_statement_202403_19kaiken_html_d8a5ba23e0.txt,https://japan.kantei.go.jp/101_kishida/statement/202403/19kaiken.html,japan,Prime Minister's Office of Japan (Kantei),Press Conference by Prime Minister Kishida on the Bank of Japan Terminating Its Negative Interest Rate Policy  (Speeches and Statements <br>by the Prime Minister) | Prime Minister's Office of Japan,PRESS_CONFERENCE,"March 19, 2024",en
data/raw/japan/101_kishida_statement_202403_20message_html_90981fba70.html,data/cleaned/japan/101_kishida_statement_202403_20message_html_90981fba70.txt,https://japan.kantei.go.jp/101_kishida/statement/202403/20message.html,japan,Prime Minister's Office of Japan (Kantei),National Statement (Commitment) Video Message by Prime Minister Kishida on the Occasion of the Third Summit for Democracy  (Speeches and Statements <br>by the Prime Minister) | Prime Minister's Office of Japan,SPEECH,"March 20, 2024",en
data/raw/japan/101_kishida_statement_202403_21message_html_68a414433e.html,data/cleaned/japan/101_kishida_statement_202403_21message_html_68a414433e.txt,https://japan.kantei.go.jp/101_kishida/statement/202403/21message.html,japan,Prime Minister's Office of Japan (Kantei),"Congratulatory Message from Prime Minister KISHIDA to H.E. Mr. Prabowo Subianto, President-elect of the Republic of Indonesia (Speeches and Statements <br>by the Prime Minister) | Prime Minister's Office of Japan",SPEECH,"March 21, 2024",en
data/raw/japan/101_kishida_statement_202403_23boueidai_html_a0c1fb96fb.html,data/cleaned/japan/101_kishida_statement_202403_23boueidai_html_a0c1fb96fb.txt,https://japan.kantei.go.jp/101_kishida/statement/202403/23boueidai.html,japan,Prime Minister's Office of Japan (Kantei),Address by Prime Minister KISHIDA Fumio at the 2023 Graduation Ceremony of the National Defense Academy (Speeches and Statements <br>by the Prime Minister) | Prime Minister's Office of Japan,SPEECH,"March 23, 2024",en
data/raw/japan/101_kishida_statement_202403_28kaiken_html_a964c4eac7.html,data/cleaned/japan/101_kishida_statement_202403_28kaiken_html_a964c4eac7.txt,https://japan.kantei.go.jp/101_kishida/statement/202403/28kaiken.html,japan,Prime Minister's Office of Japan (Kantei),Press Conference by Prime Minster Kishida (Speeches and Statements <br>by the Prime Minister) | Prime Minister's Office of Japan,PRESS_CONFERENCE,"March 28, 2024",en
data/raw/japan/101_kishida_statement_202404_02message_html_f0cae799c3.html,data/cleaned/japan/101_kishida_statement_202404_02message_html_f0cae799c3.txt,https://japan.kantei.go.jp/101_kishida/statement/202404/02message.html,japan,Prime Minister's Office of Japan (Kantei),"Congratulatory Message from Prime Minister KISHIDA to H.E. Mr. Bassirou Diomaye Faye, President-elect of the Republic of Senegal (Speeches and Statements <br>by the Prime Minister) | Prime Minister's Office of Japan",SPEECH,"April 2, 2024",en
data/raw/japan/101_kishida_statement_202404_02message2_html_adfcc50b71.html,data/cleaned/japan/101_kishida_statement_202404_02message2_html_adfcc50b71.txt,https://japan.kantei.go.jp/101_kishida/statement/202404/02message2.html,japan,Prime Minister's Office of Japan (Kantei),Congratulatory Message from Prime Minister KISHIDA to Prime Minister Montenegro of Portugal (Speeches and Statements <br>by the Prime Minister) | Prime Minister's Office of Japan,SPEECH,"April 2, 2024",en
data/raw/japan/101_kishida_statement_202404_08bura_html_cf405944b6.html,data/cleaned/japan/101_kishida_statement_202404_08bura_html_cf405944b6.txt,https://japan.kantei.go.jp/101_kishida/statement/202404/08bura.html,japan,Prime Minister's Office of Japan (Kantei),Press Conference by Prime Minister Kishida regarding His Visit to the United States of America (Speeches and Statements <br>by the Prime Minister) | Prime Minister's Office of Japan,PRESS_CONFERENCE,"April 8, 2024",en
data/raw/japan/101_kishida_statement_202404_10kyodo_kaiken_html_fa9b6d62b9.html,data/cleaned/japan/101_kishida_statement_202404_10kyodo_kaiken_html_fa9b6d62b9.txt,https://japan.kantei.go.jp/101_kishida/statement/202404/10kyodo_kaiken.html,japan,Prime Minister's Office of Japan (Kantei),Joint Press Conference by the Leaders of Japan and the United States (Speeches and Statements <br>by the Prime Minister) | Prime Minister's Office of Japan,PRESS_CONFERENCE,"April 10, 2024",en
data/raw/japan/101_kishida_statement_202404_10message_html_538e914141.html,data/cleaned/japan/101_kishida_statement_202404_10message_html_538e914141.txt,https://japan.kantei.go.jp/101_kishida/statement/202404/10message.html,japan,Prime Minister's Office of Japan (Kantei),Congratulatory Message from Prime Minister KISHIDA to Prime Minister Harris of Ireland  (Speeches and Statements <br>by the Prime Minister) | Prime Minister's Office of Japan,SPEECH,"April 10, 2024",en
data/raw/japan/101_kishida_statement_202404_11kaiken_html_9004c24984.html,data/cleaned/japan/101_kishida_statement_202404_11kaiken_html_9004c24984.txt,https://japan.kantei.go.jp/101_kishida/statement/202404/11kaiken.html,japan,Prime Minister's Office of Japan (Kantei),Press Conference by Prime Minister Kishida regarding His Visit to the United States of America (2) (Speeches and Statements <br>by the Prime Minister) | Prime Minister's Office of Japan,PRESS_CONFERENCE,"April 11, 2024",en
data/raw/japan/101_kishida_statement_202404_11speech_html_0b5fa00248.html,data/cleaned/japan/101_kishida_statement_202404_11speech_html_0b5fa00248.txt,https://japan.kantei.go.jp/101_kishida/statement/202404/11speech.html,japan,Prime Minister's Office of Japan (Kantei),Address by Prime Minister KISHIDA Fumio at a Joint Meeting of the United States Congress  (“For the Future: Our Global Partnership”) (Speeches and Statements <br>by the Prime Minister) | Prime Minister's Office of Japan,SPEECH,"April 11, 2024",en
data/raw/japan/101_kishida_statement_202404_12kaiken_html_5b8e558924.html,data/cleaned/japan/101_kishida_statement_202404_12kaiken_html_5b8e558924.txt,https://japan.kantei.go.jp/101_kishida/statement/202404/12kaiken.html,japan,Prime Minister's Office of Japan (Kantei),Press Conference by Prime Minister Kishida regarding His Visit to the United States of America (3) (Speeches and Statements <br>by the Prime Minister) | Prime Minister's Office of Japan,PRESS_CONFERENCE,"April 12, 2024",en
data/raw/japan/101_kishida_statement_202404_15message_html_963ed9bc7a.html,data/cleaned/japan/101_kishida_statement_202404_15message_html_963ed9bc7a.txt,https://japan.kantei.go.jp/101_kishida/statement/202404/15message.html,japan,Prime Minister's Office of Japan (Kantei),Message from Prime Minister Kishida on the Occasion of the Event Marking One Year to the Opening of Expo 2025 Osaka Kansai  (Speeches and Statements <br>by the Prime Minister) | Prime Minister's Office of Japan,SPEECH,"April 15, 2024",en
data/raw/japan/101_kishida_statement_202404_22message_html_45935686e7.html,data/cleaned/japan/101_kishida_statement_202404_22message_html_45935686e7.txt,https://japan.kantei.go.jp/101_kishida/statement/202404/22message.html,japan,Prime Minister's Office of Japan (Kantei),Message of condolence from Prime Minister KISHIDA following the damages caused by the heavy rain and flood in the United Arab Emirates (UAE) (Speeches and Statements <br>by the Prime Minister) | Prime Minister's Office of Japan,SPEECH,"April 22, 2024",en
data/raw/japan/101_kishida_statement_202404_22message2_html_0198bd20ee.html,data/cleaned/japan/101_kishida_statement_202404_22message2_html_0198bd20ee.txt,https://japan.kantei.go.jp/101_kishida/statement/202404/22message2.html,japan,Prime Minister's Office of Japan (Kantei),Message of condolence from Prime Minister KISHIDA following the damages caused by the heavy rain and flood in the Sultanate of Oman (Speeches and Statements <br>by the Prime Minister) | Prime Minister's Office of Japan,SPEECH,"April 22, 2024",en
data/raw/japan/tag_0094_html_2431cdbe3a.html,data/cleaned/japan/tag_0094_html_2431cdbe3a.txt,https://japan.kantei.go.jp/tag/0094.html,japan,Prime Minister's Office of Japan (Kantei),#Expo2025 List of articles | Prime Minister's Office of Japan,SPEECH,"September 23, 2024",en
data/raw/japan/tag_0143_html_bfa82b50d4.html,data/cleaned/japan/tag_0143_html_bfa82b50d4.txt,https://japan.kantei.go.jp/tag/0143.html,japan,Prime Minister's Office of Japan (Kantei),#JPNUSAPHLsummit List of articles | Prime Minister's Office of Japan,PRESS_CONFERENCE,"April 11, 2024",en
data/raw/japan/101_kishida_statement_202405_01kaiken_html_bad13cbeb5.html,data/cleaned/japan/101_kishida_statement_202405_01kaiken_html_bad13cbeb5.txt,https://japan.kantei.go.jp/101_kishida/statement/202405/01kaiken.html,japan,Prime Minister's Office of Japan (Kantei),"Press Conference by Prime Minister Kishida Regarding His Visit to France, Brazil and Paraguay (Speeches and Statements <br>by the Prime Minister) | Prime Minister's Office of Japan",PRESS_CONFERENCE,"May 1, 2024",en
data/raw/japan/101_kishida_statement_202405_02ai_html_0a9d3e966b.html,data/cleaned/japan/101_kishida_statement_202405_02ai_html_0a9d3e966b.txt,https://japan.kantei.go.jp/101_kishida/statement/202405/02ai.html,japan,Prime Minister's Office of Japan (Kantei),Speech by Prime Minister KISHIDA Fumio at the Generative AI Side Event (Speeches and Statements <br>by the Prime Minister) | Prime Minister's Office of Japan,SPEECH,"May 2, 2024",en
data/raw/japan/101_kishida_statement_202405_02ifcma_html_1b68c9e896.html,data/cleaned/japan/101_kishida_statement_202405_02ifcma_html_1b68c9e896.txt,https://japan.kantei.go.jp/101_kishida/statement/202405/02ifcma.html,japan,Prime Minister's Office of Japan (Kantei),Speech by Prime Minister KISHIDA Fumio at the Inclusive Forum on Carbon Mitigation Approaches (IFCMA) Ministerial Dialogue (Speeches and Statements <br>by the Prime Minister) | Prime Minister's Office of Japan,SPEECH,"May 2, 2024",en
data/raw/japan/101_kishida_statement_202405_02kaiken_html_7496eee8f6.html,data/cleaned/japan/101_kishida_statement_202405_02kaiken_html_7496eee8f6.txt,https://japan.kantei.go.jp/101_kishida/statement/202405/02kaiken.html,japan,Prime Minister's Office of Japan (Kantei),Press Conference by Prime Minister Kishida Regarding His Visit to France and Other Matters (Speeches and Statements <br>by the Prime Minister) | Prime Minister's Office of Japan,PRESS_CONFERENCE,"May 2, 2024",en
data/raw/japan/101_kishida_statement_202405_02mcm_html_a625ce6bd4.html,data/cleaned/japan/101_kishida_statement_202405_02mcm_html_a625ce6bd4.txt,https://japan.kantei.go.jp/101_kishida/statement/202405/02mcm.html,japan,Prime Minister's Office of Japan (Kantei),Keynote Speech by Prime Minister KISHIDA Fumio at the Opening Ceremony of the OECD Ministerial Council Meeting (Speeches and Statements <br>by the Prime Minister) | Prime Minister's Office of Japan,SPEECH,"May 2, 2024",en
data/raw/japan/101_kishida_statement_202405_02searp_html_dc2982989b.html,data/cleaned/japan/101_kishida_statement_202405_02searp_html_dc2982989b.txt,https://japan.kantei.go.jp/101_kishida/statement/202405/02searp.html,japan,Prime Minister's Office of Japan (Kantei),Opening Speech by Prime Minister KISHIDA Fumio for the Celebration of the 10th Anniversary of the OECD Southeast Asia Regional Programme (Speeches and Statements <br>by the Prime Minister) | Prime Minister's Office of Japan,SPEECH,"May 2, 2024",en
data/raw/japan/101_kishida_statement_202405_03paraguayforum_html_b2b730f7c7.html,data/cleaned/japan/101_kishida_statement_202405_03paraguayforum_html_b2b730f7c7.txt,https://japan.kantei.go.jp/101_kishida/statement/202405/03paraguayforum.html,japan,Prime Minister's Office of Japan (Kantei),Remarks by Prime Minister Kishida at the Japan-Paraguay Business Forum and Ceremony Announcing the Signing of Memorandums of Cooperation (Speeches and Statements <br>by the Prime Minister) | Prime Minister's Office of Japan,SPEECH,"May 3, 2024",en
data/raw/japan/101_kishida_statement_202405_04brazilforum_html_c12b220cc2.html,data/cleaned/japan/101_kishida_statement_202405_04brazilforum_html_c12b220cc2.txt,https://japan.kantei.go.jp/101_kishida/statement/202405/04brazilforum.html,japan,Prime Minister's Office of Japan (Kantei),Remarks by Prime Minister Kishida at the Japan-Brazil Business Forum (Speeches and Statements <br>by the Prime Minister) | Prime Minister's Office of Japan,SPEECH,"May 4, 2024",en
data/raw/japan/101_kishida_statement_202405_04policy_html_a6500fb4cd.html,data/cleaned/japan/101_kishida_statement_202405_04policy_html_a6500fb4cd.txt,https://japan.kantei.go.jp/101_kishida/statement/202405/04policy.html,japan,Prime Minister's Office of Japan (Kantei),Speech by Prime Minister KISHIDA Fumio on Japan’s Foreign Policy towards Latin America and the Caribbean “Paving a Pathway to ‘Human Dignity’ with Latin America and the Caribbean” (Speeches and Statements <br>by the Prime Minister) | Prime Minister's Office of Japan,SPEECH,"May 4, 2024",en
data/raw/japan/101_kishida_statement_202405_08message_html_daad8ca03c.html,data/cleaned/japan/101_kishida_statement_202405_08message_html_daad8ca03c.txt,https://japan.kantei.go.jp/101_kishida/statement/202405/08message.html,japan,Prime Minister's Office of Japan (Kantei),Congratulatory Message from Prime Minister KISHIDA to Prime Minister Benediktsson of Iceland (Speeches and Statements <br>by the Prime Minister) | Prime Minister's Office of Japan,SPEECH,"May 8, 2024",en
data/raw/japan/101_kishida_statement_202405_15kaiken_html_789c528253.html,data/cleaned/japan/101_kishida_statement_202405_15kaiken_html_789c528253.txt,https://japan.kantei.go.jp/101_kishida/statement/202405/15kaiken.html,japan,Prime Minister's Office of Japan (Kantei),Press Conference by Prime Minister Kishida Regarding His Visit to the Messages of Life Exhibition (Speeches and Statements <br>by the Prime Minister) | Prime Minister's Office of Japan,PRESS_CONFERENCE,"May 15, 2024",en
data/raw/japan/101_kishida_statement_202405_15message_html_5af07c6d9d.html,data/cleaned/japan/101_kishida_statement_202405_15message_html_5af07c6d9d.txt,https://japan.kantei.go.jp/101_kishida/statement/202405/15message.html,japan,Prime Minister's Office of Japan (Kantei),Letter from Prime Minister Kishida to former Prime Minister Lee of the Republic of Singapore and Congratulatory Letter to Prime Minister Wong of the Republic of Singapore (Speeches and Statements <br>by the Prime Minister) | Prime Minister's Office of Japan,SPEECH,"May 15, 2024",en
data/raw/japan/101_kishida_statement_202405_19kaiken_html_db2b47b8da.html,data/cleaned/japan/101_kishida_statement_202405_19kaiken_html_db2b47b8da.txt,https://japan.kantei.go.jp/101_kishida/statement/202405/19kaiken.html,japan,Prime Minister's Office of Japan (Kantei),Press Conference by Prime Minister Kishida Regarding His Visit to Yamagata Prefecture (Speeches and Statements <br>by the Prime Minister) | Prime Minister's Office of Japan,PRESS_CONFERENCE,"May 19, 2024",en
data/raw/japan/101_kishida_statement_202405_20message_html_ec2fb01745.html,data/cleaned/japan/101_kishida_statement_202405_20message_html_ec2fb01745.txt,https://japan.kantei.go.jp/101_kishida/statement/202405/20message.html,japan,Prime Minister's Office of Japan (Kantei),Message of Condolence from Prime Minister Kishida on the passing of President Raisi and Foreign Minister Abdollahian of Iran (Speeches and Statements <br>by the Prime Minister) | Prime Minister's Office of Japan,SPEECH,"May 20, 2024",en
data/raw/japan/101_kishida_statement_202405_20statement_html_f9d34c9d52.html,data/cleaned/japan/101_kishida_statement_202405_20statement_html_f9d34c9d52.txt,https://japan.kantei.go.jp/101_kishida/statement/202405/20statement.html,japan,Prime Minister's Office of Japan (Kantei),"Statement by Prime Minister Kishida on the Passing of H.E. Ayatollah Seyyed Ebrahim RAISI, President of the Islamic Republic of Iran (Speeches and Statements <br>by the Prime Minister) | Prime Minister's Office of Japan",SPEECH,"May 20, 2024",en
data/raw/japan/101_kishida_statement_202405_23message_html_1c2d9c1270.html,data/cleaned/japan/101_kishida_statement_202405_23message_html_1c2d9c1270.txt,https://japan.kantei.go.jp/101_kishida/statement/202405/23message.html,japan,Prime Minister's Office of Japan (Kantei),Congratulatory Message from Prime Minister Kishida to President Lam of the Socialist Republic of Viet Nam (Speeches and Statements <br>by the Prime Minister) | Prime Minister's Office of Japan,SPEECH,"May 23, 2024",en
data/raw/japan/101_kishida_statement_202405_23speech_html_c2dea7eb54.html,data/cleaned/japan/101_kishida_statement_202405_23speech_html_c2dea7eb54.txt,https://japan.kantei.go.jp/101_kishida/statement/202405/23speech.html,japan,Prime Minister's Office of Japan (Kantei),Speech by Prime Minister KISHIDA Fumio at the “Future of Asia” Forum (Speeches and Statements <br>by the Prime Minister) | Prime Minister's Office of Japan,SPEECH,"May 23, 2024",en
data/raw/japan/101_kishida_statement_202405_26kaiken_html_54910327f8.html,data/cleaned/japan/101_kishida_statement_202405_26kaiken_html_54910327f8.txt,https://japan.kantei.go.jp/101_kishida/statement/202405/26kaiken.html,japan,Prime Minister's Office of Japan (Kantei),Press Conference by Prime Minister Kishida Regarding His Attendance at the Upcoming Japan-China-Republic of Korea Trilateral Summit Meeting and Other Matters (Speeches and Statements <br>by the Prime Minister) | Prime Minister's Office of Japan,PRESS_CONFERENCE,"May 26, 2024",en
data/raw/japan/101_kishida_statement_202405_26kaiken2_html_fb9ccc3bbb.html,data/cleaned/japan/101_kishida_statement_202405_26kaiken2_html_fb9ccc3bbb.txt,https://japan.kantei.go.jp/101_kishida/statement/202405/26kaiken2.html,japan,Prime Minister's Office of Japan (Kantei),Press Conference by Prime Minister Kishida Regarding the Japan-Republic of Korea Summit Meeting and the Japan-China Summit Meeting (Speeches and Statements <br>by the Prime Minister) | Prime Minister's Office of Japan,PRESS_CONFERENCE,"May 26, 2024",en
data/raw/japan/101_kishida_statement_202405_27message_html_18f878114d.html,data/cleaned/japan/101_kishida_statement_202405_27message_html_18f878114d.txt,https://japan.kantei.go.jp/101_kishida/statement/202405/27message.html,japan,Prime Minister's Office of Japan (Kantei),Congratulatory Message from Prime Minister Kishida to President Azali of the Union of Comoros (Speeches and Statements <br>by the Prime Minister) | Prime Minister's Office of Japan,SPEECH,"May 27, 2024",en
data/raw/japan/101_kishida_statement_202405_27message2_html_e62a39e0f9.html,data/cleaned/japan/101_kishida_statement_202405_27message2_html_e62a39e0f9.txt,https://japan.kantei.go.jp/101_kishida/statement/202405/27message2.html,japan,Prime Minister's Office of Japan (Kantei),"Message of Condolence from Prime Minister Kishida following the landslide in Province of Enga, Papua New Guinea (Speeches and Statements <br>by the Prime Minister) | Prime Minister's Office of Japan",SPEECH,"May 27, 2024",en
data/raw/japan/101_kishida_statement_202405_30message1_html_9dea8d00b5.html,data/cleaned/japan/101_kishida_statement_202405_30message1_html_9dea8d00b5.txt,https://japan.kantei.go.jp/101_kishida/statement/202405/30message1.html,japan,Prime Minister's Office of Japan (Kantei),Message of condolence from Prime Minister Kishida following the damages caused by Cyclone Remal (Bangladesh) (Speeches and Statements <br>by the Prime Minister) | Prime Minister's Office of Japan,SPEECH,"May 30, 2024",en
data/raw/japan/101_kishida_statement_202405_30message2_html_119d4f1532.html,data/cleaned/japan/101_kishida_statement_202405_30message2_html_119d4f1532.txt,https://japan.kantei.go.jp/101_kishida/statement/202405/30message2.html,japan,Prime Minister's Office of Japan (Kantei),Message of condolence from Prime Minister Kishida following the damages caused by Cyclone Remal (India) (Speeches and Statements <br>by the Prime Minister) | Prime Minister's Office of Japan,SPEECH,"May 30, 2024",en
data/raw/japan/tag_0105_html_ad3ec2f9b2.html,data/cleaned/japan/tag_0105_html_ad3ec2f9b2.txt,https://japan.kantei.go.jp/tag/0105.html,japan,Prime Minister's Office of Japan (Kantei),#JPNBRAsummit List of articles | Prime Minister's Office of Japan,PRESS_CONFERENCE,"May 3, 2024",en
data/raw/japan/tag_0144_html_0115b0a95c.html,data/cleaned/japan/tag_0144_html_0115b0a95c.txt,https://japan.kantei.go.jp/tag/0144.html,japan,Prime Minister's Office of Japan (Kantei),#JPNPRYsummit List of articles | Prime Minister's Office of Japan,PRESS_CONFERENCE,"May 3, 2024",en
data/raw/japan/tag_0145_html_df4f46bc59.html,data/cleaned/japan/tag_0145_html_df4f46bc59.txt,https://japan.kantei.go.jp/tag/0145.html,japan,Prime Minister's Office of Japan (Kantei),#JPNCHNKORsummit List of articles | Prime Minister's Office of Japan,PRESS_CONFERENCE,"May 27, 2024",en
data/raw/japan/101_kishida_statement_202406_03message_html_c80ff79752.html,data/cleaned/japan/101_kishida_statement_202406_03message_html_c80ff79752.txt,https://japan.kantei.go.jp/101_kishida/statement/202406/03message.html,japan,Prime Minister's Office of Japan (Kantei),Congratulatory Message from Prime Minister Kishida to President-elect Sheinbaum of Mexico  (Speeches and Statements <br>by the Prime Minister) | Prime Minister's Office of Japan,SPEECH,"June 3, 2024",en
data/raw/japan/101_kishida_statement_202406_04statement_html_8f3518f00e.html,data/cleaned/japan/101_kishida_statement_202406_04statement_html_8f3518f00e.txt,https://japan.kantei.go.jp/101_kishida/statement/202406/04statement.html,japan,Prime Minister's Office of Japan (Kantei),Statement by Prime Minister Kishida on Their Majesties’ Visit to the United Kingdom of Great Britain and Northern Ireland (Speeches and Statements <br>by the Prime Minister) | Prime Minister's Office of Japan,SPEECH,"June 4, 2024",en
data/raw/japan/101_kishida_statement_202406_05message_html_dad41d80aa.html,data/cleaned/japan/101_kishida_statement_202406_05message_html_dad41d80aa.txt,https://japan.kantei.go.jp/101_kishida/statement/202406/05message.html,japan,Prime Minister's Office of Japan (Kantei),Video Message by Prime Minister Kishida at the Japan Innovation Luncheon (Speeches and Statements <br>by the Prime Minister) | Prime Minister's Office of Japan,SPEECH,"June 5, 2024",en
data/raw/japan/101_kishida_statement_202406_05message2_html_681952dd7d.html,data/cleaned/japan/101_kishida_statement_202406_05message2_html_681952dd7d.txt,https://japan.kantei.go.jp/101_kishida/statement/202406/05message2.html,japan,Prime Minister's Office of Japan (Kantei),Congratulatory Message from Prime Minister Kishida on the results of the general election in India (Speeches and Statements <br>by the Prime Minister) | Prime Minister's Office of Japan,SPEECH,"June 5, 2024",en
data/raw/japan/101_kishida_statement_202406_12kaiken_html_75378a25a0.html,data/cleaned/japan/101_kishida_statement_202406_12kaiken_html_75378a25a0.txt,https://japan.kantei.go.jp/101_kishida/statement/202406/12kaiken.html,japan,Prime Minister's Office of Japan (Kantei),Press Conference by Prime Minister Kishida Regarding His Attendance at the Upcoming G7 Apulia Summit and the Summit on Peace in Ukraine (Speeches and Statements <br>by the Prime Minister) | Prime Minister's Office of Japan,PRESS_CONFERENCE,"June 12, 2024",en
data/raw/japan/101_kishida_statement_202406_12message_html_4f58fb4edb.html,data/cleaned/japan/101_kishida_statement_202406_12message_html_4f58fb4edb.txt,https://japan.kantei.go.jp/101_kishida/statement/202406/12message.html,japan,Prime Minister's Office of Japan (Kantei),Video Message by Prime Minister Kishida at Japan-Ukraine Public-Private Roundtable (Speeches and Statements <br>by the Prime Minister) | Prime Minister's Office of Japan,SPEECH,"June 12, 2024",en
data/raw/japan/101_kishida_statement_202406_12message2_html_d0f46b446b.html,data/cleaned/japan/101_kishida_statement_202406_12message2_html_d0f46b446b.txt,https://japan.kantei.go.jp/101_kishida/statement/202406/12message2.html,japan,Prime Minister's Office of Japan (Kantei),"Congratulatory Message from Prime Minister Kishida to H.E. Ms. Halla Tómasdóttir, President-elect of Iceland (Speeches and Statements <br>by the Prime Minister) | Prime Minister's Office of Japan",SPEECH,"June 12, 2024",en
data/raw/japan/101_kishida_statement_202406_13message_html_b02904c16e.html,data/cleaned/japan/101_kishida_statement_202406_13message_html_b02904c16e.txt,https://japan.kantei.go.jp/101_kishida/statement/202406/13message.html,japan,Prime Minister's Office of Japan (Kantei),Contributed Article by Prime Minister Kishida to the Italian Newspaper Il Corriere Della Sera on the Occasion of the G7 Apulia Summit (Speeches and Statements <br>by the Prime Minister) | Prime Minister's Office of Japan,SPEECH,"June 13, 2024",en
data/raw/japan/101_kishida_statement_202406_15kaiken_html_ea824d5710.html,data/cleaned/japan/101_kishida_statement_202406_15kaiken_html_ea824d5710.txt,https://japan.kantei.go.jp/101_kishida/statement/202406/15kaiken.html,japan,Prime Minister's Office of Japan (Kantei),Press Conference by Prime Minister Kishida Regarding His Attendance at the G7 Apulia Summit (Speeches and Statements <br>by the Prime Minister) | Prime Minister's Office of Japan,PRESS_CONFERENCE,"June 15, 2024",en
data/raw/japan/101_kishida_statement_202406_15speech_html_e9aca74f72.html,data/cleaned/japan/101_kishida_statement_202406_15speech_html_e9aca74f72.txt,https://japan.kantei.go.jp/101_kishida/statement/202406/15speech.html,japan,Prime Minister's Office of Japan (Kantei),Speech by Prime Minister Kishida at the Opening Plenary Session of the Summit on Peace in Ukraine (Speeches and Statements <br>by the Prime Minister) | Prime Minister's Office of Japan,SPEECH,"June 15, 2024",en
data/raw/japan/101_kishida_statement_202406_18message_html_d1773aa48f.html,data/cleaned/japan/101_kishida_statement_202406_18message_html_d1773aa48f.txt,https://japan.kantei.go.jp/101_kishida/statement/202406/18message.html,japan,Prime Minister's Office of Japan (Kantei),Congratulatory Message by Prime Minister Kishida to President Ramaphosa of the Republic of South Africa (Speeches and Statements <br>by the Prime Minister) | Prime Minister's Office of Japan,SPEECH,"June 18, 2024",en
data/raw/japan/101_kishida_statement_202406_21kaiken_html_30b0b1349f.html,data/cleaned/japan/101_kishida_statement_202406_21kaiken_html_30b0b1349f.txt,https://japan.kantei.go.jp/101_kishida/statement/202406/21kaiken.html,japan,Prime Minister's Office of Japan (Kantei),Press Conference by Prime Minster Kishida (Speeches and Statements <br>by the Prime Minister) | Prime Minister's Office of Japan,PRESS_CONFERENCE,"June 21, 2024",en
data/raw/japan/101_kishida_statement_202406_23kaiken_html_0e79855bd9.html,data/cleaned/japan/101_kishida_statement_202406_23kaiken_html_0e79855bd9.txt,https://japan.kantei.go.jp/101_kishida/statement/202406/23kaiken.html,japan,Prime Minister's Office of Japan (Kantei),Press Conference by the Prime Minister regarding the Memorial Ceremony to Commemorate the Fallen on the 79th Anniversary of the End of the Battle of Okinawa and Other Matters (Speeches and Statements <br>by the Prime Minister) | Prime Minister's Office of Japan,PRESS_CONFERENCE,"June 23, 2024",en
data/raw/japan/101_kishida_statement_202406_23okinawa_html_e7f6c34a26.html,data/cleaned/japan/101_kishida_statement_202406_23okinawa_html_e7f6c34a26.txt,https://japan.kantei.go.jp/101_kishida/statement/202406/23okinawa.html,japan,Prime Minister's Office of Japan (Kantei),Address by Prime Minister Kishida for the Memorial Ceremony to Commemorate the Fallen on the 79th Anniversary of the End of the Battle of Okinawa (Speeches and Statements <br>by the Prime Minister) | Prime Minister's Office of Japan,SPEECH,"June 23, 2024",en
data/raw/japan/101_kishida_statement_202406_27message_html_d5cf1139d0.html,data/cleaned/japan/101_kishida_statement_202406_27message_html_d5cf1139d0.txt,https://japan.kantei.go.jp/101_kishida/statement/202406/27message.html,japan,Prime Minister's Office of Japan (Kantei),"Congratulatory Message from Prime Minister Kishida to H.E. Dr. Gitanas Nausėda, President-elect of the Republic of Lithuania  (Speeches and Statements <br>by the Prime Minister) | Prime Minister's Office of Japan",SPEECH,"June 27, 2024",en
data/raw/japan/101_kishida_statement_202407_01kaiken_html_48872e95cb.html,data/cleaned/japan/101_kishida_statement_202407_01kaiken_html_48872e95cb.txt,https://japan.kantei.go.jp/101_kishida/statement/202407/01kaiken.html,japan,Prime Minister's Office of Japan (Kantei),Press Conference by Prime Minister Kishida on His Visit to Ishikawa Prefecture to Confirm the Situation of the Area Affected by the 2024 Noto Peninsula Earthquake (Speeches and Statements <br>by the Prime Minister) | Prime Minister's Office of Japan,PRESS_CONFERENCE,"July 1, 2024",en
data/raw/japan/101_kishida_statement_202407_01message_html_9739a7c3b1.html,data/cleaned/japan/101_kishida_statement_202407_01message_html_9739a7c3b1.txt,https://japan.kantei.go.jp/101_kishida/statement/202407/01message.html,japan,Prime Minister's Office of Japan (Kantei),Video Message by Prime Minister Kishida at the Inauguration of the GX Promotion Organization (Speeches and Statements <br>by the Prime Minister) | Prime Minister's Office of Japan,SPEECH,"July 1, 2024",en
data/raw/japan/101_kishida_statement_202407_03kaiken_html_6fbcb77301.html,data/cleaned/japan/101_kishida_statement_202407_03kaiken_html_6fbcb77301.txt,https://japan.kantei.go.jp/101_kishida/statement/202407/03kaiken.html,japan,Prime Minister's Office of Japan (Kantei),Press Conference by Prime Minister Kishida Regarding the Ruling on a Lawsuit over the Former Eugenics Protection Law and Other Matters (Speeches and Statements <br>by the Prime Minister) | Prime Minister's Office of Japan,PRESS_CONFERENCE,"July 3, 2024",en
data/raw/japan/101_kishida_statement_202407_03message_html_c8def2d93a.html,data/cleaned/japan/101_kishida_statement_202407_03message_html_c8def2d93a.txt,https://japan.kantei.go.jp/101_kishida/statement/202407/03message.html,japan,Prime Minister's Office of Japan (Kantei),Message of condolences from Prime Minister KISHIDA Fumio regarding the stampede in India (Speeches and Statements <br>by the Prime Minister) | Prime Minister's Office of Japan,SPEECH,"July 3, 2024",en
data/raw/japan/101_kishida_statement_202407_05kaiken_html_27932f46dd.html,data/cleaned/japan/101_kishida_statement_202407_05kaiken_html_27932f46dd.txt,https://japan.kantei.go.jp/101_kishida/statement/202407/05kaiken.html,japan,Prime Minister's Office of Japan (Kantei),Press Conference by the Prime Minister regarding His Visit to Chiba Prefecture (Speeches and Statements <br>by the Prime Minister) | Prime Minister's Office of Japan,PRESS_CONFERENCE,"July 5, 2024",en
data/raw/japan/101_kishida_statement_202407_06message_html_e14e7d0786.html,data/cleaned/japan/101_kishida_statement_202407_06message_html_e14e7d0786.txt,https://japan.kantei.go.jp/101_kishida/statement/202407/06message.html,japan,Prime Minister's Office of Japan (Kantei),Congratulatory Letter from Prime Minister Kishida to President-Elect of Iran Pezeshkian (Speeches and Statements <br>by the Prime Minister) | Prime Minister's Office of Japan,SPEECH,"July 6, 2024",en
data/raw/japan/101_kishida_statement_202407_10kaiken_html_e9b7d7e763.html,data/cleaned/japan/101_kishida_statement_202407_10kaiken_html_e9b7d7e763.txt,https://japan.kantei.go.jp/101_kishida/statement/202407/10kaiken.html,japan,Prime Minister's Office of Japan (Kantei),Press Conference by Prime Minister Kishida regarding His Upcoming Attendance at the NATO Summit and Visit to Germany (Speeches and Statements <br>by the Prime Minister) | Prime Minister's Office of Japan,PRESS_CONFERENCE,"July 10, 2024",en
data/raw/japan/101_kishida_statement_202407_11kaiken_html_3ba15cd6c4.html,data/cleaned/japan/101_kishida_statement_202407_11kaiken_html_3ba15cd6c4.txt,https://japan.kantei.go.jp/101_kishida/statement/202407/11kaiken.html,japan,Prime Minister's Office of Japan (Kantei),Press Conference by Prime Minister Kishida regarding His Attendance at the NATO Summit and Other Matters  (Speeches and Statements <br>by the Prime Minister) | Prime Minister's Office of Japan,PRESS_CONFERENCE,"July 11, 2024",en
data/raw/japan/101_kishida_statement_202407_12jointpress_html_09e822a7ea.html,data/cleaned/japan/101_kishida_statement_202407_12jointpress_html_09e822a7ea.txt,https://japan.kantei.go.jp/101_kishida/statement/202407/12jointpress.html,japan,Prime Minister's Office of Japan (Kantei),Joint Press Conference by the Leaders of Japan and Germany (Speeches and Statements <br>by the Prime Minister) | Prime Minister's Office of Japan,PRESS_CONFERENCE,"July 12, 2024",en
data/raw/japan/101_kishida_statement_202407_12message_html_eeb550521c.html,data/cleaned/japan/101_kishida_statement_202407_12message_html_eeb550521c.txt,https://japan.kantei.go.jp/101_kishida/statement/202407/12message.html,japan,Prime Minister's Office of Japan (Kantei),Contributed Article by Prime Minister Kishida to the German Newspaper Handelsblatt on the Occasion of His Visit to Germany  (Speeches and Statements <br>by the Prime Minister) | Prime Minister's Office of Japan,SPEECH,"July 12, 2024",en
data/raw/japan/101_kishida_statement_202407_15contribution_html_79516f5206.html,data/cleaned/japan/101_kishida_statement_202407_15contribution_html_79516f5206.txt,https://japan.kantei.go.jp/101_kishida/statement/202407/15contribution.html,japan,Prime Minister's Office of Japan (Kantei),"Contributed Article ""Striding forward together"" by Prime Minister KISHIDA Fumio to The Japan Times on the Occasion of the Tenth Pacific Islands Leaders Meeting (PALM10)  (Speeches and Statements <br>by the Prime Minister) | Prime Minister's Office of Japan",SPEECH,"July 15, 2024",en
data/raw/japan/101_kishida_statement_202407_17message_html_18db6ac3c8.html,data/cleaned/japan/101_kishida_statement_202407_17message_html_18db6ac3c8.txt,https://japan.kantei.go.jp/101_kishida/statement/202407/17message.html,japan,Prime Minister's Office of Japan (Kantei),Video Message by Prime Minister Kishida on a Certified PALM10 Commemorative Project (Speeches and Statements <br>by the Prime Minister) | Prime Minister's Office of Japan,SPEECH,"July 17, 2024",en
data/raw/japan/101_kishida_statement_202407_18message_html_7fd25bd3ad.html,data/cleaned/japan/101_kishida_statement_202407_18message_html_7fd25bd3ad.txt,https://japan.kantei.go.jp/101_kishida/statement/202407/18message.html,japan,Prime Minister's Office of Japan (Kantei),Congratulatory letter by Prime Minister Kishida to President of the Islamic Republic of Mauritania  (Speeches and Statements <br>by the Prime Minister) | Prime Minister's Office of Japan,SPEECH,"July 18, 2024",en
data/raw/japan/101_kishida_statement_202407_19forum_html_685e276648.html,data/cleaned/japan/101_kishida_statement_202407_19forum_html_685e276648.txt,https://japan.kantei.go.jp/101_kishida/statement/202407/19forum.html,japan,Prime Minister's Office of Japan (Kantei),Speech by Prime Minister Kishida at the Keidanren Summer Forum 2024 (Speeches and Statements <br>by the Prime Minister) | Prime Minister's Office of Japan,SPEECH,"July 19, 2024",en
data/raw/japan/101_kishida_statement_202407_19kaiken_html_2fdc118683.html,data/cleaned/japan/101_kishida_statement_202407_19kaiken_html_2fdc118683.txt,https://japan.kantei.go.jp/101_kishida/statement/202407/19kaiken.html,japan,Prime Minister's Office of Japan (Kantei),Press Conference by the Prime Minister regarding His Visit to Nagano Prefecture and Other Matters (Speeches and Statements <br>by the Prime Minister) | Prime Minister's Office of Japan,PRESS_CONFERENCE,"July 19, 2024",en
data/raw/japan/101_kishida_statement_202407_20message_html_cdda59f869.html,data/cleaned/japan/101_kishida_statement_202407_20message_html_cdda59f869.txt,https://japan.kantei.go.jp/101_kishida/statement/202407/20message.html,japan,Prime Minister's Office of Japan (Kantei),"Letter of Condolence by Prime Minister Kishida, following the passing of H.E. Dr. Nguyen Phu Trong, General Secretary of the Communist Party of Viet Nam (Speeches and Statements <br>by the Prime Minister) | Prime Minister's Office of Japan",SPEECH,"July 20, 2024",en
data/raw/japan/101_kishida_statement_202407_26sisatsu_html_68c0acbd82.html,data/cleaned/japan/101_kishida_statement_202407_26sisatsu_html_68c0acbd82.txt,https://japan.kantei.go.jp/101_kishida/statement/202407/26sisatsu.html,japan,Prime Minister's Office of Japan (Kantei),Press Conference by Prime Minister Kishida on His Visit to Dementia Care and Childcare Center (Speeches and Statements <br>by the Prime Minister) | Prime Minister's Office of Japan,PRESS_CONFERENCE,"July 26, 2024",en
data/raw/japan/101_kishida_statement_202407_27sado_html_a48cff45f1.html,data/cleaned/japan/101_kishida_statement_202407_27sado_html_a48cff45f1.txt,https://japan.kantei.go.jp/101_kishida/statement/202407/27sado.html,japan,Prime Minister's Office of Japan (Kantei),Message by Prime Minister KISHIDA Fumio on the Inscription of “Sado Island Gold Mines” on UNESCO’s World Heritage List (Speeches and Statements <br>by the Prime Minister) | Prime Minister's Office of Japan,SPEECH,"July 27, 2024",en
data/raw/japan/101_kishida_statement_202407_29message_html_e986f3f746.html,data/cleaned/japan/101_kishida_statement_202407_29message_html_e986f3f746.txt,https://japan.kantei.go.jp/101_kishida/statement/202407/29message.html,japan,Prime Minister's Office of Japan (Kantei),Video Message from Prime Minister Kishida to the 29th International Conference for Women in Business  (Speeches and Statements <br>by the Prime Minister) | Prime Minister's Office of Japan,SPEECH,"July 29, 2024",en
data/raw/japan/101_kishida_statement_202407_31miekaiken_html_6332ccffa4.html,data/cleaned/japan/101_kishida_statement_202407_31miekaiken_html_6332ccffa4.txt,https://japan.kantei.go.jp/101_kishida/statement/202407/31miekaiken.html,japan,Prime Minister's Office of Japan (Kantei),Press Conference by the Prime Minister regarding His Visit to Mie Prefecture (Speeches and Statements <br>by the Prime Minister) | Prime Minister's Office of Japan,PRESS_CONFERENCE,"July 31, 2024",en
data/raw/japan/101_kishida_statement_202407_5message_html_076dd9d905.html,data/cleaned/japan/101_kishida_statement_202407_5message_html_076dd9d905.txt,https://japan.kantei.go.jp/101_kishida/statement/202407/5message.html,japan,Prime Minister's Office of Japan (Kantei),Congratulatory Message from Prime Minister KISHIDA to Prime Minister of the UK Starmer (Speeches and Statements <br>by the Prime Minister) | Prime Minister's Office of Japan,SPEECH,"July 5, 2024",en
data/raw/japan/tag_0045_html_cf32d1a62b.html,data/cleaned/japan/tag_0045_html_cf32d1a62b.txt,https://japan.kantei.go.jp/tag/0045.html,japan,Prime Minister's Office of Japan (Kantei),#JPNDEUsummit List of articles | Prime Minister's Office of Japan,PRESS_CONFERENCE,"July 12, 2024",en
data/raw/japan/tag_0146_html_07c0d80ffe.html,data/cleaned/japan/tag_0146_html_07c0d80ffe.txt,https://japan.kantei.go.jp/tag/0146.html,japan,Prime Minister's Office of Japan (Kantei),#PALM List of articles | Prime Minister's Office of Japan,SPEECH,"July 19, 2024",en
data/raw/japan/101_kishida_statement_202408_05message_html_07041d7595.html,data/cleaned/japan/101_kishida_statement_202408_05message_html_07041d7595.txt,https://japan.kantei.go.jp/101_kishida/statement/202408/05message.html,japan,Prime Minister's Office of Japan (Kantei),Congratulatory Message from Prime Minister Kishida to General Secretary of the Communist Party of the Socialist Republic of Viet Nam  (Speeches and Statements <br>by the Prime Minister) | Prime Minister's Office of Japan,SPEECH,"August 5, 2024",en
data/raw/japan/101_kishida_statement_202408_06hiroshima_html_8752e62939.html,data/cleaned/japan/101_kishida_statement_202408_06hiroshima_html_8752e62939.txt,https://japan.kantei.go.jp/101_kishida/statement/202408/06hiroshima.html,japan,Prime Minister's Office of Japan (Kantei),Address by Prime Minister KISHIDA Fumio at the Hiroshima Peace Memorial Ceremony (Speeches and Statements <br>by the Prime Minister) | Prime Minister's Office of Japan,SPEECH,"August 6, 2024",en
data/raw/japan/101_kishida_statement_202408_06kaiken_html_0b3bc5f091.html,data/cleaned/japan/101_kishida_statement_202408_06kaiken_html_0b3bc5f091.txt,https://japan.kantei.go.jp/101_kishida/statement/202408/06kaiken.html,japan,Prime Minister's Office of Japan (Kantei),Press Conference by the Prime Minister regarding His Attendance at the 2024 Peace Memorial Ceremony in Hiroshima and Other Matters (Speeches and Statements <br>by the Prime Minister) | Prime Minister's Office of Japan,PRESS_CONFERENCE,"August 6, 2024",en
data/raw/japan/101_kishida_statement_202408_0826message_html_df435a87ca.html,data/cleaned/japan/101_kishida_statement_202408_0826message_html_df435a87ca.txt,https://japan.kantei.go.jp/101_kishida/statement/202408/0826message.html,japan,Prime Minister's Office of Japan (Kantei),Video message from Prime Minister Kishida at the Opening Ceremony of the Japan Visit Programme (Study Tour to Hiroshima and Nagasaki) of the “Youth Leader Fund for a World without Nuclear Weapons” (Speeches and Statements <br>by the Prime Minister) | Prime Minister's Office of Japan,SPEECH,"August 26, 2024",en
data/raw/japan/101_kishida_statement_202408_08kaiken_html_0606ff88d0.html,data/cleaned/japan/101_kishida_statement_202408_08kaiken_html_0606ff88d0.txt,https://japan.kantei.go.jp/101_kishida/statement/202408/08kaiken.html,japan,Prime Minister's Office of Japan (Kantei),"Press Conference by the Prime Minister regarding the Earthquake Centered in Hyuga-nada, Miyazaki Prefecture, and the Nankai Trough Earthquake Emergency Information (Speeches and Statements <br>by the Prime Minister) | Prime Minister's Office of Japan",PRESS_CONFERENCE,"August 8, 2024",en
data/raw/japan/101_kishida_statement_202408_09kaiken_html_38b7fd17ae.html,data/cleaned/japan/101_kishida_statement_202408_09kaiken_html_38b7fd17ae.txt,https://japan.kantei.go.jp/101_kishida/statement/202408/09kaiken.html,japan,Prime Minister's Office of Japan (Kantei),Press Conference by Prime Minister Kishida on His Attendance at the 2024 Peace Memorial Ceremony in Nagasaki and Other Matters (Speeches and Statements <br>by the Prime Minister) | Prime Minister's Office of Japan,PRESS_CONFERENCE,"August 9, 2024",en
data/raw/japan/101_kishida_statement_202408_09nagasaki_html_3d47575393.html,data/cleaned/japan/101_kishida_statement_202408_09nagasaki_html_3d47575393.txt,https://japan.kantei.go.jp/101_kishida/statement/202408/09nagasaki.html,japan,Prime Minister's Office of Japan (Kantei),Address by Prime Minister KISHIDA Fumio at the Nagasaki Peace Memorial Ceremony (Speeches and Statements <br>by the Prime Minister) | Prime Minister's Office of Japan,SPEECH,"August 9, 2024",en
data/raw/japan/101_kishida_statement_202408_13message_html_adfa01c845.html,data/cleaned/japan/101_kishida_statement_202408_13message_html_adfa01c845.txt,https://japan.kantei.go.jp/101_kishida/statement/202408/13message.html,japan,Prime Minister's Office of Japan (Kantei),Vietnam Festival in Sapporo 2024 Video Message by Prime Minister Kishida  (Speeches and Statements <br>by the Prime Minister) | Prime Minister's Office of Japan,SPEECH,"August 13, 2024",en
data/raw/japan/101_kishida_statement_202408_14kaiken_html_1341d270cc.html,data/cleaned/japan/101_kishida_statement_202408_14kaiken_html_1341d270cc.txt,https://japan.kantei.go.jp/101_kishida/statement/202408/14kaiken.html,japan,Prime Minister's Office of Japan (Kantei),Press Conference by Prime Minister Kishida (Speeches and Statements <br>by the Prime Minister) | Prime Minister's Office of Japan,PRESS_CONFERENCE,"August 14, 2024",en
data/raw/japan/101_kishida_statement_202408_15shikiji_html_fe436b94b3.html,data/cleaned/japan/101_kishida_statement_202408_15shikiji_html_fe436b94b3.txt,https://japan.kantei.go.jp/101_kishida/statement/202408/15shikiji.html,japan,Prime Minister's Office of Japan (Kantei),Address by Prime Minister Kishida at the Seventy-Ninth National Memorial Ceremony for the War Dead (Speeches and Statements <br>by the Prime Minister) | Prime Minister's Office of Japan,SPEECH,"August 15, 2024",en
data/raw/japan/101_kishida_statement_202408_19message_html_e69d338215.html,data/cleaned/japan/101_kishida_statement_202408_19message_html_e69d338215.txt,https://japan.kantei.go.jp/101_kishida/statement/202408/19message.html,japan,Prime Minister's Office of Japan (Kantei),Congratulatory Message from Prime Minister Kishida to Prime Minister of Thailand Paetongtarn  (Speeches and Statements <br>by the Prime Minister) | Prime Minister's Office of Japan,SPEECH,"August 19, 2024",en
data/raw/japan/101_kishida_statement_202408_20240801kaiken_html_3de454f0ea.html,data/cleaned/japan/101_kishida_statement_202408_20240801kaiken_html_3de454f0ea.txt,https://japan.kantei.go.jp/101_kishida/statement/202408/20240801kaiken.html,japan,Prime Minister's Office of Japan (Kantei),Press Conference by Prime Minister Kishida regarding His Visit to Chiba Prefecture (Speeches and Statements <br>by the Prime Minister) | Prime Minister's Office of Japan,PRESS_CONFERENCE,"August 1, 2024",en
data/raw/japan/101_kishida_statement_202408_22message_html_ad0fd945a1.html,data/cleaned/japan/101_kishida_statement_202408_22message_html_ad0fd945a1.txt,https://japan.kantei.go.jp/101_kishida/statement/202408/22message.html,japan,Prime Minister's Office of Japan (Kantei),"Congratulatory Message from Prime Minister KISHIDA to H.E. Mr. Kristen Michal, Prime Minister of the Republic of Estonia  (Speeches and Statements <br>by the Prime Minister) | Prime Minister's Office of Japan",SPEECH,"August 22, 2024",en
data/raw/japan/101_kishida_statement_202408_24kaiken_html_1dbf70e8c1.html,data/cleaned/japan/101_kishida_statement_202408_24kaiken_html_1dbf70e8c1.txt,https://japan.kantei.go.jp/101_kishida/statement/202408/24kaiken.html,japan,Prime Minister's Office of Japan (Kantei),Press Conference by Prime Minister Kishida regarding His Visit to Fukushima Prefecture (Speeches and Statements <br>by the Prime Minister) | Prime Minister's Office of Japan,PRESS_CONFERENCE,"August 24, 2024",en
data/raw/japan/101_kishida_statement_202408_00022_html_f5ffff1c38.html,data/cleaned/japan/101_kishida_statement_202408_00022_html_f5ffff1c38.txt,https://japan.kantei.go.jp/101_kishida/statement/202408/_00022.html,japan,Prime Minister's Office of Japan (Kantei),"Press Conference by the Prime Minister regarding the Earthquake Centered in Hyuga-nada, Miyazaki Prefecture, and the Nankai Trough Earthquake Emergency Information (Speeches and Statements <br>by the Prime Minister) | Prime Minister's Office of Japan",PRESS_CONFERENCE,"August 9, 2024",en
data/raw/japan/101_kishida_statement_202409_06kaiken1_html_8879e1a35c.html,data/cleaned/japan/101_kishida_statement_202409_06kaiken1_html_8879e1a35c.txt,https://japan.kantei.go.jp/101_kishida/statement/202409/06kaiken1.html,japan,Prime Minister's Office of Japan (Kantei),Press Conference by Prime Minister Kishida regarding His Upcoming Visit to the Republic of Korea  (Speeches and Statements <br>by the Prime Minister) | Prime Minister's Office of Japan,PRESS_CONFERENCE,"September 6, 2024",en
data/raw/japan/101_kishida_statement_202409_06kaiken2_html_f597913c1d.html,data/cleaned/japan/101_kishida_statement_202409_06kaiken2_html_f597913c1d.txt,https://japan.kantei.go.jp/101_kishida/statement/202409/06kaiken2.html,japan,Prime Minister's Office of Japan (Kantei),Press Conference by Prime Minister Kishida regarding the Japan-Republic of Korea Summit  (Speeches and Statements <br>by the Prime Minister) | Prime Minister's Office of Japan,PRESS_CONFERENCE,"September 6, 2024",en
data/raw/japan/101_kishida_statement_202409_0919kaiken_html_2025b0a003.html,data/cleaned/japan/101_kishida_statement_202409_0919kaiken_html_2025b0a003.txt,https://japan.kantei.go.jp/101_kishida/statement/202409/0919kaiken.html,japan,Prime Minister's Office of Japan (Kantei),Press Conference by Prime Minister Kishida on His Visit to Ishikawa Prefecture to Confirm the Situation of the Area Affected by the 2024 Noto Peninsula Earthquake (Speeches and Statements <br>by the Prime Minister) | Prime Minister's Office of Japan,PRESS_CONFERENCE,"September 19, 2024",en
data/raw/japan/101_kishida_statement_202409_0923kankou_html_1bda815d1f.html,data/cleaned/japan/101_kishida_statement_202409_0923kankou_html_1bda815d1f.txt,https://japan.kantei.go.jp/101_kishida/statement/202409/0923kankou.html,japan,Prime Minister's Office of Japan (Kantei),Prime Minister Kishida's Speech at the U.S.-Japan Tourism Event (Speeches and Statements <br>by the Prime Minister) | Prime Minister's Office of Japan,SPEECH,"September 23, 2024",en
data/raw/japan/101_kishida_statement_202409_0928enzetsu_html_ed4443d7f4.html,data/cleaned/japan/101_kishida_statement_202409_0928enzetsu_html_ed4443d7f4.txt,https://japan.kantei.go.jp/101_kishida/statement/202409/0928enzetsu.html,japan,Prime Minister's Office of Japan (Kantei),Address by Prime Minister KISHIDA Fumio  at the Seventy-Ninth Session of the United Nations General Assembly (Speeches and Statements <br>by the Prime Minister) | Prime Minister's Office of Japan,SPEECH,"September 28, 2024",en
data/raw/japan/101_kishida_statement_202409_11message_html_581b6d19e8.html,data/cleaned/japan/101_kishida_statement_202409_11message_html_581b6d19e8.txt,https://japan.kantei.go.jp/101_kishida/statement/202409/11message.html,japan,Prime Minister's Office of Japan (Kantei),Message of condolence from Prime Minister Kishida following the damage caused by the typhoon in Vietnam (Speeches and Statements <br>by the Prime Minister) | Prime Minister's Office of Japan,SPEECH,"September 11, 2024",en
data/raw/japan/101_kishida_statement_202409_12message_html_f051dba45f.html,data/cleaned/japan/101_kishida_statement_202409_12message_html_f051dba45f.txt,https://japan.kantei.go.jp/101_kishida/statement/202409/12message.html,japan,Prime Minister's Office of Japan (Kantei),Video Message by Prime Minister KISHIDA Fumio at the Forth Summit of the Crimea Platform (Speeches and Statements <br>by the Prime Minister) | Prime Minister's Office of Japan,SPEECH,"September 12, 2024",en
data/raw/japan/101_kishida_statement_202409_17message_html_d8b7a8bfbc.html,data/cleaned/japan/101_kishida_statement_202409_17message_html_d8b7a8bfbc.txt,https://japan.kantei.go.jp/101_kishida/statement/202409/17message.html,japan,Prime Minister's Office of Japan (Kantei),Video Message from Prime Minister Kishida regarding the World Skills International 2024 (Speeches and Statements <br>by the Prime Minister) | Prime Minister's Office of Japan,SPEECH,"September 17, 2024",en
data/raw/japan/101_kishida_statement_202409_19message_html_eb60ab91b1.html,data/cleaned/japan/101_kishida_statement_202409_19message_html_eb60ab91b1.txt,https://japan.kantei.go.jp/101_kishida/statement/202409/19message.html,japan,Prime Minister's Office of Japan (Kantei),Letter of Condolence by Prime Minister KISHIDA on the Passing of Former President Alberto FUJIMORI of the Republic of Peru  (Speeches and Statements <br>by the Prime Minister) | Prime Minister's Office of Japan,SPEECH,"September 19, 2024",en
data/raw/japan/101_kishida_statement_202409_21kaiken_html_fff985df5c.html,data/cleaned/japan/101_kishida_statement_202409_21kaiken_html_fff985df5c.txt,https://japan.kantei.go.jp/101_kishida/statement/202409/21kaiken.html,japan,Prime Minister's Office of Japan (Kantei),"Press Conference by Prime Minister Kishida regarding His Meeting with the Governor of Nagasaki Prefecture and the Mayor of Nagasaki City, His Upcoming Visit to the United States of America, and Other Matters (Speeches and Statements <br>by the Prime Minister) | Prime Minister's Office of Japan",PRESS_CONFERENCE,"September 21, 2024",en
data/raw/japan/101_kishida_statement_202409_21quad_cancer_html_ce53aca06d.html,data/cleaned/japan/101_kishida_statement_202409_21quad_cancer_html_ce53aca06d.txt,https://japan.kantei.go.jp/101_kishida/statement/202409/21quad_cancer.html,japan,Prime Minister's Office of Japan (Kantei),Address by Prime Minister Kishida at the “Quad Cancer Moonshot” launch event on the sidelines of the Japan-Australia-India-U.S. (QUAD) Leaders’ Meeting  (Speeches and Statements <br>by the Prime Minister) | Prime Minister's Office of Japan,SPEECH,"September 21, 2024",en
data/raw/japan/101_kishida_statement_202409_22speech_html_20565b909e.html,data/cleaned/japan/101_kishida_statement_202409_22speech_html_20565b909e.txt,https://japan.kantei.go.jp/101_kishida/statement/202409/22speech.html,japan,Prime Minister's Office of Japan (Kantei),Address by Prime Minister KISHIDA Fumio at the Summit of the Future  (Speeches and Statements <br>by the Prime Minister) | Prime Minister's Office of Japan,SPEECH,"September 22, 2024",en
data/raw/japan/101_kishida_statement_202409_23fmct_html_6dd012dc13.html,data/cleaned/japan/101_kishida_statement_202409_23fmct_html_6dd012dc13.txt,https://japan.kantei.go.jp/101_kishida/statement/202409/23fmct.html,japan,Prime Minister's Office of Japan (Kantei),Address by Prime Minister KISHIDA Fumio at the High-Level Launch Meeting of the Friends of a Fissile Material Cut-off Treaty (FMCT)  (Speeches and Statements <br>by the Prime Minister) | Prime Minister's Office of Japan,SPEECH,"September 23, 2024",en
data/raw/japan/101_kishida_statement_202409_23ikenkoukan_html_c64b07b9b0.html,data/cleaned/japan/101_kishida_statement_202409_23ikenkoukan_html_c64b07b9b0.txt,https://japan.kantei.go.jp/101_kishida/statement/202409/23ikenkoukan.html,japan,Prime Minister's Office of Japan (Kantei),Prime Minister Kishida's Speech at the Exchange of Views with Japanese and U.S. Asset Management Companies (Speeches and Statements <br>by the Prime Minister) | Prime Minister's Office of Japan,SPEECH,"September 23, 2024",en
data/raw/japan/101_kishida_statement_202409_23kaiken_html_47da2286d6.html,data/cleaned/japan/101_kishida_statement_202409_23kaiken_html_47da2286d6.txt,https://japan.kantei.go.jp/101_kishida/statement/202409/23kaiken.html,japan,Prime Minister's Office of Japan (Kantei),Press Conference by Prime Minister Kishida regarding His Visit to the United States of America and Other Matters (Speeches and Statements <br>by the Prime Minister) | Prime Minister's Office of Japan,PRESS_CONFERENCE,"September 23, 2024",en
data/raw/japan/101_kishida_statement_202409_25message_html_73643d62b5.html,data/cleaned/japan/101_kishida_statement_202409_25message_html_73643d62b5.txt,https://japan.kantei.go.jp/101_kishida/statement/202409/25message.html,japan,Prime Minister's Office of Japan (Kantei),Video Message from Prime Minister Kishida regarding the HeForShe Summit 2024 (Speeches and Statements <br>by the Prime Minister) | Prime Minister's Office of Japan,SPEECH,"September 25, 2024",en
data/raw/japan/101_kishida_statement_202409_25srilanka_message_html_8d4bf5d7e7.html,data/cleaned/japan/101_kishida_statement_202409_25srilanka_message_html_8d4bf5d7e7.txt,https://japan.kantei.go.jp/101_kishida/statement/202409/25srilanka_message.html,japan,Prime Minister's Office of Japan (Kantei),Congratulatory Letter from Prime Minister Kishida to President Dissanayake of Sri Lanka (Speeches and Statements <br>by the Prime Minister) | Prime Minister's Office of Japan,SPEECH,"September 25, 2024",en
data/raw/japan/tag_0036_html_0b22b0a3e0.html,data/cleaned/japan/tag_0036_html_0b22b0a3e0.txt,https://japan.kantei.go.jp/tag/0036.html,japan,Prime Minister's Office of Japan (Kantei),#QUAD List of articles | Prime Minister's Office of Japan,PRESS_CONFERENCE,"September 21, 2024",en
data/raw/japan/101_kishida_statement_202410_1001danwa_html_06d5d3cffa.html,data/cleaned/japan/101_kishida_statement_202410_1001danwa_html_06d5d3cffa.txt,https://japan.kantei.go.jp/101_kishida/statement/202410/1001danwa.html,japan,Prime Minister's Office of Japan (Kantei),Statement by Prime Minister KISHIDA Fumio upon the General Resignation of the Kishida Cabinet (Speeches and Statements <br>by the Prime Minister) | Prime Minister's Office of Japan,SPEECH,"October 1, 2024",en
data/raw/japan/102_ishiba_statement_202410_01danwa_html_26d15efae1.html,data/cleaned/japan/102_ishiba_statement_202410_01danwa_html_26d15efae1.txt,https://japan.kantei.go.jp/102_ishiba/statement/202410/01danwa.html,japan,Prime Minister's Office of Japan (Kantei),Statement by Prime Minister ISHIBA Shigeru (Speeches and Statements <br>by the Prime Minister) | Prime Minister's Office of Japan,SPEECH,"October 1, 2024",en
data/raw/japan/102_ishiba_statement_202410_02kaiken3_html_c5d5acafe0.html,data/cleaned/japan/102_ishiba_statement_202410_02kaiken3_html_c5d5acafe0.txt,https://japan.kantei.go.jp/102_ishiba/statement/202410/02kaiken3.html,japan,Prime Minister's Office of Japan (Kantei),Press Conference by the Prime Minister regarding His Attendance at a G7 Leaders’ Teleconference (Speeches and Statements <br>by the Prime Minister) | Prime Minister's Office of Japan,PRESS_CONFERENCE,"October 2, 2024",en
data/raw/japan/102_ishiba_statement_202410_1001kaiken_html_288b5230bf.html,data/cleaned/japan/102_ishiba_statement_202410_1001kaiken_html_288b5230bf.txt,https://japan.kantei.go.jp/102_ishiba/statement/202410/1001kaiken.html,japan,Prime Minister's Office of Japan (Kantei),Press Conference by Prime Minister Ishiba (Speeches and Statements <br>by the Prime Minister) | Prime Minister's Office of Japan,PRESS_CONFERENCE,"October 1, 2024",en
data/raw/japan/102_ishiba_statement_202410_1002kaiken_html_1a4d9290fa.html,data/cleaned/japan/102_ishiba_statement_202410_1002kaiken_html_1a4d9290fa.txt,https://japan.kantei.go.jp/102_ishiba/statement/202410/1002kaiken.html,japan,Prime Minister's Office of Japan (Kantei),Press Conference on His State of Mind for the Inauguration of the New Cabinet and the Japan-U.S. Summit Telephone Talk (Speeches and Statements <br>by the Prime Minister) | Prime Minister's Office of Japan,PRESS_CONFERENCE,"October 2, 2024",en
data/raw/japan/102_ishiba_statement_202410_1002kaiken2_html_9630e84d03.html,data/cleaned/japan/102_ishiba_statement_202410_1002kaiken2_html_9630e84d03.txt,https://japan.kantei.go.jp/102_ishiba/statement/202410/1002kaiken2.html,japan,Prime Minister's Office of Japan (Kantei),Press Conference by Prime Minister Ishiba regarding His Meeting with the Governor of the Bank of Japan and His Bilateral Telephone Conversations with the Leaders of the Republic of Korea and Australia (Speeches and Statements <br>by the Prime Minister) | Prime Minister's Office of Japan,PRESS_CONFERENCE,"October 2, 2024",en
data/raw/japan/102_ishiba_statement_202410_1004shoshinhyomei_html_b53c223933.html,data/cleaned/japan/102_ishiba_statement_202410_1004shoshinhyomei_html_b53c223933.txt,https://japan.kantei.go.jp/102_ishiba/statement/202410/1004shoshinhyomei.html,japan,Prime Minister's Office of Japan (Kantei),Policy Speech by Prime Minister ISHIBA Shigeru to the 214th Session of the Diet (Speeches and Statements <br>by the Prime Minister) | Prime Minister's Office of Japan,SPEECH,"October 4, 2024",en
data/raw/japan/102_ishiba_statement_202410_1009kaiken_html_0e932c77e7.html,data/cleaned/japan/102_ishiba_statement_202410_1009kaiken_html_0e932c77e7.txt,https://japan.kantei.go.jp/102_ishiba/statement/202410/1009kaiken.html,japan,Prime Minister's Office of Japan (Kantei),Press Conference by Prime Minister Ishiba (Speeches and Statements <br>by the Prime Minister) | Prime Minister's Office of Japan,PRESS_CONFERENCE,"October 9, 2024",en
data/raw/japan/102_ishiba_statement_202410_1009kaiken2_html_4d5c47edba.html,data/cleaned/japan/102_ishiba_statement_202410_1009kaiken2_html_4d5c47edba.txt,https://japan.kantei.go.jp/102_ishiba/statement/202410/1009kaiken2.html,japan,Prime Minister's Office of Japan (Kantei),Press Conference by Prime Minister Ishiba regarding His Attendance at the Upcoming ASEAN-related Summit Meetings (Speeches and Statements <br>by the Prime Minister) | Prime Minister's Office of Japan,PRESS_CONFERENCE,"October 9, 2024",en
data/raw/japan/102_ishiba_statement_202410_1011message_html_05804d8ba8.html,data/cleaned/japan/102_ishiba_statement_202410_1011message_html_05804d8ba8.txt,https://japan.kantei.go.jp/102_ishiba/statement/202410/1011message.html,japan,Prime Minister's Office of Japan (Kantei),Video Message from Prime Minister Ishiba for the Opening Ceremony for the JETRO Kyiv Office (Speeches and Statements <br>by the Prime Minister) | Prime Minister's Office of Japan,SPEECH,"October 11, 2024",en
data/raw/japan/102_ishiba_statement_202410_1011naigai_html_b67916c50e.html,data/cleaned/japan/102_ishiba_statement_202410_1011naigai_html_b67916c50e.txt,https://japan.kantei.go.jp/102_ishiba/statement/202410/1011naigai.html,japan,Prime Minister's Office of Japan (Kantei),Press Conference by Prime Minister ISHIBA Shigeru Following His Participation in the ASEAN-related Summit Meetings (Speeches and Statements <br>by the Prime Minister) | Prime Minister's Office of Japan,PRESS_CONFERENCE,"October 11, 2024",en
data/raw/japan/102_ishiba_statement_202410_1016message01_html_f43d919fd5.html,data/cleaned/japan/102_ishiba_statement_202410_1016message01_html_f43d919fd5.txt,https://japan.kantei.go.jp/102_ishiba/statement/202410/1016message01.html,japan,Prime Minister's Office of Japan (Kantei),Video Message from Prime Minister Ishiba for “Expo 2025 Six months to Go Event in Dotonbori!” (Speeches and Statements <br>by the Prime Minister) | Prime Minister's Office of Japan,SPEECH,"October 16, 2024",en
data/raw/japan/102_ishiba_statement_202410_1017kaiken_html_f6764ba29a.html,data/cleaned/japan/102_ishiba_statement_202410_1017kaiken_html_f6764ba29a.txt,https://japan.kantei.go.jp/102_ishiba/statement/202410/1017kaiken.html,japan,Prime Minister's Office of Japan (Kantei),Press Conference by Prime Minister Ishiba regarding the Avian Influenza Case (Speeches and Statements <br>by the Prime Minister) | Prime Minister's Office of Japan,PRESS_CONFERENCE,"October 17, 2024",en
data/raw/japan/102_ishiba_statement_202410_1024message_html_ce35981378.html,data/cleaned/japan/102_ishiba_statement_202410_1024message_html_ce35981378.txt,https://japan.kantei.go.jp/102_ishiba/statement/202410/1024message.html,japan,Prime Minister's Office of Japan (Kantei),Video Message by Prime Minister Ishiba for “High School Students’ Summit on ‘World Tsunami Awareness Day’ in Kumamoto” (Speeches and Statements <br>by the Prime Minister) | Prime Minister's Office of Japan,SPEECH,"October 24, 2024",en
data/raw/japan/102_ishiba_statement_202410_1029message_html_74e6e6207b.html,data/cleaned/japan/102_ishiba_statement_202410_1029message_html_74e6e6207b.txt,https://japan.kantei.go.jp/102_ishiba/statement/202410/1029message.html,japan,Prime Minister's Office of Japan (Kantei),Video Message by Prime Minister Ishiba for the Opening Ceremony of the 37th Tokyo International Film Festival (Speeches and Statements <br>by the Prime Minister) | Prime Minister's Office of Japan,SPEECH,"October 29, 2024",en
data/raw/japan/102_ishiba_statement_202410_10contribution_html_e71f24d5b2.html,data/cleaned/japan/102_ishiba_statement_202410_10contribution_html_e71f24d5b2.txt,https://japan.kantei.go.jp/102_ishiba/statement/202410/10contribution.html,japan,Prime Minister's Office of Japan (Kantei),Contributed Article by Prime Minister Ishiba to the Vientiane Times - “Japan and ASEAN shape the future together as “Trusted Partners” (Speeches and Statements <br>by the Prime Minister) | Prime Minister's Office of Japan,SPEECH,"October 10, 2024",en
data/raw/japan/102_ishiba_statement_202410_23message_html_83ee4479e7.html,data/cleaned/japan/102_ishiba_statement_202410_23message_html_83ee4479e7.txt,https://japan.kantei.go.jp/102_ishiba/statement/202410/23message.html,japan,Prime Minister's Office of Japan (Kantei),Video Message by Prime Minister Ishiba regarding the G-ZERO Summit (Speeches and Statements <br>by the Prime Minister) | Prime Minister's Office of Japan,SPEECH,"October 23, 2024",en
data/raw/japan/102_ishiba_statement_202410_29message2_html_ec4c8226c0.html,data/cleaned/japan/102_ishiba_statement_202410_29message2_html_ec4c8226c0.txt,https://japan.kantei.go.jp/102_ishiba/statement/202410/29message2.html,japan,Prime Minister's Office of Japan (Kantei),Message of condolence from Prime Minister Ishiba following the damage caused to the Philippines by Typhoon Kristine (Speeches and Statements <br>by the Prime Minister) | Prime Minister's Office of Japan,SPEECH,"October 29, 2024",en
data/raw/japan/102_ishiba_statement_202410_31message2_html_ccf5597e2f.html,data/cleaned/japan/102_ishiba_statement_202410_31message2_html_ccf5597e2f.txt,https://japan.kantei.go.jp/102_ishiba/statement/202410/31message2.html,japan,Prime Minister's Office of Japan (Kantei),Message of condolences from Prime Minister Ishiba on the flood damage in the Kingdom of Spain (Speeches and Statements <br>by the Prime Minister) | Prime Minister's Office of Japan,SPEECH,"October 31, 2024",en
data/raw/japan/102_ishiba_statement_index_html_acf761a226.html,data/cleaned/japan/102_ishiba_statement_index_html_acf761a226.txt,https://japan.kantei.go.jp/102_ishiba/statement/index.html,japan,Prime Minister's Office of Japan (Kantei),Speeches and Statements by the Prime Minister | Prime Minister's Office of Japan,PRESS_CONFERENCE,"November 7, 2024",en
data/raw/japan/104_statement_202512_index_html_52f42998b4.html,data/cleaned/japan/104_statement_202512_index_html_52f42998b4.txt,https://japan.kantei.go.jp/104/statement/202512/index.html,japan,Prime Minister's Office of Japan (Kantei),December 2025 (Speeches and Statements by the Prime Minister) | Prime Minister's Office of Japan,PRESS_CONFERENCE,"December 30, 2025",en
data/raw/japan/104_statement_202602_index_html_0e8f306423.html,data/cleaned/japan/104_statement_202602_index_html_0e8f306423.txt,https://japan.kantei.go.jp/104/statement/202602/index.html,japan,Prime Minister's Office of Japan (Kantei),February 2026 Statements | Prime Minister's Office of Japan,STATEMENT,"February 17, 2026",en
data/raw/japan/102_ishiba_statement_202411_01kaiken_html_26729b65c5.html,data/cleaned/japan/102_ishiba_statement_202411_01kaiken_html_26729b65c5.txt,https://japan.kantei.go.jp/102_ishiba/statement/202411/01kaiken.html,japan,Prime Minister's Office of Japan (Kantei),Press Conference by Prime Minister Ishiba regarding His Thoughts on the Ishiba Cabinet's First Month in Office and Political Administration Going Forward (Speeches and Statements <br>by the Prime Minister) | Prime Minister's Office of Japan,PRESS_CONFERENCE,"November 1, 2024",en
data/raw/japan/102_ishiba_statement_202411_06kaiken_html_e77655f48e.html,data/cleaned/japan/102_ishiba_statement_202411_06kaiken_html_e77655f48e.txt,https://japan.kantei.go.jp/102_ishiba/statement/202411/06kaiken.html,japan,Prime Minister's Office of Japan (Kantei),Press Conference by Prime Minister Ishiba regarding the United States Presidential Election  (Speeches and Statements <br>by the Prime Minister) | Prime Minister's Office of Japan,PRESS_CONFERENCE,"November 6, 2024",en
data/raw/japan/102_ishiba_statement_202411_06message_html_0cf7637fc5.html,data/cleaned/japan/102_ishiba_statement_202411_06message_html_0cf7637fc5.txt,https://japan.kantei.go.jp/102_ishiba/statement/202411/06message.html,japan,Prime Minister's Office of Japan (Kantei),Congratulatory Letter from Prime Minister Ishiba to President-elect Trump of the United States of America (Speeches and Statements <br>by the Prime Minister) | Prime Minister's Office of Japan,PRESS_CONFERENCE,"November 6, 2024",en
data/raw/japan/102_ishiba_statement_202411_07bura_html_bcd5af34c3.html,data/cleaned/japan/102_ishiba_statement_202411_07bura_html_bcd5af34c3.txt,https://japan.kantei.go.jp/102_ishiba/statement/202411/07bura.html,japan,Prime Minister's Office of Japan (Kantei),Press Conference by Prime Minister Ishiba regarding His Telephone Talk with U.S. President-elect Trump (Speeches and Statements <br>by the Prime Minister) | Prime Minister's Office of Japan,PRESS_CONFERENCE,"November 7, 2024",en
data/raw/japan/103_statement_202411_11danwa_00001_html_37af8fc1ab.html,data/cleaned/japan/103_statement_202411_11danwa_00001_html_37af8fc1ab.txt,https://japan.kantei.go.jp/103/statement/202411/11danwa_00001.html,japan,Prime Minister's Office of Japan (Kantei),Statement by Prime Minister ISHIBA Shigeru (Speeches and Statements <br>by the Prime Minister) | Prime Minister's Office of Japan,SPEECH,"November 11, 2024",en
data/raw/japan/103_statement_202411_11kaiken_html_bd45734b95.html,data/cleaned/japan/103_statement_202411_11kaiken_html_bd45734b95.txt,https://japan.kantei.go.jp/103/statement/202411/11kaiken.html,japan,Prime Minister's Office of Japan (Kantei),Press Conference by Prime Minister Ishiba (Speeches and Statements <br>by the Prime Minister) | Prime Minister's Office of Japan,PRESS_CONFERENCE,"November 11, 2024",en
data/raw/japan/103_statement_202411_11message2_html_90223cc22c.html,data/cleaned/japan/103_statement_202411_11message2_html_90223cc22c.txt,https://japan.kantei.go.jp/103/statement/202411/11message2.html,japan,Prime Minister's Office of Japan (Kantei),Congratulatory letter by Prime Minister Ishiba to President Boko of the Republic of Botswana (Speeches and Statements <br>by the Prime Minister) | Prime Minister's Office of Japan,SPEECH,"November 11, 2024",en
data/raw/japan/103_statement_202411_12message_html_115308a4d0.html,data/cleaned/japan/103_statement_202411_12message_html_115308a4d0.txt,https://japan.kantei.go.jp/103/statement/202411/12message.html,japan,Prime Minister's Office of Japan (Kantei),Congratulatory Letter from Prime Minister Ishiba to President Whipps of the Republic of Palau (Speeches and Statements <br>by the Prime Minister) | Prime Minister's Office of Japan,SPEECH,"November 12, 2024",en
data/raw/japan/103_statement_202411_14contribution_00007_html_c25cec8ffa.html,data/cleaned/japan/103_statement_202411_14contribution_00007_html_c25cec8ffa.txt,https://japan.kantei.go.jp/103/statement/202411/14contribution_00007.html,japan,Prime Minister's Office of Japan (Kantei),Contributed Article by Prime Minister Ishiba to the El Comercio - “The Bond of Unity between Japan and Peru across the Pacific: Toward the Future”  (Speeches and Statements <br>by the Prime Minister) | Prime Minister's Office of Japan,SPEECH,"November 14, 2024",en
data/raw/japan/103_statement_202411_14kaiken_00001_html_5ec666e6d3.html,data/cleaned/japan/103_statement_202411_14kaiken_00001_html_5ec666e6d3.txt,https://japan.kantei.go.jp/103/statement/202411/14kaiken_00001.html,japan,Prime Minister's Office of Japan (Kantei),Press Conference by Prime Minister Ishiba regarding his Attendance at the Upcoming APEC Leaders' Meeting and G20 Summit Meeting (Speeches and Statements <br>by the Prime Minister) | Prime Minister's Office of Japan,PRESS_CONFERENCE,"November 14, 2024",en
data/raw/japan/103_statement_202411_15kaiken_html_c2c2763c3b.html,data/cleaned/japan/103_statement_202411_15kaiken_html_c2c2763c3b.txt,https://japan.kantei.go.jp/103/statement/202411/15kaiken.html,japan,Prime Minister's Office of Japan (Kantei),"Press Conference by Prime Minister Ishiba regarding the Japan-U.S. Summit Meeting, the Japan-U.S.-Republic of Korea Summit Meeting, the Japan-China Summit Meeting, and Other Matters (Speeches and Statements <br>by the Prime Minister) | Prime Minister's Office of Japan",PRESS_CONFERENCE,"November 15, 2024",en
data/raw/japan/103_statement_202411_15kinwa_00001_html_ecd525c3ad.html,data/cleaned/japan/103_statement_202411_15kinwa_00001_html_ecd525c3ad.txt,https://japan.kantei.go.jp/103/statement/202411/15kinwa_00001.html,japan,Prime Minister's Office of Japan (Kantei),Statement by Prime Minister ISHIBA Shigeru on the Passing of Her Imperial Highness Princess Yuriko of Mikasa (Speeches and Statements <br>by the Prime Minister) | Prime Minister's Office of Japan,SPEECH,"November 15, 2024",en
data/raw/japan/103_statement_202411_15message_html_fa7b193884.html,data/cleaned/japan/103_statement_202411_15message_html_fa7b193884.txt,https://japan.kantei.go.jp/103/statement/202411/15message.html,japan,Prime Minister's Office of Japan (Kantei),Congratulatory Message from Prime Minister ISHIBA Shigeru to President Dissanayake of Sri Lanka on the results of the general election in Sri Lanka (Speeches and Statements <br>by the Prime Minister) | Prime Minister's Office of Japan,SPEECH,"November 15, 2024",en
data/raw/japan/103_statement_202411_16fujidialogue_00008_html_3fd7af4073.html,data/cleaned/japan/103_statement_202411_16fujidialogue_00008_html_3fd7af4073.txt,https://japan.kantei.go.jp/103/statement/202411/16fujidialogue_00008.html,japan,Prime Minister's Office of Japan (Kantei),Video Message by Prime Minister Ishiba at the 11th Mount Fuji Dialogue (Speeches and Statements <br>by the Prime Minister) | Prime Minister's Office of Japan,SPEECH,"November 16, 2024",en
data/raw/japan/103_statement_202411_16kaiken_html_6c18c0e3c3.html,data/cleaned/japan/103_statement_202411_16kaiken_html_6c18c0e3c3.txt,https://japan.kantei.go.jp/103/statement/202411/16kaiken.html,japan,Prime Minister's Office of Japan (Kantei),"Press Conference by Prime Minister Ishiba regarding the Japan-Republic of Korea Summit Meeting, His Attendance at the APEC Leaders' Meeting, and Other Matters (Speeches and Statements <br>by the Prime Minister) | Prime Minister's Office of Japan",PRESS_CONFERENCE,"November 16, 2024",en
data/raw/japan/103_statement_202411_17contribution_00001_html_44572c2c16.html,data/cleaned/japan/103_statement_202411_17contribution_00001_html_44572c2c16.txt,https://japan.kantei.go.jp/103/statement/202411/17contribution_00001.html,japan,Prime Minister's Office of Japan (Kantei),Contributed Article by Prime Minister Ishiba to the O Globo on the Occasion of the G20 Summit - “A new chapter in Japan-Brazil relations: 130 years of friendship and international cooperation” (Speeches and Statements <br>by the Prime Minister) | Prime Minister's Office of Japan,SPEECH,"November 17, 2024",en
data/raw/japan/103_statement_202411_17kondan_html_b08f4cbb8a.html,data/cleaned/japan/103_statement_202411_17kondan_html_b08f4cbb8a.txt,https://japan.kantei.go.jp/103/statement/202411/17kondan.html,japan,Prime Minister's Office of Japan (Kantei),Prime Minister Ishiba’s Address at the Meeting with People of Nikkei in Peru (Speeches and Statements <br>by the Prime Minister) | Prime Minister's Office of Japan,SPEECH,"November 17, 2024",en
data/raw/japan/103_statement_202411_19aisatsu_html_9c9b3dd071.html,data/cleaned/japan/103_statement_202411_19aisatsu_html_9c9b3dd071.txt,https://japan.kantei.go.jp/103/statement/202411/19aisatsu.html,japan,Prime Minister's Office of Japan (Kantei),Prime Minister Ishiba’s Address at a Meeting with Nikkei People and Japanese Residents in Rio de Janeiro (Speeches and Statements <br>by the Prime Minister) | Prime Minister's Office of Japan,SPEECH,"November 19, 2024",en
data/raw/japan/103_statement_202411_19naigai_html_2951d0dc09.html,data/cleaned/japan/103_statement_202411_19naigai_html_2951d0dc09.txt,https://japan.kantei.go.jp/103/statement/202411/19naigai.html,japan,Prime Minister's Office of Japan (Kantei),Press Conference by Prime Minister ISHIBA Shigeru after Attending the APEC Leaders' Meeting and G20 Rio de Janeiro Summit Meeting (Speeches and Statements <br>by the Prime Minister) | Prime Minister's Office of Japan,PRESS_CONFERENCE,"November 19, 2024",en
data/raw/japan/103_statement_202411_22bura_html_866f768ec5.html,data/cleaned/japan/103_statement_202411_22bura_html_866f768ec5.txt,https://japan.kantei.go.jp/103/statement/202411/22bura.html,japan,Prime Minister's Office of Japan (Kantei),Press Conference by Prime Minister Ishiba regarding Comprehensive Economic Measures and Other Matters (Speeches and Statements <br>by the Prime Minister) | Prime Minister's Office of Japan,PRESS_CONFERENCE,"November 22, 2024",en
data/raw/japan/103_statement_202411_22message_html_25cba1090f.html,data/cleaned/japan/103_statement_202411_22message_html_25cba1090f.txt,https://japan.kantei.go.jp/103/statement/202411/22message.html,japan,Prime Minister's Office of Japan (Kantei),Congratulatory letter by Prime Minister Ishiba to Prime Minister Ramgoolam of the Republic of Mauritius (Speeches and Statements <br>by the Prime Minister) | Prime Minister's Office of Japan,SPEECH,"November 22, 2024",en
data/raw/japan/103_statement_202411_29shoshinhyomei_html_ff831fbdd1.html,data/cleaned/japan/103_statement_202411_29shoshinhyomei_html_ff831fbdd1.txt,https://japan.kantei.go.jp/103/statement/202411/29shoshinhyomei.html,japan,Prime Minister's Office of Japan (Kantei),Policy Speech by Prime Minister ISHIBA Shigeru to the 216th Session of the Diet (Speeches and Statements <br>by the Prime Minister) | Prime Minister's Office of Japan,SPEECH,"November 29, 2024",en
data/raw/japan/103_statement_index_html_1d9b8df859.html,data/cleaned/japan/103_statement_index_html_1d9b8df859.txt,https://japan.kantei.go.jp/103/statement/index.html,japan,Prime Minister's Office of Japan (Kantei),Speeches and Statements by the Prime Minister | Prime Minister's Office of Japan,PRESS_CONFERENCE,"November 27, 2025",en
data/raw/japan/103_statement_202412_01message_html_5754b989a4.html,data/cleaned/japan/103_statement_202412_01message_html_5754b989a4.txt,https://japan.kantei.go.jp/103/statement/202412/01message.html,japan,Prime Minister's Office of Japan (Kantei),Congratulatory Letters from Prime Minister Ishiba to President of the European Council Costa and President of the European Commission von der Leyen (Speeches and Statements <br>by the Prime Minister) | Prime Minister's Office of Japan,SPEECH,"December 1, 2024",en
data/raw/japan/103_statement_202412_04kaiken_html_057e8e844a.html,data/cleaned/japan/103_statement_202412_04kaiken_html_057e8e844a.txt,https://japan.kantei.go.jp/103/statement/202412/04kaiken.html,japan,Prime Minister's Office of Japan (Kantei),Press Conference by Prime Minister Ishiba regarding the Declaration of Martial Law in the ROK (Speeches and Statements <br>by the Prime Minister) | Prime Minister's Office of Japan,PRESS_CONFERENCE,"December 4, 2024",en
data/raw/japan/103_statement_202412_05message_html_318915095e.html,data/cleaned/japan/103_statement_202412_05message_html_318915095e.txt,https://japan.kantei.go.jp/103/statement/202412/05message.html,japan,Prime Minister's Office of Japan (Kantei),Message from Prime Minister Ishiba regarding the Occasion of the Inscription of “Traditional Knowledge and Skills of Sake-making with Koji Mold in Japan” on the UNESCO Representative List of the Intangible Cultural Heritage of Humanity (Speeches and Statements <br>by the Prime Minister) | Prime Minister's Office of Japan,SPEECH,"December 5, 2024",en
data/raw/japan/103_statement_202412_1219kaiken_html_7a47de9c68.html,data/cleaned/japan/103_statement_202412_1219kaiken_html_7a47de9c68.txt,https://japan.kantei.go.jp/103/statement/202412/1219kaiken.html,japan,Prime Minister's Office of Japan (Kantei),Press Conference by Prime Minister Ishiba regarding His Talk over the Telephone with Acting President and Prime Minister Han Duck-soo of the Republic of Korea and Other Matters (Speeches and Statements <br>by the Prime Minister) | Prime Minister's Office of Japan,PRESS_CONFERENCE,"December 19, 2024",en
data/raw/japan/103_statement_202412_1224kaiken_html_789e8a3023.html,data/cleaned/japan/103_statement_202412_1224kaiken_html_789e8a3023.txt,https://japan.kantei.go.jp/103/statement/202412/1224kaiken.html,japan,Prime Minister's Office of Japan (Kantei),Press Conference by Prime Minister Ishiba (Speeches and Statements <br>by the Prime Minister) | Prime Minister's Office of Japan,PRESS_CONFERENCE,"December 24, 2024",en
data/raw/japan/103_statement_202412_1227kaiken_html_db66097fd4.html,data/cleaned/japan/103_statement_202412_1227kaiken_html_db66097fd4.txt,https://japan.kantei.go.jp/103/statement/202412/1227kaiken.html,japan,Prime Minister's Office of Japan (Kantei),Press Conference by Prime Minister Ishiba regarding the Cabinet Approving the Fiscal Year 2025 Draft Budget and Other Matters (Speeches and Statements <br>by the Prime Minister) | Prime Minister's Office of Japan,PRESS_CONFERENCE,"December 27, 2024",en
data/raw/japan/103_statement_202412_14kaiken_html_175031966a.html,data/cleaned/japan/103_statement_202412_14kaiken_html_175031966a.txt,https://japan.kantei.go.jp/103/statement/202412/14kaiken.html,japan,Prime Minister's Office of Japan (Kantei),Press Conference by Prime Minister Ishiba regarding His Visit to Fukushima Prefecture and Other Matters (Speeches and Statements <br>by the Prime Minister) | Prime Minister's Office of Japan,PRESS_CONFERENCE,"December 14, 2024",en
data/raw/japan/103_statement_202412_17kaiken_html_c7410d53bb.html,data/cleaned/japan/103_statement_202412_17kaiken_html_c7410d53bb.txt,https://japan.kantei.go.jp/103/statement/202412/17kaiken.html,japan,Prime Minister's Office of Japan (Kantei),Press Conference by Prime Minister Ishiba regarding the Passing of the Supplementary Budget for FY2024 and Other Matters (Speeches and Statements <br>by the Prime Minister) | Prime Minister's Office of Japan,PRESS_CONFERENCE,"December 17, 2024",en
data/raw/japan/103_statement_202412_18message_html_3708ec99d6.html,data/cleaned/japan/103_statement_202412_18message_html_3708ec99d6.txt,https://japan.kantei.go.jp/103/statement/202412/18message.html,japan,Prime Minister's Office of Japan (Kantei),Message of condolences from Prime Minister Ishiba on the earthquake damage in the Republic of Vanuatu (Speeches and Statements <br>by the Prime Minister) | Prime Minister's Office of Japan,SPEECH,"December 18, 2024",en
data/raw/japan/103_statement_202412_29message_html_31416252c3.html,data/cleaned/japan/103_statement_202412_29message_html_31416252c3.txt,https://japan.kantei.go.jp/103/statement/202412/29message.html,japan,Prime Minister's Office of Japan (Kantei),Message of Condolences Issued by Prime Minister ISHIBA Shigeru Regarding the airplane accident in the Republic of Korea (Speeches and Statements <br>by the Prime Minister) | Prime Minister's Office of Japan,SPEECH,"December 29, 2024",en
data/raw/japan/103_statement_202412_30danwa_html_481c7b9fe6.html,data/cleaned/japan/103_statement_202412_30danwa_html_481c7b9fe6.txt,https://japan.kantei.go.jp/103/statement/202412/30danwa.html,japan,Prime Minister's Office of Japan (Kantei),"Statement by Prime Minister ISHIBA Shigeru, on the Passing of Jimmy Carter, the 39th U.S. President of the United States (Speeches and Statements <br>by the Prime Minister) | Prime Minister's Office of Japan",SPEECH,"December 30, 2024",en
data/raw/japan/103_statement_202501_0101nentou_html_fa3bade6a6.html,data/cleaned/japan/103_statement_202501_0101nentou_html_fa3bade6a6.txt,https://japan.kantei.go.jp/103/statement/202501/0101nentou.html,japan,Prime Minister's Office of Japan (Kantei),New Year’s Reflection by Prime Minister ISHIBA Shigeru (Speeches and Statements <br>by the Prime Minister) | Prime Minister's Office of Japan,SPEECH,"January 1, 2025",en
data/raw/japan/103_statement_202501_0109contribution_malaysia_html_de15aff814.html,data/cleaned/japan/103_statement_202501_0109contribution_malaysia_html_de15aff814.txt,https://japan.kantei.go.jp/103/statement/202501/0109contribution_malaysia.html,japan,Prime Minister's Office of Japan (Kantei),Contributed Article “Strengthening Japan-Malaysia Ties: A New Chapter In Comprehensive Strategic Partnership” by Prime Minister ISHIBA Shigeru to the Malaysian National News Agency Bernama (Speeches and Statements <br>by the Prime Minister) | Prime Minister's Office of Japan,SPEECH,"January 9, 2025",en
data/raw/japan/103_statement_202501_06kaiken_html_d7d5727723.html,data/cleaned/japan/103_statement_202501_06kaiken_html_d7d5727723.txt,https://japan.kantei.go.jp/103/statement/202501/06kaiken.html,japan,Prime Minister's Office of Japan (Kantei),New Year's Press Conference by Prime Minister ISHIBA Shigeru (Speeches and Statements <br>by the Prime Minister) | Prime Minister's Office of Japan,PRESS_CONFERENCE,"January 6, 2025",en
data/raw/japan/103_statement_202501_06messag2_html_6f8a347e43.html,data/cleaned/japan/103_statement_202501_06messag2_html_6f8a347e43.txt,https://japan.kantei.go.jp/103/statement/202501/06messag2.html,japan,Prime Minister's Office of Japan (Kantei),"Congratulatory Message from Prime Minister Ishiba to H.E. Mr. Gintautas PALUCKAS, Prime Minister of Lithuania (Speeches and Statements <br>by the Prime Minister) | Prime Minister's Office of Japan",SPEECH,"January 6, 2025",en
data/raw/japan/103_statement_202501_06message_html_3eaea5570b.html,data/cleaned/japan/103_statement_202501_06message_html_3eaea5570b.txt,https://japan.kantei.go.jp/103/statement/202501/06message.html,japan,Prime Minister's Office of Japan (Kantei),"Congratulatory Message from Prime Minister Ishiba to H.E. Ms. Kristrún Frostadóttir, Prime Minister of Iceland (Speeches and Statements <br>by the Prime Minister) | Prime Minister's Office of Japan",SPEECH,"January 6, 2025",en
data/raw/japan/103_statement_202501_07message_html_4f3b8c0943.html,data/cleaned/japan/103_statement_202501_07message_html_4f3b8c0943.txt,https://japan.kantei.go.jp/103/statement/202501/07message.html,japan,Prime Minister's Office of Japan (Kantei),Messages of condolences from Prime Minister Ishiba on the earthquake damage in Tibet Autonomous Region of the People’s Republic of China (Speeches and Statements <br>by the Prime Minister) | Prime Minister's Office of Japan,SPEECH,"January 7, 2025",en
data/raw/japan/103_statement_202501_09kaiken_html_523a454daf.html,data/cleaned/japan/103_statement_202501_09kaiken_html_523a454daf.txt,https://japan.kantei.go.jp/103/statement/202501/09kaiken.html,japan,Prime Minister's Office of Japan (Kantei),Press Conference by Prime Minister Ishiba regarding His Upcoming Visit to Malaysia and Indonesia (Speeches and Statements <br>by the Prime Minister) | Prime Minister's Office of Japan,PRESS_CONFERENCE,"January 9, 2025",en
data/raw/japan/103_statement_202501_09message_html_4fcd9c35e8.html,data/cleaned/japan/103_statement_202501_09message_html_4fcd9c35e8.txt,https://japan.kantei.go.jp/103/statement/202501/09message.html,japan,Prime Minister's Office of Japan (Kantei),Letter of Condolences by Prime Minister Ishiba on the Passing of Former President H.E. Mr. Arnold Rüütel of the Republic of Estonia (Speeches and Statements <br>by the Prime Minister) | Prime Minister's Office of Japan,SPEECH,"January 9, 2025",en
data/raw/japan/103_statement_202501_10contribution_indonesia_html_32f9f059e4.html,data/cleaned/japan/103_statement_202501_10contribution_indonesia_html_32f9f059e4.txt,https://japan.kantei.go.jp/103/statement/202501/10contribution_indonesia.html,japan,Prime Minister's Office of Japan (Kantei),"Contributed Article “New Leadership, New Hope” by Prime Minister ISHIBA Shigeru to the Indonesian Newspaper Kompas (Speeches and Statements <br>by the Prime Minister) | Prime Minister's Office of Japan",SPEECH,"January 10, 2025",en
data/raw/japan/103_statement_202501_10kyoudou_happyou_html_8741403db4.html,data/cleaned/japan/103_statement_202501_10kyoudou_happyou_html_8741403db4.txt,https://japan.kantei.go.jp/103/statement/202501/10kyoudou_happyou.html,japan,Prime Minister's Office of Japan (Kantei),Joint Press Conference by Prime Minister ISHIBA Shigeru and Prime Minister Dato' Seri Anwar bin Ibrahim of Malaysia (Speeches and Statements <br>by the Prime Minister) | Prime Minister's Office of Japan,PRESS_CONFERENCE,"January 10, 2025",en
data/raw/japan/103_statement_202501_11kaiken_html_e0df74c51d.html,data/cleaned/japan/103_statement_202501_11kaiken_html_e0df74c51d.txt,https://japan.kantei.go.jp/103/statement/202501/11kaiken.html,japan,Prime Minister's Office of Japan (Kantei),Press Conference by Prime Minister Ishiba regarding His Visit to Malaysia and Indonesia and Other Matters (Speeches and Statements <br>by the Prime Minister) | Prime Minister's Office of Japan,PRESS_CONFERENCE,"January 11, 2025",en
data/raw/japan/103_statement_202501_11kyoudou_happyou_html_50bd3738b2.html,data/cleaned/japan/103_statement_202501_11kyoudou_happyou_html_50bd3738b2.txt,https://japan.kantei.go.jp/103/statement/202501/11kyoudou_happyou.html,japan,Prime Minister's Office of Japan (Kantei),Prime Minister Ishiba's Remarks at the Joint Press Occasion with President Prabowo of Indonesia (Speeches and Statements <br>by the Prime Minister) | Prime Minister's Office of Japan,SPEECH,"January 11, 2025",en
data/raw/japan/103_statement_202501_13kaiken_html_5ed1edee6e.html,data/cleaned/japan/103_statement_202501_13kaiken_html_5ed1edee6e.txt,https://japan.kantei.go.jp/103/statement/202501/13kaiken.html,japan,Prime Minister's Office of Japan (Kantei),Press Conference by Prime Minister Ishiba regarding the Japan-U.S.-Philippines Leaders’ Video Conference and Other Matters (Speeches and Statements <br>by the Prime Minister) | Prime Minister's Office of Japan,PRESS_CONFERENCE,"January 13, 2025",en
data/raw/japan/103_statement_202501_17kaiken_html_ccf9c6762e.html,data/cleaned/japan/103_statement_202501_17kaiken_html_ccf9c6762e.txt,https://japan.kantei.go.jp/103/statement/202501/17kaiken.html,japan,Prime Minister's Office of Japan (Kantei),Press Conference by Prime Minister Ishiba regarding the Establishment of the Disaster Management Agency in Light of the 30th Anniversary of the 1995 Great Hanshin-Awaji Earthquake and Other Matters (Speeches and Statements <br>by the Prime Minister) | Prime Minister's Office of Japan,PRESS_CONFERENCE,"January 17, 2025",en
data/raw/japan/103_statement_202501_19kaiken_html_8b17a41f91.html,data/cleaned/japan/103_statement_202501_19kaiken_html_8b17a41f91.txt,https://japan.kantei.go.jp/103/statement/202501/19kaiken.html,japan,Prime Minister's Office of Japan (Kantei),"Press Conference by Prime Minister Ishiba regarding His Visit to the Venue of Expo 2025 Osaka, Kansai, Japan, and Other Matters (Speeches and Statements <br>by the Prime Minister) | Prime Minister's Office of Japan",PRESS_CONFERENCE,"January 19, 2025",en
data/raw/japan/103_statement_202501_19message_html_1e5ef83a77.html,data/cleaned/japan/103_statement_202501_19message_html_1e5ef83a77.txt,https://japan.kantei.go.jp/103/statement/202501/19message.html,japan,Prime Minister's Office of Japan (Kantei),"Messages of Condolences issued by Prime Minister Ishiba following the passing of H.E. Dr. Punsalmaa Ochirbat, the First President of Mongolia (Speeches and Statements <br>by the Prime Minister) | Prime Minister's Office of Japan",SPEECH,"January 19, 2025",en
data/raw/japan/103_statement_202501_21kaiken_html_86ec746351.html,data/cleaned/japan/103_statement_202501_21kaiken_html_86ec746351.txt,https://japan.kantei.go.jp/103/statement/202501/21kaiken.html,japan,Prime Minister's Office of Japan (Kantei),Press Conference by Prime Minister Ishiba regarding His Thoughts upon U.S. President Trump Taking Office and Other Matters (Speeches and Statements <br>by the Prime Minister) | Prime Minister's Office of Japan,PRESS_CONFERENCE,"January 21, 2025",en
data/raw/japan/103_statement_202501_21kaiken02_html_04c24ab732.html,data/cleaned/japan/103_statement_202501_21kaiken02_html_04c24ab732.txt,https://japan.kantei.go.jp/103/statement/202501/21kaiken02.html,japan,Prime Minister's Office of Japan (Kantei),Press Conference by Prime Minister ISHIBA regarding His Visit to the LIFELINK Suicide Prevention Support Center and the Japan Suicide Countermeasures Promotion Center (JSCP) (Speeches and Statements <br>by the Prime Minister) | Prime Minister's Office of Japan,PRESS_CONFERENCE,"January 21, 2025",en
data/raw/japan/103_statement_202501_21message_html_e65f9cb83e.html,data/cleaned/japan/103_statement_202501_21message_html_e65f9cb83e.txt,https://japan.kantei.go.jp/103/statement/202501/21message.html,japan,Prime Minister's Office of Japan (Kantei),Congratulatory Letter from Prime Minister Ishiba to President Trump of the United States of America (Speeches and Statements <br>by the Prime Minister) | Prime Minister's Office of Japan,SPEECH,"January 21, 2025",en
data/raw/japan/103_statement_202501_22message_html_85765bbae2.html,data/cleaned/japan/103_statement_202501_22message_html_85765bbae2.txt,https://japan.kantei.go.jp/103/statement/202501/22message.html,japan,Prime Minister's Office of Japan (Kantei),"Congratulatory Message from Prime Minister Ishiba to Hon. Dr.‘Aisake Valu Eke, Prime Minister of the Kingdom of Tonga (Speeches and Statements <br>by the Prime Minister) | Prime Minister's Office of Japan",SPEECH,"January 22, 2025",en
data/raw/japan/103_statement_202501_24kaiken_html_c19d1ac911.html,data/cleaned/japan/103_statement_202501_24kaiken_html_c19d1ac911.txt,https://japan.kantei.go.jp/103/statement/202501/24kaiken.html,japan,Prime Minister's Office of Japan (Kantei),Press Conference by Prime Minister Ishiba regarding His Approach to the Ordinary Diet Session and Other Matters  (Speeches and Statements <br>by the Prime Minister) | Prime Minister's Office of Japan,PRESS_CONFERENCE,"January 24, 2025",en
data/raw/japan/103_statement_202501_24shiseihoshin_html_ab36f64b73.html,data/cleaned/japan/103_statement_202501_24shiseihoshin_html_ab36f64b73.txt,https://japan.kantei.go.jp/103/statement/202501/24shiseihoshin.html,japan,Prime Minister's Office of Japan (Kantei),Policy Speech by Prime Minister ISHIBA Shigeru to the 217th Session of the Diet (Speeches and Statements <br>by the Prime Minister) | Prime Minister's Office of Japan,SPEECH,"January 24, 2025",en
data/raw/japan/103_statement_202501_28shukuji_html_d13826cef2.html,data/cleaned/japan/103_statement_202501_28shukuji_html_d13826cef2.txt,https://japan.kantei.go.jp/103/statement/202501/28shukuji.html,japan,Prime Minister's Office of Japan (Kantei),A Lunar New Year Message from Prime Minister ISHIBA Shigeru (Speeches and Statements <br>by the Prime Minister) | Prime Minister's Office of Japan,SPEECH,"January 28, 2025",en
data/raw/japan/103_statement_202501_31message_html_533144d63e.html,data/cleaned/japan/103_statement_202501_31message_html_533144d63e.txt,https://japan.kantei.go.jp/103/statement/202501/31message.html,japan,Prime Minister's Office of Japan (Kantei),"Message of Condolences issued by Prime Minister Ishiba regarding the Aircraft Accident in Virginia, U.S. (Speeches and Statements <br>by the Prime Minister) | Prime Minister's Office of Japan",SPEECH,"January 31, 2025",en
data/raw/japan/103_statement_202502_02message_html_7e9e5248b0.html,data/cleaned/japan/103_statement_202502_02message_html_7e9e5248b0.txt,https://japan.kantei.go.jp/103/statement/202502/02message.html,japan,Prime Minister's Office of Japan (Kantei),Comment by Prime Minister Ishiba on the Successful Launch of MICHIBIKI No. 6 aboard the 5th H3 Launch Vehicle (Speeches and Statements <br>by the Prime Minister) | Prime Minister's Office of Japan,SPEECH,"February 2, 2025",en
data/raw/japan/103_statement_202502_04message_html_1b2d9e5a86.html,data/cleaned/japan/103_statement_202502_04message_html_1b2d9e5a86.txt,https://japan.kantei.go.jp/103/statement/202502/04message.html,japan,Prime Minister's Office of Japan (Kantei),"Message of Condolence from Prime Minister Ishiba following the passing of H.E. Prof. Dr. Horst KÖHLER, former President of the Federal Republic of Germany (Speeches and Statements <br>by the Prime Minister) | Prime Minister's Office of Japan",SPEECH,"February 4, 2025",en
data/raw/japan/103_statement_202502_06kaiken_html_a683f2a6b1.html,data/cleaned/japan/103_statement_202502_06kaiken_html_a683f2a6b1.txt,https://japan.kantei.go.jp/103/statement/202502/06kaiken.html,japan,Prime Minister's Office of Japan (Kantei),Press Conference by Prime Minister Ishiba regarding His Upcoming Visit to the United States of America and Other Matters (Speeches and Statements <br>by the Prime Minister) | Prime Minister's Office of Japan,PRESS_CONFERENCE,"February 6, 2025",en
data/raw/japan/103_statement_202502_07kyodo_kaiken_html_501f7fa039.html,data/cleaned/japan/103_statement_202502_07kyodo_kaiken_html_501f7fa039.txt,https://japan.kantei.go.jp/103/statement/202502/07kyodo_kaiken.html,japan,Prime Minister's Office of Japan (Kantei),Joint Press Conference by Prime Minister ISHIBA Shigeru and President Donald Trump of the United States of America (Speeches and Statements <br>by the Prime Minister) | Prime Minister's Office of Japan,PRESS_CONFERENCE,"February 8, 2025",en
data/raw/japan/103_statement_202502_07message_html_668604f5eb.html,data/cleaned/japan/103_statement_202502_07message_html_668604f5eb.txt,https://japan.kantei.go.jp/103/statement/202502/07message.html,japan,Prime Minister's Office of Japan (Kantei),Video Message from Prime Minister ISHIBA Shigeru for the 2025 National Rally to Demand the Return of the Northern Territories (Speeches and Statements <br>by the Prime Minister) | Prime Minister's Office of Japan,SPEECH,"February 7, 2025",en
data/raw/japan/103_statement_202502_11message_html_c5f14eb3ae.html,data/cleaned/japan/103_statement_202502_11message_html_c5f14eb3ae.txt,https://japan.kantei.go.jp/103/statement/202502/11message.html,japan,Prime Minister's Office of Japan (Kantei),Message from the Prime Minister on the Occasion of National Foundation Day (Speeches and Statements <br>by the Prime Minister) | Prime Minister's Office of Japan,SPEECH,"February 10, 2025",en
data/raw/japan/103_statement_202502_14message_html_8d73d7ff51.html,data/cleaned/japan/103_statement_202502_14message_html_8d73d7ff51.txt,https://japan.kantei.go.jp/103/statement/202502/14message.html,japan,Prime Minister's Office of Japan (Kantei),"Message of Condolence from Prime Minister Ishiba following the passing of H.E. Dr. Sam NUJOMA, the First President of the Republic of Namibia (Speeches and Statements <br>by the Prime Minister) | Prime Minister's Office of Japan",SPEECH,"February 14, 2025",en
data/raw/japan/103_statement_202502_24kaiken_html_48d3b7f41b.html,data/cleaned/japan/103_statement_202502_24kaiken_html_48d3b7f41b.txt,https://japan.kantei.go.jp/103/statement/202502/24kaiken.html,japan,Prime Minister's Office of Japan (Kantei),Press Conference by Prime Minister Ishiba regarding the G7 Leaders' Video Conference and the International Summit on the Support of Ukraine (Speeches and Statements <br>by the Prime Minister) | Prime Minister's Office of Japan,PRESS_CONFERENCE,"February 24, 2025",en
data/raw/japan/103_statement_202502_25kaiken_html_23555cda64.html,data/cleaned/japan/103_statement_202502_25kaiken_html_23555cda64.txt,https://japan.kantei.go.jp/103/statement/202502/25kaiken.html,japan,Prime Minister's Office of Japan (Kantei),Press Conference by Prime Minister Ishiba regarding Japan's Response concerning the Situation in Ukraine and Other Matters (Speeches and Statements <br>by the Prime Minister) | Prime Minister's Office of Japan,PRESS_CONFERENCE,"February 25, 2025",en
data/raw/japan/103_statement_202502_25kaiken02_html_edd8badf47.html,data/cleaned/japan/103_statement_202502_25kaiken02_html_edd8badf47.txt,https://japan.kantei.go.jp/103/statement/202502/25kaiken02.html,japan,Prime Minister's Office of Japan (Kantei),Press Conference by Prime Minister Ishiba regarding Discussions for the Enactment of the FY2025 Budget (Speeches and Statements <br>by the Prime Minister) | Prime Minister's Office of Japan,PRESS_CONFERENCE,"February 25, 2025",en
data/raw/japan/103_statement_202503_0307kaiken_html_67e2966d56.html,data/cleaned/japan/103_statement_202503_0307kaiken_html_67e2966d56.txt,https://japan.kantei.go.jp/103/statement/202503/0307kaiken.html,japan,Prime Minister's Office of Japan (Kantei),Press Conference by Prime Minister Ishiba regarding His Meeting with Patients' Organizations concerning the Review of High-Cost Medical Expense Benefits (Speeches and Statements <br>by the Prime Minister) | Prime Minister's Office of Japan,PRESS_CONFERENCE,"March 7, 2025",en
data/raw/japan/103_statement_202503_0329message_html_8818eb60ec.html,data/cleaned/japan/103_statement_202503_0329message_html_8818eb60ec.txt,https://japan.kantei.go.jp/103/statement/202503/0329message.html,japan,Prime Minister's Office of Japan (Kantei),Message of condolences from Prime Minister Ishiba on the earthquake damage in the Kingdom of Thailand (Speeches and Statements <br>by the Prime Minister) | Prime Minister's Office of Japan,SPEECH,"March 29, 2025",en
data/raw/japan/103_statement_202503_03message_html_a3a84f5b69.html,data/cleaned/japan/103_statement_202503_03message_html_a3a84f5b69.txt,https://japan.kantei.go.jp/103/statement/202503/03message.html,japan,Prime Minister's Office of Japan (Kantei),Video Message by Prime Minister ISHIBA for the Hiroshima AI Process Friends Group (Speeches and Statements <br>by the Prime Minister) | Prime Minister's Office of Japan,SPEECH,"March 3, 2025",en
data/raw/japan/103_statement_202503_04kaiken_html_1778bcc3cd.html,data/cleaned/japan/103_statement_202503_04kaiken_html_1778bcc3cd.txt,https://japan.kantei.go.jp/103/statement/202503/04kaiken.html,japan,Prime Minister's Office of Japan (Kantei),Press Conference by Prime Minister Ishiba regarding the Passage of the Draft Budget for Fiscal Year 2025 by the House of Representatives (Speeches and Statements <br>by the Prime Minister) | Prime Minister's Office of Japan,PRESS_CONFERENCE,"March 4, 2025",en
data/raw/japan/103_statement_202503_04message2_html_69ebb6154b.html,data/cleaned/japan/103_statement_202503_04message2_html_69ebb6154b.txt,https://japan.kantei.go.jp/103/statement/202503/04message2.html,japan,Prime Minister's Office of Japan (Kantei),Video Message by Prime Minister Ishiba for FIN/SUM 2025 (Speeches and Statements <br>by the Prime Minister) | Prime Minister's Office of Japan,SPEECH,"March 4, 2025",en
data/raw/japan/103_statement_202503_04message3_html_511f0ff8a2.html,data/cleaned/japan/103_statement_202503_04message3_html_511f0ff8a2.txt,https://japan.kantei.go.jp/103/statement/202503/04message3.html,japan,Prime Minister's Office of Japan (Kantei),Video Message from Prime Minister ISHIBA Shigeru for the 5th Japan Alumni Conference (Speeches and Statements <br>by the Prime Minister) | Prime Minister's Office of Japan,SPEECH,"March 4, 2025",en
data/raw/japan/103_statement_202503_07kyoudou_happyou_html_bb15f40201.html,data/cleaned/japan/103_statement_202503_07kyoudou_happyou_html_bb15f40201.txt,https://japan.kantei.go.jp/103/statement/202503/07kyoudou_happyou.html,japan,Prime Minister's Office of Japan (Kantei),Prime Minister Ishiba's Remarks at the Joint Press Occasion with President Sergio Mattarella of the Italian Republic (Speeches and Statements <br>by the Prime Minister) | Prime Minister's Office of Japan,SPEECH,"March 5, 2025",en
data/raw/japan/103_statement_202503_08message_html_8a31f194ef.html,data/cleaned/japan/103_statement_202503_08message_html_8a31f194ef.txt,https://japan.kantei.go.jp/103/statement/202503/08message.html,japan,Prime Minister's Office of Japan (Kantei),Video Message from Prime Minister ISHIBA Shigeru on International Women’s Day (Speeches and Statements <br>by the Prime Minister) | Prime Minister's Office of Japan,SPEECH,"March 8, 2025",en
data/raw/japan/103_statement_202503_11kaiken_html_1b07e0bcfa.html,data/cleaned/japan/103_statement_202503_11kaiken_html_1b07e0bcfa.txt,https://japan.kantei.go.jp/103/statement/202503/11kaiken.html,japan,Prime Minister's Office of Japan (Kantei),Press Conference by Prime Minister Ishiba regarding His Visit to Fukushima Prefecture and Other Matters (Speeches and Statements <br>by the Prime Minister) | Prime Minister's Office of Japan,PRESS_CONFERENCE,"March 11, 2025",en
data/raw/japan/103_statement_202503_11tsuito_html_be04fc6207.html,data/cleaned/japan/103_statement_202503_11tsuito_html_be04fc6207.txt,https://japan.kantei.go.jp/103/statement/202503/11tsuito.html,japan,Prime Minister's Office of Japan (Kantei),Address by Prime Minister ISHIBA Shigeru to the 2025 Memorial Ceremony for the Great East Japan Earthquake (Speeches and Statements <br>by the Prime Minister) | Prime Minister's Office of Japan,SPEECH,"March 11, 2025",en
data/raw/japan/103_statement_202503_15kaiken_html_84f4bb87b6.html,data/cleaned/japan/103_statement_202503_15kaiken_html_84f4bb87b6.txt,https://japan.kantei.go.jp/103/statement/202503/15kaiken.html,japan,Prime Minister's Office of Japan (Kantei),Press Conference by Prime Minister Ishiba regarding His Visit to Nagano Prefecture and Other Matters (Speeches and Statements <br>by the Prime Minister) | Prime Minister's Office of Japan,PRESS_CONFERENCE,"March 15, 2025",en
data/raw/japan/103_statement_202503_17message_html_edbcf07c22.html,data/cleaned/japan/103_statement_202503_17message_html_edbcf07c22.txt,https://japan.kantei.go.jp/103/statement/202503/17message.html,japan,Prime Minister's Office of Japan (Kantei),Message of condolences and sympathies from Prime Minister Ishiba regarding the devastating damages caused by tornadoes and storms in the Midwest and South of the United States of America (Speeches and Statements <br>by the Prime Minister) | Prime Minister's Office of Japan,SPEECH,"March 17, 2025",en
data/raw/japan/103_statement_202503_20message_html_c5500e9957.html,data/cleaned/japan/103_statement_202503_20message_html_c5500e9957.txt,https://japan.kantei.go.jp/103/statement/202503/20message.html,japan,Prime Minister's Office of Japan (Kantei),Video Message by Prime Minister ISHIBA Shigeru for the Graduation Ceremony of the JGSDF High Technical School (Speeches and Statements <br>by the Prime Minister) | Prime Minister's Office of Japan,SPEECH,"March 20, 2025",en
data/raw/japan/103_statement_202503_22kunji_html_8df3029953.html,data/cleaned/japan/103_statement_202503_22kunji_html_8df3029953.txt,https://japan.kantei.go.jp/103/statement/202503/22kunji.html,japan,Prime Minister's Office of Japan (Kantei),Address by Prime Minister ISHIBA Shigeru at the Graduation Ceremony of the National Defense Academy (Speeches and Statements <br>by the Prime Minister) | Prime Minister's Office of Japan,SPEECH,"March 22, 2025",en
data/raw/japan/103_statement_202503_26kyoudou_happyou_html_ed9eae7f8b.html,data/cleaned/japan/103_statement_202503_26kyoudou_happyou_html_ed9eae7f8b.txt,https://japan.kantei.go.jp/103/statement/202503/26kyoudou_happyou.html,japan,Prime Minister's Office of Japan (Kantei),Prime Minister Ishiba's Remarks at the Joint Press Occasion with President Lula of the Federative Republic of Brazil (Speeches and Statements <br>by the Prime Minister) | Prime Minister's Office of Japan,SPEECH,"March 26, 2025",en
data/raw/japan/103_statement_202503_29kaiken_html_d6aa977156.html,data/cleaned/japan/103_statement_202503_29kaiken_html_d6aa977156.txt,https://japan.kantei.go.jp/103/statement/202503/29kaiken.html,japan,Prime Minister's Office of Japan (Kantei),Press Conference by Prime Minister Ishiba regarding His Visit to Iwo-To and Other Matters (Speeches and Statements <br>by the Prime Minister) | Prime Minister's Office of Japan,PRESS_CONFERENCE,"March 29, 2025",en
data/raw/japan/103_statement_202503_29tsuitounokotoba_html_e6e184cf02.html,data/cleaned/japan/103_statement_202503_29tsuitounokotoba_html_e6e184cf02.txt,https://japan.kantei.go.jp/103/statement/202503/29tsuitounokotoba.html,japan,Prime Minister's Office of Japan (Kantei),Address by Prime Minister ISHIBA Shigeru to the Japan-U.S. Iwo-To Reunion of Honor Ceremony (Speeches and Statements <br>by the Prime Minister) | Prime Minister's Office of Japan,SPEECH,"March 29, 2025",en
data/raw/japan/103_statement_202503_31kaiken_html_fd0d7db105.html,data/cleaned/japan/103_statement_202503_31kaiken_html_fd0d7db105.txt,https://japan.kantei.go.jp/103/statement/202503/31kaiken.html,japan,Prime Minister's Office of Japan (Kantei),Press Conference by Prime Minister ISHIBA Shigeru regarding the Passage of the FY2025 Initial Budget (Speeches and Statements <br>by the Prime Minister) | Prime Minister's Office of Japan,PRESS_CONFERENCE,"March 31, 2025",en
data/raw/japan/103_statement_202504_01kaiken_html_1f3bb06bd6.html,data/cleaned/japan/103_statement_202504_01kaiken_html_1f3bb06bd6.txt,https://japan.kantei.go.jp/103/statement/202504/01kaiken.html,japan,Prime Minister's Office of Japan (Kantei),Press Conference by Prime Minister Ishiba (Speeches and Statements <br>by the Prime Minister) | Prime Minister's Office of Japan,PRESS_CONFERENCE,"April 1, 2025",en
data/raw/japan/103_statement_202504_0403kaiken_html_81c1cfe971.html,data/cleaned/japan/103_statement_202504_0403kaiken_html_81c1cfe971.txt,https://japan.kantei.go.jp/103/statement/202504/0403kaiken.html,japan,Prime Minister's Office of Japan (Kantei),Press Conference by Prime Minister ISHIBA Shigeru regarding Tariff Measures of the United States and Other Matters (Speeches and Statements <br>by the Prime Minister) | Prime Minister's Office of Japan,PRESS_CONFERENCE,"April 3, 2025",en
data/raw/japan/103_statement_202504_0405kaiken_html_47d4624bd2.html,data/cleaned/japan/103_statement_202504_0405kaiken_html_47d4624bd2.txt,https://japan.kantei.go.jp/103/statement/202504/0405kaiken.html,japan,Prime Minister's Office of Japan (Kantei),"Press Conference by Prime Minister ISHIBA Shigeru regarding His Visit to the Venue of Expo 2025 Osaka, Kansai, Japan and Other Matters (Speeches and Statements <br>by the Prime Minister) | Prime Minister's Office of Japan",PRESS_CONFERENCE,"April 5, 2025",en
data/raw/japan/103_statement_202504_0415message_html_597ba9e1bf.html,data/cleaned/japan/103_statement_202504_0415message_html_597ba9e1bf.txt,https://japan.kantei.go.jp/103/statement/202504/0415message.html,japan,Prime Minister's Office of Japan (Kantei),Message of condolences by Prime Minister Ishiba on the passing of Former Deputy Secretary Armitage (Speeches and Statements <br>by the Prime Minister) | Prime Minister's Office of Japan,SPEECH,"April 15, 2025",en
data/raw/japan/103_statement_202504_0417kaiken_html_64498eed1a.html,data/cleaned/japan/103_statement_202504_0417kaiken_html_64498eed1a.txt,https://japan.kantei.go.jp/103/statement/202504/0417kaiken.html,japan,Prime Minister's Office of Japan (Kantei),Press Conference by Prime Minister ISHIBA Shigeru Regarding the Japan-U.S. Consultation on U.S. Tariff Measures (Speeches and Statements <br>by the Prime Minister) | Prime Minister's Office of Japan,PRESS_CONFERENCE,"April 17, 2025",en
data/raw/japan/103_statement_202504_04kaiken_html_7d5bc3b407.html,data/cleaned/japan/103_statement_202504_04kaiken_html_7d5bc3b407.txt,https://japan.kantei.go.jp/103/statement/202504/04kaiken.html,japan,Prime Minister's Office of Japan (Kantei),Press Conference by Prime Minister ISHIBA Shigeru regarding the Meeting of Ruling and Opposition Party Leaders (Speeches and Statements <br>by the Prime Minister) | Prime Minister's Office of Japan,PRESS_CONFERENCE,"April 4, 2025",en
data/raw/japan/103_statement_202504_09kyoudou_happyou_html_991ffb1125.html,data/cleaned/japan/103_statement_202504_09kyoudou_happyou_html_991ffb1125.txt,https://japan.kantei.go.jp/103/statement/202504/09kyoudou_happyou.html,japan,Prime Minister's Office of Japan (Kantei),Prime Minister Ishiba’s Remarks at the Joint Press Occasion with NATO Secretary General Rutte (Speeches and Statements <br>by the Prime Minister) | Prime Minister's Office of Japan,JOINT_STATEMENT,"April 9, 2025",en
data/raw/japan/103_statement_202504_12aisatu_html_c993e07c1e.html,data/cleaned/japan/103_statement_202504_12aisatu_html_c993e07c1e.txt,https://japan.kantei.go.jp/103/statement/202504/12aisatu.html,japan,Prime Minister's Office of Japan (Kantei),"Address by Prime Minister ISHIBA Shigeru at the Opening Ceremony of Expo 2025 Osaka, Kansai, Japan (Speeches and Statements <br>by the Prime Minister) | Prime Minister's Office of Japan",SPEECH,"April 12, 2025",en
data/raw/japan/103_statement_202504_13kaiken_html_e01c19858b.html,data/cleaned/japan/103_statement_202504_13kaiken_html_e01c19858b.txt,https://japan.kantei.go.jp/103/statement/202504/13kaiken.html,japan,Prime Minister's Office of Japan (Kantei),"Press Conference by Prime Minister ISHIBA Shigeru Regarding the Opening of Expo 2025 Osaka, Kansai, Japan, His Visit to Hyogo Prefecture, and Other Matters (Speeches and Statements <br>by the Prime Minister) | Prime Minister's Office of Japan",PRESS_CONFERENCE,"April 13, 2025",en
data/raw/japan/103_statement_202504_18kaiken_html_5931c4dbb4.html,data/cleaned/japan/103_statement_202504_18kaiken_html_5931c4dbb4.txt,https://japan.kantei.go.jp/103/statement/202504/18kaiken.html,japan,Prime Minister's Office of Japan (Kantei),"Press Conference by Prime Minister ISHIBA Shigeru Regarding the Japan-U.S. Consultation on U.S. Tariff Measures, upon Minister Akazawa's Return from the U.S. (Speeches and Statements <br>by the Prime Minister) | Prime Minister's Office of Japan",PRESS_CONFERENCE,"April 18, 2025",en
data/raw/japan/103_statement_202504_21message_html_57075d4e32.html,data/cleaned/japan/103_statement_202504_21message_html_57075d4e32.txt,https://japan.kantei.go.jp/103/statement/202504/21message.html,japan,Prime Minister's Office of Japan (Kantei),Statement by Prime Minister ISHIBA on the demise of His Holiness Pope Francis (Speeches and Statements <br>by the Prime Minister) | Prime Minister's Office of Japan,SPEECH,"April 21, 2025",en
data/raw/japan/103_statement_202504_21message2_html_da6370afaf.html,data/cleaned/japan/103_statement_202504_21message2_html_da6370afaf.txt,https://japan.kantei.go.jp/103/statement/202504/21message2.html,japan,Prime Minister's Office of Japan (Kantei),Message of condolence from Prime Minister Ishiba on the demise of His Holiness Pope Francis (Speeches and Statements <br>by the Prime Minister) | Prime Minister's Office of Japan,SPEECH,"April 21, 2025",en
data/raw/japan/103_statement_202504_22kaiken_html_9ef13ff12d.html,data/cleaned/japan/103_statement_202504_22kaiken_html_9ef13ff12d.txt,https://japan.kantei.go.jp/103/statement/202504/22kaiken.html,japan,Prime Minister's Office of Japan (Kantei),Press Conference by Prime Minister ISHIBA Shigeru Regarding Responses to U.S. Tariff Measures (Speeches and Statements <br>by the Prime Minister) | Prime Minister's Office of Japan,PRESS_CONFERENCE,"April 22, 2025",en
data/raw/japan/103_statement_202504_23message_html_ef1bb13ede.html,data/cleaned/japan/103_statement_202504_23message_html_ef1bb13ede.txt,https://japan.kantei.go.jp/103/statement/202504/23message.html,japan,Prime Minister's Office of Japan (Kantei),Message of condolences from Prime Minister Ishiba following the terrorist attack in Kashmir (Speeches and Statements <br>by the Prime Minister) | Prime Minister's Office of Japan,SPEECH,"April 23, 2025",en
data/raw/japan/103_statement_202504_27kaiken_html_d4c0c38b00.html,data/cleaned/japan/103_statement_202504_27kaiken_html_d4c0c38b00.txt,https://japan.kantei.go.jp/103/statement/202504/27kaiken.html,japan,Prime Minister's Office of Japan (Kantei),Press Conference by Prime Minister ISHIBA Shigeru Regarding His Upcoming Visit to Viet Nam and the Philippines (Speeches and Statements <br>by the Prime Minister) | Prime Minister's Office of Japan,PRESS_CONFERENCE,"April 27, 2025",en
data/raw/japan/103_statement_202504_27message_html_2cb9287f8c.html,data/cleaned/japan/103_statement_202504_27message_html_2cb9287f8c.txt,https://japan.kantei.go.jp/103/statement/202504/27message.html,japan,Prime Minister's Office of Japan (Kantei),"Contributed Article ""Japan walks hand in hand with Vietnam's development"" by Prime Minister ISHIBA Shigeru to the Vietnamese newspaper Tuoi Tre (Speeches and Statements <br>by the Prime Minister) | Prime Minister's Office of Japan",SPEECH,"April 27, 2025",en
data/raw/japan/103_statement_202504_28forum_html_e5ae77f95e.html,data/cleaned/japan/103_statement_202504_28forum_html_e5ae77f95e.txt,https://japan.kantei.go.jp/103/statement/202504/28forum.html,japan,Prime Minister's Office of Japan (Kantei),"Prime Minister Ishiba’s Address at the Japan-Vietnam Cooperation Forum on Creating High-Value-Added Industries in High-Tech, Green Transformation (GX), and Semiconductor Industries (Speeches and Statements <br>by the Prime Minister) | Prime Minister's Office of Japan",SPEECH,"April 28, 2025",en
data/raw/japan/103_statement_202504_28kyoudou_happyou_html_a242cc71ca.html,data/cleaned/japan/103_statement_202504_28kyoudou_happyou_html_a242cc71ca.txt,https://japan.kantei.go.jp/103/statement/202504/28kyoudou_happyou.html,japan,Prime Minister's Office of Japan (Kantei),Prime Minister Ishiba‘s Remarks at the Joint Press Occasion with Prime Minister Chinh of Viet Nam (Speeches and Statements <br>by the Prime Minister) | Prime Minister's Office of Japan,SPEECH,"April 28, 2025",en
data/raw/japan/103_statement_202504_29kyoudou_happyou_html_38e1986f89.html,data/cleaned/japan/103_statement_202504_29kyoudou_happyou_html_38e1986f89.txt,https://japan.kantei.go.jp/103/statement/202504/29kyoudou_happyou.html,japan,Prime Minister's Office of Japan (Kantei),Prime Minister Ishiba's Remarks at the Joint Press Occasion with President Marcos of the Philippines (Speeches and Statements <br>by the Prime Minister) | Prime Minister's Office of Japan,SPEECH,"April 29, 2025",en
data/raw/japan/103_statement_202504_29message_html_07042fda59.html,data/cleaned/japan/103_statement_202504_29message_html_07042fda59.txt,https://japan.kantei.go.jp/103/statement/202504/29message.html,japan,Prime Minister's Office of Japan (Kantei),"Contributed Article ""Towards Deepening Japan–Philippines Strategic Partnership"" by Prime Minister ISHIBA Shigeru to the Philippine Media (Philippine Star, Manila Bulletin, Philippine Daily Inquirer) (Speeches and Statements <br>by the Prime Minister) | Prime Minister's Office of Japan",SPEECH,"April 29, 2025",en
data/raw/japan/103_statement_202504_30kaiken_html_197b8481f6.html,data/cleaned/japan/103_statement_202504_30kaiken_html_197b8481f6.txt,https://japan.kantei.go.jp/103/statement/202504/30kaiken.html,japan,Prime Minister's Office of Japan (Kantei),Press Conference by Prime Minister ISHIBA Shigeru Regarding His Visit to Viet Nam and the Philippines and Other Matters (Speeches and Statements <br>by the Prime Minister) | Prime Minister's Office of Japan,PRESS_CONFERENCE,"April 30, 2025",en
data/raw/japan/103_statement_202505_02kaiken_html_8a5eeb54ec.html,data/cleaned/japan/103_statement_202505_02kaiken_html_8a5eeb54ec.txt,https://japan.kantei.go.jp/103/statement/202505/02kaiken.html,japan,Prime Minister's Office of Japan (Kantei),Press Conference by Prime Minister ISHIBA Shigeru Regarding the Second Round of the Japan-U.S. Consultation on U.S. Tariff Measures (Speeches and Statements <br>by the Prime Minister) | Prime Minister's Office of Japan,PRESS_CONFERENCE,"May 2, 2025",en
data/raw/japan/103_statement_202505_03kaiken_html_6bcbe38c8b.html,data/cleaned/japan/103_statement_202505_03kaiken_html_6bcbe38c8b.txt,https://japan.kantei.go.jp/103/statement/202505/03kaiken.html,japan,Prime Minister's Office of Japan (Kantei),Press Conference by Prime Minister ISHIBA Shigeru Regarding the Second Round of the Japan-U.S. Consultation on U.S. Tariff Measures (Speeches and Statements <br>by the Prime Minister) | Prime Minister's Office of Japan,PRESS_CONFERENCE,"May 3, 2025",en
data/raw/japan/103_statement_202505_03message_html_24f3d3770c.html,data/cleaned/japan/103_statement_202505_03message_html_24f3d3770c.txt,https://japan.kantei.go.jp/103/statement/202505/03message.html,japan,Prime Minister's Office of Japan (Kantei),"Congratulatory Message from Prime Minister ISHIBA to the Hon. Anthony Albanese, MP, Prime Minister of the Commonwealth of Australia (Speeches and Statements <br>by the Prime Minister) | Prime Minister's Office of Japan",SPEECH,"May 3, 2025",en
data/raw/japan/103_statement_202505_0521kaiken_html_80f09e6313.html,data/cleaned/japan/103_statement_202505_0521kaiken_html_80f09e6313.txt,https://japan.kantei.go.jp/103/statement/202505/0521kaiken.html,japan,Prime Minister's Office of Japan (Kantei),"Press Conference by Prime Minister ISHIBA Shigeru Regarding the Appointment of a New Minister of Agriculture, Forestry and Fisheries and Other Matters (Speeches and Statements <br>by the Prime Minister) | Prime Minister's Office of Japan",PRESS_CONFERENCE,"May 21, 2025",en
data/raw/japan/103_statement_202505_07message_html_1b6a283564.html,data/cleaned/japan/103_statement_202505_07message_html_1b6a283564.txt,https://japan.kantei.go.jp/103/statement/202505/07message.html,japan,Prime Minister's Office of Japan (Kantei),Congratulatory Letter from Prime Minister ISHIBA Shigeru to Chancellor Merz of the Federal Republic of Germany (Speeches and Statements <br>by the Prime Minister) | Prime Minister's Office of Japan,SPEECH,"May 7, 2025",en
data/raw/japan/103_statement_202505_08message_html_d00f37b9e0.html,data/cleaned/japan/103_statement_202505_08message_html_d00f37b9e0.txt,https://japan.kantei.go.jp/103/statement/202505/08message.html,japan,Prime Minister's Office of Japan (Kantei),Message of condolence by Prime Minister Ishiba on the passing of Professor Joseph S. Nye (Speeches and Statements <br>by the Prime Minister) | Prime Minister's Office of Japan,SPEECH,"May 8, 2025",en
data/raw/japan/103_statement_202505_10message2_html_fceb215d87.html,data/cleaned/japan/103_statement_202505_10message2_html_fceb215d87.txt,https://japan.kantei.go.jp/103/statement/202505/10message2.html,japan,Prime Minister's Office of Japan (Kantei),Written message from Prime Minister Ishiba for Virtual Leaders Meeting of the Coalition of the Willing on Ukraine (Speeches and Statements <br>by the Prime Minister) | Prime Minister's Office of Japan,SPEECH,"May 10, 2025",en
data/raw/japan/103_statement_202505_17message_html_27b9d1a5f2.html,data/cleaned/japan/103_statement_202505_17message_html_27b9d1a5f2.txt,https://japan.kantei.go.jp/103/statement/202505/17message.html,japan,Prime Minister's Office of Japan (Kantei),Letter of Condolence by Prime Minister Ishiba on the Passing of Former President José MUJICA of the Oriental Republic of Uruguay (Speeches and Statements <br>by the Prime Minister) | Prime Minister's Office of Japan,SPEECH,"May 17, 2025",en
data/raw/japan/103_statement_202505_19kyoudou_happyou_html_2d41290fb6.html,data/cleaned/japan/103_statement_202505_19kyoudou_happyou_html_2d41290fb6.txt,https://japan.kantei.go.jp/103/statement/202505/19kyoudou_happyou.html,japan,Prime Minister's Office of Japan (Kantei),Prime Minister Ishiba’s Remarks at the Joint Press Occasion with President Rinkēvičs of Latvia (Speeches and Statements <br>by the Prime Minister) | Prime Minister's Office of Japan,JOINT_STATEMENT,"May 19, 2025",en
data/raw/japan/103_statement_202505_23kaiken_html_fa649fc554.html,data/cleaned/japan/103_statement_202505_23kaiken_html_fa649fc554.txt,https://japan.kantei.go.jp/103/statement/202505/23kaiken.html,japan,Prime Minister's Office of Japan (Kantei),Press Conference by Prime Minister ISHIBA Shigeru Regarding His Summit Telephone Talk with U.S. President Trump (Speeches and Statements <br>by the Prime Minister) | Prime Minister's Office of Japan,PRESS_CONFERENCE,"May 23, 2025",en
data/raw/japan/103_statement_202505_26kaiken_html_3c2faf8e0f.html,data/cleaned/japan/103_statement_202505_26kaiken_html_3c2faf8e0f.txt,https://japan.kantei.go.jp/103/statement/202505/26kaiken.html,japan,Prime Minister's Office of Japan (Kantei),Press Conference by Prime Minister ISHIBA Shigeru regarding the Sale of Stockpiled Rice through Discretionary Contracts (Speeches and Statements <br>by the Prime Minister) | Prime Minister's Office of Japan,PRESS_CONFERENCE,"May 26, 2025",en
data/raw/japan/103_statement_202505_29kaiken_html_e41ea3c9f3.html,data/cleaned/japan/103_statement_202505_29kaiken_html_e41ea3c9f3.txt,https://japan.kantei.go.jp/103/statement/202505/29kaiken.html,japan,Prime Minister's Office of Japan (Kantei),Press Conference by Prime Minister ISHIBA Shigeru Regarding His Summit Telephone Talk with U.S. President Trump (Speeches and Statements <br>by the Prime Minister) | Prime Minister's Office of Japan,PRESS_CONFERENCE,"May 29, 2025",en
data/raw/japan/103_statement_202505_30kyoudou_happyou_html_58cb0b0ba3.html,data/cleaned/japan/103_statement_202505_30kyoudou_happyou_html_58cb0b0ba3.txt,https://japan.kantei.go.jp/103/statement/202505/30kyoudou_happyou.html,japan,Prime Minister's Office of Japan (Kantei),Prime Minister Ishiba’s Remarks at the Joint Press Occasion with Prime Minister Hun Manet of Cambodia (Speeches and Statements <br>by the Prime Minister) | Prime Minister's Office of Japan,SPEECH,"May 30, 2025",en
data/raw/japan/103_statement_202506_04kaiken_html_2261d6e88c.html,data/cleaned/japan/103_statement_202506_04kaiken_html_2261d6e88c.txt,https://japan.kantei.go.jp/103/statement/202506/04kaiken.html,japan,Prime Minister's Office of Japan (Kantei),Press Conference by Prime Minister ISHIBA Shigeru Regarding His Reaction to the Inauguration of Mr. Lee Jae-myung as the New President of the Republic of Korea (Speeches and Statements <br>by the Prime Minister) | Prime Minister's Office of Japan,PRESS_CONFERENCE,"June 4, 2025",en
data/raw/japan/103_statement_202506_0613kaiken_html_9071186bf5.html,data/cleaned/japan/103_statement_202506_0613kaiken_html_9071186bf5.txt,https://japan.kantei.go.jp/103/statement/202506/0613kaiken.html,japan,Prime Minister's Office of Japan (Kantei),Press Conference by Prime Minister ISHIBA Shigeru Regarding His Summit Telephone Talk with U.S. President Trump (Speeches and Statements <br>by the Prime Minister) | Prime Minister's Office of Japan,PRESS_CONFERENCE,"June 13, 2025",en
data/raw/japan/103_statement_202506_0616kaiken_html_7c835aef19.html,data/cleaned/japan/103_statement_202506_0616kaiken_html_7c835aef19.txt,https://japan.kantei.go.jp/103/statement/202506/0616kaiken.html,japan,Prime Minister's Office of Japan (Kantei),Press Conference by Prime Minister ISHIBA Shigeru Regarding the Japan-U.S. Summit  (Speeches and Statements <br>by the Prime Minister) | Prime Minister's Office of Japan,PRESS_CONFERENCE,"June 16, 2025",en
data/raw/japan/103_statement_202506_0617naigai_html_c47236cce9.html,data/cleaned/japan/103_statement_202506_0617naigai_html_c47236cce9.txt,https://japan.kantei.go.jp/103/statement/202506/0617naigai.html,japan,Prime Minister's Office of Japan (Kantei),Press Conference by Prime Minister ISHIBA Shigeru Regarding His Attendance at the G7 Kananaskis Summit and Other Matters (Speeches and Statements <br>by the Prime Minister) | Prime Minister's Office of Japan,PRESS_CONFERENCE,"June 17, 2025",en
data/raw/japan/103_statement_202506_0622bura_html_1ff91a36f6.html,data/cleaned/japan/103_statement_202506_0622bura_html_1ff91a36f6.txt,https://japan.kantei.go.jp/103/statement/202506/0622bura.html,japan,Prime Minister's Office of Japan (Kantei),Press Conference by Prime Minister ISHIBA Shigeru Regarding the U.S. Strikes on Iranian Nuclear-Related Facilities (Speeches and Statements <br>by the Prime Minister) | Prime Minister's Office of Japan,PRESS_CONFERENCE,"June 22, 2025",en
data/raw/japan/103_statement_202506_0622bura2_html_1dad63976b.html,data/cleaned/japan/103_statement_202506_0622bura2_html_1dad63976b.txt,https://japan.kantei.go.jp/103/statement/202506/0622bura2.html,japan,Prime Minister's Office of Japan (Kantei),Press Conference by Prime Minister ISHIBA Shigeru Regarding What Was Discussed during the National Security Council Meeting Convened on the Situation in the Middle East and Other Matters (Speeches and Statements <br>by the Prime Minister) | Prime Minister's Office of Japan,PRESS_CONFERENCE,"June 22, 2025",en
data/raw/japan/103_statement_202506_09kaiken_html_35a06ffbbc.html,data/cleaned/japan/103_statement_202506_09kaiken_html_35a06ffbbc.txt,https://japan.kantei.go.jp/103/statement/202506/09kaiken.html,japan,Prime Minister's Office of Japan (Kantei),Press Conference by Prime Minister ISHIBA Shigeru Regarding His Summit Telephone Talk with President Lee of the Republic of Korea and Other Matters (Speeches and Statements <br>by the Prime Minister) | Prime Minister's Office of Japan,PRESS_CONFERENCE,"June 9, 2025",en
data/raw/japan/103_statement_202506_10kyoudou_happyou_html_9ccc71a7d5.html,data/cleaned/japan/103_statement_202506_10kyoudou_happyou_html_9ccc71a7d5.txt,https://japan.kantei.go.jp/103/statement/202506/10kyoudou_happyou.html,japan,Prime Minister's Office of Japan (Kantei),Prime Minister Ishiba’s Remarks at the Joint Press Occasion with President Arévalo of Guatemala (Speeches and Statements <br>by the Prime Minister) | Prime Minister's Office of Japan,JOINT_STATEMENT,"June 10, 2025",en
data/raw/japan/103_statement_202506_11kyoudou_happyou_html_ad672c7f42.html,data/cleaned/japan/103_statement_202506_11kyoudou_happyou_html_ad672c7f42.txt,https://japan.kantei.go.jp/103/statement/202506/11kyoudou_happyou.html,japan,Prime Minister's Office of Japan (Kantei),Prime Minister Ishiba's Remarks at the Joint Press Occasion with President Stubb of the Republic of Finland (Speeches and Statements <br>by the Prime Minister) | Prime Minister's Office of Japan,JOINT_STATEMENT,"June 11, 2025",en
data/raw/japan/103_statement_202506_12kaiken_html_ecd5095642.html,data/cleaned/japan/103_statement_202506_12kaiken_html_ecd5095642.txt,https://japan.kantei.go.jp/103/statement/202506/12kaiken.html,japan,Prime Minister's Office of Japan (Kantei),Press Conference by Prime Minister ISHIBA Shigeru Regarding the Meeting of the Heads of the Ruling and Opposition Parties (Speeches and Statements <br>by the Prime Minister) | Prime Minister's Office of Japan,PRESS_CONFERENCE,"June 12, 2025",en
data/raw/japan/103_statement_202506_13message_html_75e0d50b4f.html,data/cleaned/japan/103_statement_202506_13message_html_75e0d50b4f.txt,https://japan.kantei.go.jp/103/statement/202506/13message.html,japan,Prime Minister's Office of Japan (Kantei),"Message of condolences from Prime Minister Ishiba regarding the airplane accident in the State of Gujarat, India (Speeches and Statements <br>by the Prime Minister) | Prime Minister's Office of Japan",SPEECH,"June 13, 2025",en
data/raw/japan/103_statement_202506_13message3_html_0837e47111.html,data/cleaned/japan/103_statement_202506_13message3_html_0837e47111.txt,https://japan.kantei.go.jp/103/statement/202506/13message3.html,japan,Prime Minister's Office of Japan (Kantei),"Message of Condolences from Prime Minister Ishiba following the passing of H.E. Mr. Edgar Chagwa LUNGU, Former President of the Republic of Zambia (Speeches and Statements <br>by the Prime Minister) | Prime Minister's Office of Japan",SPEECH,"June 13, 2025",en
data/raw/japan/103_statement_202506_15kaiken_html_89bf35d936.html,data/cleaned/japan/103_statement_202506_15kaiken_html_89bf35d936.txt,https://japan.kantei.go.jp/103/statement/202506/15kaiken.html,japan,Prime Minister's Office of Japan (Kantei),Press Conference by Prime Minister ISHIBA Shigeru Regarding His Participation in the Upcoming G7 Kananaskis Summit and Other Matters (Speeches and Statements <br>by the Prime Minister) | Prime Minister's Office of Japan,PRESS_CONFERENCE,"June 15, 2025",en
data/raw/japan/103_statement_202506_16message_html_2f9c5fa14c.html,data/cleaned/japan/103_statement_202506_16message_html_2f9c5fa14c.txt,https://japan.kantei.go.jp/103/statement/202506/16message.html,japan,Prime Minister's Office of Japan (Kantei),"Contributed Article ""How the Canada-Japan relationship can get even stronger"" by Prime Minister ISHIBA Shigeru to the Canadian newspaper The Globe and Mail (Speeches and Statements <br>by the Prime Minister) | Prime Minister's Office of Japan",SPEECH,"June 16, 2025",en
data/raw/japan/103_statement_202506_19kaiken_html_65657aba89.html,data/cleaned/japan/103_statement_202506_19kaiken_html_65657aba89.txt,https://japan.kantei.go.jp/103/statement/202506/19kaiken.html,japan,Prime Minister's Office of Japan (Kantei),Press Conference by Prime Minister ISHIBA Shigeru Regarding the Meeting of the Heads of the Ruling and Opposition Parties and Other Matters (Speeches and Statements <br>by the Prime Minister) | Prime Minister's Office of Japan,PRESS_CONFERENCE,"June 19, 2025",en
data/raw/japan/103_statement_202506_19message_html_060f272574.html,data/cleaned/japan/103_statement_202506_19message_html_060f272574.txt,https://japan.kantei.go.jp/103/statement/202506/19message.html,japan,Prime Minister's Office of Japan (Kantei),Video Message by Prime Minister ISHIBA Shigeru for Japan Innovation Night (Speeches and Statements <br>by the Prime Minister) | Prime Minister's Office of Japan,SPEECH,"June 19, 2025",en
data/raw/japan/103_statement_202506_20statement_html_43a9eedae9.html,data/cleaned/japan/103_statement_202506_20statement_html_43a9eedae9.txt,https://japan.kantei.go.jp/103/statement/202506/20statement.html,japan,Prime Minister's Office of Japan (Kantei),Statement by Prime Minister ISHIBA Shigeru on Their Majesties’ Visit to Mongolia (Speeches and Statements <br>by the Prime Minister) | Prime Minister's Office of Japan,SPEECH,"June 20, 2025",en
data/raw/japan/103_statement_202506_23kaiken_html_34be52379a.html,data/cleaned/japan/103_statement_202506_23kaiken_html_34be52379a.txt,https://japan.kantei.go.jp/103/statement/202506/23kaiken.html,japan,Prime Minister's Office of Japan (Kantei),Press Conference by Prime Minister ISHIBA Shigeru regarding the Memorial Ceremony to Commemorate the Fallen on the 80th Anniversary of the End of the Battle of Okinawa and Other Matters (Speeches and Statements <br>by the Prime Minister) | Prime Minister's Office of Japan,PRESS_CONFERENCE,"June 23, 2025",en
data/raw/japan/103_statement_202506_23okinawa_html_4d21f077fc.html,data/cleaned/japan/103_statement_202506_23okinawa_html_4d21f077fc.txt,https://japan.kantei.go.jp/103/statement/202506/23okinawa.html,japan,Prime Minister's Office of Japan (Kantei),Address by Prime Minister Ishiba for the Memorial Ceremony to Commemorate the Fallen on the 80th Anniversary of the End of the Battle of Okinawa (Speeches and Statements <br>by the Prime Minister) | Prime Minister's Office of Japan,SPEECH,"June 23, 2025",en
data/raw/japan/103_statement_202506_23pm_kaiken_html_e08489d835.html,data/cleaned/japan/103_statement_202506_23pm_kaiken_html_e08489d835.txt,https://japan.kantei.go.jp/103/statement/202506/23pm_kaiken.html,japan,Prime Minister's Office of Japan (Kantei),Press Conference by Prime Minister ISHIBA Shigeru (Speeches and Statements <br>by the Prime Minister) | Prime Minister's Office of Japan,PRESS_CONFERENCE,"June 23, 2025",en
data/raw/japan/103_statement_202506_30kunji_html_9e6c3e1914.html,data/cleaned/japan/103_statement_202506_30kunji_html_9e6c3e1914.txt,https://japan.kantei.go.jp/103/statement/202506/30kunji.html,japan,Prime Minister's Office of Japan (Kantei),Address by Prime Minister ISHIBA Shigeru at the Meeting of the Ministry of Defense and Self-Defense Force Command Personnel (Speeches and Statements <br>by the Prime Minister) | Prime Minister's Office of Japan,SPEECH,"June 30, 2025",en
data/raw/japan/103_statement_202507_02kaiken_html_fd0d3cd63b.html,data/cleaned/japan/103_statement_202507_02kaiken_html_fd0d3cd63b.txt,https://japan.kantei.go.jp/103/statement/202507/02kaiken.html,japan,Prime Minister's Office of Japan (Kantei),Press Conference by Prime Minister ISHIBA Shigeru Regarding the Japan-U.S. Consultation on U.S. Tariff Measures (Speeches and Statements <br>by the Prime Minister) | Prime Minister's Office of Japan,PRESS_CONFERENCE,"July 2, 2025",en
data/raw/japan/103_statement_202507_03aisatu_html_7a47c1456c.html,data/cleaned/japan/103_statement_202507_03aisatu_html_7a47c1456c.txt,https://japan.kantei.go.jp/103/statement/202507/03aisatu.html,japan,Prime Minister's Office of Japan (Kantei),"Address by Prime Minister ISHIBA Shigeru at the Official Ceremony and Event for ""Japan Day"" at Expo 2025 Osaka, Kansai, Japan (Speeches and Statements <br>by the Prime Minister) | Prime Minister's Office of Japan",SPEECH,"July 3, 2025",en
data/raw/japan/103_statement_202507_03kaiken_html_01734cafb5.html,data/cleaned/japan/103_statement_202507_03kaiken_html_01734cafb5.txt,https://japan.kantei.go.jp/103/statement/202507/03kaiken.html,japan,Prime Minister's Office of Japan (Kantei),Press Conference by Prime Minister ISHIBA Shigeru regarding the Earthquake Centered in the Adjacent Sea of Tokara Islands (Speeches and Statements <br>by the Prime Minister) | Prime Minister's Office of Japan,PRESS_CONFERENCE,"July 3, 2025",en
data/raw/japan/103_statement_202507_06message_html_f47e9e82c2.html,data/cleaned/japan/103_statement_202507_06message_html_f47e9e82c2.txt,https://japan.kantei.go.jp/103/statement/202507/06message.html,japan,Prime Minister's Office of Japan (Kantei),Message of condolences from Prime Minister Ishiba on the flood damage in Texas of the United States (Speeches and Statements <br>by the Prime Minister) | Prime Minister's Office of Japan,SPEECH,"July 6, 2025",en
data/raw/japan/103_statement_202507_08kaiken_html_c5a3c2618b.html,data/cleaned/japan/103_statement_202507_08kaiken_html_c5a3c2618b.txt,https://japan.kantei.go.jp/103/statement/202507/08kaiken.html,japan,Prime Minister's Office of Japan (Kantei),Press Conference by Prime Minister ISHIBA Shigeru Regarding U.S. Tariff Measures (Speeches and Statements <br>by the Prime Minister) | Prime Minister's Office of Japan,PRESS_CONFERENCE,"July 8, 2025",en
data/raw/japan/103_statement_202507_10message_html_f50263a2d3.html,data/cleaned/japan/103_statement_202507_10message_html_f50263a2d3.txt,https://japan.kantei.go.jp/103/statement/202507/10message.html,japan,Prime Minister's Office of Japan (Kantei),Written message from Prime Minister Ishiba for Virtual Leaders Meeting of the Coalition of the Willing on Ukraine (Speeches and Statements <br>by the Prime Minister) | Prime Minister's Office of Japan,SPEECH,"July 10, 2025",en
data/raw/japan/103_statement_202507_18kaiken_html_8e75b969ef.html,data/cleaned/japan/103_statement_202507_18kaiken_html_8e75b969ef.txt,https://japan.kantei.go.jp/103/statement/202507/18kaiken.html,japan,Prime Minister's Office of Japan (Kantei),Press Conference by Prime Minister ISHIBA Shigeru Regarding the Courtesy Call by Secretary of the Treasury Bessent and Other Members of the U.S. Presidential Delegation and Other Matters (Speeches and Statements <br>by the Prime Minister) | Prime Minister's Office of Japan,PRESS_CONFERENCE,"July 18, 2025",en
data/raw/japan/103_statement_202507_18message_html_4fc5bc835f.html,data/cleaned/japan/103_statement_202507_18message_html_4fc5bc835f.txt,https://japan.kantei.go.jp/103/statement/202507/18message.html,japan,Prime Minister's Office of Japan (Kantei),Letter of Condolence by Prime Minister ISHIBA on the Passing of Former President Muhammadu BUHARI of the Federal Republic of Nigeria (Speeches and Statements <br>by the Prime Minister) | Prime Minister's Office of Japan,SPEECH,"July 18, 2025",en
data/raw/japan/103_statement_202507_23bura_html_874683e4b2.html,data/cleaned/japan/103_statement_202507_23bura_html_874683e4b2.txt,https://japan.kantei.go.jp/103/statement/202507/23bura.html,japan,Prime Minister's Office of Japan (Kantei),Press Conference by Prime Minister ISHIBA Shigeru Regarding the Japan-U.S. Consultation on U.S. Tariff Measures and Other Matters (Speeches and Statements <br>by the Prime Minister) | Prime Minister's Office of Japan,PRESS_CONFERENCE,"July 23, 2025",en
data/raw/japan/103_statement_202507_23bura2_html_7b3212eb5a.html,data/cleaned/japan/103_statement_202507_23bura2_html_7b3212eb5a.txt,https://japan.kantei.go.jp/103/statement/202507/23bura2.html,japan,Prime Minister's Office of Japan (Kantei),Press Conference by Prime Minister ISHIBA Shigeru Regarding the Agreement Reached in the Japan-U.S. Consultation on U.S. Tariff Measures and Other Matters (Speeches and Statements <br>by the Prime Minister) | Prime Minister's Office of Japan,PRESS_CONFERENCE,"July 23, 2025",en
data/raw/japan/103_statement_202507_23kyoudou_happyou_html_f552a72901.html,data/cleaned/japan/103_statement_202507_23kyoudou_happyou_html_f552a72901.txt,https://japan.kantei.go.jp/103/statement/202507/23kyoudou_happyou.html,japan,Prime Minister's Office of Japan (Kantei),Prime Minister Ishiba’s Remarks at the Joint Press Occasion at the 30th Japan-EU Summit (Speeches and Statements <br>by the Prime Minister) | Prime Minister's Office of Japan,SPEECH,"July 23, 2025",en
data/raw/japan/103_statement_202507_24bura_html_9abd689adb.html,data/cleaned/japan/103_statement_202507_24bura_html_9abd689adb.txt,https://japan.kantei.go.jp/103/statement/202507/24bura.html,japan,Prime Minister's Office of Japan (Kantei),Press Conference by Prime Minister ISHIBA Shigeru Regarding the Report He Received from Minister Akazawa on the Japan-U.S. Consultation on U.S. Tariff Measures and Regarding Other Matters (Speeches and Statements <br>by the Prime Minister) | Prime Minister's Office of Japan,PRESS_CONFERENCE,"July 24, 2025",en
data/raw/japan/103_statement_202507_30kaiken2_html_487421fdfc.html,data/cleaned/japan/103_statement_202507_30kaiken2_html_487421fdfc.txt,https://japan.kantei.go.jp/103/statement/202507/30kaiken2.html,japan,Prime Minister's Office of Japan (Kantei),Press Conference by Prime Minister ISHIBA Shigeru Regarding the Tsunami Caused by the Earthquake near Kamchatka Peninsula (Speeches and Statements <br>by the Prime Minister) | Prime Minister's Office of Japan,PRESS_CONFERENCE,"July 30, 2025",en
data/raw/japan/103_statement_202508_01message_html_49a9ea4d1f.html,data/cleaned/japan/103_statement_202508_01message_html_49a9ea4d1f.txt,https://japan.kantei.go.jp/103/statement/202508/01message.html,japan,Prime Minister's Office of Japan (Kantei),Video Message by Prime Minister Ishiba for the 77th Japan-America Student Conference (Speeches and Statements <br>by the Prime Minister) | Prime Minister's Office of Japan,SPEECH,"August 1, 2025",en
data/raw/japan/103_statement_202508_04kyoudou_happyou_html_09fa5bbfc0.html,data/cleaned/japan/103_statement_202508_04kyoudou_happyou_html_09fa5bbfc0.txt,https://japan.kantei.go.jp/103/statement/202508/04kyoudou_happyou.html,japan,Prime Minister's Office of Japan (Kantei),Prime Minister Ishiba’s Remarks at the Joint Press Occasion with Prime Minister Briceño of Belize (Speeches and Statements <br>by the Prime Minister) | Prime Minister's Office of Japan,SPEECH,"August 4, 2025",en
data/raw/japan/103_statement_202508_06hiroshima_html_437378ce20.html,data/cleaned/japan/103_statement_202508_06hiroshima_html_437378ce20.txt,https://japan.kantei.go.jp/103/statement/202508/06hiroshima.html,japan,Prime Minister's Office of Japan (Kantei),Address by Prime Minister ISHIBA Shigeru at the Hiroshima Peace Memorial Ceremony (Speeches and Statements <br>by the Prime Minister) | Prime Minister's Office of Japan,SPEECH,"August 6, 2025",en
data/raw/japan/103_statement_202508_06kaiken_html_bae7430965.html,data/cleaned/japan/103_statement_202508_06kaiken_html_bae7430965.txt,https://japan.kantei.go.jp/103/statement/202508/06kaiken.html,japan,Prime Minister's Office of Japan (Kantei),Press Conference by the Prime Minister regarding His Attendance at the 2025 Peace Memorial Ceremony in Hiroshima and Other Matters (Speeches and Statements <br>by the Prime Minister) | Prime Minister's Office of Japan,PRESS_CONFERENCE,"August 6, 2025",en
data/raw/japan/103_statement_202508_07kaiken_html_3003722455.html,data/cleaned/japan/103_statement_202508_07kaiken_html_3003722455.txt,https://japan.kantei.go.jp/103/statement/202508/07kaiken.html,japan,Prime Minister's Office of Japan (Kantei),Press Conference by Prime Minister ISHIBA Shigeru regarding the Implementation of the Japan-U.S. Agreement on U.S. Tariff Measures and Other Matters (Speeches and Statements <br>by the Prime Minister) | Prime Minister's Office of Japan,PRESS_CONFERENCE,"August 7, 2025",en
data/raw/japan/103_statement_202508_0801bura_html_c81c7d7b7f.html,data/cleaned/japan/103_statement_202508_0801bura_html_c81c7d7b7f.txt,https://japan.kantei.go.jp/103/statement/202508/0801bura.html,japan,Prime Minister's Office of Japan (Kantei),Press Conference by Prime Minister ISHIBA Shigeru Regarding the Signing of the U.S. Executive Order on Reciprocal Tariff Measures and Other Matters (Speeches and Statements <br>by the Prime Minister) | Prime Minister's Office of Japan,PRESS_CONFERENCE,"August 1, 2025",en
data/raw/japan/103_statement_202508_0823kunji_html_e05d0625a6.html,data/cleaned/japan/103_statement_202508_0823kunji_html_e05d0625a6.txt,https://japan.kantei.go.jp/103/statement/202508/0823kunji.html,japan,Prime Minister's Office of Japan (Kantei),Address by Prime Minister ISHIBA Shigeru at the Japan Maritime Self-Defense Force Yokosuka Base (Speeches and Statements <br>by the Prime Minister) | Prime Minister's Office of Japan,SPEECH,"August 23, 2025",en
data/raw/japan/103_statement_202508_08kaiken_html_c10289d652.html,data/cleaned/japan/103_statement_202508_08kaiken_html_c10289d652.txt,https://japan.kantei.go.jp/103/statement/202508/08kaiken.html,japan,Prime Minister's Office of Japan (Kantei),Press Conference by Prime Minister ISHIBA Shigeru regarding the Heavy Rain Emergency Warning Issued for Kagoshima Prefecture (Speeches and Statements <br>by the Prime Minister) | Prime Minister's Office of Japan,PRESS_CONFERENCE,"August 8, 2025",en
data/raw/japan/103_statement_202508_08kyoudou_happyou_html_60a7e4aec4.html,data/cleaned/japan/103_statement_202508_08kyoudou_happyou_html_60a7e4aec4.txt,https://japan.kantei.go.jp/103/statement/202508/08kyoudou_happyou.html,japan,Prime Minister's Office of Japan (Kantei),Prime Minister Ishiba’s Remarks at the Joint Press Occasion with President Boluarte of Peru (Speeches and Statements <br>by the Prime Minister) | Prime Minister's Office of Japan,SPEECH,"August 8, 2025",en
data/raw/japan/103_statement_202508_09kaiken_html_80115ec085.html,data/cleaned/japan/103_statement_202508_09kaiken_html_80115ec085.txt,https://japan.kantei.go.jp/103/statement/202508/09kaiken.html,japan,Prime Minister's Office of Japan (Kantei),Press Conference by Prime Minister Ishiba on His Attendance at the 2025 Peace Memorial Ceremony in Nagasaki and Other Matters (Speeches and Statements <br>by the Prime Minister) | Prime Minister's Office of Japan,PRESS_CONFERENCE,"August 9, 2025",en
data/raw/japan/103_statement_202508_09nagasaki_html_3c6a04b8d3.html,data/cleaned/japan/103_statement_202508_09nagasaki_html_3c6a04b8d3.txt,https://japan.kantei.go.jp/103/statement/202508/09nagasaki.html,japan,Prime Minister's Office of Japan (Kantei),Address by Prime Minister ISHIBA Shigeru at the Nagasaki Peace Memorial Ceremony (Speeches and Statements <br>by the Prime Minister) | Prime Minister's Office of Japan,SPEECH,"August 9, 2025",en
data/raw/japan/103_statement_202508_15kaiken_html_dc3c8a0654.html,data/cleaned/japan/103_statement_202508_15kaiken_html_dc3c8a0654.txt,https://japan.kantei.go.jp/103/statement/202508/15kaiken.html,japan,Prime Minister's Office of Japan (Kantei),Press Conference by Prime Minister ISHIBA Shigeru regarding the Address He Delivered at the National Memorial Ceremony for the War Dead and Other Matters (Speeches and Statements <br>by the Prime Minister) | Prime Minister's Office of Japan,PRESS_CONFERENCE,"August 15, 2025",en
data/raw/japan/103_statement_202508_15shikiji_html_47c78a1c5b.html,data/cleaned/japan/103_statement_202508_15shikiji_html_47c78a1c5b.txt,https://japan.kantei.go.jp/103/statement/202508/15shikiji.html,japan,Prime Minister's Office of Japan (Kantei),Address by Prime Minister Ishiba at the Eightieth National Memorial Ceremony for the War Dead (Speeches and Statements <br>by the Prime Minister) | Prime Minister's Office of Japan,SPEECH,"August 15, 2025",en
data/raw/japan/103_statement_202508_16india_html_3d0144f68b.html,data/cleaned/japan/103_statement_202508_16india_html_3d0144f68b.txt,https://japan.kantei.go.jp/103/statement/202508/16india.html,japan,Prime Minister's Office of Japan (Kantei),Message of condolences from Prime Minister Ishiba regarding the flood damage in India (Speeches and Statements <br>by the Prime Minister) | Prime Minister's Office of Japan,SPEECH,"August 16, 2025",en
data/raw/japan/103_statement_202508_16pakistan_html_01c7bef985.html,data/cleaned/japan/103_statement_202508_16pakistan_html_01c7bef985.txt,https://japan.kantei.go.jp/103/statement/202508/16pakistan.html,japan,Prime Minister's Office of Japan (Kantei),Message of condolences from Prime Minister Ishiba regarding the flood damage in Pakistan (Speeches and Statements <br>by the Prime Minister) | Prime Minister's Office of Japan,SPEECH,"August 16, 2025",en
data/raw/japan/103_statement_202508_18kaiken_html_c6308e9441.html,data/cleaned/japan/103_statement_202508_18kaiken_html_c6308e9441.txt,https://japan.kantei.go.jp/103/statement/202508/18kaiken.html,japan,Prime Minister's Office of Japan (Kantei),Press Conference by Prime Minister ISHIBA Shigeru regarding the Virtual Leaders Meeting of the Coalition of the Willing on Ukraine and Other Matters (Speeches and Statements <br>by the Prime Minister) | Prime Minister's Office of Japan,PRESS_CONFERENCE,"August 18, 2025",en
data/raw/japan/103_statement_202508_19kaiken_html_9a04659e59.html,data/cleaned/japan/103_statement_202508_19kaiken_html_9a04659e59.txt,https://japan.kantei.go.jp/103/statement/202508/19kaiken.html,japan,Prime Minister's Office of Japan (Kantei),Press Conference by Prime Minister ISHIBA Shigeru regarding the United States-Ukraine Summit Meeting and Other Matters (Speeches and Statements <br>by the Prime Minister) | Prime Minister's Office of Japan,PRESS_CONFERENCE,"August 19, 2025",en
data/raw/japan/103_statement_202508_20aisatu_html_a186893660.html,data/cleaned/japan/103_statement_202508_20aisatu_html_a186893660.txt,https://japan.kantei.go.jp/103/statement/202508/20aisatu.html,japan,Prime Minister's Office of Japan (Kantei),"Address by Prime Minister Ishiba at the Forum on the Economic Region of Indian Ocean-Africa ""Towards African Prosperity through Japan-Indian Ocean Collaboration"" (Speeches and Statements <br>by the Prime Minister) | Prime Minister's Office of Japan",SPEECH,"August 20, 2025",en
data/raw/japan/103_statement_202508_20kaikaishiki_html_fd83671f92.html,data/cleaned/japan/103_statement_202508_20kaikaishiki_html_fd83671f92.txt,https://japan.kantei.go.jp/103/statement/202508/20kaikaishiki.html,japan,Prime Minister's Office of Japan (Kantei),Prime Minister Ishiba’s Remarks at the Opening Session of TICAD 9 (Speeches and Statements <br>by the Prime Minister) | Prime Minister's Office of Japan,SPEECH,"August 20, 2025",en
data/raw/japan/103_statement_202508_20speech_html_d5b6b0dac8.html,data/cleaned/japan/103_statement_202508_20speech_html_d5b6b0dac8.txt,https://japan.kantei.go.jp/103/statement/202508/20speech.html,japan,Prime Minister's Office of Japan (Kantei),"Special Address by Prime Minister Ishiba at the Sasakawa Peace Foundation-Hosted TICAD9 Side Event on “Building Sustainable, Resilient and Inclusive Food Systems and Local Economies in Africa Anchored in the Blue Economy and Agriculture” (Speeches and Statements <br>by the Prime Minister) | Prime Minister's Office of Japan",SPEECH,"August 20, 2025",en
data/raw/japan/103_statement_202508_21aisatsu02_html_afe1dc670f.html,data/cleaned/japan/103_statement_202508_21aisatsu02_html_afe1dc670f.txt,https://japan.kantei.go.jp/103/statement/202508/21aisatsu02.html,japan,Prime Minister's Office of Japan (Kantei),Address by Prime Minister Ishiba at the Public-Private Business Dialogue of TICAD 9 (Speeches and Statements <br>by the Prime Minister) | Prime Minister's Office of Japan,SPEECH,"August 21, 2025",en
data/raw/japan/103_statement_202508_22heikaishiki_html_2a4011f461.html,data/cleaned/japan/103_statement_202508_22heikaishiki_html_2a4011f461.txt,https://japan.kantei.go.jp/103/statement/202508/22heikaishiki.html,japan,Prime Minister's Office of Japan (Kantei),Address by Prime Minister Ishiba at the Closing Ceremony of TICAD 9 (Speeches and Statements <br>by the Prime Minister) | Prime Minister's Office of Japan,SPEECH,"August 22, 2025",en
data/raw/japan/103_statement_202508_22kaiken_html_be28ce4131.html,data/cleaned/japan/103_statement_202508_22kaiken_html_be28ce4131.txt,https://japan.kantei.go.jp/103/statement/202508/22kaiken.html,japan,Prime Minister's Office of Japan (Kantei),Joint Press Conference at the Ninth Tokyo International Conference on African Development (TICAD 9) (Speeches and Statements <br>by the Prime Minister) | Prime Minister's Office of Japan,PRESS_CONFERENCE,"August 22, 2025",en
data/raw/japan/103_statement_202508_23kaiken_html_622d24d400.html,data/cleaned/japan/103_statement_202508_23kaiken_html_622d24d400.txt,https://japan.kantei.go.jp/103/statement/202508/23kaiken.html,japan,Prime Minister's Office of Japan (Kantei),Press Conference by Prime Minister ISHIBA Shigeru regarding His Visit to the Japan Maritime Self-Defense Force Yokosuka Base and Other Matters (Speeches and Statements <br>by the Prime Minister) | Prime Minister's Office of Japan,PRESS_CONFERENCE,"August 23, 2025",en
data/raw/japan/103_statement_202508_23kyoudou_happyou_html_0b1ebbeacd.html,data/cleaned/japan/103_statement_202508_23kyoudou_happyou_html_0b1ebbeacd.txt,https://japan.kantei.go.jp/103/statement/202508/23kyoudou_happyou.html,japan,Prime Minister's Office of Japan (Kantei),Prime Minister Ishiba’s Remarks at the Joint Press Occasion with President Lee of the Republic of Korea (Speeches and Statements <br>by the Prime Minister) | Prime Minister's Office of Japan,SPEECH,"August 23, 2025",en
data/raw/japan/103_statement_202508_30kaiken_html_4515a2ce23.html,data/cleaned/japan/103_statement_202508_30kaiken_html_4515a2ce23.txt,https://japan.kantei.go.jp/103/statement/202508/30kaiken.html,japan,Prime Minister's Office of Japan (Kantei),Press Conference by Prime Minister ISHIBA Shigeru regarding His Visit to Miyagi Prefecture with Prime Minister Modi of India and Other Matters (Speeches and Statements <br>by the Prime Minister) | Prime Minister's Office of Japan,PRESS_CONFERENCE,"August 30, 2025",en
data/raw/japan/103_statement_202509_04message_html_5ff9c1674a.html,data/cleaned/japan/103_statement_202509_04message_html_5ff9c1674a.txt,https://japan.kantei.go.jp/103/statement/202509/04message.html,japan,Prime Minister's Office of Japan (Kantei),Message of condolences from Prime Minister ISHIBA Shigeru on the cable car incident occurred in the Portuguese Republic (Speeches and Statements <br>by the Prime Minister) | Prime Minister's Office of Japan,SPEECH,"September 4, 2025",en
data/raw/japan/103_statement_202509_05bura_html_265bb5876d.html,data/cleaned/japan/103_statement_202509_05bura_html_265bb5876d.txt,https://japan.kantei.go.jp/103/statement/202509/05bura.html,japan,Prime Minister's Office of Japan (Kantei),Press Conference by Prime Minister ISHIBA Shigeru regarding the Signing of the Presidential Executive Order on the Reduction of U.S. Tariffs and Other Matters (Speeches and Statements <br>by the Prime Minister) | Prime Minister's Office of Japan,PRESS_CONFERENCE,"September 5, 2025",en
data/raw/japan/103_statement_202509_05kishahappyou_html_65d8c07e67.html,data/cleaned/japan/103_statement_202509_05kishahappyou_html_65d8c07e67.txt,https://japan.kantei.go.jp/103/statement/202509/05kishahappyou.html,japan,Prime Minister's Office of Japan (Kantei),Prime Minister Ishiba’s Remarks at the Joint Press Occasion with President Mulino of Panama (Speeches and Statements <br>by the Prime Minister) | Prime Minister's Office of Japan,SPEECH,"September 5, 2025",en
data/raw/japan/103_statement_202509_06message_html_45cb50dc29.html,data/cleaned/japan/103_statement_202509_06message_html_45cb50dc29.txt,https://japan.kantei.go.jp/103/statement/202509/06message.html,japan,Prime Minister's Office of Japan (Kantei),Video Message from Prime Minister Ishiba to the symposium on Transforming Global Talent: A Proactive Approach (Speeches and Statements <br>by the Prime Minister) | Prime Minister's Office of Japan,JOINT_STATEMENT,"September 6, 2025",en
data/raw/japan/103_statement_202509_07kaiken_html_7d53cea906.html,data/cleaned/japan/103_statement_202509_07kaiken_html_7d53cea906.txt,https://japan.kantei.go.jp/103/statement/202509/07kaiken.html,japan,Prime Minister's Office of Japan (Kantei),Press Conference by Prime Minister ISHIBA Shigeru (Speeches and Statements <br>by the Prime Minister) | Prime Minister's Office of Japan,PRESS_CONFERENCE,"September 7, 2025",en
data/raw/japan/103_statement_202509_11kyoudou_happyou_html_6333fedef4.html,data/cleaned/japan/103_statement_202509_11kyoudou_happyou_html_6333fedef4.txt,https://japan.kantei.go.jp/103/statement/202509/11kyoudou_happyou.html,japan,Prime Minister's Office of Japan (Kantei),Prime Minister Ishiba’s Remarks at the Joint Press Occasion with Prime Minister Luís Montenegro of Portugal (Speeches and Statements <br>by the Prime Minister) | Prime Minister's Office of Japan,JOINT_STATEMENT,"September 11, 2025",en
data/raw/japan/103_statement_202509_12message_html_b8654bb6d9.html,data/cleaned/japan/103_statement_202509_12message_html_b8654bb6d9.txt,https://japan.kantei.go.jp/103/statement/202509/12message.html,japan,Prime Minister's Office of Japan (Kantei),Video Message from Prime Minister Ishiba for the 4th Coast Guard Global Summit  (Speeches and Statements <br>by the Prime Minister) | Prime Minister's Office of Japan,SPEECH,"September 12, 2025",en
data/raw/japan/103_statement_202509_17bura_html_3a464ab841.html,data/cleaned/japan/103_statement_202509_17bura_html_3a464ab841.txt,https://japan.kantei.go.jp/103/statement/202509/17bura.html,japan,Prime Minister's Office of Japan (Kantei),"Press Conference by Prime Minister ISHIBA Shigeru regarding His Visit to the Expo 2025, Osaka, Kansai, Japan and Other Matters (Speeches and Statements <br>by the Prime Minister) | Prime Minister's Office of Japan",PRESS_CONFERENCE,"September 17, 2025",en
data/raw/japan/103_statement_202509_23enzetsu_html_a338446625.html,data/cleaned/japan/103_statement_202509_23enzetsu_html_a338446625.txt,https://japan.kantei.go.jp/103/statement/202509/23enzetsu.html,japan,Prime Minister's Office of Japan (Kantei),Address by Prime Minister ISHIBA Shigeru  at the Eightieth Session of the United Nations General Assembly (Speeches and Statements <br>by the Prime Minister) | Prime Minister's Office of Japan,SPEECH,"September 23, 2025",en
data/raw/japan/103_statement_202509_23kaiken_html_95706dea95.html,data/cleaned/japan/103_statement_202509_23kaiken_html_95706dea95.txt,https://japan.kantei.go.jp/103/statement/202509/23kaiken.html,japan,Prime Minister's Office of Japan (Kantei),Press Conference by Prime Minister ISHIBA Shigeru regarding His Upcoming Visit to the United States and Other Matters (Speeches and Statements <br>by the Prime Minister) | Prime Minister's Office of Japan,PRESS_CONFERENCE,"September 23, 2025",en
data/raw/japan/103_statement_202509_24naigai_00001_html_ddc787d633.html,data/cleaned/japan/103_statement_202509_24naigai_00001_html_ddc787d633.txt,https://japan.kantei.go.jp/103/statement/202509/24naigai_00001.html,japan,Prime Minister's Office of Japan (Kantei),Press Conference by Prime Minister ISHIBA Shigeru Following his Visit to the United States of America (Speeches and Statements <br>by the Prime Minister) | Prime Minister's Office of Japan,PRESS_CONFERENCE,"September 24, 2025",en
data/raw/japan/103_statement_202509_25message2_html_f067511c18.html,data/cleaned/japan/103_statement_202509_25message2_html_f067511c18.txt,https://japan.kantei.go.jp/103/statement/202509/25message2.html,japan,Prime Minister's Office of Japan (Kantei),Video Message from Prime Minister Ishiba to Tourism EXPO Japan 2025 (Speeches and Statements <br>by the Prime Minister) | Prime Minister's Office of Japan,SPEECH,"September 25, 2025",en
data/raw/japan/103_statement_202509_29kyoudou_happyou_html_dbef2c1171.html,data/cleaned/japan/103_statement_202509_29kyoudou_happyou_html_dbef2c1171.txt,https://japan.kantei.go.jp/103/statement/202509/29kyoudou_happyou.html,japan,Prime Minister's Office of Japan (Kantei),Prime Minister Ishiba’s Remarks at the Joint Press Occasion with President Disanayaka of Sri Lanka (Speeches and Statements <br>by the Prime Minister) | Prime Minister's Office of Japan,SPEECH,"September 29, 2025",en
data/raw/japan/103_statement_202509_30kaiken_html_3fe681b28a.html,data/cleaned/japan/103_statement_202509_30kaiken_html_3fe681b28a.txt,https://japan.kantei.go.jp/103/statement/202509/30kaiken.html,japan,Prime Minister's Office of Japan (Kantei),Press Conference by Prime Minister ISHIBA Shigeru regarding His Upcoming Visit to the Republic of Korea (Speeches and Statements <br>by the Prime Minister) | Prime Minister's Office of Japan,PRESS_CONFERENCE,"September 30, 2025",en
data/raw/japan/103_statement_202509_30kaiken2_html_b67e15022c.html,data/cleaned/japan/103_statement_202509_30kaiken2_html_b67e15022c.txt,https://japan.kantei.go.jp/103/statement/202509/30kaiken2.html,japan,Prime Minister's Office of Japan (Kantei),Press Conference by Prime Minister ISHIBA Shigeru regarding the Japan-Republic of Korea Summit Meeting and Other Matters (Speeches and Statements <br>by the Prime Minister) | Prime Minister's Office of Japan,PRESS_CONFERENCE,"September 30, 2025",en
data/raw/japan/103_statement_202510_01message_html_ee002900cb.html,data/cleaned/japan/103_statement_202510_01message_html_ee002900cb.txt,https://japan.kantei.go.jp/103/statement/202510/01message.html,japan,Prime Minister's Office of Japan (Kantei),Message of condolences from Prime Minister Ishiba on the earthquake in the Philippines (Speeches and Statements <br>by the Prime Minister) | Prime Minister's Office of Japan,SPEECH,"October 1, 2025",en
data/raw/japan/103_statement_202510_06comment_html_e3cc0a4d28.html,data/cleaned/japan/103_statement_202510_06comment_html_e3cc0a4d28.txt,https://japan.kantei.go.jp/103/statement/202510/06comment.html,japan,Prime Minister's Office of Japan (Kantei),Comment by Prime Minister Ishiba on the Nobel Prize in Physiology or Medicine 2025 (Speeches and Statements <br>by the Prime Minister) | Prime Minister's Office of Japan,SPEECH,"October 6, 2025",en
data/raw/japan/103_statement_202510_06message_html_19503696da.html,data/cleaned/japan/103_statement_202510_06message_html_19503696da.txt,https://japan.kantei.go.jp/103/statement/202510/06message.html,japan,Prime Minister's Office of Japan (Kantei),Video Message from Prime Minister Ishiba to the 22nd Annual Meeting of the Science and Technology in Society forum (STS forum) (Speeches and Statements <br>by the Prime Minister) | Prime Minister's Office of Japan,SPEECH,"October 6, 2025",en
data/raw/japan/103_statement_202510_08comment_html_c074737cdd.html,data/cleaned/japan/103_statement_202510_08comment_html_c074737cdd.txt,https://japan.kantei.go.jp/103/statement/202510/08comment.html,japan,Prime Minister's Office of Japan (Kantei),Comment by Prime Minister Ishiba on the Nobel Prize in Chemistry 2025 (Speeches and Statements <br>by the Prime Minister) | Prime Minister's Office of Japan,SPEECH,"October 8, 2025",en
data/raw/japan/103_statement_202510_08message_html_da901f88bf.html,data/cleaned/japan/103_statement_202510_08message_html_da901f88bf.txt,https://japan.kantei.go.jp/103/statement/202510/08message.html,japan,Prime Minister's Office of Japan (Kantei),Congratulatory letter by Prime Minister Ishiba to President Mutharika of the Republic of Malawi (Speeches and Statements <br>by the Prime Minister) | Prime Minister's Office of Japan,SPEECH,"October 8, 2025",en
data/raw/japan/103_statement_202510_10kaiken_html_78bf3f63a7.html,data/cleaned/japan/103_statement_202510_10kaiken_html_78bf3f63a7.txt,https://japan.kantei.go.jp/103/statement/202510/10kaiken.html,japan,Prime Minister's Office of Japan (Kantei),Press Conference by Prime Minister Ishiba (Speeches and Statements <br>by the Prime Minister) | Prime Minister's Office of Japan,PRESS_CONFERENCE,"October 10, 2025",en
data/raw/japan/103_statement_202510_13aisatsu_html_0c39d8013f.html,data/cleaned/japan/103_statement_202510_13aisatsu_html_0c39d8013f.txt,https://japan.kantei.go.jp/103/statement/202510/13aisatsu.html,japan,Prime Minister's Office of Japan (Kantei),"Address by Prime Minister ISHIBA Shigeru at the Closing Ceremony of Expo 2025 Osaka, Kansai, Japan (Speeches and Statements <br>by the Prime Minister) | Prime Minister's Office of Japan",SPEECH,"October 13, 2025",en
data/raw/japan/103_statement_202510_13kaiken_html_ae9cf90172.html,data/cleaned/japan/103_statement_202510_13kaiken_html_ae9cf90172.txt,https://japan.kantei.go.jp/103/statement/202510/13kaiken.html,japan,Prime Minister's Office of Japan (Kantei),"Press Conference by Prime Minister ISHIBA Shigeru regarding Expo 2025 Osaka, Kansai, Japan (Speeches and Statements <br>by the Prime Minister) | Prime Minister's Office of Japan",PRESS_CONFERENCE,"October 13, 2025",en
data/raw/japan/103_statement_202510_17danwa_html_fc2cb6fe79.html,data/cleaned/japan/103_statement_202510_17danwa_html_fc2cb6fe79.txt,https://japan.kantei.go.jp/103/statement/202510/17danwa.html,japan,Prime Minister's Office of Japan (Kantei),Statement by Prime Minister ISHIBA Shigeru on the Passing of Former Prime Minister MURAYAMA Tomiichi (Speeches and Statements <br>by the Prime Minister) | Prime Minister's Office of Japan,SPEECH,"October 17, 2025",en
data/raw/japan/103_statement_202510_21danwa_html_39ef58521b.html,data/cleaned/japan/103_statement_202510_21danwa_html_39ef58521b.txt,https://japan.kantei.go.jp/103/statement/202510/21danwa.html,japan,Prime Minister's Office of Japan (Kantei),Statement by Prime Minister ISHIBA Shigeru upon the General Resignation of the Ishiba Cabinet (Speeches and Statements <br>by the Prime Minister) | Prime Minister's Office of Japan,SPEECH,"October 21, 2025",en
data/raw/japan/104_statement_202510_21danwa_html_b57440f54f.html,data/cleaned/japan/104_statement_202510_21danwa_html_b57440f54f.txt,https://japan.kantei.go.jp/104/statement/202510/21danwa.html,japan,Prime Minister's Office of Japan (Kantei),Statement by Prime Minister TAKAICHI Sanae (Speeches and Statements <br>by the Prime Minister) | Prime Minister's Office of Japan,SPEECH,"October 21, 2025",en
data/raw/japan/104_statement_202510_21kaiken_html_34d486624e.html,data/cleaned/japan/104_statement_202510_21kaiken_html_34d486624e.txt,https://japan.kantei.go.jp/104/statement/202510/21kaiken.html,japan,Prime Minister's Office of Japan (Kantei),Press Conference by Prime Minister TAKAICHI Sanae (Speeches and Statements <br>by the Prime Minister) | Prime Minister's Office of Japan,PRESS_CONFERENCE,"October 21, 2025",en
data/raw/japan/104_statement_202510_22bura1_html_ae1cc2bbb0.html,data/cleaned/japan/104_statement_202510_22bura1_html_ae1cc2bbb0.txt,https://japan.kantei.go.jp/104/statement/202510/22bura1.html,japan,Prime Minister's Office of Japan (Kantei),Press Conference by Prime Minister Takaichi regarding the Ballistic Missile Launch by North Korea (Speeches and Statements <br>by the Prime Minister) | Prime Minister's Office of Japan,PRESS_CONFERENCE,"October 22, 2025",en
data/raw/japan/104_statement_202510_22bura2_html_d948461d38.html,data/cleaned/japan/104_statement_202510_22bura2_html_d948461d38.txt,https://japan.kantei.go.jp/104/statement/202510/22bura2.html,japan,Prime Minister's Office of Japan (Kantei),"Press Conference by Prime Minister TAKAICHI Sanae regarding Her Aspirations upon the Inauguration of Her New Cabinet, the Upcoming Diplomatic Schedule, and Other Matters (Speeches and Statements <br>by the Prime Minister) | Prime Minister's Office of Japan",PRESS_CONFERENCE,"October 22, 2025",en
data/raw/japan/104_statement_202510_24shoshinhyomei_html_4ce8b929cc.html,data/cleaned/japan/104_statement_202510_24shoshinhyomei_html_4ce8b929cc.txt,https://japan.kantei.go.jp/104/statement/202510/24shoshinhyomei.html,japan,Prime Minister's Office of Japan (Kantei),Policy Speech by Prime Minister TAKAICHI Sanae to the 219th Session of the Diet (Speeches and Statements <br>by the Prime Minister) | Prime Minister's Office of Japan,SPEECH,"October 24, 2025",en
data/raw/japan/104_statement_202510_25kaiken_00002_html_2afb501580.html,data/cleaned/japan/104_statement_202510_25kaiken_00002_html_2afb501580.txt,https://japan.kantei.go.jp/104/statement/202510/25kaiken_00002.html,japan,Prime Minister's Office of Japan (Kantei),Press Conference by Prime Minister TAKAICHI Sanae Regarding the Japan-U.S. Summit Telephone Talks (Speeches and Statements <br>by the Prime Minister) | Prime Minister's Office of Japan,PRESS_CONFERENCE,"October 25, 2025",en
data/raw/japan/104_statement_202510_25kaiken_00007_html_6d038e89df.html,data/cleaned/japan/104_statement_202510_25kaiken_00007_html_6d038e89df.txt,https://japan.kantei.go.jp/104/statement/202510/25kaiken_00007.html,japan,Prime Minister's Office of Japan (Kantei),Press Conference by Prime Minister Takaichi regarding Her Attendance at the Upcoming ASEAN-related Summit Meetings (Speeches and Statements <br>by the Prime Minister) | Prime Minister's Office of Japan,PRESS_CONFERENCE,"October 25, 2025",en
data/raw/japan/104_statement_202510_25message_html_5533ac51e3.html,data/cleaned/japan/104_statement_202510_25message_html_5533ac51e3.txt,https://japan.kantei.go.jp/104/statement/202510/25message.html,japan,Prime Minister's Office of Japan (Kantei),Message of Congratulations from Prime Minister TAKAICHI on the Occasion of the 12th Mt. Fuji Dialogue (Speeches and Statements <br>by the Prime Minister) | Prime Minister's Office of Japan,SPEECH,"October 25, 2025",en
data/raw/japan/104_statement_202510_26kaiken_html_e18c1fa5f2.html,data/cleaned/japan/104_statement_202510_26kaiken_html_e18c1fa5f2.txt,https://japan.kantei.go.jp/104/statement/202510/26kaiken.html,japan,Prime Minister's Office of Japan (Kantei),Press Conference by Prime Minister TAKAICHI Sanae Regarding her Attendance at the ASEAN-related Summit Meetings and Other Matters (Speeches and Statements <br>by the Prime Minister) | Prime Minister's Office of Japan,PRESS_CONFERENCE,"October 26, 2025",en
data/raw/japan/104_statement_202510_26message_00001_html_bc63d40f35.html,data/cleaned/japan/104_statement_202510_26message_00001_html_bc63d40f35.txt,https://japan.kantei.go.jp/104/statement/202510/26message_00001.html,japan,Prime Minister's Office of Japan (Kantei),"Contributed Article ""Making Japan and ASEAN stronger and more prosperous together"" by Prime Minister TAKAICHI Sanae to the Malaysian newspapers The New Straits Times, The Berita Harian, and The Sin Chew Daily (Speeches and Statements <br>by the Prime Minister) | Prime Minister's Office of Japan",SPEECH,"October 26, 2025",en
data/raw/japan/104_statement_202510_28kaiken_html_3c8c8f12bf.html,data/cleaned/japan/104_statement_202510_28kaiken_html_3c8c8f12bf.txt,https://japan.kantei.go.jp/104/statement/202510/28kaiken.html,japan,Prime Minister's Office of Japan (Kantei),Press Conference by Prime Minister TAKAICHI Sanae Regarding the Visit to Japan by U.S. President Trump (Speeches and Statements <br>by the Prime Minister) | Prime Minister's Office of Japan,PRESS_CONFERENCE,"October 28, 2025",en
data/raw/japan/104_statement_202510_30kaiken_html_9e9d13f531.html,data/cleaned/japan/104_statement_202510_30kaiken_html_9e9d13f531.txt,https://japan.kantei.go.jp/104/statement/202510/30kaiken.html,japan,Prime Minister's Office of Japan (Kantei),Press Conference by Prime Minister TAKAICHI Sanae regarding Her Attendance at the Upcoming APEC Economic Leaders’ Meeting (Speeches and Statements <br>by the Prime Minister) | Prime Minister's Office of Japan,PRESS_CONFERENCE,"October 30, 2025",en
data/raw/japan/104_statement_202510_30kaiken2_html_29477cba60.html,data/cleaned/japan/104_statement_202510_30kaiken2_html_29477cba60.txt,https://japan.kantei.go.jp/104/statement/202510/30kaiken2.html,japan,Prime Minister's Office of Japan (Kantei),Press Conference by Prime Minister TAKAICHI Sanae regarding the Japan-ROK Summit Meeting (Speeches and Statements <br>by the Prime Minister) | Prime Minister's Office of Japan,PRESS_CONFERENCE,"October 30, 2025",en
data/raw/japan/104_statement_202510_31kaiken_html_ac98859e2c.html,data/cleaned/japan/104_statement_202510_31kaiken_html_ac98859e2c.txt,https://japan.kantei.go.jp/104/statement/202510/31kaiken.html,japan,Prime Minister's Office of Japan (Kantei),Press Conference by Prime Minister TAKAICHI Sanae regarding the Japan-China Summit Meeting (Speeches and Statements <br>by the Prime Minister) | Prime Minister's Office of Japan,PRESS_CONFERENCE,"October 31, 2025",en
data/raw/japan/104_statement_index_html_b8228f57a9.html,data/cleaned/japan/104_statement_index_html_b8228f57a9.txt,https://japan.kantei.go.jp/104/statement/index.html,japan,Prime Minister's Office of Japan (Kantei),Statements | Prime Minister's Office of Japan,STATEMENT,"February 17, 2026",en
data/raw/japan/104_statement_202511_01naigai_html_3573c8aed4.html,data/cleaned/japan/104_statement_202511_01naigai_html_3573c8aed4.txt,https://japan.kantei.go.jp/104/statement/202511/01naigai.html,japan,Prime Minister's Office of Japan (Kantei),Press Conference by Prime Minister TAKAICHI Sanae after Attending the APEC Economic Leaders' Meeting (Speeches and Statements <br>by the Prime Minister) | Prime Minister's Office of Japan,PRESS_CONFERENCE,"November 1, 2025",en
data/raw/japan/104_statement_202511_07kaiken_html_487f906662.html,data/cleaned/japan/104_statement_202511_07kaiken_html_487f906662.txt,https://japan.kantei.go.jp/104/statement/202511/07kaiken.html,japan,Prime Minister's Office of Japan (Kantei),Press Conference by Prime Minister Takaichi regarding the Launch of a Suspected Ballistic Missile by North Korea (Speeches and Statements <br>by the Prime Minister) | Prime Minister's Office of Japan,PRESS_CONFERENCE,"November 7, 2025",en
data/raw/japan/104_statement_202511_11message_html_292ed24554.html,data/cleaned/japan/104_statement_202511_11message_html_292ed24554.txt,https://japan.kantei.go.jp/104/statement/202511/11message.html,japan,Prime Minister's Office of Japan (Kantei),"Message of condolences from Prime Minister TAKAICHI regarding the explosion that occurred in Delhi, the Republic of India (Speeches and Statements <br>by the Prime Minister) | Prime Minister's Office of Japan",SPEECH,"November 11, 2025",en
data/raw/japan/104_statement_202511_14kaiken_html_def570217c.html,data/cleaned/japan/104_statement_202511_14kaiken_html_def570217c.txt,https://japan.kantei.go.jp/104/statement/202511/14kaiken.html,japan,Prime Minister's Office of Japan (Kantei),Press Conference by Prime Minister TAKAICHI Sanae regarding the Issue of the Abduction of Japanese Nationals by North Korea (Speeches and Statements <br>by the Prime Minister) | Prime Minister's Office of Japan,PRESS_CONFERENCE,"November 14, 2025",en
data/raw/japan/104_statement_202511_21kaiken_html_600626c045.html,data/cleaned/japan/104_statement_202511_21kaiken_html_600626c045.txt,https://japan.kantei.go.jp/104/statement/202511/21kaiken.html,japan,Prime Minister's Office of Japan (Kantei),Press Conference by Prime Minister TAKAICHI Sanae regarding Comprehensive Economic Measures and Other Matters  (Speeches and Statements <br>by the Prime Minister) | Prime Minister's Office of Japan,PRESS_CONFERENCE,"November 21, 2025",en
data/raw/japan/104_statement_202511_21message_html_35d450f918.html,data/cleaned/japan/104_statement_202511_21message_html_35d450f918.txt,https://japan.kantei.go.jp/104/statement/202511/21message.html,japan,Prime Minister's Office of Japan (Kantei),"Contributed Article ""Co-Creating the Future of Japan and Africa"" by Prime Minister TAKAICHI Sanae in South Africa’s “Business Day” (Speeches and Statements <br>by the Prime Minister) | Prime Minister's Office of Japan",SPEECH,"November 21, 2025",en
data/raw/japan/104_statement_202511_23kaiken_00001_html_e584c76569.html,data/cleaned/japan/104_statement_202511_23kaiken_00001_html_e584c76569.txt,https://japan.kantei.go.jp/104/statement/202511/23kaiken_00001.html,japan,Prime Minister's Office of Japan (Kantei),Press Conference by Prime Minister TAKAICHI Sanae regarding Her Attendance at the G20 Johannesburg Summit and Other Matters (Speeches and Statements <br>by the Prime Minister) | Prime Minister's Office of Japan,PRESS_CONFERENCE,"November 23, 2025",en
data/raw/japan/104_statement_202512_02kaiken_html_60ceb3ee99.html,data/cleaned/japan/104_statement_202512_02kaiken_html_60ceb3ee99.txt,https://japan.kantei.go.jp/104/statement/202512/02kaiken.html,japan,Prime Minister's Office of Japan (Kantei),Press Conference by Prime Minister TAKAICHI Sanae regarding Her Visit to Fukushima Prefecture (Speeches and Statements <br>by the Prime Minister) | Prime Minister's Office of Japan,PRESS_CONFERENCE,"December 2, 2025",en
data/raw/japan/104_statement_202512_06message_html_98214b479d.html,data/cleaned/japan/104_statement_202512_06message_html_98214b479d.txt,https://japan.kantei.go.jp/104/statement/202512/06message.html,japan,Prime Minister's Office of Japan (Kantei),Video Message by Prime Minister Takaichi for the UHC High-Level Forum 2025 (Speeches and Statements <br>by the Prime Minister) | Prime Minister's Office of Japan,SPEECH,"December 6, 2025",en
data/raw/japan/104_statement_202512_07kaiken_html_7b7051242e.html,data/cleaned/japan/104_statement_202512_07kaiken_html_7b7051242e.txt,https://japan.kantei.go.jp/104/statement/202512/07kaiken.html,japan,Prime Minister's Office of Japan (Kantei),Press Conference by Prime Minister TAKAICHI Sanae regarding Her Visit to Ishikawa Prefecture for a Site Visit on Recovery and Reconstruction Efforts Following the 2024 Noto Peninsula Earthquake and Heavy Rains and Other Matters (Speeches and Statements <br>by the Prime Minister) | Prime Minister's Office of Japan,PRESS_CONFERENCE,"December 7, 2025",en
data/raw/japan/104_statement_202512_08kaiken_html_0836c016ab.html,data/cleaned/japan/104_statement_202512_08kaiken_html_0836c016ab.txt,https://japan.kantei.go.jp/104/statement/202512/08kaiken.html,japan,Prime Minister's Office of Japan (Kantei),Press Conference on the Earthquake Centered off the Eastern Coast of Aomori Prefecture (Speeches and Statements <br>by the Prime Minister) | Prime Minister's Office of Japan,PRESS_CONFERENCE,"December 8, 2025",en
data/raw/japan/104_statement_202512_08message_html_ddd175588b.html,data/cleaned/japan/104_statement_202512_08message_html_ddd175588b.txt,https://japan.kantei.go.jp/104/statement/202512/08message.html,japan,Prime Minister's Office of Japan (Kantei),Congratulatory Letter from Prime Minister TAKAICHI to President OUATTARA of the Republic of Côte d’Ivoire (Speeches and Statements <br>by the Prime Minister) | Prime Minister's Office of Japan,SPEECH,"December 8, 2025",en
data/raw/japan/104_statement_202512_09kaiken_html_73e1fb12ac.html,data/cleaned/japan/104_statement_202512_09kaiken_html_73e1fb12ac.txt,https://japan.kantei.go.jp/104/statement/202512/09kaiken.html,japan,Prime Minister's Office of Japan (Kantei),Press Conference by Prime Minister TAKAICHI Sanae regarding the Earthquake off the Eastern Coast of Aomori Prefecture (2) (Speeches and Statements <br>by the Prime Minister) | Prime Minister's Office of Japan,PRESS_CONFERENCE,"December 9, 2025",en
data/raw/japan/104_statement_202512_09kaiken2_html_bc7e2757eb.html,data/cleaned/japan/104_statement_202512_09kaiken2_html_bc7e2757eb.txt,https://japan.kantei.go.jp/104/statement/202512/09kaiken2.html,japan,Prime Minister's Office of Japan (Kantei),Press Conference by Prime Minister TAKAICHI Sanae on the Earthquake Centered off the Eastern Coast of Aomori Prefecture and Off the Coast of Hokkaido and Sanriku Subsequent Earthquake Advisory (Speeches and Statements <br>by the Prime Minister) | Prime Minister's Office of Japan,PRESS_CONFERENCE,"December 9, 2025",en
data/raw/japan/104_statement_202512_15message_html_6c4d6de15f.html,data/cleaned/japan/104_statement_202512_15message_html_6c4d6de15f.txt,https://japan.kantei.go.jp/104/statement/202512/15message.html,japan,Prime Minister's Office of Japan (Kantei),"Message of condolences from Prime Minister TAKAICHI regarding the shooting incident in Sydney, Australia (Speeches and Statements <br>by the Prime Minister) | Prime Minister's Office of Japan",SPEECH,"December 15, 2025",en
data/raw/japan/104_statement_202512_17kaiken_html_6baeacfff3.html,data/cleaned/japan/104_statement_202512_17kaiken_html_6baeacfff3.txt,https://japan.kantei.go.jp/104/statement/202512/17kaiken.html,japan,Prime Minister's Office of Japan (Kantei),Press Conference by Prime Minister Takaichi (Speeches and Statements <br>by the Prime Minister) | Prime Minister's Office of Japan,PRESS_CONFERENCE,"December 17, 2025",en
data/raw/japan/104_statement_202512_20kaiken_00001_html_7bddccb8a3.html,data/cleaned/japan/104_statement_202512_20kaiken_00001_html_7bddccb8a3.txt,https://japan.kantei.go.jp/104/statement/202512/20kaiken_00001.html,japan,Prime Minister's Office of Japan (Kantei),"Press Conference by Prime Minister TAKAICHI Sanae regarding the Summit of ""Central Asia plus Japan"" Dialogue (Speeches and Statements <br>by the Prime Minister) | Prime Minister's Office of Japan",PRESS_CONFERENCE,"December 20, 2025",en
data/raw/japan/104_statement_202512_22message_html_bc10e4d0d5.html,data/cleaned/japan/104_statement_202512_22message_html_bc10e4d0d5.txt,https://japan.kantei.go.jp/104/statement/202512/22message.html,japan,Prime Minister's Office of Japan (Kantei),Video Message from Prime Minister Takaichi for the 8th Asia-Africa-Arab 55 General Assembly (Speeches and Statements <br>by the Prime Minister) | Prime Minister's Office of Japan,SPEECH,"December 22, 2025",en
data/raw/japan/104_statement_202512_26kaiken_html_c4e2542b82.html,data/cleaned/japan/104_statement_202512_26kaiken_html_c4e2542b82.txt,https://japan.kantei.go.jp/104/statement/202512/26kaiken.html,japan,Prime Minister's Office of Japan (Kantei),Press Conference by Prime Minister Takaichi regarding the Cabinet Approving the Fiscal Year 2026 Draft Budget (Speeches and Statements <br>by the Prime Minister) | Prime Minister's Office of Japan,PRESS_CONFERENCE,"December 26, 2025",en
data/raw/japan/104_statement_202512_30message_html_4b4dc23ccc.html,data/cleaned/japan/104_statement_202512_30message_html_4b4dc23ccc.txt,https://japan.kantei.go.jp/104/statement/202512/30message.html,japan,Prime Minister's Office of Japan (Kantei),"Message of Condolences by Prime Minister Takaichi following the passing of Her Excellency Begum Khaleda Zia, former Prime Minister of the People’s Republic of Bangladesh (Speeches and Statements <br>by the Prime Minister) | Prime Minister's Office of Japan",SPEECH,"December 30, 2025",en
data/raw/japan/101_kishida_meibo_index_e_html_4eeca2409f.html,data/cleaned/japan/101_kishida_meibo_index_e_html_4eeca2409f.txt,https://japan.kantei.go.jp/101_kishida/meibo/index_e.html,japan,Prime Minister's Office of Japan (Kantei),The Cabinet | Prime Minister's Office of Japan,OTHER,"August 10, 2022",en
data/raw/japan/96_abe_statement_index_e_html_a3a3a51089.html,data/cleaned/japan/96_abe_statement_index_e_html_a3a3a51089.txt,https://japan.kantei.go.jp/96_abe/statement/index_e.html,japan,Prime Minister's Office of Japan (Kantei),Speeches and Statements by the Prime Minister | Prime Minister of Japan and His Cabinet,PRESS_CONFERENCE,"December 3, 2014",en
data/raw/japan/97_abe_statement_index_e_html_a2c9c59600.html,data/cleaned/japan/97_abe_statement_index_e_html_a2c9c59600.txt,https://japan.kantei.go.jp/97_abe/statement/index_e.html,japan,Prime Minister's Office of Japan (Kantei),Speeches and Statements by the Prime Minister | Prime Minister of Japan and His Cabinet,PRESS_CONFERENCE,"October 5, 2017",en
data/raw/japan/98_abe_statement_201711_index_html_2e6db4d522.html,data/cleaned/japan/98_abe_statement_201711_index_html_2e6db4d522.txt,https://japan.kantei.go.jp/98_abe/statement/201711/index.html,japan,Prime Minister's Office of Japan (Kantei),November 2017 (Speeches and Statements by the Prime Minister) | Prime Minister of Japan and His Cabinet,PRESS_CONFERENCE,"November 25, 2017",en
data/raw/japan/98_abe_statement_201801_index_html_00967f769d.html,data/cleaned/japan/98_abe_statement_201801_index_html_00967f769d.txt,https://japan.kantei.go.jp/98_abe/statement/201801/index.html,japan,Prime Minister's Office of Japan (Kantei),January 2018 (Speeches and Statements by the Prime Minister) | Prime Minister of Japan and His Cabinet,SPEECH,"January 22, 2018",en
data/raw/japan/98_abe_statement_201802_index_html_62cdcd71a7.html,data/cleaned/japan/98_abe_statement_201802_index_html_62cdcd71a7.txt,https://japan.kantei.go.jp/98_abe/statement/201802/index.html,japan,Prime Minister's Office of Japan (Kantei),February 2018 (Speeches and Statements by the Prime Minister) | Prime Minister of Japan and His Cabinet,SPEECH,"February 11, 2018",en
data/raw/japan/98_abe_statement_201803_index_html_07c8854b04.html,data/cleaned/japan/98_abe_statement_201803_index_html_07c8854b04.txt,https://japan.kantei.go.jp/98_abe/statement/201803/index.html,japan,Prime Minister's Office of Japan (Kantei),March 2018 (Speeches and Statements by the Prime Minister) | Prime Minister of Japan and His Cabinet,SPEECH,"March 11, 2018",en
data/raw/japan/98_abe_statement_201805_index_html_3b795d4aca.html,data/cleaned/japan/98_abe_statement_201805_index_html_3b795d4aca.txt,https://japan.kantei.go.jp/98_abe/statement/201805/index.html,japan,Prime Minister's Office of Japan (Kantei),May 2018 (Speeches and Statements by the Prime Minister) | Prime Minister of Japan and His Cabinet,PRESS_CONFERENCE,"May 25, 2018",en
data/raw/japan/98_abe_statement_201806_index_html_2859cb227f.html,data/cleaned/japan/98_abe_statement_201806_index_html_2859cb227f.txt,https://japan.kantei.go.jp/98_abe/statement/201806/index.html,japan,Prime Minister's Office of Japan (Kantei),June 2018 (Speeches and Statements by the Prime Minister) | Prime Minister of Japan and His Cabinet,PRESS_CONFERENCE,"June 30, 2018",en
data/raw/japan/98_abe_statement_201807_index_html_edc42d11bd.html,data/cleaned/japan/98_abe_statement_201807_index_html_edc42d11bd.txt,https://japan.kantei.go.jp/98_abe/statement/201807/index.html,japan,Prime Minister's Office of Japan (Kantei),July 2018 (Speeches and Statements by the Prime Minister) | Prime Minister of Japan and His Cabinet,PRESS_CONFERENCE,"July 17, 2018",en
data/raw/japan/98_abe_statement_201808_index_html_e922cd5a96.html,data/cleaned/japan/98_abe_statement_201808_index_html_e922cd5a96.txt,https://japan.kantei.go.jp/98_abe/statement/201808/index.html,japan,Prime Minister's Office of Japan (Kantei),August 2018 (Speeches and Statements by the Prime Minister) | Prime Minister of Japan and His Cabinet,SPEECH,"August 15, 2018",en
data/raw/japan/98_abe_statement_201809_index_html_971a7bceaa.html,data/cleaned/japan/98_abe_statement_201809_index_html_971a7bceaa.txt,https://japan.kantei.go.jp/98_abe/statement/201809/index.html,japan,Prime Minister's Office of Japan (Kantei),September 2018 (Speeches and Statements by the Prime Minister) | Prime Minister of Japan and His Cabinet,SPEECH,"September 26, 2018",en
data/raw/japan/98_abe_statement_201810_index_html_424fe489a1.html,data/cleaned/japan/98_abe_statement_201810_index_html_424fe489a1.txt,https://japan.kantei.go.jp/98_abe/statement/201810/index.html,japan,Prime Minister's Office of Japan (Kantei),October 2018 (Speeches and Statements by the Prime Minister) | Prime Minister of Japan and His Cabinet,SPEECH,"October 14, 2018",en
data/raw/japan/98_abe_statement_201811_index_html_bb56809409.html,data/cleaned/japan/98_abe_statement_201811_index_html_bb56809409.txt,https://japan.kantei.go.jp/98_abe/statement/201811/index.html,japan,Prime Minister's Office of Japan (Kantei),November 2018 (Speeches and Statements by the Prime Minister) | Prime Minister of Japan and His Cabinet,SPEECH,"November 25, 2018",en
data/raw/japan/98_abe_statement_201901_index_html_6740d08b46.html,data/cleaned/japan/98_abe_statement_201901_index_html_6740d08b46.txt,https://japan.kantei.go.jp/98_abe/statement/201901/index.html,japan,Prime Minister's Office of Japan (Kantei),January 2019 (Speeches and Statements by the Prime Minister) | Prime Minister of Japan and His Cabinet,PRESS_CONFERENCE,"January 28, 2019",en
data/raw/japan/98_abe_statement_201903_index_html_745f6d1ec5.html,data/cleaned/japan/98_abe_statement_201903_index_html_745f6d1ec5.txt,https://japan.kantei.go.jp/98_abe/statement/201903/index.html,japan,Prime Minister's Office of Japan (Kantei),March 2019 (Speeches and Statements by the Prime Minister) | Prime Minister of Japan and His Cabinet,SPEECH,"March 23, 2019",en
data/raw/japan/98_abe_statement_201904_index_html_fba0dc45c7.html,data/cleaned/japan/98_abe_statement_201904_index_html_fba0dc45c7.txt,https://japan.kantei.go.jp/98_abe/statement/201904/index.html,japan,Prime Minister's Office of Japan (Kantei),April 2019 (Speeches and Statements by the Prime Minister) | Prime Minister of Japan and His Cabinet,PRESS_CONFERENCE,"April 30, 2019",en
data/raw/japan/98_abe_statement_201905_index_html_eb90be1dbe.html,data/cleaned/japan/98_abe_statement_201905_index_html_eb90be1dbe.txt,https://japan.kantei.go.jp/98_abe/statement/201905/index.html,japan,Prime Minister's Office of Japan (Kantei),May 2019 (Speeches and Statements by the Prime Minister) | Prime Minister of Japan and His Cabinet,SPEECH,"May 30, 2019",en
data/raw/japan/98_abe_statement_201906_index_html_267101cc8a.html,data/cleaned/japan/98_abe_statement_201906_index_html_267101cc8a.txt,https://japan.kantei.go.jp/98_abe/statement/201906/index.html,japan,Prime Minister's Office of Japan (Kantei),June 2019 (Speeches and Statements by the Prime Minister) | Prime Minister of Japan and His Cabinet,PRESS_CONFERENCE,"June 29, 2019",en
data/raw/japan/98_abe_statement_201908_index_html_e253882735.html,data/cleaned/japan/98_abe_statement_201908_index_html_e253882735.txt,https://japan.kantei.go.jp/98_abe/statement/201908/index.html,japan,Prime Minister's Office of Japan (Kantei),August 2019 (Speeches and Statements by the Prime Minister) | Prime Minister of Japan and His Cabinet,SPEECH,"August 29, 2019",en
data/raw/japan/98_abe_statement_201909_index_html_bbf3ca336a.html,data/cleaned/japan/98_abe_statement_201909_index_html_bbf3ca336a.txt,https://japan.kantei.go.jp/98_abe/statement/201909/index.html,japan,Prime Minister's Office of Japan (Kantei),September 2019 (Speeches and Statements by the Prime Minister) | Prime Minister of Japan and His Cabinet,SPEECH,"September 27, 2019",en
data/raw/japan/98_abe_statement_201910_index_html_576dedd6a0.html,data/cleaned/japan/98_abe_statement_201910_index_html_576dedd6a0.txt,https://japan.kantei.go.jp/98_abe/statement/201910/index.html,japan,Prime Minister's Office of Japan (Kantei),October 2019 (Speeches and Statements by the Prime Minister) | Prime Minister of Japan and His Cabinet,SPEECH,"October 9, 2019",en
data/raw/japan/98_abe_statement_202001_00001_html_2ef50e4313.html,data/cleaned/japan/98_abe_statement_202001_00001_html_2ef50e4313.txt,https://japan.kantei.go.jp/98_abe/statement/202001/_00001.html,japan,Prime Minister's Office of Japan (Kantei),New Year’s Reflection by the Prime Minister (Speeches and Statements by the Prime Minister) | Prime Minister of Japan and His Cabinet,SPEECH,"January 1, 2020",en
data/raw/japan/98_abe_statement_202001_00002_html_3484b0c942.html,data/cleaned/japan/98_abe_statement_202001_00002_html_3484b0c942.txt,https://japan.kantei.go.jp/98_abe/statement/202001/_00002.html,japan,Prime Minister's Office of Japan (Kantei),"Remarks by the Prime Minister, Marking the 60th Anniversary of the Signing of the Japan-US Security Treaty (Speeches and Statements by the Prime Minister) | Prime Minister of Japan and His Cabinet",SPEECH,"January 19, 2020",en
data/raw/japan/98_abe_statement_202001_00004_html_1556c95c98.html,data/cleaned/japan/98_abe_statement_202001_00004_html_1556c95c98.txt,https://japan.kantei.go.jp/98_abe/statement/202001/_00004.html,japan,Prime Minister's Office of Japan (Kantei),Policy Speech by the Prime Minister to the 201st Session of the Diet (Speeches and Statements by the Prime Minister) | Prime Minister of Japan and His Cabinet,SPEECH,"January 20, 2020",en
data/raw/japan/98_abe_statement_202001_nypressconference_html_16fa2cc20b.html,data/cleaned/japan/98_abe_statement_202001_nypressconference_html_16fa2cc20b.txt,https://japan.kantei.go.jp/98_abe/statement/202001/_nypressconference.html,japan,Prime Minister's Office of Japan (Kantei),New Year's Press Conference by the Prime Minister (Opening Statement) (Speeches and Statements by the Prime Minister) | Prime Minister of Japan and His Cabinet,PRESS_CONFERENCE,"January 6, 2020",en
data/raw/japan/98_abe_statement_202001_index_html_f9f3c9e52e.html,data/cleaned/japan/98_abe_statement_202001_index_html_f9f3c9e52e.txt,https://japan.kantei.go.jp/98_abe/statement/202001/index.html,japan,Prime Minister's Office of Japan (Kantei),January 2020 (Speeches and Statements by the Prime Minister) | Prime Minister of Japan and His Cabinet,PRESS_CONFERENCE,"January 20, 2020",en
data/raw/japan/98_abe_statement_202002_index_html_5fdf8f3c0c.html,data/cleaned/japan/98_abe_statement_202002_index_html_5fdf8f3c0c.txt,https://japan.kantei.go.jp/98_abe/statement/202002/index.html,japan,Prime Minister's Office of Japan (Kantei),February 2020 (Speeches and Statements by the Prime Minister) | Prime Minister of Japan and His Cabinet,PRESS_CONFERENCE,"February 29, 2020",en
data/raw/japan/98_abe_statement_202003_index_html_96a53979b2.html,data/cleaned/japan/98_abe_statement_202003_index_html_96a53979b2.txt,https://japan.kantei.go.jp/98_abe/statement/202003/index.html,japan,Prime Minister's Office of Japan (Kantei),March 2020 (Speeches and Statements by the Prime Minister) | Prime Minister of Japan and His Cabinet,PRESS_CONFERENCE,"March 28, 2020",en
data/raw/japan/98_abe_statement_202004_index_html_997c18acd1.html,data/cleaned/japan/98_abe_statement_202004_index_html_997c18acd1.txt,https://japan.kantei.go.jp/98_abe/statement/202004/index.html,japan,Prime Minister's Office of Japan (Kantei),April 2020 (Speeches and Statements by the Prime Minister) | Prime Minister of Japan and His Cabinet,PRESS_CONFERENCE,"April 17, 2020",en
data/raw/japan/98_abe_statement_202005_index_html_0566d84950.html,data/cleaned/japan/98_abe_statement_202005_index_html_0566d84950.txt,https://japan.kantei.go.jp/98_abe/statement/202005/index.html,japan,Prime Minister's Office of Japan (Kantei),May 2020 (Speeches and Statements by the Prime Minister) | Prime Minister of Japan and His Cabinet,PRESS_CONFERENCE,"May 25, 2020",en
data/raw/japan/98_abe_statement_202006_index_html_222dbcc479.html,data/cleaned/japan/98_abe_statement_202006_index_html_222dbcc479.txt,https://japan.kantei.go.jp/98_abe/statement/202006/index.html,japan,Prime Minister's Office of Japan (Kantei),June 2020 (Speeches and Statements by the Prime Minister) | Prime Minister of Japan and His Cabinet,PRESS_CONFERENCE,"June 23, 2020",en
data/raw/japan/98_abe_statement_202007_index_html_8f43b2e566.html,data/cleaned/japan/98_abe_statement_202007_index_html_8f43b2e566.txt,https://japan.kantei.go.jp/98_abe/statement/202007/index.html,japan,Prime Minister's Office of Japan (Kantei),July 2020 (Speeches and Statements by the Prime Minister) | Prime Minister of Japan and His Cabinet,SPEECH,"July 17, 2020",en
data/raw/japan/98_abe_statement_202008_index_html_568fb70df9.html,data/cleaned/japan/98_abe_statement_202008_index_html_568fb70df9.txt,https://japan.kantei.go.jp/98_abe/statement/202008/index.html,japan,Prime Minister's Office of Japan (Kantei),August 2020 (Speeches and Statements by the Prime Minister) | Prime Minister of Japan and His Cabinet,PRESS_CONFERENCE,"August 28, 2020",en
data/raw/japan/98_abe_statement_index_e_html_867bb19d72.html,data/cleaned/japan/98_abe_statement_index_e_html_867bb19d72.txt,https://japan.kantei.go.jp/98_abe/statement/index_e.html,japan,Prime Minister's Office of Japan (Kantei),Speeches and Statements by the Prime Minister | Prime Minister of Japan and His Cabinet,PRESS_CONFERENCE,"September 11, 2020",en
data/raw/japan/link_index_html_9f9e87f973.html,data/cleaned/japan/link_index_html_9f9e87f973.txt,https://japan.kantei.go.jp/link/index.html,japan,Prime Minister's Office of Japan (Kantei),Links | Prime Minister's Office of Japan,OTHER,,en
data/raw/japan/policy_index_html_229002b5e0.html,data/cleaned/japan/policy_index_html_229002b5e0.txt,https://japan.kantei.go.jp/policy/index.html,japan,Prime Minister's Office of Japan (Kantei),Policy | Prime Minister's Office of Japan,OTHER,,en
data/raw/japan/cn_index_html_3626c2390f.html,data/cleaned/japan/cn_index_html_3626c2390f.txt,https://www.kantei.go.jp/cn/index.html,japan,Prime Minister's Office of Japan (Kantei),日本国首相官邸,OTHER,,en
data/raw/japan/foreign_forms_comment_ssl_html_f23f99e704.html,data/cleaned/japan/foreign_forms_comment_ssl_html_f23f99e704.txt,https://www.kantei.go.jp/foreign/forms/comment_ssl.html,japan,Prime Minister's Office of Japan (Kantei),Contact us | Prime Minister's Office of Japan,SPEECH,,en
data/raw/japan/index_html_f58534d990.html,data/cleaned/japan/index_html_f58534d990.txt,https://www.kantei.go.jp/index.html,japan,Prime Minister's Office of Japan (Kantei),首相官邸,OTHER,,UNKNOWN
data/raw/japan/user_pmojapan_ae4afa9cb8.html,data/cleaned/japan/user_pmojapan_ae4afa9cb8.txt,https://www.youtube.com/user/pmojapan,japan,UNKNOWN,Prime Minister's Office of Japan - YouTube,OTHER,,en
data/raw/japan/98_abe_statement_202002_00002_html_223a8af674.html,data/cleaned/japan/98_abe_statement_202002_00002_html_223a8af674.txt,https://japan.kantei.go.jp/98_abe/statement/202002/_00002.html,japan,Prime Minister's Office of Japan (Kantei),[COVID-19] Press Conference by the Prime Minister (Opening Statement) (Speeches and Statements by the Prime Minister) | Prime Minister of Japan and His Cabinet,PRESS_CONFERENCE,"February 29, 2020",en
data/raw/japan/98_abe_statement_202003_00001_html_98a6ff6c3e.html,data/cleaned/japan/98_abe_statement_202003_00001_html_98a6ff6c3e.txt,https://japan.kantei.go.jp/98_abe/statement/202003/_00001.html,japan,Prime Minister's Office of Japan (Kantei),[COVID-19] Press Conference by the Prime Minister (Speeches and Statements by the Prime Minister) | Prime Minister of Japan and His Cabinet,PRESS_CONFERENCE,"March 14, 2020",en
data/raw/japan/98_abe_statement_202003_00002_html_95ac918f82.html,data/cleaned/japan/98_abe_statement_202003_00002_html_95ac918f82.txt,https://japan.kantei.go.jp/98_abe/statement/202003/_00002.html,japan,Prime Minister's Office of Japan (Kantei),[COVID-19] Press Conference by the Prime Minister (Speeches and Statements by the Prime Minister) | Prime Minister of Japan and His Cabinet,PRESS_CONFERENCE,"March 28, 2020",en
data/raw/japan/98_abe_statement_202004_00001_html_f70f668fef.html,data/cleaned/japan/98_abe_statement_202004_00001_html_f70f668fef.txt,https://japan.kantei.go.jp/98_abe/statement/202004/_00001.html,japan,Prime Minister's Office of Japan (Kantei),[COVID-19] Press Conference by the Prime Minister Regarding the Declaration of a State of Emergency (Speeches and Statements by the Prime Minister) | Prime Minister of Japan and His Cabinet,PRESS_CONFERENCE,"April 7, 2020",en
data/raw/japan/98_abe_statement_202004_00002_html_598f1f0779.html,data/cleaned/japan/98_abe_statement_202004_00002_html_598f1f0779.txt,https://japan.kantei.go.jp/98_abe/statement/202004/_00002.html,japan,Prime Minister's Office of Japan (Kantei),[COVID-19] Press Conference by the Prime Minister regarding the Novel Coronavirus (Speeches and Statements by the Prime Minister) | Prime Minister of Japan and His Cabinet,PRESS_CONFERENCE,"April 17, 2020",en
data/raw/japan/98_abe_statement_202005_00001_html_794216e523.html,data/cleaned/japan/98_abe_statement_202005_00001_html_794216e523.txt,https://japan.kantei.go.jp/98_abe/statement/202005/_00001.html,japan,Prime Minister's Office of Japan (Kantei),[COVID-19] Press Conference by the Prime Minister regarding the Novel Coronavirus (Speeches and Statements by the Prime Minister) | Prime Minister of Japan and His Cabinet,PRESS_CONFERENCE,"May 4, 2020",en
data/raw/japan/98_abe_statement_202005_00002_html_f2726ce615.html,data/cleaned/japan/98_abe_statement_202005_00002_html_f2726ce615.txt,https://japan.kantei.go.jp/98_abe/statement/202005/_00002.html,japan,Prime Minister's Office of Japan (Kantei),[COVID-19] Press Conference by the Prime Minister regarding the Novel Coronavirus (Speeches and Statements by the Prime Minister) | Prime Minister of Japan and His Cabinet,PRESS_CONFERENCE,"May 14, 2020",en
data/raw/japan/98_abe_statement_202005_00003_html_37b9beeafb.html,data/cleaned/japan/98_abe_statement_202005_00003_html_37b9beeafb.txt,https://japan.kantei.go.jp/98_abe/statement/202005/_00003.html,japan,Prime Minister's Office of Japan (Kantei),[COVID-19] Press Conference by the Prime Minister regarding the Novel Coronavirus (Speeches and Statements by the Prime Minister) | Prime Minister of Japan and His Cabinet,PRESS_CONFERENCE,"May 25, 2020",en
data/raw/japan/98_abe_statement_201906_00005_html_e0a49e36a1.html,data/cleaned/japan/98_abe_statement_201906_00005_html_e0a49e36a1.txt,https://japan.kantei.go.jp/98_abe/statement/201906/_00005.html,japan,Prime Minister's Office of Japan (Kantei),Address by the Prime Minister for the Memorial Ceremony to Commemorate the Fallen on the 75th Anniversary of the End of the Battle of Okinawa (Speeches and Statements by the Prime Minister) | Prime Minister of Japan and His Cabinet,SPEECH,"June 23, 2020",en
data/raw/japan/98_abe_statement_202006_00001_html_727fa3b953.html,data/cleaned/japan/98_abe_statement_202006_00001_html_727fa3b953.txt,https://japan.kantei.go.jp/98_abe/statement/202006/_00001.html,japan,Prime Minister's Office of Japan (Kantei),Press Conference by Prime Minister Shinzo Abe (Speeches and Statements by the Prime Minister) | Prime Minister of Japan and His Cabinet,PRESS_CONFERENCE,"June 18, 2020",en
data/raw/japan/98_abe_statement_202007_00001_html_bf4bf79a2f.html,data/cleaned/japan/98_abe_statement_202007_00001_html_bf4bf79a2f.txt,https://japan.kantei.go.jp/98_abe/statement/202007/_00001.html,japan,Prime Minister's Office of Japan (Kantei),Message from the Prime Minister on the Occasion of Marine Day 2020 (Speeches and Statements by the Prime Minister) | Prime Minister of Japan and His Cabinet,SPEECH,"July 17, 2020",en
data/raw/japan/98_abe_statement_202008_00001_html_6565505883.html,data/cleaned/japan/98_abe_statement_202008_00001_html_6565505883.txt,https://japan.kantei.go.jp/98_abe/statement/202008/_00001.html,japan,Prime Minister's Office of Japan (Kantei),Address by the Prime Minister at the Hiroshima Peace Memorial Ceremony (Speeches and Statements by the Prime Minister) | Prime Minister of Japan and His Cabinet,SPEECH,"August 6, 2020",en
data/raw/japan/98_abe_statement_202008_00002_html_a8b2af4b42.html,data/cleaned/japan/98_abe_statement_202008_00002_html_a8b2af4b42.txt,https://japan.kantei.go.jp/98_abe/statement/202008/_00002.html,japan,Prime Minister's Office of Japan (Kantei),Address by the Prime Minister at the Nagasaki Peace Memorial Ceremony (Speeches and Statements by the Prime Minister) | Prime Minister of Japan and His Cabinet,SPEECH,"August 9, 2020",en
data/raw/japan/98_abe_statement_202008_00003_html_74d9f0fcba.html,data/cleaned/japan/98_abe_statement_202008_00003_html_74d9f0fcba.txt,https://japan.kantei.go.jp/98_abe/statement/202008/_00003.html,japan,Prime Minister's Office of Japan (Kantei),Address by the Prime Minister at the Seventy-Fifth National Memorial Ceremony for the War Dead (Speeches and Statements by the Prime Minister) | Prime Minister of Japan and His Cabinet,SPEECH,"August 15, 2020",en
data/raw/japan/98_abe_statement_202008_00004_html_a6eccebdd7.html,data/cleaned/japan/98_abe_statement_202008_00004_html_a6eccebdd7.txt,https://japan.kantei.go.jp/98_abe/statement/202008/_00004.html,japan,Prime Minister's Office of Japan (Kantei),Press Conference by the Prime Minister (Speeches and Statements by the Prime Minister) | Prime Minister of Japan and His Cabinet,PRESS_CONFERENCE,"August 28, 2020",en
data/raw/japan/98_abe_statement_202009_00002_html_1d37b44e53.html,data/cleaned/japan/98_abe_statement_202009_00002_html_1d37b44e53.txt,https://japan.kantei.go.jp/98_abe/statement/202009/_00002.html,japan,Prime Minister's Office of Japan (Kantei),Statement by Prime Minister (Speeches and Statements by the Prime Minister) | Prime Minister of Japan and His Cabinet,SPEECH,"September 11, 2020",en
data/raw/japan/99_suga_statement_202009_00001_html_187fe074ed.html,data/cleaned/japan/99_suga_statement_202009_00001_html_187fe074ed.txt,https://japan.kantei.go.jp/99_suga/statement/202009/_00001.html,japan,Prime Minister's Office of Japan (Kantei),Press Conference by the Prime Minister (Speeches and Statements by the Prime Minister) | Prime Minister of Japan and His Cabinet,PRESS_CONFERENCE,"September 16, 2020",en
data/raw/japan/99_suga_statement_202009_00002_html_423abaf314.html,data/cleaned/japan/99_suga_statement_202009_00002_html_423abaf314.txt,https://japan.kantei.go.jp/99_suga/statement/202009/_00002.html,japan,Prime Minister's Office of Japan (Kantei),Statement of the Prime Minister (Speeches and Statements by the Prime Minister) | Prime Minister of Japan and His Cabinet,SPEECH,"September 16, 2020",en
data/raw/japan/99_suga_statement_202009_00005_html_7c30092702.html,data/cleaned/japan/99_suga_statement_202009_00005_html_7c30092702.txt,https://japan.kantei.go.jp/99_suga/statement/202009/_00005.html,japan,Prime Minister's Office of Japan (Kantei),Address by the Prime Minister at the 75th Session of the UN General Assembly (Speeches and Statements by the Prime Minister) | Prime Minister of Japan and His Cabinet,SPEECH,"September 26, 2020",en
data/raw/japan/99_suga_statement_202009_index_html_87a1c6dcc5.html,data/cleaned/japan/99_suga_statement_202009_index_html_87a1c6dcc5.txt,https://japan.kantei.go.jp/99_suga/statement/202009/index.html,japan,Prime Minister's Office of Japan (Kantei),September 2020 (Speeches and Statements by the Prime Minister) | Prime Minister of Japan and His Cabinet,PRESS_CONFERENCE,"September 26, 2020",en
data/raw/japan/99_suga_statement_202010_index_html_3ab66c0623.html,data/cleaned/japan/99_suga_statement_202010_index_html_3ab66c0623.txt,https://japan.kantei.go.jp/99_suga/statement/202010/index.html,japan,Prime Minister's Office of Japan (Kantei),October 2020 (Speeches and Statements by the Prime Minister) | Prime Minister of Japan and His Cabinet,PRESS_CONFERENCE,"October 28, 2020",en
data/raw/japan/99_suga_statement_202011_index_html_4c0cc65e5e.html,data/cleaned/japan/99_suga_statement_202011_index_html_4c0cc65e5e.txt,https://japan.kantei.go.jp/99_suga/statement/202011/index.html,japan,Prime Minister's Office of Japan (Kantei),November 2020 (Speeches and Statements by the Prime Minister) | Prime Minister of Japan and His Cabinet,PRESS_CONFERENCE,"November 26, 2020",en
data/raw/japan/99_suga_statement_202101_index_html_fb3249835a.html,data/cleaned/japan/99_suga_statement_202101_index_html_fb3249835a.txt,https://japan.kantei.go.jp/99_suga/statement/202101/index.html,japan,Prime Minister's Office of Japan (Kantei),January 2021 (Speeches and Statements by the Prime Minister) | Prime Minister of Japan and His Cabinet,PRESS_CONFERENCE,"January 28, 2021",en
data/raw/japan/99_suga_statement_202102_index_html_caca7f93d2.html,data/cleaned/japan/99_suga_statement_202102_index_html_caca7f93d2.txt,https://japan.kantei.go.jp/99_suga/statement/202102/index.html,japan,Prime Minister's Office of Japan (Kantei),February 2021 (Speeches and Statements by the Prime Minister) | Prime Minister of Japan and His Cabinet,PRESS_CONFERENCE,"February 26, 2021",en
data/raw/japan/99_suga_statement_202103_index_html_0a39b3ffe8.html,data/cleaned/japan/99_suga_statement_202103_index_html_0a39b3ffe8.txt,https://japan.kantei.go.jp/99_suga/statement/202103/index.html,japan,Prime Minister's Office of Japan (Kantei),March 2021 (Speeches and Statements by the Prime Minister) | Prime Minister of Japan and His Cabinet,PRESS_CONFERENCE,"March 31, 2021",en
data/raw/japan/99_suga_statement_202104_index_html_446557a2f2.html,data/cleaned/japan/99_suga_statement_202104_index_html_446557a2f2.txt,https://japan.kantei.go.jp/99_suga/statement/202104/index.html,japan,Prime Minister's Office of Japan (Kantei),April 2021 (Speeches and Statements by the Prime Minister) | Prime Minister of Japan and His Cabinet,PRESS_CONFERENCE,"April 30, 2021",en
data/raw/japan/99_suga_statement_202105_index_html_7711717602.html,data/cleaned/japan/99_suga_statement_202105_index_html_7711717602.txt,https://japan.kantei.go.jp/99_suga/statement/202105/index.html,japan,Prime Minister's Office of Japan (Kantei),May 2021 (Speeches and Statements by the Prime Minister) | Prime Minister of Japan and His Cabinet,PRESS_CONFERENCE,"May 29, 2021",en
data/raw/japan/99_suga_statement_202106_index_html_26a2f24a9b.html,data/cleaned/japan/99_suga_statement_202106_index_html_26a2f24a9b.txt,https://japan.kantei.go.jp/99_suga/statement/202106/index.html,japan,Prime Minister's Office of Japan (Kantei),June 2021 (Speeches and Statements by the Prime Minister) | Prime Minister of Japan and His Cabinet,PRESS_CONFERENCE,"June 28, 2021",en
data/raw/japan/99_suga_statement_202107_index_html_6d9728a2d4.html,data/cleaned/japan/99_suga_statement_202107_index_html_6d9728a2d4.txt,https://japan.kantei.go.jp/99_suga/statement/202107/index.html,japan,Prime Minister's Office of Japan (Kantei),July 2021 (Speeches and Statements by the Prime Minister) | Prime Minister of Japan and His Cabinet,PRESS_CONFERENCE,"July 30, 2021",en
data/raw/japan/99_suga_statement_202108_index_html_a0f5f7d944.html,data/cleaned/japan/99_suga_statement_202108_index_html_a0f5f7d944.txt,https://japan.kantei.go.jp/99_suga/statement/202108/index.html,japan,Prime Minister's Office of Japan (Kantei),August 2021 (Speeches and Statements by the Prime Minister) | Prime Minister of Japan and His Cabinet,PRESS_CONFERENCE,"August 25, 2021",en
data/raw/japan/99_suga_statement_202109_index_html_9c4d53edd8.html,data/cleaned/japan/99_suga_statement_202109_index_html_9c4d53edd8.txt,https://japan.kantei.go.jp/99_suga/statement/202109/index.html,japan,Prime Minister's Office of Japan (Kantei),September 2021 (Speeches and Statements by the Prime Minister) | Prime Minister of Japan and His Cabinet,PRESS_CONFERENCE,"September 28, 2021",en
data/raw/japan/99_suga_statement_index_html_fe00cbf121.html,data/cleaned/japan/99_suga_statement_index_html_fe00cbf121.txt,https://japan.kantei.go.jp/99_suga/statement/index.html,japan,Prime Minister's Office of Japan (Kantei),Speeches and Statements by the Prime Minister | Prime Minister of Japan and His Cabinet,PRESS_CONFERENCE,"October 4, 2021",en
data/raw/japan/99_suga_statement_202010_00001_html_d951c6d2de.html,data/cleaned/japan/99_suga_statement_202010_00001_html_d951c6d2de.txt,https://japan.kantei.go.jp/99_suga/statement/202010/_00001.html,japan,Prime Minister's Office of Japan (Kantei),Message of Congratulations from the Prime Minister on the awarding of the Nobel Peace Prize to the World Food Programme (WFP)  (Speeches and Statements by the Prime Minister) | Prime Minister of Japan and His Cabinet,SPEECH,"October 10, 2020",en
data/raw/japan/99_suga_statement_202010_00002_html_c2d40dd5b4.html,data/cleaned/japan/99_suga_statement_202010_00002_html_c2d40dd5b4.txt,https://japan.kantei.go.jp/99_suga/statement/202010/_00002.html,japan,Prime Minister's Office of Japan (Kantei),Building together the future of Indo-Pacific: Speech by the Prime Minister at the Vietnam-Japan University (Speeches and Statements by the Prime Minister) | Prime Minister of Japan and His Cabinet,SPEECH,"October 19, 2020",en
data/raw/japan/99_suga_statement_202010_00003_html_742e75dfaf.html,data/cleaned/japan/99_suga_statement_202010_00003_html_742e75dfaf.txt,https://japan.kantei.go.jp/99_suga/statement/202010/_00003.html,japan,Prime Minister's Office of Japan (Kantei),Press Conference by the Prime Minister (Speeches and Statements by the Prime Minister) | Prime Minister of Japan and His Cabinet,PRESS_CONFERENCE,"October 21, 2020",en
data/raw/japan/99_suga_statement_202010_00004_html_449edb371b.html,data/cleaned/japan/99_suga_statement_202010_00004_html_449edb371b.txt,https://japan.kantei.go.jp/99_suga/statement/202010/_00004.html,japan,Prime Minister's Office of Japan (Kantei),Press Conference by the Prime Minister (Speeches and Statements by the Prime Minister) | Prime Minister of Japan and His Cabinet,PRESS_CONFERENCE,"October 26, 2020",en
data/raw/japan/99_suga_statement_202010_00006_html_a750c068e9.html,data/cleaned/japan/99_suga_statement_202010_00006_html_a750c068e9.txt,https://japan.kantei.go.jp/99_suga/statement/202010/_00006.html,japan,Prime Minister's Office of Japan (Kantei),Policy Speech by the Prime Minister to the 203rd Session of the Diet (Speeches and Statements by the Prime Minister) | Prime Minister of Japan and His Cabinet,SPEECH,"October 28, 2020",en
data/raw/japan/99_suga_statement_202010_00007_html_13528829e3.html,data/cleaned/japan/99_suga_statement_202010_00007_html_13528829e3.txt,https://japan.kantei.go.jp/99_suga/statement/202010/_00007.html,japan,Prime Minister's Office of Japan (Kantei),Speech by the Prime Minister at the Meeting of Managing Editors of the Member Companies of Kyodo News (Speeches and Statements by the Prime Minister) | Prime Minister of Japan and His Cabinet,SPEECH,"October 16, 2020",en
data/raw/japan/99_suga_statement_202011_00001_html_8026999e3b.html,data/cleaned/japan/99_suga_statement_202011_00001_html_8026999e3b.txt,https://japan.kantei.go.jp/99_suga/statement/202011/_00001.html,japan,Prime Minister's Office of Japan (Kantei),Press Conference by the Prime Minister (Speeches and Statements by the Prime Minister) | Prime Minister of Japan and His Cabinet,PRESS_CONFERENCE,"November 2, 2020",en
data/raw/japan/99_suga_statement_202011_00003_html_53c13032f6.html,data/cleaned/japan/99_suga_statement_202011_00003_html_53c13032f6.txt,https://japan.kantei.go.jp/99_suga/statement/202011/_00003.html,japan,Prime Minister's Office of Japan (Kantei),Press Conference by the Prime Minister (US Presidential Election) (Speeches and Statements by the Prime Minister) | Prime Minister of Japan and His Cabinet,PRESS_CONFERENCE,"November 9, 2020",en
data/raw/japan/99_suga_statement_202011_00004_html_a781d2d488.html,data/cleaned/japan/99_suga_statement_202011_00004_html_a781d2d488.txt,https://japan.kantei.go.jp/99_suga/statement/202011/_00004.html,japan,Prime Minister's Office of Japan (Kantei),Press Conference by the Prime Minister (Telephone Talks with President-elect Biden) (Speeches and Statements by the Prime Minister) | Prime Minister of Japan and His Cabinet,PRESS_CONFERENCE,"November 12, 2020",en
data/raw/japan/99_suga_statement_202011_00005_html_a40b12ce38.html,data/cleaned/japan/99_suga_statement_202011_00005_html_a40b12ce38.txt,https://japan.kantei.go.jp/99_suga/statement/202011/_00005.html,japan,Prime Minister's Office of Japan (Kantei),Press Conference by the Prime Minister (COVID-19) (Speeches and Statements by the Prime Minister) | Prime Minister of Japan and His Cabinet,PRESS_CONFERENCE,"November 13, 2020",en
data/raw/japan/99_suga_statement_202011_00006_html_5d22532b18.html,data/cleaned/japan/99_suga_statement_202011_00006_html_5d22532b18.txt,https://japan.kantei.go.jp/99_suga/statement/202011/_00006.html,japan,Prime Minister's Office of Japan (Kantei),Press Conference by the Prime Minister (COVID-19) (Speeches and Statements by the Prime Minister) | Prime Minister of Japan and His Cabinet,PRESS_CONFERENCE,"November 19, 2020",en
data/raw/japan/99_suga_statement_202011_00008_html_bc93e5f515.html,data/cleaned/japan/99_suga_statement_202011_00008_html_bc93e5f515.txt,https://japan.kantei.go.jp/99_suga/statement/202011/_00008.html,japan,Prime Minister's Office of Japan (Kantei),Press Conference by the Prime Minister (COVID-19) (Speeches and Statements by the Prime Minister) | Prime Minister of Japan and His Cabinet,PRESS_CONFERENCE,"November 21, 2020",en
data/raw/japan/99_suga_statement_202011_00010_html_09820db981.html,data/cleaned/japan/99_suga_statement_202011_00010_html_09820db981.txt,https://japan.kantei.go.jp/99_suga/statement/202011/_00010.html,japan,Prime Minister's Office of Japan (Kantei),Press Conference by the Prime Minister (COVID-19) (Speeches and Statements by the Prime Minister) | Prime Minister of Japan and His Cabinet,PRESS_CONFERENCE,"November 26, 2020",en
data/raw/japan/99_suga_statement_202011_1201_html_61d35836ea.html,data/cleaned/japan/99_suga_statement_202011_1201_html_61d35836ea.txt,https://japan.kantei.go.jp/99_suga/statement/202011/_1201.html,japan,Prime Minister's Office of Japan (Kantei),Press Conference by the Prime Minister (COVID-19) (Speeches and Statements by the Prime Minister) | Prime Minister of Japan and His Cabinet,PRESS_CONFERENCE,"December 1, 2020",en
data/raw/japan/99_suga_statement_202012_00003_html_878fafaa22.html,data/cleaned/japan/99_suga_statement_202012_00003_html_878fafaa22.txt,https://japan.kantei.go.jp/99_suga/statement/202012/_00003.html,japan,Prime Minister's Office of Japan (Kantei),Press Conference by the Prime Minister (Speeches and Statements by the Prime Minister) | Prime Minister of Japan and His Cabinet,PRESS_CONFERENCE,"December 4, 2020",en
data/raw/japan/99_suga_statement_202012_00004_html_da609ba65e.html,data/cleaned/japan/99_suga_statement_202012_00004_html_da609ba65e.txt,https://japan.kantei.go.jp/99_suga/statement/202012/_00004.html,japan,Prime Minister's Office of Japan (Kantei),"Message from Prime Minister SUGA Yoshihide upon the Inscription of “Traditional Skills, Techniques and Knowledge for the Conservation and Transmission of Wooden Architecture in Japan” on UNESCO’s Representative List of the Intangible Cultural Heritage of Humanity (Speeches and Statements by the Prime Minister) | Prime Minister of Japan and His Cabinet",SPEECH,"December 17, 2020",en
data/raw/japan/99_suga_statement_202012_00007_html_f37618efa7.html,data/cleaned/japan/99_suga_statement_202012_00007_html_f37618efa7.txt,https://japan.kantei.go.jp/99_suga/statement/202012/_00007.html,japan,Prime Minister's Office of Japan (Kantei),[COVID-19] Press Conference by the Prime Minister (Speeches and Statements by the Prime Minister) | Prime Minister of Japan and His Cabinet,PRESS_CONFERENCE,"December 25, 2020",en
data/raw/japan/99_suga_statement_202012_00012_html_a1bab94b28.html,data/cleaned/japan/99_suga_statement_202012_00012_html_a1bab94b28.txt,https://japan.kantei.go.jp/99_suga/statement/202012/_00012.html,japan,Prime Minister's Office of Japan (Kantei),Press Conference by the Prime Minister (COVID-19) (Speeches and Statements by the Prime Minister) | Prime Minister of Japan and His Cabinet,PRESS_CONFERENCE,"December 31, 2020",en
data/raw/japan/99_suga_statement_202101_00001_html_0a781a0b31.html,data/cleaned/japan/99_suga_statement_202101_00001_html_0a781a0b31.txt,https://japan.kantei.go.jp/99_suga/statement/202101/_00001.html,japan,Prime Minister's Office of Japan (Kantei),New Year’s Reflection by the Prime Minister (Speeches and Statements by the Prime Minister) | Prime Minister of Japan and His Cabinet,SPEECH,"January 1, 2021",en
data/raw/japan/99_suga_statement_202101_00002_html_c8733c061a.html,data/cleaned/japan/99_suga_statement_202101_00002_html_c8733c061a.txt,https://japan.kantei.go.jp/99_suga/statement/202101/_00002.html,japan,Prime Minister's Office of Japan (Kantei),New Year's Press Conference by the Prime Minister (Speeches and Statements by the Prime Minister) | Prime Minister of Japan and His Cabinet,PRESS_CONFERENCE,"January 4, 2021",en
data/raw/japan/99_suga_statement_202101_00003_html_ab6fea81b9.html,data/cleaned/japan/99_suga_statement_202101_00003_html_ab6fea81b9.txt,https://japan.kantei.go.jp/99_suga/statement/202101/_00003.html,japan,Prime Minister's Office of Japan (Kantei),"Press Conference by the Prime Minister, following the Declaration of the State of Emergency (COVID-19)  (Speeches and Statements by the Prime Minister) | Prime Minister of Japan and His Cabinet",PRESS_CONFERENCE,"January 8, 2021",en
data/raw/japan/99_suga_statement_202101_00004_html_96736e7b47.html,data/cleaned/japan/99_suga_statement_202101_00004_html_96736e7b47.txt,https://japan.kantei.go.jp/99_suga/statement/202101/_00004.html,japan,Prime Minister's Office of Japan (Kantei),Press Conference by the Prime Minister on the court case brought by a group of former comfort women (Speeches and Statements by the Prime Minister) | Prime Minister of Japan and His Cabinet,PRESS_CONFERENCE,"January 8, 2021",en
data/raw/japan/99_suga_statement_202101_00005_html_ee25352954.html,data/cleaned/japan/99_suga_statement_202101_00005_html_ee25352954.txt,https://japan.kantei.go.jp/99_suga/statement/202101/_00005.html,japan,Prime Minister's Office of Japan (Kantei),[COVID-19] Press Conference by the Prime Minister (Speeches and Statements by the Prime Minister) | Prime Minister of Japan and His Cabinet,PRESS_CONFERENCE,"January 7, 2021",en
data/raw/japan/99_suga_statement_202101_00006_html_1aab59ea4f.html,data/cleaned/japan/99_suga_statement_202101_00006_html_1aab59ea4f.txt,https://japan.kantei.go.jp/99_suga/statement/202101/_00006.html,japan,Prime Minister's Office of Japan (Kantei),[COVID-19] Press Conference by the Prime Minister (Speeches and Statements by the Prime Minister) | Prime Minister of Japan and His Cabinet,PRESS_CONFERENCE,"January 13, 2021",en
data/raw/japan/99_suga_statement_202101_00007_html_1cbf8dc0ca.html,data/cleaned/japan/99_suga_statement_202101_00007_html_1cbf8dc0ca.txt,https://japan.kantei.go.jp/99_suga/statement/202101/_00007.html,japan,Prime Minister's Office of Japan (Kantei),Press Conference by the Prime Minister on the indictment of Former Minister Yoshikawa (Speeches and Statements by the Prime Minister) | Prime Minister of Japan and His Cabinet,PRESS_CONFERENCE,"January 15, 2021",en
data/raw/japan/99_suga_statement_202101_00008_html_cf181c8924.html,data/cleaned/japan/99_suga_statement_202101_00008_html_cf181c8924.txt,https://japan.kantei.go.jp/99_suga/statement/202101/_00008.html,japan,Prime Minister's Office of Japan (Kantei),The Message from the Prime Minister on the Occasion of Twenty-Sixth Anniversary of the Great Hanshin-Awaji Earthquake (Speeches and Statements by the Prime Minister) | Prime Minister of Japan and His Cabinet,SPEECH,"January 17, 2021",en
data/raw/japan/99_suga_statement_202101_00009_html_ea76b74333.html,data/cleaned/japan/99_suga_statement_202101_00009_html_ea76b74333.txt,https://japan.kantei.go.jp/99_suga/statement/202101/_00009.html,japan,Prime Minister's Office of Japan (Kantei),Press Conference by the Prime Minister on the Ordinary Session of the Diet (Speeches and Statements by the Prime Minister) | Prime Minister of Japan and His Cabinet,PRESS_CONFERENCE,"January 18, 2021",en
data/raw/japan/99_suga_statement_202101_00010_html_b499fa386b.html,data/cleaned/japan/99_suga_statement_202101_00010_html_b499fa386b.txt,https://japan.kantei.go.jp/99_suga/statement/202101/_00010.html,japan,Prime Minister's Office of Japan (Kantei),[COVID-19] Press Conference by the Prime Minister on Novel Coronavirus Vaccines (Speeches and Statements by the Prime Minister) | Prime Minister of Japan and His Cabinet,PRESS_CONFERENCE,"January 18, 2021",en
data/raw/japan/99_suga_statement_202101_00011_html_698e0ab8e2.html,data/cleaned/japan/99_suga_statement_202101_00011_html_698e0ab8e2.txt,https://japan.kantei.go.jp/99_suga/statement/202101/_00011.html,japan,Prime Minister's Office of Japan (Kantei),Press Conference by the Prime Minister on the Inauguration of U.S. President Biden (Speeches and Statements by the Prime Minister) | Prime Minister of Japan and His Cabinet,PRESS_CONFERENCE,"January 21, 2021",en
data/raw/japan/99_suga_statement_202101_00012_html_8d5939e6a9.html,data/cleaned/japan/99_suga_statement_202101_00012_html_8d5939e6a9.txt,https://japan.kantei.go.jp/99_suga/statement/202101/_00012.html,japan,Prime Minister's Office of Japan (Kantei),Press Conference by the Prime Minister on the Sentencing of Dedendant KAWAI Anri (Speeches and Statements by the Prime Minister) | Prime Minister of Japan and His Cabinet,PRESS_CONFERENCE,"January 21, 2021",en
data/raw/japan/99_suga_statement_202101_00013_html_a66b0f88bf.html,data/cleaned/japan/99_suga_statement_202101_00013_html_a66b0f88bf.txt,https://japan.kantei.go.jp/99_suga/statement/202101/_00013.html,japan,Prime Minister's Office of Japan (Kantei),Policy Speech by the Prime Minister to the 204th Session of the Diet (Speeches and Statements by the Prime Minister) | Prime Minister of Japan and His Cabinet,SPEECH,"January 18, 2021",en
data/raw/japan/99_suga_statement_202101_00015_html_f1c87582cf.html,data/cleaned/japan/99_suga_statement_202101_00015_html_f1c87582cf.txt,https://japan.kantei.go.jp/99_suga/statement/202101/_00015.html,japan,Prime Minister's Office of Japan (Kantei),Press Conference by the Prime Minister after the Japan-U.S. Summit Telephone Talk (Speeches and Statements by the Prime Minister) | Prime Minister of Japan and His Cabinet,PRESS_CONFERENCE,"January 28, 2021",en
data/raw/japan/99_suga_statement_202101_00016_html_8c48068445.html,data/cleaned/japan/99_suga_statement_202101_00016_html_8c48068445.txt,https://japan.kantei.go.jp/99_suga/statement/202101/_00016.html,japan,Prime Minister's Office of Japan (Kantei),Press Conference by the Prime Minister on the Agreement Reached Between the Ruling and Opposition parties (Speeches and Statements by the Prime Minister) | Prime Minister of Japan and His Cabinet,PRESS_CONFERENCE,"January 28, 2021",en
data/raw/japan/99_suga_statement_202102_00001_html_3d1282879d.html,data/cleaned/japan/99_suga_statement_202102_00001_html_3d1282879d.txt,https://japan.kantei.go.jp/99_suga/statement/202102/_00001.html,japan,Prime Minister's Office of Japan (Kantei),[COVID-19] Press Conference by the Prime Minister on the current state of infections (Speeches and Statements by the Prime Minister) | Prime Minister of Japan and His Cabinet,PRESS_CONFERENCE,"February 1, 2021",en
data/raw/japan/99_suga_statement_202102_00002_html_19e2be33e0.html,data/cleaned/japan/99_suga_statement_202102_00002_html_19e2be33e0.txt,https://japan.kantei.go.jp/99_suga/statement/202102/_00002.html,japan,Prime Minister's Office of Japan (Kantei),Press Conference by the Prime Minister on the Passage of the Bills to Amend Special Measures Law and Other Matters (Speeches and Statements by the Prime Minister) | Prime Minister of Japan and His Cabinet,PRESS_CONFERENCE,"February 3, 2021",en
data/raw/japan/99_suga_statement_202102_00003_html_814947a71d.html,data/cleaned/japan/99_suga_statement_202102_00003_html_814947a71d.txt,https://japan.kantei.go.jp/99_suga/statement/202102/_00003.html,japan,Prime Minister's Office of Japan (Kantei),[COVID-19] Press Conference by the Prime Minister (Speeches and Statements by the Prime Minister) | Prime Minister of Japan and His Cabinet,PRESS_CONFERENCE,"February 2, 2021",en
data/raw/japan/99_suga_statement_202102_00004_html_3e43fce7f4.html,data/cleaned/japan/99_suga_statement_202102_00004_html_3e43fce7f4.txt,https://japan.kantei.go.jp/99_suga/statement/202102/_00004.html,japan,Prime Minister's Office of Japan (Kantei),Message from the Prime Minister on the Occasion of National Foundation Day (Speeches and Statements by the Prime Minister) | Prime Minister of Japan and His Cabinet,SPEECH,"February 11, 2021",en
data/raw/japan/99_suga_statement_202102_00005_html_6d5698ba63.html,data/cleaned/japan/99_suga_statement_202102_00005_html_6d5698ba63.txt,https://japan.kantei.go.jp/99_suga/statement/202102/_00005.html,japan,Prime Minister's Office of Japan (Kantei),Press Conference by the Prime Minister on the Resignation of Tokyo 2020 Organising Committee President (Speeches and Statements by the Prime Minister) | Prime Minister of Japan and His Cabinet,PRESS_CONFERENCE,"February 12, 2021",en
data/raw/japan/99_suga_statement_202102_00006_html_54861ecde4.html,data/cleaned/japan/99_suga_statement_202102_00006_html_54861ecde4.txt,https://japan.kantei.go.jp/99_suga/statement/202102/_00006.html,japan,Prime Minister's Office of Japan (Kantei),Press Conference by the Prime Minister on the Earthquake off the Coast of Fukushima Prefecture (Speeches and Statements by the Prime Minister) | Prime Minister of Japan and His Cabinet,PRESS_CONFERENCE,"February 14, 2021",en
data/raw/japan/99_suga_statement_202102_00008_html_02da091b15.html,data/cleaned/japan/99_suga_statement_202102_00008_html_02da091b15.txt,https://japan.kantei.go.jp/99_suga/statement/202102/_00008.html,japan,Prime Minister's Office of Japan (Kantei),[COVID-19] Press Conference by the Prime Minister after his visit to Tokyo Medical Center (Speeches and Statements by the Prime Minister) | Prime Minister of Japan and His Cabinet,PRESS_CONFERENCE,"February 18, 2021",en
data/raw/japan/99_suga_statement_202102_00010_html_4cb75bd268.html,data/cleaned/japan/99_suga_statement_202102_00010_html_4cb75bd268.txt,https://japan.kantei.go.jp/99_suga/statement/202102/_00010.html,japan,Prime Minister's Office of Japan (Kantei),Press Conference by the Prime Minster after the G7 Leaders' Video Conference (Speeches and Statements by the Prime Minister) | Prime Minister of Japan and His Cabinet,PRESS_CONFERENCE,"February 20, 2021",en
data/raw/japan/99_suga_statement_202102_00011_html_1113879dc7.html,data/cleaned/japan/99_suga_statement_202102_00011_html_1113879dc7.txt,https://japan.kantei.go.jp/99_suga/statement/202102/_00011.html,japan,Prime Minister's Office of Japan (Kantei),Press Conference by the Prime MInister on the appointment of New Tokyo2020 Organising Committee President (Speeches and Statements by the Prime Minister) | Prime Minister of Japan and His Cabinet,PRESS_CONFERENCE,"February 18, 2021",en
data/raw/japan/99_suga_statement_202102_00012_html_eab6641f78.html,data/cleaned/japan/99_suga_statement_202102_00012_html_eab6641f78.txt,https://japan.kantei.go.jp/99_suga/statement/202102/_00012.html,japan,Prime Minister's Office of Japan (Kantei),Press Conference by the Prime Minister on his Responsibility for appointing Ms YAMADA Makiko as Cabinet Public Relations Secretary (Speeches and Statements by the Prime Minister) | Prime Minister of Japan and His Cabinet,PRESS_CONFERENCE,"February 24, 2021",en
data/raw/japan/99_suga_statement_202102_00013_html_11fb06ae1f.html,data/cleaned/japan/99_suga_statement_202102_00013_html_11fb06ae1f.txt,https://japan.kantei.go.jp/99_suga/statement/202102/_00013.html,japan,Prime Minister's Office of Japan (Kantei),[COVID-19] Press Conference by the Prime Minister on the partial lifting of the Declaration of the State of Emergency (Speeches and Statements by the Prime Minister) | Prime Minister of Japan and His Cabinet,PRESS_CONFERENCE,"February 26, 2021",en
data/raw/japan/99_suga_statement_202103_00001_html_703b807a45.html,data/cleaned/japan/99_suga_statement_202103_00001_html_703b807a45.txt,https://japan.kantei.go.jp/99_suga/statement/202103/_00001.html,japan,Prime Minister's Office of Japan (Kantei),On the resignation of Cabinet Public Relations Secretary Ms. YAMADA Makiko (Speeches and Statements by the Prime Minister) | Prime Minister of Japan and His Cabinet,SPEECH,"March 1, 2021",en
data/raw/japan/99_suga_statement_202103_00002_html_95f7c04c5e.html,data/cleaned/japan/99_suga_statement_202103_00002_html_95f7c04c5e.txt,https://japan.kantei.go.jp/99_suga/statement/202103/_00002.html,japan,Prime Minister's Office of Japan (Kantei),Message by Prime Minister Suga to the Japanese People (Speeches and Statements by the Prime Minister) | Prime Minister of Japan and His Cabinet,SPEECH,"March 2, 2021",en
data/raw/japan/99_suga_statement_202103_00003_html_d3a48c0fc6.html,data/cleaned/japan/99_suga_statement_202103_00003_html_d3a48c0fc6.txt,https://japan.kantei.go.jp/99_suga/statement/202103/_00003.html,japan,Prime Minister's Office of Japan (Kantei),Press Conference by the Prime Minister on the approval of the FY2021 draft comprehensive budget in the House of Representatives (Speeches and Statements by the Prime Minister) | Prime Minister of Japan and His Cabinet,PRESS_CONFERENCE,"March 2, 2021",en
data/raw/japan/99_suga_statement_202103_00004_html_47d5d912d9.html,data/cleaned/japan/99_suga_statement_202103_00004_html_47d5d912d9.txt,https://japan.kantei.go.jp/99_suga/statement/202103/_00004.html,japan,Prime Minister's Office of Japan (Kantei),Press Conference by the Prime Minister on Considering an Extension of the Declaration of the State of Emergency (Speeches and Statements by the Prime Minister) | Prime Minister of Japan and His Cabinet,PRESS_CONFERENCE,"March 3, 2021",en
data/raw/japan/99_suga_statement_202103_00005_html_7da836af95.html,data/cleaned/japan/99_suga_statement_202103_00005_html_7da836af95.txt,https://japan.kantei.go.jp/99_suga/statement/202103/_00005.html,japan,Prime Minister's Office of Japan (Kantei),[COVID-19] Press Conference by the Prime Minister regarding the Novel Coronavirus (Speeches and Statements by the Prime Minister) | Prime Minister of Japan and His Cabinet,PRESS_CONFERENCE,"March 5, 2021",en
data/raw/japan/99_suga_statement_202103_00006_html_1892d66684.html,data/cleaned/japan/99_suga_statement_202103_00006_html_1892d66684.txt,https://japan.kantei.go.jp/99_suga/statement/202103/_00006.html,japan,Prime Minister's Office of Japan (Kantei),Press Conference by the Prime Minister on His Visit to Fukushima Prefecture (Speeches and Statements by the Prime Minister) | Prime Minister of Japan and His Cabinet,PRESS_CONFERENCE,"March 6, 2021",en
data/raw/japan/99_suga_statement_202103_00007_html_3aab4ad946.html,data/cleaned/japan/99_suga_statement_202103_00007_html_3aab4ad946.txt,https://japan.kantei.go.jp/99_suga/statement/202103/_00007.html,japan,Prime Minister's Office of Japan (Kantei),Joint Message on the Passing of 10 Years Since the Great East Japan Earthquake (Speeches and Statements by the Prime Minister) | Prime Minister of Japan and His Cabinet,SPEECH,"March 11, 2021",en
data/raw/japan/99_suga_statement_202103_00009_html_c99e47ad23.html,data/cleaned/japan/99_suga_statement_202103_00009_html_c99e47ad23.txt,https://japan.kantei.go.jp/99_suga/statement/202103/_00009.html,japan,Prime Minister's Office of Japan (Kantei),Address by the Prime Minister to the Memorial Ceremony Marking the Tenth Anniversary of the Great East Japan Earthquake (Speeches and Statements by the Prime Minister) | Prime Minister of Japan and His Cabinet,SPEECH,"March 11, 2021",en
data/raw/japan/99_suga_statement_202103_00010_html_25dd94469d.html,data/cleaned/japan/99_suga_statement_202103_00010_html_25dd94469d.txt,https://japan.kantei.go.jp/99_suga/statement/202103/_00010.html,japan,Prime Minister's Office of Japan (Kantei),Press Conference by the Prime Minister on the Japan-Australia-India-U.S. Leaders’ Video Conference (Speeches and Statements by the Prime Minister) | Prime Minister of Japan and His Cabinet,PRESS_CONFERENCE,"March 13, 2021",en
data/raw/japan/99_suga_statement_202103_00011_html_ac03e2f4a2.html,data/cleaned/japan/99_suga_statement_202103_00011_html_ac03e2f4a2.txt,https://japan.kantei.go.jp/99_suga/statement/202103/_00011.html,japan,Prime Minister's Office of Japan (Kantei),Press Conference by the Prime Minister on His State of Mind Six Months since the Inauguration and Other Matters (Speeches and Statements by the Prime Minister) | Prime Minister of Japan and His Cabinet,PRESS_CONFERENCE,"March 16, 2021",en
data/raw/japan/99_suga_statement_202103_00012_html_c220e056d4.html,data/cleaned/japan/99_suga_statement_202103_00012_html_c220e056d4.txt,https://japan.kantei.go.jp/99_suga/statement/202103/_00012.html,japan,Prime Minister's Office of Japan (Kantei),Press Conference by the Prime Minister on Considering Lifting the Declaration of the State of Emergency and Other Matters (Speeches and Statements by the Prime Minister) | Prime Minister of Japan and His Cabinet,PRESS_CONFERENCE,"March 17, 2021",en
data/raw/japan/99_suga_statement_202103_00013_html_9441890838.html,data/cleaned/japan/99_suga_statement_202103_00013_html_9441890838.txt,https://japan.kantei.go.jp/99_suga/statement/202103/_00013.html,japan,Prime Minister's Office of Japan (Kantei),[COVID-19] Press Conference by the Prime Minister regarding the Novel Coronavirus (Speeches and Statements by the Prime Minister) | Prime Minister of Japan and His Cabinet,PRESS_CONFERENCE,"March 18, 2021",en
data/raw/japan/99_suga_statement_202103_00015_html_42910b7b06.html,data/cleaned/japan/99_suga_statement_202103_00015_html_42910b7b06.txt,https://japan.kantei.go.jp/99_suga/statement/202103/_00015.html,japan,Prime Minister's Office of Japan (Kantei),Press Conference by the Prime Minister on the Missile Launch by North Korea and Other Matters (Speeches and Statements by the Prime Minister) | Prime Minister of Japan and His Cabinet,PRESS_CONFERENCE,"March 25, 2021",en
data/raw/japan/99_suga_statement_202103_00016_html_48cc6fa01a.html,data/cleaned/japan/99_suga_statement_202103_00016_html_48cc6fa01a.txt,https://japan.kantei.go.jp/99_suga/statement/202103/_00016.html,japan,Prime Minister's Office of Japan (Kantei),Press Conference by the Prime Minister on the Approval of the FY2021 Budget and Other Matters (Speeches and Statements by the Prime Minister) | Prime Minister of Japan and His Cabinet,PRESS_CONFERENCE,"March 26, 2021",en
data/raw/japan/99_suga_statement_202103_00017_html_e240928176.html,data/cleaned/japan/99_suga_statement_202103_00017_html_e240928176.txt,https://japan.kantei.go.jp/99_suga/statement/202103/_00017.html,japan,Prime Minister's Office of Japan (Kantei),Address by Prime Minister SUGA Yoshihide at the Graduation Ceremony of the National Defense Academy (Speeches and Statements by the Prime Minister) | Prime Minister of Japan and His Cabinet,SPEECH,"March 21, 2021",en
data/raw/japan/99_suga_statement_202103_00018_html_12f843bb40.html,data/cleaned/japan/99_suga_statement_202103_00018_html_12f843bb40.txt,https://japan.kantei.go.jp/99_suga/statement/202103/_00018.html,japan,Prime Minister's Office of Japan (Kantei),Press Conference on the Prime Minister’s Observation Tour of the Specified Non-Profit Organization Lifelink Suicide Prevention and Support Center and Other Matters (Speeches and Statements by the Prime Minister) | Prime Minister of Japan and His Cabinet,PRESS_CONFERENCE,"March 30, 2021",en
data/raw/japan/99_suga_statement_202103_00019_html_f7a8884487.html,data/cleaned/japan/99_suga_statement_202103_00019_html_f7a8884487.txt,https://japan.kantei.go.jp/99_suga/statement/202103/_00019.html,japan,Prime Minister's Office of Japan (Kantei),Press Conference on the Request by Osaka Prefecture to Apply Priority Measures to Prevent the Spread of Disease and other Matters (Speeches and Statements by the Prime Minister) | Prime Minister of Japan and His Cabinet,PRESS_CONFERENCE,"March 31, 2021",en
data/raw/japan/99_suga_statement_202104_00001_html_f7ec9b62d3.html,data/cleaned/japan/99_suga_statement_202104_00001_html_f7ec9b62d3.txt,https://japan.kantei.go.jp/99_suga/statement/202104/_00001.html,japan,Prime Minister's Office of Japan (Kantei),"[COVID-19] Press Conference by the Prime Minister regarding the Decision to Implement Priority Measures to Prevent the Spread of Disease in Miyagi, Osaka and Hyogo Prefectures (Speeches and Statements by the Prime Minister) | Prime Minister of Japan and His Cabinet",PRESS_CONFERENCE,"April 1, 2021",en
data/raw/japan/99_suga_statement_202104_00002_html_ddcfab5f24.html,data/cleaned/japan/99_suga_statement_202104_00002_html_ddcfab5f24.txt,https://japan.kantei.go.jp/99_suga/statement/202104/_00002.html,japan,Prime Minister's Office of Japan (Kantei),"Press Conference by the Prime Minister regarding the Decision to Implement Priority Measures, Such As for Prevention of the Spread of Disease, in Tokyo, Kyoto, and Okinawa Prefectures, and Other Matters (Speeches and Statements by the Prime Minister) | Prime Minister of Japan and His Cabinet",PRESS_CONFERENCE,"April 9, 2021",en
data/raw/japan/99_suga_statement_202104_00003_html_4b8a90c7e4.html,data/cleaned/japan/99_suga_statement_202104_00003_html_4b8a90c7e4.txt,https://japan.kantei.go.jp/99_suga/statement/202104/_00003.html,japan,Prime Minister's Office of Japan (Kantei),[COVID-19] Press Conference on the Request by the Tokyo Metropolitan Government to Apply Priority Measures to Prevent the Spread of Disease (Speeches and Statements by the Prime Minister) | Prime Minister of Japan and His Cabinet,PRESS_CONFERENCE,"April 7, 2021",en
data/raw/japan/99_suga_statement_202104_00004_html_bdcae3b874.html,data/cleaned/japan/99_suga_statement_202104_00004_html_bdcae3b874.txt,https://japan.kantei.go.jp/99_suga/statement/202104/_00004.html,japan,Prime Minister's Office of Japan (Kantei),[COVID-19] Press Conference by the Prime Minister regarding the Request from the Tokyo Metropolitan Government to Apply Priority Measures to Prevent the Spread of Disease and others (Speeches and Statements by the Prime Minister) | Prime Minister of Japan and His Cabinet,PRESS_CONFERENCE,"April 8, 2021",en
data/raw/japan/99_suga_statement_202104_00005_html_e95e0c12e9.html,data/cleaned/japan/99_suga_statement_202104_00005_html_e95e0c12e9.txt,https://japan.kantei.go.jp/99_suga/statement/202104/_00005.html,japan,Prime Minister's Office of Japan (Kantei),Press Conference by the Prime Minister regarding Mr. MATSUYAMA Hideki's Masters Tournament Victory (Speeches and Statements by the Prime Minister) | Prime Minister of Japan and His Cabinet,PRESS_CONFERENCE,"April 12, 2021",en
data/raw/japan/99_suga_statement_202104_00006_html_87258b980c.html,data/cleaned/japan/99_suga_statement_202104_00006_html_87258b980c.txt,https://japan.kantei.go.jp/99_suga/statement/202104/_00006.html,japan,Prime Minister's Office of Japan (Kantei),[COVID-19] Press Conference by the Prime Minister regarding His Visit to the Vaccination Site at the Main Building of the Hachioji City Hall (Speeches and Statements by the Prime Minister) | Prime Minister of Japan and His Cabinet,PRESS_CONFERENCE,"April 12, 2021",en
data/raw/japan/99_suga_statement_202104_00007_html_9dd1082487.html,data/cleaned/japan/99_suga_statement_202104_00007_html_9dd1082487.txt,https://japan.kantei.go.jp/99_suga/statement/202104/_00007.html,japan,Prime Minister's Office of Japan (Kantei),Message from Prime Minister Suga on the Fifth Anniversary of the Kumamoto Earthquake (Speeches and Statements by the Prime Minister) | Prime Minister of Japan and His Cabinet,SPEECH,"April 14, 2021",en
data/raw/japan/99_suga_statement_202104_00008_html_72bdf85623.html,data/cleaned/japan/99_suga_statement_202104_00008_html_72bdf85623.txt,https://japan.kantei.go.jp/99_suga/statement/202104/_00008.html,japan,Prime Minister's Office of Japan (Kantei),Press Conference by the Prime Minister regarding the Disposal of ALPS Treated Water (Speeches and Statements by the Prime Minister) | Prime Minister of Japan and His Cabinet,PRESS_CONFERENCE,"April 13, 2021",en
data/raw/japan/99_suga_statement_202104_00009_html_5bc369b593.html,data/cleaned/japan/99_suga_statement_202104_00009_html_5bc369b593.txt,https://japan.kantei.go.jp/99_suga/statement/202104/_00009.html,japan,Prime Minister's Office of Japan (Kantei),Press Conference by the Prime Minister regarding His Visit to the United States and Other Matters (Speeches and Statements by the Prime Minister) | Prime Minister of Japan and His Cabinet,PRESS_CONFERENCE,"April 15, 2021",en
data/raw/japan/99_suga_statement_202104_00010_html_d970faea1c.html,data/cleaned/japan/99_suga_statement_202104_00010_html_d970faea1c.txt,https://japan.kantei.go.jp/99_suga/statement/202104/_00010.html,japan,Prime Minister's Office of Japan (Kantei),Press Conference by the Prime Minister regarding the Japan-U.S. Summit Meeting and Other Matters (Speeches and Statements by the Prime Minister) | Prime Minister of Japan and His Cabinet,PRESS_CONFERENCE,"April 16, 2021",en
data/raw/japan/99_suga_statement_202104_00011_html_93ae9d522c.html,data/cleaned/japan/99_suga_statement_202104_00011_html_93ae9d522c.txt,https://japan.kantei.go.jp/99_suga/statement/202104/_00011.html,japan,Prime Minister's Office of Japan (Kantei),"Press Conference by the Prime Minister regarding Telephone Talks with Dr. Bourla, CEO of Pfizer (Speeches and Statements by the Prime Minister) | Prime Minister of Japan and His Cabinet",PRESS_CONFERENCE,"April 19, 2021",en
data/raw/japan/99_suga_statement_202104_00012_html_8ade578824.html,data/cleaned/japan/99_suga_statement_202104_00012_html_8ade578824.txt,https://japan.kantei.go.jp/99_suga/statement/202104/_00012.html,japan,Prime Minister's Office of Japan (Kantei),Press Conference by the Prime Minister regarding the Request from the Osaka Prefectural Government to Declare a State of Emergency (Speeches and Statements by the Prime Minister) | Prime Minister of Japan and His Cabinet,PRESS_CONFERENCE,"April 20, 2021",en
data/raw/japan/99_suga_statement_202104_00013_html_ca21898316.html,data/cleaned/japan/99_suga_statement_202104_00013_html_ca21898316.txt,https://japan.kantei.go.jp/99_suga/statement/202104/_00013.html,japan,Prime Minister's Office of Japan (Kantei),Press Conference by the Prime Minister regarding the Government’s Response to the Request to Declare a State of Emergency (Speeches and Statements by the Prime Minister) | Prime Minister of Japan and His Cabinet,PRESS_CONFERENCE,"April 21, 2021",en
data/raw/japan/99_suga_statement_202104_00014_html_8f9377d0f5.html,data/cleaned/japan/99_suga_statement_202104_00014_html_8f9377d0f5.txt,https://japan.kantei.go.jp/99_suga/statement/202104/_00014.html,japan,Prime Minister's Office of Japan (Kantei),"Press Conference by the Prime Minister regarding the Reduction Targets for Greenhouse Gas Emissions, the Declaration of a State of Emergency, and Other Matters (Speeches and Statements by the Prime Minister) | Prime Minister of Japan and His Cabinet",PRESS_CONFERENCE,"April 22, 2021",en
data/raw/japan/99_suga_statement_202104_00015_html_c93f4866ea.html,data/cleaned/japan/99_suga_statement_202104_00015_html_c93f4866ea.txt,https://japan.kantei.go.jp/99_suga/statement/202104/_00015.html,japan,Prime Minister's Office of Japan (Kantei),Joint Press Conference by Prime Minister Suga and President Biden of the United States (Speeches and Statements by the Prime Minister) | Prime Minister of Japan and His Cabinet,PRESS_CONFERENCE,"April 16, 2021",en
data/raw/japan/99_suga_statement_202104_00016_html_c39c7b42ce.html,data/cleaned/japan/99_suga_statement_202104_00016_html_c39c7b42ce.txt,https://japan.kantei.go.jp/99_suga/statement/202104/_00016.html,japan,Prime Minister's Office of Japan (Kantei),[COVID-19] Press Conference by the Prime Minister regarding the Novel Coronavirus (Speeches and Statements by the Prime Minister) | Prime Minister of Japan and His Cabinet,PRESS_CONFERENCE,"April 23, 2021",en
data/raw/japan/99_suga_statement_202104_00017_html_16719c20ce.html,data/cleaned/japan/99_suga_statement_202104_00017_html_16719c20ce.txt,https://japan.kantei.go.jp/99_suga/statement/202104/_00017.html,japan,Prime Minister's Office of Japan (Kantei),Press Conference by the Prime Minister regarding the Results of Three Elections for the House of Representatives and the House of Councillors Held on April 25 and Other Matters (Speeches and Statements by the Prime Minister) | Prime Minister of Japan and His Cabinet,PRESS_CONFERENCE,"April 26, 2021",en
data/raw/japan/99_suga_statement_202104_00018_html_27e2a155f3.html,data/cleaned/japan/99_suga_statement_202104_00018_html_27e2a155f3.txt,https://japan.kantei.go.jp/99_suga/statement/202104/_00018.html,japan,Prime Minister's Office of Japan (Kantei),Press Conference by the Prime Minister on the Number of New Infections Remaining at a High Level and Other Matters (Speeches and Statements by the Prime Minister) | Prime Minister of Japan and His Cabinet,PRESS_CONFERENCE,"April 30, 2021",en
data/raw/japan/99_suga_statement_202105_00001_html_8aae1979f6.html,data/cleaned/japan/99_suga_statement_202105_00001_html_8aae1979f6.txt,https://japan.kantei.go.jp/99_suga/statement/202105/_00001.html,japan,Prime Minister's Office of Japan (Kantei),Press Conference by the Prime Minister on Considering Extending the Declaration of the State of Emergency and Other Matters (Speeches and Statements by the Prime Minister) | Prime Minister of Japan and His Cabinet,PRESS_CONFERENCE,"May 5, 2021",en
data/raw/japan/99_suga_statement_202105_00002_html_03525adde7.html,data/cleaned/japan/99_suga_statement_202105_00002_html_03525adde7.txt,https://japan.kantei.go.jp/99_suga/statement/202105/_00002.html,japan,Prime Minister's Office of Japan (Kantei),Press Conference by the Prime Minister on Considering Extending the Declaration of the State of Emergency and Other Matters (Speeches and Statements by the Prime Minister) | Prime Minister of Japan and His Cabinet,PRESS_CONFERENCE,"May 6, 2021",en
data/raw/japan/99_suga_statement_202105_00003_html_3d908bd546.html,data/cleaned/japan/99_suga_statement_202105_00003_html_3d908bd546.txt,https://japan.kantei.go.jp/99_suga/statement/202105/_00003.html,japan,Prime Minister's Office of Japan (Kantei),[COVID-19] Press Conference by the Prime Minister regarding the Novel Coronavirus (Speeches and Statements by the Prime Minister) | Prime Minister of Japan and His Cabinet,PRESS_CONFERENCE,"May 7, 2021",en
data/raw/japan/99_suga_statement_202105_00005_html_da3e43c0a1.html,data/cleaned/japan/99_suga_statement_202105_00005_html_da3e43c0a1.txt,https://japan.kantei.go.jp/99_suga/statement/202105/_00005.html,japan,Prime Minister's Office of Japan (Kantei),Press Conference by the Prime Minister on the Extension of the Declaration of the State of Emergency and Other Matters (Speeches and Statements by the Prime Minister) | Prime Minister of Japan and His Cabinet,PRESS_CONFERENCE,"May 12, 2021",en
data/raw/japan/99_suga_statement_202105_00006_html_7096fe7b1b.html,data/cleaned/japan/99_suga_statement_202105_00006_html_7096fe7b1b.txt,https://japan.kantei.go.jp/99_suga/statement/202105/_00006.html,japan,Prime Minister's Office of Japan (Kantei),[COVID-19] Press Conference by the Prime Minister regarding the Novel Coronavirus (Speeches and Statements by the Prime Minister) | Prime Minister of Japan and His Cabinet,PRESS_CONFERENCE,"May 14, 2021",en
data/raw/japan/99_suga_statement_202105_00007_html_20f211937a.html,data/cleaned/japan/99_suga_statement_202105_00007_html_20f211937a.txt,https://japan.kantei.go.jp/99_suga/statement/202105/_00007.html,japan,Prime Minister's Office of Japan (Kantei),Press Conference by the Prime Minister on the Request to Declare a State of Emergency (Speeches and Statements by the Prime Minister) | Prime Minister of Japan and His Cabinet,PRESS_CONFERENCE,"May 20, 2021",en
data/raw/japan/99_suga_statement_202105_00008_html_c69e3fa599.html,data/cleaned/japan/99_suga_statement_202105_00008_html_c69e3fa599.txt,https://japan.kantei.go.jp/99_suga/statement/202105/_00008.html,japan,Prime Minister's Office of Japan (Kantei),Press Conference by the Prime Minister on the Application of the Declaration of the State of Emergency to Okinawa Prefecture and Other Matters (Speeches and Statements by the Prime Minister) | Prime Minister of Japan and His Cabinet,PRESS_CONFERENCE,"May 21, 2021",en
data/raw/japan/99_suga_statement_202105_00009_html_f484a1b88a.html,data/cleaned/japan/99_suga_statement_202105_00009_html_f484a1b88a.txt,https://japan.kantei.go.jp/99_suga/statement/202105/_00009.html,japan,Prime Minister's Office of Japan (Kantei),Press Conference by the Prime Minister on the Visit to the Self-Defense Forces Large-Scale Vaccination Center in Tokyo and Other Matters (Speeches and Statements by the Prime Minister) | Prime Minister of Japan and His Cabinet,PRESS_CONFERENCE,"May 24, 2021",en
data/raw/japan/99_suga_statement_202105_00010_html_46e8b7e782.html,data/cleaned/japan/99_suga_statement_202105_00010_html_46e8b7e782.txt,https://japan.kantei.go.jp/99_suga/statement/202105/_00010.html,japan,Prime Minister's Office of Japan (Kantei),Speech by the Prime Minister at the 26th International Conference on The Future of Asia (Speeches and Statements by the Prime Minister) | Prime Minister of Japan and His Cabinet,SPEECH,"May 20, 2021",en
data/raw/japan/99_suga_statement_202105_00011_html_b95740d19f.html,data/cleaned/japan/99_suga_statement_202105_00011_html_b95740d19f.txt,https://japan.kantei.go.jp/99_suga/statement/202105/_00011.html,japan,Prime Minister's Office of Japan (Kantei),Press Conference by the Prime Minister on Considering Extending the Declaration of a State of Emergency and Other Matters (Speeches and Statements by the Prime Minister) | Prime Minister of Japan and His Cabinet,PRESS_CONFERENCE,"May 27, 2021",en
data/raw/japan/99_suga_statement_202105_00012_html_fea18840c1.html,data/cleaned/japan/99_suga_statement_202105_00012_html_fea18840c1.txt,https://japan.kantei.go.jp/99_suga/statement/202105/_00012.html,japan,Prime Minister's Office of Japan (Kantei),[COVID-19] Press Conference by the Prime Minister regarding the Novel Coronavirus (Speeches and Statements by the Prime Minister) | Prime Minister of Japan and His Cabinet,PRESS_CONFERENCE,"May 28, 2021",en
data/raw/japan/99_suga_statement_202105_00013_html_ad514f4b6d.html,data/cleaned/japan/99_suga_statement_202105_00013_html_ad514f4b6d.txt,https://japan.kantei.go.jp/99_suga/statement/202105/_00013.html,japan,Prime Minister's Office of Japan (Kantei),Press Conference by the Prime Minister on the Visit to the Takanawa Embankment (Speeches and Statements by the Prime Minister) | Prime Minister of Japan and His Cabinet,PRESS_CONFERENCE,"May 29, 2021",en
data/raw/japan/99_suga_statement_202106_00002_html_84776a751d.html,data/cleaned/japan/99_suga_statement_202106_00002_html_84776a751d.txt,https://japan.kantei.go.jp/99_suga/statement/202106/_00002.html,japan,Prime Minister's Office of Japan (Kantei),Press Conference by the Prime Minister on the Outcome of the COVAX AMC Summit (Speeches and Statements by the Prime Minister) | Prime Minister of Japan and His Cabinet,PRESS_CONFERENCE,"June 2, 2021",en
data/raw/japan/99_suga_statement_202106_00004_html_65d842ac26.html,data/cleaned/japan/99_suga_statement_202106_00004_html_65d842ac26.txt,https://japan.kantei.go.jp/99_suga/statement/202106/_00004.html,japan,Prime Minister's Office of Japan (Kantei),Press Conference by the Prime Minister on the Debate between Party Leaders and Other Matters (Speeches and Statements by the Prime Minister) | Prime Minister of Japan and His Cabinet,PRESS_CONFERENCE,"June 9, 2021",en
data/raw/japan/99_suga_statement_202106_00005_html_c31526f612.html,data/cleaned/japan/99_suga_statement_202106_00005_html_c31526f612.txt,https://japan.kantei.go.jp/99_suga/statement/202106/_00005.html,japan,Prime Minister's Office of Japan (Kantei),Press Conference by the Prime Minister on the Attendance at the G7 Summit in Cornwall (Speeches and Statements by the Prime Minister) | Prime Minister of Japan and His Cabinet,PRESS_CONFERENCE,"June 10, 2021",en
data/raw/japan/99_suga_statement_202106_00006_html_8ba0d4fcb4.html,data/cleaned/japan/99_suga_statement_202106_00006_html_8ba0d4fcb4.txt,https://japan.kantei.go.jp/99_suga/statement/202106/_00006.html,japan,Prime Minister's Office of Japan (Kantei),Press Conference by the Prime Minister on the G7 Summit in Cornwall (Speeches and Statements by the Prime Minister) | Prime Minister of Japan and His Cabinet,PRESS_CONFERENCE,"June 13, 2021",en
data/raw/japan/99_suga_statement_202106_00007_html_4332e5f784.html,data/cleaned/japan/99_suga_statement_202106_00007_html_4332e5f784.txt,https://japan.kantei.go.jp/99_suga/statement/202106/_00007.html,japan,Prime Minister's Office of Japan (Kantei),Press Conference by the Prime Minister on the Handling of the Declaration of a State of Emergency and Priority Measures to Prevent the Spread of Disease (Speeches and Statements by the Prime Minister) | Prime Minister of Japan and His Cabinet,PRESS_CONFERENCE,"June 16, 2021",en
data/raw/japan/99_suga_statement_202106_00008_html_5fbb152fd6.html,data/cleaned/japan/99_suga_statement_202106_00008_html_5fbb152fd6.txt,https://japan.kantei.go.jp/99_suga/statement/202106/_00008.html,japan,Prime Minister's Office of Japan (Kantei),[COVID-19] Press Conference by the Prime Minister regarding the Novel Coronavirus (Speeches and Statements by the Prime Minister) | Prime Minister of Japan and His Cabinet,PRESS_CONFERENCE,"June 17, 2021",en
data/raw/japan/99_suga_statement_202106_00009_html_d4738b9793.html,data/cleaned/japan/99_suga_statement_202106_00009_html_d4738b9793.txt,https://japan.kantei.go.jp/99_suga/statement/202106/_00009.html,japan,Prime Minister's Office of Japan (Kantei),Press Conference by the Prime Minister on the Visit to COVID-19 Vaccination Sites for Workplace Vaccination Program and Other Matters (Speeches and Statements by the Prime Minister) | Prime Minister of Japan and His Cabinet,PRESS_CONFERENCE,"June 21, 2021",en
data/raw/japan/99_suga_statement_202106_00010_html_7b29498ca1.html,data/cleaned/japan/99_suga_statement_202106_00010_html_7b29498ca1.txt,https://japan.kantei.go.jp/99_suga/statement/202106/_00010.html,japan,Prime Minister's Office of Japan (Kantei),Address by the Prime Minister for the Memorial Ceremony to Commemorate the Fallen on the 76th Anniversary of the End of the Battle of Okinawa (Speeches and Statements by the Prime Minister) | Prime Minister of Japan and His Cabinet,SPEECH,"June 23, 2021",en
data/raw/japan/99_suga_statement_202106_00011_html_efcd991617.html,data/cleaned/japan/99_suga_statement_202106_00011_html_efcd991617.txt,https://japan.kantei.go.jp/99_suga/statement/202106/_00011.html,japan,Prime Minister's Office of Japan (Kantei),Press Conference by the Prime Minister on the Successor to Chairperson of the National Public Safety Commission Okonogi (Speeches and Statements by the Prime Minister) | Prime Minister of Japan and His Cabinet,PRESS_CONFERENCE,"June 25, 2021",en
data/raw/japan/99_suga_statement_202106_00012_html_89843d74df.html,data/cleaned/japan/99_suga_statement_202106_00012_html_89843d74df.txt,https://japan.kantei.go.jp/99_suga/statement/202106/_00012.html,japan,Prime Minister's Office of Japan (Kantei),Press Conference by the Prime Minister on the Visit to Haneda Airport (COVID-19 Workplace Vaccination Site and Quarantine Inspection Station) (Speeches and Statements by the Prime Minister) | Prime Minister of Japan and His Cabinet,PRESS_CONFERENCE,"June 28, 2021",en
data/raw/japan/99_suga_statement_202107_00001_html_c7872bccad.html,data/cleaned/japan/99_suga_statement_202107_00001_html_c7872bccad.txt,https://japan.kantei.go.jp/99_suga/statement/202107/_00001.html,japan,Prime Minister's Office of Japan (Kantei),"Press Conference by the Prime Minister on the Visit to Traffic Accident Scene in Yachimata City, Chiba Prefecture (Speeches and Statements by the Prime Minister) | Prime Minister of Japan and His Cabinet",PRESS_CONFERENCE,"July 1, 2021",en
data/raw/japan/99_suga_statement_202107_00002_html_83b8df8943.html,data/cleaned/japan/99_suga_statement_202107_00002_html_83b8df8943.txt,https://japan.kantei.go.jp/99_suga/statement/202107/_00002.html,japan,Prime Minister's Office of Japan (Kantei),Press Conference by the Prime Minister on Damages Resulting from the Heavy Rains That Began on July 1 (Speeches and Statements by the Prime Minister) | Prime Minister of Japan and His Cabinet,PRESS_CONFERENCE,"July 3, 2021",en
data/raw/japan/99_suga_statement_202107_00003_html_0f6aedfc50.html,data/cleaned/japan/99_suga_statement_202107_00003_html_0f6aedfc50.txt,https://japan.kantei.go.jp/99_suga/statement/202107/_00003.html,japan,Prime Minister's Office of Japan (Kantei),Press Conference by the Prime Minister on the Results of the Tokyo Metropolitan Assembly Election and Other Matters (Speeches and Statements by the Prime Minister) | Prime Minister of Japan and His Cabinet,PRESS_CONFERENCE,"July 5, 2021",en
data/raw/japan/99_suga_statement_202107_00004_html_58b20fb7be.html,data/cleaned/japan/99_suga_statement_202107_00004_html_58b20fb7be.txt,https://japan.kantei.go.jp/99_suga/statement/202107/_00004.html,japan,Prime Minister's Office of Japan (Kantei),Press Conference by the Prime Minister on the Handling of the Declaration of a State of Emergency and Priority Measures to Prevent the Spread of Disease and Other Matters (Speeches and Statements by the Prime Minister) | Prime Minister of Japan and His Cabinet,PRESS_CONFERENCE,"July 7, 2021",en
data/raw/japan/99_suga_statement_202107_00005_html_5b3c1880e4.html,data/cleaned/japan/99_suga_statement_202107_00005_html_5b3c1880e4.txt,https://japan.kantei.go.jp/99_suga/statement/202107/_00005.html,japan,Prime Minister's Office of Japan (Kantei),[COVID-19] Press Conference by the Prime Minister regarding the Novel Coronavirus (Speeches and Statements by the Prime Minister) | Prime Minister of Japan and His Cabinet,PRESS_CONFERENCE,"July 8, 2021",en
data/raw/japan/99_suga_statement_202107_00006_html_a8c6d01b26.html,data/cleaned/japan/99_suga_statement_202107_00006_html_a8c6d01b26.txt,https://japan.kantei.go.jp/99_suga/statement/202107/_00006.html,japan,Prime Minister's Office of Japan (Kantei),Press Conference by the Prime Minister on the Decision to Hold the Tokyo Olympic Games without Spectators at Venues in Tokyo and Three Other Prefectures and Other Matters (Speeches and Statements by the Prime Minister) | Prime Minister of Japan and His Cabinet,PRESS_CONFERENCE,"July 9, 2021",en
data/raw/japan/99_suga_statement_202107_00007_html_851daae41f.html,data/cleaned/japan/99_suga_statement_202107_00007_html_851daae41f.txt,https://japan.kantei.go.jp/99_suga/statement/202107/_00007.html,japan,Prime Minister's Office of Japan (Kantei),Press Conference by the Prime Minister on the Visit to Shizuoka Prefecture to Inspect the State of the Damage Caused by the Heavy Rains That Began on July 1 and Other Matters (Speeches and Statements by the Prime Minister) | Prime Minister of Japan and His Cabinet,PRESS_CONFERENCE,"July 12, 2021",en
data/raw/japan/99_suga_statement_202107_00008_html_b631307339.html,data/cleaned/japan/99_suga_statement_202107_00008_html_b631307339.txt,https://japan.kantei.go.jp/99_suga/statement/202107/_00008.html,japan,Prime Minister's Office of Japan (Kantei),Press Conference by the Prime Minister regarding Measures against the Novel Coronavirus (Speeches and Statements by the Prime Minister) | Prime Minister of Japan and His Cabinet,PRESS_CONFERENCE,"July 14, 2021",en
data/raw/japan/99_suga_statement_202107_00009_html_a5abf330e5.html,data/cleaned/japan/99_suga_statement_202107_00009_html_a5abf330e5.txt,https://japan.kantei.go.jp/99_suga/statement/202107/_00009.html,japan,Prime Minister's Office of Japan (Kantei),Press Conference by the Prime Minister regarding a Visit to Narita Airport (Speeches and Statements by the Prime Minister) | Prime Minister of Japan and His Cabinet,PRESS_CONFERENCE,"July 15, 2021",en
data/raw/japan/99_suga_statement_202107_00010_html_dc7f8308db.html,data/cleaned/japan/99_suga_statement_202107_00010_html_dc7f8308db.txt,https://japan.kantei.go.jp/99_suga/statement/202107/_00010.html,japan,Prime Minister's Office of Japan (Kantei),Message from the Prime Minister on the Occasion of Marine Day 2021 (Speeches and Statements by the Prime Minister) | Prime Minister of Japan and His Cabinet,SPEECH,"July 20, 2021",en
data/raw/japan/99_suga_statement_202107_00011_html_ed24c869e9.html,data/cleaned/japan/99_suga_statement_202107_00011_html_ed24c869e9.txt,https://japan.kantei.go.jp/99_suga/statement/202107/_00011.html,japan,Prime Minister's Office of Japan (Kantei),Press Conference by the Prime Minister regarding President Moon of the ROK’s Decision not to VIsit Japan This Time (Speeches and Statements by the Prime Minister) | Prime Minister of Japan and His Cabinet,PRESS_CONFERENCE,"July 19, 2021",en
data/raw/japan/99_suga_statement_202107_00012_html_64249deb25.html,data/cleaned/japan/99_suga_statement_202107_00012_html_64249deb25.txt,https://japan.kantei.go.jp/99_suga/statement/202107/_00012.html,japan,Prime Minister's Office of Japan (Kantei),Press Conference by the Prime Minister on the Opening of the Tokyo Olympic Games (Speeches and Statements by the Prime Minister) | Prime Minister of Japan and His Cabinet,PRESS_CONFERENCE,"July 21, 2021",en
data/raw/japan/99_suga_statement_202107_00013_html_2fdcb39070.html,data/cleaned/japan/99_suga_statement_202107_00013_html_2fdcb39070.txt,https://japan.kantei.go.jp/99_suga/statement/202107/_00013.html,japan,Prime Minister's Office of Japan (Kantei),"Message from Prime Minister SUGA Yoshihide upon the Inscription on the World Natural Heritage List of Amami-Oshima Island, Tokunoshima Island, the Northern Part of Okinawa Island, and Iriomote Island (Speeches and Statements by the Prime Minister) | Prime Minister of Japan and His Cabinet",SPEECH,"July 26, 2021",en
data/raw/japan/99_suga_statement_202107_00014_html_3dccb4371a.html,data/cleaned/japan/99_suga_statement_202107_00014_html_3dccb4371a.txt,https://japan.kantei.go.jp/99_suga/statement/202107/_00014.html,japan,Prime Minister's Office of Japan (Kantei),Press Conference by the Prime Minister on the Government Policy toward the Ruling by the Hiroshima High Court (Speeches and Statements by the Prime Minister) | Prime Minister of Japan and His Cabinet,PRESS_CONFERENCE,"July 26, 2021",en
data/raw/japan/99_suga_statement_202107_00015_html_9333529860.html,data/cleaned/japan/99_suga_statement_202107_00015_html_9333529860.txt,https://japan.kantei.go.jp/99_suga/statement/202107/_00015.html,japan,Prime Minister's Office of Japan (Kantei),Press Conference by the Prime Minister on the Number of New Infections in Tokyo Reaching a Record High (Speeches and Statements by the Prime Minister) | Prime Minister of Japan and His Cabinet,PRESS_CONFERENCE,"July 27, 2021",en
data/raw/japan/99_suga_statement_202107_00016_html_c83d8ae950.html,data/cleaned/japan/99_suga_statement_202107_00016_html_c83d8ae950.txt,https://japan.kantei.go.jp/99_suga/statement/202107/_00016.html,japan,Prime Minister's Office of Japan (Kantei),Press Conference by the Prime Minister on the Handling of the Declaration of a State of Emergency and Priority Measures to Prevent the Spread of Disease (Speeches and Statements by the Prime Minister) | Prime Minister of Japan and His Cabinet,PRESS_CONFERENCE,"July 29, 2021",en
data/raw/japan/99_suga_statement_202107_00017_html_7c2c82a98b.html,data/cleaned/japan/99_suga_statement_202107_00017_html_7c2c82a98b.txt,https://japan.kantei.go.jp/99_suga/statement/202107/_00017.html,japan,Prime Minister's Office of Japan (Kantei),[COVID-19] Press Conference by the Prime Minister regarding the Novel Coronavirus (Speeches and Statements by the Prime Minister) | Prime Minister of Japan and His Cabinet,PRESS_CONFERENCE,"July 30, 2021",en
data/raw/japan/99_suga_statement_202108_00001_html_e4c781bcfe.html,data/cleaned/japan/99_suga_statement_202108_00001_html_e4c781bcfe.txt,https://japan.kantei.go.jp/99_suga/statement/202108/_00001.html,japan,Prime Minister's Office of Japan (Kantei),Press Conference by the Prime Minister on the Handling of the Priority Measures to Prevent the Spread of Disease (Speeches and Statements by the Prime Minister) | Prime Minister of Japan and His Cabinet,PRESS_CONFERENCE,"August 4, 2021",en
data/raw/japan/99_suga_statement_202108_00002_html_8e49529454.html,data/cleaned/japan/99_suga_statement_202108_00002_html_8e49529454.txt,https://japan.kantei.go.jp/99_suga/statement/202108/_00002.html,japan,Prime Minister's Office of Japan (Kantei),Press Conference by the Prime Minister on the Handling of the Priority Measures to Prevent the Spread of Disease (Speeches and Statements by the Prime Minister) | Prime Minister of Japan and His Cabinet,PRESS_CONFERENCE,"August 5, 2021",en
data/raw/japan/99_suga_statement_202108_00003_html_1f1f467efe.html,data/cleaned/japan/99_suga_statement_202108_00003_html_1f1f467efe.txt,https://japan.kantei.go.jp/99_suga/statement/202108/_00003.html,japan,Prime Minister's Office of Japan (Kantei),Address by the Prime Minister at the Hiroshima Peace Memorial Ceremony (Speeches and Statements by the Prime Minister) | Prime Minister of Japan and His Cabinet,SPEECH,"August 6, 2021",en
data/raw/japan/99_suga_statement_202108_00004_html_ecd9451476.html,data/cleaned/japan/99_suga_statement_202108_00004_html_ecd9451476.txt,https://japan.kantei.go.jp/99_suga/statement/202108/_00004.html,japan,Prime Minister's Office of Japan (Kantei),Address by the Prime Minister at the Nagasaki Peace Memorial Ceremony (Speeches and Statements by the Prime Minister) | Prime Minister of Japan and His Cabinet,SPEECH,"August 9, 2021",en
data/raw/japan/99_suga_statement_202108_00006_html_7e5afd8891.html,data/cleaned/japan/99_suga_statement_202108_00006_html_7e5afd8891.txt,https://japan.kantei.go.jp/99_suga/statement/202108/_00006.html,japan,Prime Minister's Office of Japan (Kantei),Address by the Prime Minister at the Seventy-Sixth National Memorial Ceremony for the War Dead (Speeches and Statements by the Prime Minister) | Prime Minister of Japan and His Cabinet,SPEECH,"August 15, 2021",en
data/raw/japan/99_suga_statement_202108_00007_html_ac8f8d3eba.html,data/cleaned/japan/99_suga_statement_202108_00007_html_ac8f8d3eba.txt,https://japan.kantei.go.jp/99_suga/statement/202108/_00007.html,japan,Prime Minister's Office of Japan (Kantei),Press Conference by the Prime Minister on the Number of New Infections of the Novel Coronavirus Disease (COVID-19) in Tokyo (Speeches and Statements by the Prime Minister) | Prime Minister of Japan and His Cabinet,PRESS_CONFERENCE,"August 13, 2021",en
data/raw/japan/99_suga_statement_202108_00008_html_955c16bc70.html,data/cleaned/japan/99_suga_statement_202108_00008_html_955c16bc70.txt,https://japan.kantei.go.jp/99_suga/statement/202108/_00008.html,japan,Prime Minister's Office of Japan (Kantei),Press Conference by the Prime Minister on the Handling of the Declaration of a State of Emergency (Speeches and Statements by the Prime Minister) | Prime Minister of Japan and His Cabinet,PRESS_CONFERENCE,"August 16, 2021",en
data/raw/japan/99_suga_statement_202108_00009_html_f82b970118.html,data/cleaned/japan/99_suga_statement_202108_00009_html_f82b970118.txt,https://japan.kantei.go.jp/99_suga/statement/202108/_00009.html,japan,Prime Minister's Office of Japan (Kantei),[COVID-19] Press Conference by the Prime Minister regarding the Novel Coronavirus (Speeches and Statements by the Prime Minister) | Prime Minister of Japan and His Cabinet,PRESS_CONFERENCE,"August 17, 2021",en
data/raw/japan/99_suga_statement_202108_00010_html_99d5163869.html,data/cleaned/japan/99_suga_statement_202108_00010_html_99d5163869.txt,https://japan.kantei.go.jp/99_suga/statement/202108/_00010.html,japan,Prime Minister's Office of Japan (Kantei),Press Conference by the Prime Minister on the Results of the Mayoral Election of the City of Yokohama (Speeches and Statements by the Prime Minister) | Prime Minister of Japan and His Cabinet,PRESS_CONFERENCE,"August 23, 2021",en
data/raw/japan/99_suga_statement_202108_00011_html_2f2ee2d06e.html,data/cleaned/japan/99_suga_statement_202108_00011_html_2f2ee2d06e.txt,https://japan.kantei.go.jp/99_suga/statement/202108/_00011.html,japan,Prime Minister's Office of Japan (Kantei),Press Conference by the Prime Minister on the Handling of the Declaration of a State of Emergency (Speeches and Statements by the Prime Minister) | Prime Minister of Japan and His Cabinet,PRESS_CONFERENCE,"August 24, 2021",en
data/raw/japan/99_suga_statement_202108_00012_html_c3eb52c82e.html,data/cleaned/japan/99_suga_statement_202108_00012_html_c3eb52c82e.txt,https://japan.kantei.go.jp/99_suga/statement/202108/_00012.html,japan,Prime Minister's Office of Japan (Kantei),Press Conference by the Prime Minister on G7 Summit Video Teleconference Meeting (Speeches and Statements by the Prime Minister) | Prime Minister of Japan and His Cabinet,PRESS_CONFERENCE,"August 25, 2021",en
data/raw/japan/99_suga_statement_202108_00013_html_cfb4a88d29.html,data/cleaned/japan/99_suga_statement_202108_00013_html_cfb4a88d29.txt,https://japan.kantei.go.jp/99_suga/statement/202108/_00013.html,japan,Prime Minister's Office of Japan (Kantei),[COVID-19] Press Conference by the Prime Minister regarding the Novel Coronavirus (Speeches and Statements by the Prime Minister) | Prime Minister of Japan and His Cabinet,PRESS_CONFERENCE,"August 25, 2021",en
data/raw/japan/99_suga_statement_202109_00002_html_10e2c256ce.html,data/cleaned/japan/99_suga_statement_202109_00002_html_10e2c256ce.txt,https://japan.kantei.go.jp/99_suga/statement/202109/_00002.html,japan,Prime Minister's Office of Japan (Kantei),Address by Prime Minister Suga at the Seventy-Sixth Session of the United Nations General Assembly (Speeches and Statements by the Prime Minister) | Prime Minister of Japan and His Cabinet,SPEECH,"September 25, 2021",en
data/raw/japan/99_suga_statement_202109_00003_html_03d97b3354.html,data/cleaned/japan/99_suga_statement_202109_00003_html_03d97b3354.txt,https://japan.kantei.go.jp/99_suga/statement/202109/_00003.html,japan,Prime Minister's Office of Japan (Kantei),Press Conference by the Prime Minister on Dissolution of House of Representatives and Schedule for LDP Presidential Election (Speeches and Statements by the Prime Minister) | Prime Minister of Japan and His Cabinet,PRESS_CONFERENCE,"September 1, 2021",en
data/raw/japan/99_suga_statement_202109_00004_html_34c6fe224c.html,data/cleaned/japan/99_suga_statement_202109_00004_html_34c6fe224c.txt,https://japan.kantei.go.jp/99_suga/statement/202109/_00004.html,japan,Prime Minister's Office of Japan (Kantei),Press Conference by the Prime Minister on His Statement Not to Run for LDP Presidential Election (Speeches and Statements by the Prime Minister) | Prime Minister of Japan and His Cabinet,PRESS_CONFERENCE,"September 3, 2021",en
data/raw/japan/99_suga_statement_202109_00005_html_fe2e64dccc.html,data/cleaned/japan/99_suga_statement_202109_00005_html_fe2e64dccc.txt,https://japan.kantei.go.jp/99_suga/statement/202109/_00005.html,japan,Prime Minister's Office of Japan (Kantei),Press Conference by the Prime Minister on the Handling of the Declaration of a State of Emergency  (Speeches and Statements by the Prime Minister) | Prime Minister of Japan and His Cabinet,PRESS_CONFERENCE,"September 8, 2021",en
data/raw/japan/99_suga_statement_202109_00006_html_2ec9502bdb.html,data/cleaned/japan/99_suga_statement_202109_00006_html_2ec9502bdb.txt,https://japan.kantei.go.jp/99_suga/statement/202109/_00006.html,japan,Prime Minister's Office of Japan (Kantei),[COVID-19] Press Conference by the Prime Minister regarding the Novel Coronavirus (Speeches and Statements by the Prime Minister) | Prime Minister of Japan and His Cabinet,PRESS_CONFERENCE,"September 9, 2021",en
data/raw/japan/99_suga_statement_202109_00007_html_3ccd542e9d.html,data/cleaned/japan/99_suga_statement_202109_00007_html_3ccd542e9d.txt,https://japan.kantei.go.jp/99_suga/statement/202109/_00007.html,japan,Prime Minister's Office of Japan (Kantei),Press Conference by the Prime Minister on the Missile by North Korea (Speeches and Statements by the Prime Minister) | Prime Minister of Japan and His Cabinet,PRESS_CONFERENCE,"September 15, 2021",en
data/raw/japan/99_suga_statement_202109_00008_html_8b9fcd552b.html,data/cleaned/japan/99_suga_statement_202109_00008_html_8b9fcd552b.txt,https://japan.kantei.go.jp/99_suga/statement/202109/_00008.html,japan,Prime Minister's Office of Japan (Kantei),Press Conference by the Prime Minister on His State of Mind One Year since the Inauguration (Speeches and Statements by the Prime Minister) | Prime Minister of Japan and His Cabinet,PRESS_CONFERENCE,"September 16, 2021",en
data/raw/japan/99_suga_statement_202109_00009_html_f22a72c2b9.html,data/cleaned/japan/99_suga_statement_202109_00009_html_f22a72c2b9.txt,https://japan.kantei.go.jp/99_suga/statement/202109/_00009.html,japan,Prime Minister's Office of Japan (Kantei),Press Conference by the Prime Minister on LDP Presidential Election (Speeches and Statements by the Prime Minister) | Prime Minister of Japan and His Cabinet,PRESS_CONFERENCE,"September 17, 2021",en
data/raw/japan/99_suga_statement_202109_00010_html_1c58af40d9.html,data/cleaned/japan/99_suga_statement_202109_00010_html_1c58af40d9.txt,https://japan.kantei.go.jp/99_suga/statement/202109/_00010.html,japan,Prime Minister's Office of Japan (Kantei),Press Conference by the Prime Minister regarding His Visit to the United States and Other Matters (Speeches and Statements by the Prime Minister) | Prime Minister of Japan and His Cabinet,PRESS_CONFERENCE,"September 23, 2021",en
data/raw/japan/99_suga_statement_202109_00011_html_9b5f9d17bc.html,data/cleaned/japan/99_suga_statement_202109_00011_html_9b5f9d17bc.txt,https://japan.kantei.go.jp/99_suga/statement/202109/_00011.html,japan,Prime Minister's Office of Japan (Kantei),Press Conference by the Prime Minister on the Japan-Australia-India-U.S. Summit Meeting and Other Matters (Speeches and Statements by the Prime Minister) | Prime Minister of Japan and His Cabinet,PRESS_CONFERENCE,"September 25, 2021",en
data/raw/japan/99_suga_statement_202109_00013_html_3d4a360a53.html,data/cleaned/japan/99_suga_statement_202109_00013_html_3d4a360a53.txt,https://japan.kantei.go.jp/99_suga/statement/202109/_00013.html,japan,Prime Minister's Office of Japan (Kantei),Press Conference by the Prime Minister on the Handling of the Declaration of a State of Emergency (Speeches and Statements by the Prime Minister) | Prime Minister of Japan and His Cabinet,PRESS_CONFERENCE,"September 27, 2021",en
data/raw/japan/99_suga_statement_202109_00014_html_5f04042d84.html,data/cleaned/japan/99_suga_statement_202109_00014_html_5f04042d84.txt,https://japan.kantei.go.jp/99_suga/statement/202109/_00014.html,japan,Prime Minister's Office of Japan (Kantei),Press Conference by the Prime Minister on North Korea’s Possible Launch of a Ballistic Missile (Speeches and Statements by the Prime Minister) | Prime Minister of Japan and His Cabinet,PRESS_CONFERENCE,"September 28, 2021",en
data/raw/japan/99_suga_statement_202109_00016_html_96fe826b9e.html,data/cleaned/japan/99_suga_statement_202109_00016_html_96fe826b9e.txt,https://japan.kantei.go.jp/99_suga/statement/202109/_00016.html,japan,Prime Minister's Office of Japan (Kantei),[COVID-19] Press Conference by the Prime Minister regarding the Novel Coronavirus (Speeches and Statements by the Prime Minister) | Prime Minister of Japan and His Cabinet,PRESS_CONFERENCE,"September 28, 2021",en
data/raw/japan/99_suga_statement_202110_00002_html_a564fdb2cf.html,data/cleaned/japan/99_suga_statement_202110_00002_html_a564fdb2cf.txt,https://japan.kantei.go.jp/99_suga/statement/202110/_00002.html,japan,Prime Minister's Office of Japan (Kantei),Press Conference by the Prime Minister on the Lifting of the Declaration of a State of Emergency and Other Measures (Speeches and Statements by the Prime Minister) | Prime Minister of Japan and His Cabinet,PRESS_CONFERENCE,"October 1, 2021",en
data/raw/japan/99_suga_statement_202110_00003_html_af87499820.html,data/cleaned/japan/99_suga_statement_202110_00003_html_af87499820.txt,https://japan.kantei.go.jp/99_suga/statement/202110/_00003.html,japan,Prime Minister's Office of Japan (Kantei),Statement by Prime Minister SUGA Yoshihide upon the General Resignation of the Suga Cabinet (Speeches and Statements by the Prime Minister) | Prime Minister of Japan and His Cabinet,SPEECH,"October 4, 2021",en
