url,country,raw_file,retrieval_date,http_status,content_sha256
https://japan.kantei.go.jp/100_kishida/statement/202110/_00002.html,japan,data/raw/japan/100_kishida_statement_202110_00002_html_47cc3f7221.html,2026-09-22,200,422ef17d8439c4b7670a205371bd7672d7c6d4f9cf9cba1e8f381e44f7e9a01c
https://japan.kantei.go.jp/100_kishida/statement/202110/_00003.html,japan,data/raw/japan/100_kishida_statement_202110_00003_html_cba048509d.html,2026-09-22,200,162085a0dfe5089f8d6a39f323400b553fe34aab1213e6d23c8d586506dc29b1
https://japan.kantei.go.jp/100_kishida/statement/202110/_00004.html,japan,data/raw/japan/100_kishida_statement_202110_00004_html_902f1e16f2.html,2026-09-22,200,ad64a92815d9485c178fd051369804edc54c4ef432b6e844b2d7a6653b31bbfb
https://japan.kantei.go.jp/100_kishida/statement/202110/_00005.html,japan,data/raw/japan/100_kishida_statement_202110_00005_html_271c69eafd.html,2026-09-22,200,66185b28455a80d57178e41ed8c5f0586874599c639565d44e58d26ae315d436
https://japan.kantei.go.jp/100_kishida/statement/202110/_00006.html,japan,data/raw/japan/100_kishida_statement_202110_00006_html_13e3100d18.html,2026-09-22,200,5a3737322edaba064db8a72e79fc78b7a1410aab85bdf481590236de09a34a93
https://japan.kantei.go.jp/100_kishida/statement/202110/_00007.html,japan,data/raw/japan/100_kishida_statement_202110_00007_html_7b3227b48a.html,2026-09-22,200,d8e404e5798b010f61b2284b9d01d7dcea8a44b5c5aaf49ab6aaa098ad46d6e6
https://japan.kantei.go.jp/100_kishida/statement/202110/_00008.html,japan,data/raw/japan/100_kishida_statement_202110_00008_html_6c391fdf08.html,2026-09-22,200,6e67c81a3eaa7b724f8de330e8f778c4b1092ebac2e8367df2caf57e07fd8100
https://japan.kantei.go.jp/100_kishida/statement/202110/_00009.html,japan,data/raw/japan/100_kishida_statement_202110_00009_html_6c7fab1464.html,2026-09-22,200,33fe71e0bcdc4e588b95a9ec0b1e07bd08bf24c1c1ab08ee182e4b781cf9c70a
https://japan.kantei.go.jp/100_kishida/statement/202110/_00010.html,japan,data/raw/japan/100_kishida_statement_202110_00010_html_a77439c972.html,2026-09-22,200,6ea5b00c11d2a9cad28c55c3e96156a70d205b09a961d2d6dc3d4414f2bea1f8
https://japan.kantei.go.jp/100_kishida/statement/202110/_00011.html,japan,data/raw/japan/100_kishida_statement_202110_00011_html_06090be86e.html,2026-09-22,200,9752fbe0c50c9ab9b0f4aeeff89eebd6dc8430569a757da879cb3f3416d56c3c
https://japan.kantei.go.jp/100_kishida/statement/202110/_00012.html,japan,data/raw/japan/100_kishida_statement_202110_00012_html_bb5dae1df2.html,2026-09-22,200,d2b1b98d7c9b1653cb8426af5eccfd1d19ec9e73b8b8563e558ef55b6f160c6f
https://japan.kantei.go.jp/100_kishida/statement/202110/_00013.html,japan,data/raw/japan/100_kishida_statement_202110_00013_html_fb6d44d924.html,2026-09-22,200,b5b75a64467bc2cfe19c0a04bb8a2dbc56231e6a0d6b182b7ad8cdd9fe2ced90
https://japan.kantei.go.jp/100_kishida/statement/202110/_00014.html,japan,data/raw/japan/100_kishida_statement_202110_00014_html_0a1eb8fbe5.html,2026-09-22,200,149a32a5e5a7e2fd4383de34cf469363a135fe2fa85ec8efbab99ef05ae5c709
https://japan.kantei.go.jp/100_kishida/statement/202110/_00015.html,japan,data/raw/japan/100_kishida_statement_202110_00015_html_a5b3ddbb1e.html,2026-09-22,200,d6a2a636e64aafaf6cee7afcd4c2a81886ed448e8e2032dcf81f264052769411
https://japan.kantei.go.jp/100_kishida/statement/202110/_00017.html,japan,data/raw/japan/100_kishida_statement_202110_00017_html_11b1c7406f.html,2026-09-22,200,703e68db04ed6384de7711235bc4cd0f54192cf2b2b043e885d1c9e53d424a59
https://japan.kantei.go.jp/100_kishida/statement/index.html,japan,data/raw/japan/100_kishida_statement_index_html_981a2d5087.html,2026-09-22,200,3ab9a5bcf02786a29a259d12679bdbfcc3bed2b8d583e440b4b32e807b3ffc9a
https://japan.kantei.go.jp/98_abe/statement/201712/index.html,japan,data/raw/japan/98_abe_statement_201712_index_html_9c0e06a0e7.html,2026-09-22,200,6541038d904aa8ab1a72e2909da5656acf702c30a72c56dea3393642834d019e
https://japan.kantei.go.jp/98_abe/statement/201812/index.html,japan,data/raw/japan/98_abe_statement_201812_index_html_c5e8f8f000.html,2026-09-22,200,976af797154adc54c8ef15ec8c7e384ec23d66c9c7c9d695199e28c1d1ed532e
https://japan.kantei.go.jp/98_abe/statement/201912/index.html,japan,data/raw/japan/98_abe_statement_201912_index_html_6e8f2163db.html,2026-09-22,200,5b6a32d804be30e2116ef68f3f18b168eaf9911ba27d652280a2420cc00efa57
https://japan.kantei.go.jp/98_abe/statement/202009/index.html,japan,data/raw/japan/98_abe_statement_202009_index_html_1f2fe87ab6.html,2026-09-22,200,d980959f66435bc7e9fd634d7d9026b07a4e4299b31fd09da46628ee950f487e
https://japan.kantei.go.jp/99_suga/statement/202012/index.html,japan,data/raw/japan/99_suga_statement_202012_index_html_22354b134d.html,2026-09-22,200,775703f46507f8ca5cb7a3fe183cbfa0261c0ab80afc1ce0cc2afeadc6155b2f
https://japan.kantei.go.jp/99_suga/statement/202110/index.html,japan,data/raw/japan/99_suga_statement_202110_index_html_6ef3e8e9c9.html,2026-09-22,200,cee395144884060085cce639527de24918cca78f403077a275bece6566752f1b
https://japan.kantei.go.jp/index.html,japan,data/raw/japan/index_html_9243eab78b.html,2026-09-22,200,09cf9674b25ac879d95ec9234fcc51eccca0c3adb44d4bc63c4b2a5b8810b97f
https://japan.kantei.go.jp/info/index.html,japan,data/raw/japan/info_index_html_76148e49c1.html,2026-09-22,200,0af8e836417fa52a9021a16a7ca46b83faaefde9ef79ab3cd194a25fa9fb92a8
https://japan.kantei.go.jp/tag/,japan,data/raw/japan/tag_20772fbe52.html,2026-09-22,200,2415fa3ab3a0926e6b0eedb0d40ce318179793aa95183c6e090807bfa428e1cf
https://japan.kantei.go.jp/tag/0088.html,japan,data/raw/japan/tag_0088_html_249f6eebe7.html,2026-09-22,200,e95f11dfe7db54edfda3d8ec01e21b98bce86e96b1a9e9b03ef495b98c47ad2c
https://japan.kantei.go.jp/tag/0092.html,japan,data/raw/japan/tag_0092_html_7c8cd34fb2.html,2026-09-22,200,eee143179bf9baf3deee2f3c2712da72594b0cfed2fc51ab2b3cb7452a746b63
https://japan.kantei.go.jp/100_kishida/statement/202111/_00001.html,japan,data/raw/japan/100_kishida_statement_202111_00001_html_d0b4f620b9.html,2026-09-22,200,43f41e4cad114a3f44917e62e90b7197923dae53243e0602eaa966eafac21562
https://japan.kantei.go.jp/100_kishida/statement/202111/_00002.html,japan,data/raw/japan/100_kishida_statement_202111_00002_html_9dd42120df.html,2026-09-22,200,e5e1f3e8c9c2629122783effe3b87e538489c2c11a860143452af594d6b5d997
https://japan.kantei.go.jp/100_kishida/statement/202111/_00003.html,japan,data/raw/japan/100_kishida_statement_202111_00003_html_9614461fee.html,2026-09-22,200,6e9160e670534770a27ce45a50c9b19f61bb1480c0488890cf0933b5e82c0bcc
https://japan.kantei.go.jp/100_kishida/statement/202111/_00004.html,japan,data/raw/japan/100_kishida_statement_202111_00004_html_722192c746.html,2026-09-22,200,223fcd0883806643f84ea19f1ab1bbda3b4116cf899867ff19e185a58fa5436c
https://japan.kantei.go.jp/tag/0010.html,japan,data/raw/japan/tag_0010_html_083d7f1e11.html,2026-09-22,200,a3d57ff1cd6b619c8871b3732c9555063e0bd99acf6ccbde5b6752f9e9c9076e
https://japan.kantei.go.jp/tag/0019.html,japan,data/raw/japan/tag_0019_html_1e49c3a310.html,2026-09-22,200,60e309cf70046df0d8f894b1f99cecfe5aa68bac8f5fda0fd072a1adadebef31
https://japan.kantei.go.jp/tag/0031.html,japan,data/raw/japan/tag_0031_html_0fe28d1039.html,2026-09-22,200,2018e6a4306eb816384ff6285bba891802951ec0f739f5b6c4b516986cf3b76d
https://japan.kantei.go.jp/101_kishida/statement/202111/_00002.html,japan,data/raw/japan/101_kishida_statement_202111_00002_html_4ca231285d.html,2026-09-22,200,0341406ce9ff6711ccdd73094aca35fbe1a26c6f98ce1953ac6fe699a44ecadd
https://japan.kantei.go.jp/101_kishida/statement/202111/_00003.html,japan,data/raw/japan/101_kishida_statement_202111_00003_html_b4a5fafb5d.html,2026-09-22,200,69b7d340393e21d2efed957c5924bc3f002c6d92370abd7a16eea58ea1c8719c
https://japan.kantei.go.jp/101_kishida/statement/202111/_00005.html,japan,data/raw/japan/101_kishida_statement_202111_00005_html_035b752fb2.html,2026-09-22,200,df6c34b332c139ccc6e7820ec2b130c5d9d9a765cca89c0a209777c38e01a690
https://japan.kantei.go.jp/101_kishida/statement/202111/_00006.html,japan,data/raw/japan/101_kishida_statement_202111_00006_html_56e3fc8963.html,2026-09-22,200,ab2caf5c4924d06fabc35d5e750df3e14c35ee64b2740c150165812e2f79d1bc
https://japan.kantei.go.jp/101_kishida/statement/202112/index.html,japan,data/raw/japan/101_kishida_statement_202112_index_html_7d5ef5704c.html,2026-09-22,200,2eac202fc8270af0d6f90d7c7fd4f23c6f4730c4608940d3b369abb7c12e3e2b
https://japan.kantei.go.jp/101_kishida/statement/202212/index.html,japan,data/raw/japan/101_kishida_statement_202212_index_html_59706e65f9.html,2026-09-22,200,2fae7b2da48fca8cae3dbde74d937434bd971970d19c726e73d9bd800c8ec341
https://japan.kantei.go.jp/101_kishida/statement/202312/index.html,japan,data/raw/japan/101_kishida_statement_202312_index_html_b8869e8c97.html,2026-09-22,200,ea73d35304519c78b5538c4bd1df0ef4f6211fa28119529b58180688104ae65a
https://japan.kantei.go.jp/101_kishida/statement/202409/index.html,japan,data/raw/japan/101_kishida_statement_202409_index_html_c8c38dfca6.html,2026-09-22,200,1e394664687a82bda0009360f90e113a5c2154c8df01caa6b619ba3960942643
https://japan.kantei.go.jp/101_kishida/statement/index.html,japan,data/raw/japan/101_kishida_statement_index_html_e424b849d2.html,2026-09-22,200,56a7fdb84971a6551d6132b5131ee879a09f496b8bb2559127cce9f6b2a8a22b
https://japan.kantei.go.jp/102_ishiba/statement/202411/index.html,japan,data/raw/japan/102_ishiba_statement_202411_index_html_a487a463e7.html,2026-09-22,200,00f321946f5624c450c104b30802f3182629da6d2a88f3234a58d97662bcfd8c
https://japan.kantei.go.jp/103/statement/202412/index.html,japan,data/raw/japan/103_statement_202412_index_html_d14eca2648.html,2026-09-22,200,887d9c2948b33927fdea72914f1a2913eaba7631d445e26bff17e7eacc011b09
https://japan.kantei.go.jp/103/statement/202510/index.html,japan,data/raw/japan/103_statement_202510_index_html_31c125c0f4.html,2026-09-22,200,a2a2135a7d53e04649a2e590d38d04a719b37f9eb8c6d1f50bd56a5aa565f583
https://japan.kantei.go.jp/101_kishida/statement/202112/_00001.html,japan,data/raw/japan/101_kishida_statement_202112_00001_html_03546978eb.html,2026-09-22,200,fe0b15f280790a240e827447fb1b0d98f9e7dac8ac4556c3b6489e104579b658
https://japan.kantei.go.jp/101_kishida/statement/202112/_00002.html,japan,data/raw/japan/101_kishida_statement_202112_00002_html_e1d2690683.html,2026-09-22,200,016880c272d9b6aff322ec783829099885a996ea8ed62b39ef5636ea30f0ca00
https://japan.kantei.go.jp/101_kishida/statement/202112/_00003.html,japan,data/raw/japan/101_kishida_statement_202112_00003_html_7d80ac03de.html,2026-09-22,200,0bcedfc40485e7b760a28ee26104459717e6909e6712c8875fc3ce24ceb9ca86
https://japan.kantei.go.jp/101_kishida/statement/202112/_00004.html,japan,data/raw/japan/101_kishida_statement_202112_00004_html_0ae2dc2e83.html,2026-09-22,200,a914ec5186fbc8a6940713cea3413a6a896a6cb5ff1fd442837450c8659460fe
https://japan.kantei.go.jp/101_kishida/statement/202112/_00005.html,japan,data/raw/japan/101_kishida_statement_202112_00005_html_0121d2a155.html,2026-09-22,200,be1c5b1eec2fbdc23201663a46b66a824408b33fe8b58cb0c2d9ad210b9f491e
https://japan.kantei.go.jp/101_kishida/statement/202112/_00006.html,japan,data/raw/japan/101_kishida_statement_202112_00006_html_da674f635c.html,2026-09-22,200,843837eded2779dcc2f17c12a6f548b7450dcb40485fcae94fbb8605773a5437
https://japan.kantei.go.jp/101_kishida/statement/202112/_00007.html,japan,data/raw/japan/101_kishida_statement_202112_00007_html_3ed766441e.html,2026-09-22,200,2cdcec7528163d8070e5c54ab8ad27c80d3b4d895482bbb86867e26e30dc5cd6
https://japan.kantei.go.jp/101_kishida/statement/202112/_00008.html,japan,data/raw/japan/101_kishida_statement_202112_00008_html_72283771fd.html,2026-09-22,200,6fac9dd917c890d72575019a896b3f6a96aafa3bdb41928b315c8a219f51eaaa
https://japan.kantei.go.jp/101_kishida/statement/202112/_00009.html,japan,data/raw/japan/101_kishida_statement_202112_00009_html_4ece84a40b.html,2026-09-22,200,18d76a02363dbdde9f5dc3de357ac4b347ca6048e68be03dcb0d267b5898aa1a
https://japan.kantei.go.jp/101_kishida/statement/202112/_00010.html,japan,data/raw/japan/101_kishida_statement_202112_00010_html_d116105d8f.html,2026-09-22,200,ab31789c7f3472f989e2369010ca97a50aaa272430afa00c2f5b758a683b43b4
https://japan.kantei.go.jp/101_kishida/statement/202112/_00011.html,japan,data/raw/japan/101_kishida_statement_202112_00011_html_38d1f9d4ba.html,2026-09-22,200,f6d88aaf80cb007db15e12adc3ba8643472a0c0cd639876f6d97e685ab733d07
https://japan.kantei.go.jp/101_kishida/statement/202112/_00012.html,japan,data/raw/japan/101_kishida_statement_202112_00012_html_05f2395edd.html,2026-09-22,200,8d44e7f197ad481c4e4d58efb88f5259a2dfcb9e021263959e173866d481bfde
https://japan.kantei.go.jp/101_kishida/statement/202112/_00013.html,japan,data/raw/japan/101_kishida_statement_202112_00013_html_68ec89e044.html,2026-09-22,200,0ed2837b5aa3daf3281f85c180a5d0dc437e98c7254395cdb5b91fe4595e0345
https://japan.kantei.go.jp/101_kishida/statement/202112/_00014.html,japan,data/raw/japan/101_kishida_statement_202112_00014_html_fb63cee2be.html,2026-09-22,200,e04dc9bbd076b600a1cb7223bc1ff415d11aef37596f0ea8ebfce201dd1e5231
https://japan.kantei.go.jp/101_kishida/statement/202201/_00001.html,japan,data/raw/japan/101_kishida_statement_202201_00001_html_6b6873814d.html,2026-09-22,200,fb9bdb43d61d4e6bf8b5b16c2a09a4d6b4a33ee050843c6850bfaa3b38c73014
https://japan.kantei.go.jp/101_kishida/statement/202201/_00003.html,japan,data/raw/japan/101_kishida_statement_202201_00003_html_51f5ad20c8.html,2026-09-22,200,ed707224266387053b6be9c1754fe6c6a398332b2755556d17648ae0eaea56b5
https://japan.kantei.go.jp/101_kishida/statement/202201/_00004.html,japan,data/raw/japan/101_kishida_statement_202201_00004_html_18cf547588.html,2026-09-22,200,fc68085d790703ddcdc682a7f413c33176c5a92806eeec4df7f8ae5d415cef7d
https://japan.kantei.go.jp/101_kishida/statement/202201/_00005.html,japan,data/raw/japan/101_kishida_statement_202201_00005_html_9cc3173df2.html,2026-09-22,200,09f2fc59ed0aca696f1d1608231fb191ef39844f32e3c3b146296b3fff9e5042
https://japan.kantei.go.jp/101_kishida/statement/202201/_00006.html,japan,data/raw/japan/101_kishida_statement_202201_00006_html_097554a938.html,2026-09-22,200,2a050906ef23749e65101edaf882ecbee390bb1ffdf96a82420f7b6d081d6dcc
https://japan.kantei.go.jp/101_kishida/statement/202201/_00007.html,japan,data/raw/japan/101_kishida_statement_202201_00007_html_e6dc5f9ff2.html,2026-09-22,200,cc8819b55c19de462d8f3e2018f4727897ce03e457079c534207064eed982793
https://japan.kantei.go.jp/101_kishida/statement/202201/_00008.html,japan,data/raw/japan/101_kishida_statement_202201_00008_html_c505303e32.html,2026-09-22,200,120e269c5364624181d260c563fc4135c3e1bbac5380eb791d2b0ec40b017d80
https://japan.kantei.go.jp/101_kishida/statement/202201/_00009.html,japan,data/raw/japan/101_kishida_statement_202201_00009_html_d042dc6cf9.html,2026-09-22,200,b80b122964ff8395d7af0246baeb81e23c898fd5f96d90c80e9afb4636a32e57
https://japan.kantei.go.jp/101_kishida/statement/202201/_00010.html,japan,data/raw/japan/101_kishida_statement_202201_00010_html_a8ad69146e.html,2026-09-22,200,784646221c9bd781dca4bc1a7449fb1f4ec3148e13d8b78e94eb6264780e1ed0
https://japan.kantei.go.jp/101_kishida/statement/202201/_00011.html,japan,data/raw/japan/101_kishida_statement_202201_00011_html_cd4ea6664f.html,2026-09-22,200,5ef86b59e9afe251dcc188e6f6259d6de69aaf49eba5f6776f16e3cde7276991
https://japan.kantei.go.jp/101_kishida/statement/202201/_00012.html,japan,data/raw/japan/101_kishida_statement_202201_00012_html_4b2ce28167.html,2026-09-22,200,a69818d5adfa328642086fa1ba19ffa817b359e23f9a19992f4d6e348bde3f30
https://japan.kantei.go.jp/101_kishida/statement/202201/_00013.html,japan,data/raw/japan/101_kishida_statement_202201_00013_html_a7d93d0de8.html,2026-09-22,200,b5b8edab3857bdf4f8860835f67ab1c0ab4ec18a68374d232d0243aaea0665fc
https://japan.kantei.go.jp/101_kishida/statement/202201/_00014.html,japan,data/raw/japan/101_kishida_statement_202201_00014_html_6c2cf95bcf.html,2026-09-22,200,c3acf7011cd01415e1d943da360c5fdc2fa0676ac53afaeca738756441e26e7b
https://japan.kantei.go.jp/101_kishida/statement/202201/_00015.html,japan,data/raw/japan/101_kishida_statement_202201_00015_html_728998cc67.html,2026-09-22,200,8be69493459125635d0b391b11b247d5acb4c5257b50cb11384d53699c49a2b0
https://japan.kantei.go.jp/tag/0001.html,japan,data/raw/japan/tag_0001_html_6003144828.html,2026-09-22,200,3d0951eee120f688aa8ff457ad9d3718b40091f70c861545d6dea3802e5d02bb
https://japan.kantei.go.jp/tag/0002.html,japan,data/raw/japan/tag_0002_html_c6362d70d5.html,2026-09-22,200,17004cfd2c24475efb22497906a6c02de7855afea50260f132dbe648027222e6
https://japan.kantei.go.jp/tag/0003.html,japan,data/raw/japan/tag_0003_html_b8ffea0435.html,2026-09-22,200,1b4b2b56024be9c4de314489ecbaf077e2f4ef771c619cfa30503e4f5519b959
https://japan.kantei.go.jp/tag/0005.html,japan,data/raw/japan/tag_0005_html_d4dbc5835f.html,2026-09-22,200,989ba320f4236c59a078e26c9f06b2c9b13762ce529a2307f87e55dfabf2ecc9
https://japan.kantei.go.jp/tag/0095.html,japan,data/raw/japan/tag_0095_html_2153643dbe.html,2026-09-22,200,60ebb1cb7598d7ba61c4937176dc0f6aee551f2fd30b6a3f8a8bfa6845b9ab8c
https://japan.kantei.go.jp/101_kishida/statement/202202/_00002.html,japan,data/raw/japan/101_kishida_statement_202202_00002_html_8731ed6031.html,2026-09-22,200,1510ab7018126edaea2a1122af495255706882d1388a28fcfe76dc0a6786ae6a
https://japan.kantei.go.jp/101_kishida/statement/202202/_00003.html,japan,data/raw/japan/101_kishida_statement_202202_00003_html_4c4a6397d3.html,2026-09-22,200,bca28df0e92367716b21d7bf6a4e08a21fa45f67f3faaad7aaf5f7f0ef72600c
https://japan.kantei.go.jp/101_kishida/statement/202202/_00004.html,japan,data/raw/japan/101_kishida_statement_202202_00004_html_c8424fc424.html,2026-09-22,200,297eba02939b53bbac0726b98c6327eb2b6efd87c9b6953a8b16afd3541ab81f
https://japan.kantei.go.jp/101_kishida/statement/202202/_00005.html,japan,data/raw/japan/101_kishida_statement_202202_00005_html_c616083842.html,2026-09-22,200,aff04843596c9710bd605c50a38536290b456eb902b07c396d0b5605ba5a6279
https://japan.kantei.go.jp/101_kishida/statement/202202/_00006.html,japan,data/raw/japan/101_kishida_statement_202202_00006_html_1f70296cff.html,2026-09-22,200,d74505954f32180076f8e781984cba45a08553f3900de10d6783d3c907a52f35
https://japan.kantei.go.jp/101_kishida/statement/202202/_00007.html,japan,data/raw/japan/101_kishida_statement_202202_00007_html_421c4840b5.html,2026-09-22,200,8fe096db510de3c5017224c6ffc6ece4b05ee6c969b2cecd22f28801b280bb0b
https://japan.kantei.go.jp/101_kishida/statement/202202/_00008.html,japan,data/raw/japan/101_kishida_statement_202202_00008_html_b479cbd8bb.html,2026-09-22,200,fc18ded226133eabca1b82b19e2176dcd5b2ddb047ecc4ea9340175d5347828c
https://japan.kantei.go.jp/101_kishida/statement/202202/_00009.html,japan,data/raw/japan/101_kishida_statement_202202_00009_html_74f3376e22.html,2026-09-22,200,e1a003b99f1b32cf8bd4350cac8e2669ce37449ede5f2036243b0212aca97d69
https://japan.kantei.go.jp/101_kishida/statement/202202/_00010.html,japan,data/raw/japan/101_kishida_statement_202202_00010_html_0d9dfb1d9c.html,2026-09-22,200,a6f540fbbde59c835757c05567dfa91ff93fd9f8ccb6e91c2259b2583c09c40f
https://japan.kantei.go.jp/101_kishida/statement/202202/_00011.html,japan,data/raw/japan/101_kishida_statement_202202_00011_html_33d3a1dd85.html,2026-09-22,200,4d752b1e8f6d6ff9632889324f85a86a8be32f26ac66cf5c49b68d54be93cfb4
https://japan.kantei.go.jp/101_kishida/statement/202202/_00012.html,japan,data/raw/japan/101_kishida_statement_202202_00012_html_4708e45ef9.html,2026-09-22,200,bee9348a33f26971825c47655721dafc397212d80d3c944a95d553bf9cc75daf
https://japan.kantei.go.jp/101_kishida/statement/202202/_00013.html,japan,data/raw/japan/101_kishida_statement_202202_00013_html_16235c1416.html,2026-09-22,200,b0986b25deda52bc0451f0812d147c5b9d0438a269d2334326bddd36a6b5bb45
https://japan.kantei.go.jp/101_kishida/statement/202202/_00014.html,japan,data/raw/japan/101_kishida_statement_202202_00014_html_c7499f10b6.html,2026-09-22,200,e3e84e3a2f298eb6114cd0cf379867d30e19c53efb095c5c458ab77470ff7d30
https://japan.kantei.go.jp/101_kishida/statement/202202/_00016.html,japan,data/raw/japan/101_kishida_statement_202202_00016_html_9b193faa7c.html,2026-09-22,200,d9d7609a28905c0ada0aa84738651ea4046c96b4e765bfa3ee0b3fb20a1e3af3
https://japan.kantei.go.jp/tag/0027.html,japan,data/raw/japan/tag_0027_html_4150a8fef9.html,2026-09-22,200,b1bd71ffaedff180bb12245e6c76e512e4fd3028107bca0fe7ca2570db6d1d7a
https://japan.kantei.go.jp/tag/0048.html,japan,data/raw/japan/tag_0048_html_85f62f5c92.html,2026-09-22,200,d590daeaa241d8663f570d8ec124dad336c53d08f7642946dc6949235db85d2f
https://japan.kantei.go.jp/101_kishida/statement/202203/_00002.html,japan,data/raw/japan/101_kishida_statement_202203_00002_html_080a85c332.html,2026-09-22,200,6695070c134eddc449ed7132024f87e480729e4bed561456a182286bc2b41a0a
https://japan.kantei.go.jp/101_kishida/statement/202203/_00003.html,japan,data/raw/japan/101_kishida_statement_202203_00003_html_ebd344e9a5.html,2026-09-22,200,348002671fdf281084a6df4e61f27fed6cb8a9d82297a2ca77250713eaed5e67
https://japan.kantei.go.jp/101_kishida/statement/202203/_00005.html,japan,data/raw/japan/101_kishida_statement_202203_00005_html_ad0bdb894a.html,2026-09-22,200,e055b2a882ac321574dd05c73d5ac82a5fd4d783f07912df73161f972bfff83a
https://japan.kantei.go.jp/101_kishida/statement/202203/_00006.html,japan,data/raw/japan/101_kishida_statement_202203_00006_html_d509586bd0.html,2026-09-22,200,4cf33dfad3c53083e1f906d5a7284249182e94b988e1f48a66a488c9ffd4ca58
https://japan.kantei.go.jp/101_kishida/statement/202203/_00007.html,japan,data/raw/japan/101_kishida_statement_202203_00007_html_b3045cada3.html,2026-09-22,200,a430cfbcbe09184dd1ff3e27ef7902f5beb02392f24bfc1de849ae011b2484e2
https://japan.kantei.go.jp/101_kishida/statement/202203/_00008.html,japan,data/raw/japan/101_kishida_statement_202203_00008_html_4ed48bf490.html,2026-09-22,200,737d324168617662d52be07b5b5d252291e2c640e69f580ea11439f937ef7718
https://japan.kantei.go.jp/101_kishida/statement/202203/_00009.html,japan,data/raw/japan/101_kishida_statement_202203_00009_html_f4bd03707a.html,2026-09-22,200,533659d92e1434afa1c75cfb381d22bdbfc8f06d7a955a01b5045cbdbcf63757
https://japan.kantei.go.jp/101_kishida/statement/202203/_00010.html,japan,data/raw/japan/101_kishida_statement_202203_00010_html_8da36d9038.html,2026-09-22,200,e308db41375a1d1ce37b3e6f00df8880dc2eec48d3753fea803b93c06c5d2ab5
https://japan.kantei.go.jp/101_kishida/statement/202203/_00011.html,japan,data/raw/japan/101_kishida_statement_202203_00011_html_eccccf43b5.html,2026-09-22,200,a05cdcfa21907ee0d05d7f472f10fbafe59524ba383a36864ea27a5ee7f97820
https://japan.kantei.go.jp/101_kishida/statement/202203/_00012.html,japan,data/raw/japan/101_kishida_statement_202203_00012_html_dd2b7e0e18.html,2026-09-22,200,b09825d83b8aec91a0c4c82230ba93e4d3198224fe63782bf05c50f4e15ddb67
https://japan.kantei.go.jp/101_kishida/statement/202203/_00013.html,japan,data/raw/japan/101_kishida_statement_202203_00013_html_582b34ec3b.html,2026-09-22,200,20ca9b34da8291c67eabf08a2f1b241a1df71d1db8e494dfe633449c6e4800e5
https://japan.kantei.go.jp/101_kishida/statement/202203/_00014.html,japan,data/raw/japan/101_kishida_statement_202203_00014_html_f36fe97118.html,2026-09-22,200,20ee4aceac7f9f61ef727887abf3c2aae997ddfe88c1985c86a9d2bb1059a0e0
https://japan.kantei.go.jp/101_kishida/statement/202203/_00015.html,japan,data/raw/japan/101_kishida_statement_202203_00015_html_ed31dc99ad.html,2026-09-22,200,fd536e2cca7ad6bbe6c19d7c3a4bf859ec4066777bc7e2aa27d2f39c865c8bc0
https://japan.kantei.go.jp/101_kishida/statement/202203/_00016.html,japan,data/raw/japan/101_kishida_statement_202203_00016_html_7ddf4c1d91.html,2026-09-22,200,675f6308d6bf2542f84ac72ee2166178f229729820518923349936b22078820c
https://japan.kantei.go.jp/101_kishida/statement/202203/_00017.html,japan,data/raw/japan/101_kishida_statement_202203_00017_html_a14cde4bbe.html,2026-09-22,200,50758aa8a8d6a5686aa667530c8224de4d3775dac3406b0d10a3eed3414b4ffd
https://japan.kantei.go.jp/101_kishida/statement/202203/_00018.html,japan,data/raw/japan/101_kishida_statement_202203_00018_html_7a42be90a2.html,2026-09-22,200,835479d31743885dab1591a422af1f0ae220ece6f614fcff16a883e51741e432
https://japan.kantei.go.jp/101_kishida/statement/202203/_00019.html,japan,data/raw/japan/101_kishida_statement_202203_00019_html_903eb36452.html,2026-09-22,200,3e99691a3e0a22a49142b7e205401515a4952ee631f2e634f41decab1b9714ce
https://japan.kantei.go.jp/101_kishida/statement/202203/_00020.html,japan,data/raw/japan/101_kishida_statement_202203_00020_html_16d3fdf2cb.html,2026-09-22,200,7b15e8b9e96492e69f23fa5149c2388fabfa9af76d86f3828140d6a1447c7fc9
https://japan.kantei.go.jp/101_kishida/statement/202203/_00021.html,japan,data/raw/japan/101_kishida_statement_202203_00021_html_d06ec22568.html,2026-09-22,200,4bd872c82985ebb0357c46a1517b12b2a41fcae5007a55650bedc717938d897d
https://japan.kantei.go.jp/101_kishida/statement/202203/_00022.html,japan,data/raw/japan/101_kishida_statement_202203_00022_html_63d42e67c6.html,2026-09-22,200,088565eed00e600e128471fb427c63cf9d6d402c71afce1a54fcd57cb401d83b
https://japan.kantei.go.jp/101_kishida/statement/202203/_00023.html,japan,data/raw/japan/101_kishida_statement_202203_00023_html_8b7e791e0a.html,2026-09-22,200,64b75f4513deb0e45394c348b4271492a83164ee52d7f23b08f62108e9971be3
https://japan.kantei.go.jp/101_kishida/statement/202203/_00024.html,japan,data/raw/japan/101_kishida_statement_202203_00024_html_cd2fbebe32.html,2026-09-22,200,16f977fd8deeaab8e1456e5f5149684abdf9687e13fa2f235d488d979c17fbe4
https://japan.kantei.go.jp/101_kishida/statement/202203/_00025.html,japan,data/raw/japan/101_kishida_statement_202203_00025_html_1c76a3634a.html,2026-09-22,200,19a8d53d86709984378c92e52b9825b4595f7faa2a124d42f5e4124b92af76f7
https://japan.kantei.go.jp/101_kishida/statement/202203/_00026.html,japan,data/raw/japan/101_kishida_statement_202203_00026_html_785845e856.html,2026-09-22,200,190bfd1e278d50cc1777e3fd0654264327ad5f521c675bb34fa5d9ca877620a2
https://japan.kantei.go.jp/101_kishida/statement/202203/_00027.html,japan,data/raw/japan/101_kishida_statement_202203_00027_html_8c5284ddc5.html,2026-09-22,200,7f71d7214649bfa3e6acec0d812c0e6e264c8876e32dcfef0d33fd56311e1aaa
https://japan.kantei.go.jp/101_kishida/statement/202203/_00028.html,japan,data/raw/japan/101_kishida_statement_202203_00028_html_08e979beca.html,2026-09-22,200,8f3b8f77ebeaafe2e6d23d9d919ecbc5d8d677b21dcdbd36aed87bcfb084b87b
https://japan.kantei.go.jp/tag/0017.html,japan,data/raw/japan/tag_0017_html_1c01744205.html,2026-09-22,200,5bc9378e9cfcbf1ac4f6a119f48cb582daa9aa3f333f9aea3d682e4a24e1b692
https://japan.kantei.go.jp/tag/0021.html,japan,data/raw/japan/tag_0021_html_4157408a2b.html,2026-09-22,200,ecc6e1d7e9ae9040d6df5fe9214a020431204102175cfd892840dbdec4600efc
https://japan.kantei.go.jp/tag/0093.html,japan,data/raw/japan/tag_0093_html_4e0784a612.html,2026-09-22,200,9c3c42314ad675f7c1095a7bdc5ece04dbe19da5c7444eaad5d386ea4f4ffe00
https://japan.kantei.go.jp/101_kishida/statement/202204/_00001.html,japan,data/raw/japan/101_kishida_statement_202204_00001_html_6c1243eeed.html,2026-09-22,200,d9cec94f5876dd86d9821f7c00b7719e9dbf66ed32f5c2e3b79da7a44bcd2fdf
https://japan.kantei.go.jp/101_kishida/statement/202204/_00004.html,japan,data/raw/japan/101_kishida_statement_202204_00004_html_7084bc39bd.html,2026-09-22,200,31afcf4df03210b145497dc457aac20b033eed40c749e0b3fa012cfd4108ddca
https://japan.kantei.go.jp/101_kishida/statement/202204/_00005.html,japan,data/raw/japan/101_kishida_statement_202204_00005_html_80838b2e19.html,2026-09-22,200,e551994f788c455c22e7e062707e95892188c16a0086872453bdb857d2d52c91
https://japan.kantei.go.jp/101_kishida/statement/202204/_00006.html,japan,data/raw/japan/101_kishida_statement_202204_00006_html_0744e9b2a8.html,2026-09-22,200,8099dc4c2f6889d7478a251605363572f1075ba5a9ee1703e54ebe4b1b256ba9
https://japan.kantei.go.jp/101_kishida/statement/202204/_00007.html,japan,data/raw/japan/101_kishida_statement_202204_00007_html_2ef171a928.html,2026-09-22,200,aa1331c595f3d574a2a70634dccf7fc80e77120c47735f06f5da8c0a27fde7c7
https://japan.kantei.go.jp/101_kishida/statement/202204/_00008.html,japan,data/raw/japan/101_kishida_statement_202204_00008_html_600764439a.html,2026-09-22,200,c45c96061a1c2bae9c1ec5fa6a15550417f2b41c748423fd3c8f5d6e49aac779
https://japan.kantei.go.jp/101_kishida/statement/202204/_00009.html,japan,data/raw/japan/101_kishida_statement_202204_00009_html_6fd95fa990.html,2026-09-22,200,c26bc799142cf49d33df192e2e882811f568d8d8cf98226967a2a63de5e91aad
https://japan.kantei.go.jp/101_kishida/statement/202204/_00010.html,japan,data/raw/japan/101_kishida_statement_202204_00010_html_058b897c77.html,2026-09-22,200,f3e21945c30897c46e37ddc5e500b731232f89ed72b700f50f5b045b4a8cb772
https://japan.kantei.go.jp/101_kishida/statement/202204/_00011.html,japan,data/raw/japan/101_kishida_statement_202204_00011_html_6df97b6ed4.html,2026-09-22,200,3d005491dfe73eef65697d1b0097c84fb2e93dfd67921b4f09ed0a63e6698d04
https://japan.kantei.go.jp/101_kishida/statement/202204/_00012.html,japan,data/raw/japan/101_kishida_statement_202204_00012_html_7a330237d8.html,2026-09-22,200,756830048b25e25fe1c8970c27d49407dc7686ea3b49128f5b2adce89f71e785
https://japan.kantei.go.jp/101_kishida/statement/202204/_00014.html,japan,data/raw/japan/101_kishida_statement_202204_00014_html_fa24e0d460.html,2026-09-22,200,3c8f3b6f9ae23e469cc0991d6d0519f074c17597e295f102c8c9193a94ff0017
https://japan.kantei.go.jp/101_kishida/statement/202204/_00015.html,japan,data/raw/japan/101_kishida_statement_202204_00015_html_eb19c8001f.html,2026-09-22,200,60408706c9b3a99f0e5c9aece412a46486a6bc93fd9875d338675f87e5430f95
https://japan.kantei.go.jp/101_kishida/statement/202204/_00016.html,japan,data/raw/japan/101_kishida_statement_202204_00016_html_169ef675bc.html,2026-09-22,200,69b9c89539cfd80d500726b5034cbe31756fe78aae125e9bbb5dd8916689ddb9
https://japan.kantei.go.jp/101_kishida/statement/202204/_00017.html,japan,data/raw/japan/101_kishida_statement_202204_00017_html_d98673f8ca.html,2026-09-22,200,a25062dc20619a1d74cfd73c8cf352bd7ff22dbc9b8b7419f458e1f3d583374d
https://japan.kantei.go.jp/101_kishida/statement/202205/_00001.html,japan,data/raw/japan/101_kishida_statement_202205_00001_html_ff245ba79d.html,2026-09-22,200,79b762e5c07321f1857fb53e20603fa1a4c9f5e84ac075085c59dd6ac44346e2
https://japan.kantei.go.jp/101_kishida/statement/202205/_00002.html,japan,data/raw/japan/101_kishida_statement_202205_00002_html_9b4191b3a3.html,2026-09-22,200,bec6c2c6eda13ab5e3060ec7b3ed57b38bc892e798676665d2b40c52200e9363
https://japan.kantei.go.jp/101_kishida/statement/202205/_00003.html,japan,data/raw/japan/101_kishida_statement_202205_00003_html_942c0f28c3.html,2026-09-22,200,7c982a00913865494911af2968d36649be05e44de233e5272e8d1e4359803924
https://japan.kantei.go.jp/101_kishida/statement/202205/_00004.html,japan,data/raw/japan/101_kishida_statement_202205_00004_html_ea97ded0be.html,2026-09-22,200,066f8ba9719b1d1fe92aa8e9facd757cbd4fe49f06c6a5c3a99bba329749e071
https://japan.kantei.go.jp/101_kishida/statement/202205/_00005.html,japan,data/raw/japan/101_kishida_statement_202205_00005_html_d6d1306f00.html,2026-09-22,200,9e38ba5a5c63d72f9ae5e2cd070cbbec06f641bc84b53c9cede4aed1460a762f
https://japan.kantei.go.jp/101_kishida/statement/202205/_00006.html,japan,data/raw/japan/101_kishida_statement_202205_00006_html_0cd28147c5.html,2026-09-22,200,df09cd78fe710e0fe052faa456d0fb13cb13e3f1b3a84d52c03a6d4c3ddbe774
https://japan.kantei.go.jp/101_kishida/statement/202205/_00007.html,japan,data/raw/japan/101_kishida_statement_202205_00007_html_9dd5b27fc2.html,2026-09-22,200,8c91aea1e0e73ce3bc05ef889e754b5dd510005cab20d93efaa9f00a73c41e4f
https://japan.kantei.go.jp/101_kishida/statement/202205/_00008.html,japan,data/raw/japan/101_kishida_statement_202205_00008_html_9451d339e4.html,2026-09-22,200,3d41d6861795c4225646c93603f0f6a35a7f8bce0deecef56f118660f7d1b009
https://japan.kantei.go.jp/101_kishida/statement/202205/_00009.html,japan,data/raw/japan/101_kishida_statement_202205_00009_html_a7aeccca60.html,2026-09-22,200,926c6afaba56e2d7d1e74ffbc3bcd8f2fcb7bff66006af0e312b1692ffa4dcdc
https://japan.kantei.go.jp/101_kishida/statement/202205/_00010.html,japan,data/raw/japan/101_kishida_statement_202205_00010_html_96a6600642.html,2026-09-22,200,b69a62bf276bcacb409fcf3edfa2b377319c5d6c11c572489f2683460ea4e596
https://japan.kantei.go.jp/101_kishida/statement/202205/_00011.html,japan,data/raw/japan/101_kishida_statement_202205_00011_html_7e4e303ba1.html,2026-09-22,200,acfaa97c7e774538e2415c5e60a76489fcf6a26a792221cbc226737f9f697b5b
https://japan.kantei.go.jp/101_kishida/statement/202205/_00012.html,japan,data/raw/japan/101_kishida_statement_202205_00012_html_d74e91a8ba.html,2026-09-22,200,f50536d21c1ca07923697c18baac4dcf4bbd9375cfa582a5872984741d3f10cf
https://japan.kantei.go.jp/101_kishida/statement/202205/_00013.html,japan,data/raw/japan/101_kishida_statement_202205_00013_html_05e428b302.html,2026-09-22,200,69b7f1181f37c507a3361aa7d85290fa12abd2dab2ef7a5c98b6a00641b234a9
https://japan.kantei.go.jp/101_kishida/statement/202205/_00014.html,japan,data/raw/japan/101_kishida_statement_202205_00014_html_31e1c42d61.html,2026-09-22,200,45c96e6797a9bcac6eca61edb4ae3084f2a99e028e805933c821ccbb9a54748c
https://japan.kantei.go.jp/101_kishida/statement/202205/_00015.html,japan,data/raw/japan/101_kishida_statement_202205_00015_html_a59db9087f.html,2026-09-22,200,27ddfc425ac0ba10c804b72c22a115b7111bd749a49d35cbe6717a3da037a7ed
https://japan.kantei.go.jp/101_kishida/statement/202206/_00001.html,japan,data/raw/japan/101_kishida_statement_202206_00001_html_183a00fde3.html,2026-09-22,200,529b83090d79a6a856b04e9f9cee2b30dfaca242f5ae8b5efcfb3afcfb7f6710
https://japan.kantei.go.jp/101_kishida/statement/202206/_00002.html,japan,data/raw/japan/101_kishida_statement_202206_00002_html_02cb7dd3a2.html,2026-09-22,200,12679b6a03ecece364352e7da73c661c074789344eb67b966d9250e93d9430f7
https://japan.kantei.go.jp/101_kishida/statement/202206/_00004.html,japan,data/raw/japan/101_kishida_statement_202206_00004_html_7df2acfa0f.html,2026-09-22,200,086cd371e065c0e8055c8b1e861f73bd82fd8c8381515884a8b3057fcb311647
https://japan.kantei.go.jp/101_kishida/statement/202206/_00005.html,japan,data/raw/japan/101_kishida_statement_202206_00005_html_01b93efe5b.html,2026-09-22,200,127dab9959c3fd91f82d5b4ebfe5d6fd269202441d30ccf0c9929ea60a02c9b5
https://japan.kantei.go.jp/101_kishida/statement/202206/_00006.html,japan,data/raw/japan/101_kishida_statement_202206_00006_html_065ae9dcec.html,2026-09-22,200,8e69cfde9cda0ef481d2f14a16f9057703715528efae551000087eeb0ca60f38
https://japan.kantei.go.jp/101_kishida/statement/202206/_00007.html,japan,data/raw/japan/101_kishida_statement_202206_00007_html_fbd52b3aa7.html,2026-09-22,200,de87827dfa34b866944850ce7f26ab082164e45d6a8dc81913d4efc647bb7e8a
https://japan.kantei.go.jp/101_kishida/statement/202206/_00009.html,japan,data/raw/japan/101_kishida_statement_202206_00009_html_598d8c0a4c.html,2026-09-22,200,710887ffc98e7d2aae8f61d738c0460249011f2bab3a4bb688c380f927b7081b
https://japan.kantei.go.jp/101_kishida/statement/202206/_00010.html,japan,data/raw/japan/101_kishida_statement_202206_00010_html_631ca9e70a.html,2026-09-22,200,f47d55eaf391f9ef9d96f787b7696ff2de20563bb32fd3ff35b96bb6fb53da9d
https://japan.kantei.go.jp/101_kishida/statement/202206/_00011.html,japan,data/raw/japan/101_kishida_statement_202206_00011_html_744e0bc432.html,2026-09-22,200,b5f2b58c37e3f7a15bde009c850efe20b77ac89cfffa8c6dfb213420318814b2
https://japan.kantei.go.jp/101_kishida/statement/202206/_00012.html,japan,data/raw/japan/101_kishida_statement_202206_00012_html_f0cf2b889f.html,2026-09-22,200,b1532e3cfce1b48e038a04f20c7e7ab32768c9aaeb1da22d336eeb2eb05e2ec4
https://japan.kantei.go.jp/101_kishida/statement/202206/_00013.html,japan,data/raw/japan/101_kishida_statement_202206_00013_html_4c4fa90b3e.html,2026-09-22,200,4ac229d16608b10f2eb6a03b3934caa99013aeb976d7d36390818f0c5f5c735c
https://japan.kantei.go.jp/101_kishida/statement/202206/_00015.html,japan,data/raw/japan/101_kishida_statement_202206_00015_html_4d3dc841a6.html,2026-09-22,200,18cf8761f06de9c1e3aee9c66bfcc56cf55bd9d15fb7ac8aff07bec24d564fe9
https://japan.kantei.go.jp/101_kishida/statement/202206/_00016.html,japan,data/raw/japan/101_kishida_statement_202206_00016_html_420ade943c.html,2026-09-22,200,c2ce1e2cf99b614e5bef0fd30539cba5e97e08fda88967d142575a3a5a84c0da
https://japan.kantei.go.jp/101_kishida/statement/202207/_00002.html,japan,data/raw/japan/101_kishida_statement_202207_00002_html_67327f7452.html,2026-09-22,200,227b1ffbb877df58dfe0a386c11d170cbb4614b439cbfae86ca65add0bead872
https://japan.kantei.go.jp/101_kishida/statement/202207/_00003.html,japan,data/raw/japan/101_kishida_statement_202207_00003_html_dfc8fdfbe1.html,2026-09-22,200,1e40092ddc0fa660482573a897dc466109ed066602387bdbff4b83de64b8ede7
https://japan.kantei.go.jp/101_kishida/statement/202207/_00004.html,japan,data/raw/japan/101_kishida_statement_202207_00004_html_e085ca564a.html,2026-09-22,200,e7b1f82d4d3b625cdf3d92c8161cefe7be9c6aa65dcaa764da0685ef313fdd64
https://japan.kantei.go.jp/101_kishida/statement/202207/_00006.html,japan,data/raw/japan/101_kishida_statement_202207_00006_html_c6a6d2f379.html,2026-09-22,200,b806db189a3ddc9497dc67186ac05dc3c4d2b51641e688a6d040887774beb453
https://japan.kantei.go.jp/101_kishida/statement/202207/_00007.html,japan,data/raw/japan/101_kishida_statement_202207_00007_html_92a5213427.html,2026-09-22,200,af2402719d557d65df0d728ffa549a12653b2fc45585a9eefe4c04aeab64d809
https://japan.kantei.go.jp/101_kishida/statement/202207/_00008.html,japan,data/raw/japan/101_kishida_statement_202207_00008_html_08062c4634.html,2026-09-22,200,f9cdd86ef39b62567c8ec09f0d647137916d3ac44d54554cdf52b0fd55c399a3
https://japan.kantei.go.jp/101_kishida/statement/202207/_00009.html,japan,data/raw/japan/101_kishida_statement_202207_00009_html_e2fa0f6fe1.html,2026-09-22,200,3272562716bc27b4c464b4ceb0d9eb2edd3c86f64881aabb10aac036fd8af2e6
https://japan.kantei.go.jp/101_kishida/statement/202207/_00010.html,japan,data/raw/japan/101_kishida_statement_202207_00010_html_6b80f3d6f6.html,2026-09-22,200,86dccfe93ead2932ca326a4627609d5befccb2de023191fb5faecdba0aa5269b
https://japan.kantei.go.jp/101_kishida/statement/202208/_00001.html,japan,data/raw/japan/101_kishida_statement_202208_00001_html_9c1cc4ff89.html,2026-09-22,200,4c7665b41f4b6225ae4ae5ac377bfecc29e4c48b0bc32344a376f91d1d0ada94
https://japan.kantei.go.jp/101_kishida/statement/202208/_00002.html,japan,data/raw/japan/101_kishida_statement_202208_00002_html_75ed7ce5eb.html,2026-09-22,200,d889757c70a4a536479bccf0e92d1a1ef36b1ab1fdd0ac7b6fd751a731e960e6
https://japan.kantei.go.jp/101_kishida/statement/202208/_00003.html,japan,data/raw/japan/101_kishida_statement_202208_00003_html_1d70283e29.html,2026-09-22,200,778474e8c1cae89797906f323caacdc76185c1e9284e0e43c4fe679cbeb79e37
https://japan.kantei.go.jp/101_kishida/statement/202208/_00004.html,japan,data/raw/japan/101_kishida_statement_202208_00004_html_a03c83a31c.html,2026-09-22,200,010ac30bad0f4bfb11f7cdab36a0242f66c1965a22b0692477d7db51345a67ef
https://japan.kantei.go.jp/101_kishida/statement/202208/_00005.html,japan,data/raw/japan/101_kishida_statement_202208_00005_html_e052f430e3.html,2026-09-22,200,04f8d783e89e4bbef39aa7dce32ca72933031d32e55a08dda8ec36805f76db70
https://japan.kantei.go.jp/101_kishida/statement/202208/_00006.html,japan,data/raw/japan/101_kishida_statement_202208_00006_html_47b905f25e.html,2026-09-22,200,7820ef0365fa52f4cca3d031a6223643b4887d7f909fba81e5bc34a207fcc50a
https://japan.kantei.go.jp/101_kishida/statement/202208/_00007.html,japan,data/raw/japan/101_kishida_statement_202208_00007_html_99e8480ce3.html,2026-09-22,200,69b683134de5acbb133b7a5431d6316b4be56e2670ac2e7aa54c25f1551fb6c9
https://japan.kantei.go.jp/101_kishida/statement/202208/_00009.html,japan,data/raw/japan/101_kishida_statement_202208_00009_html_a631e28e22.html,2026-09-22,200,472dbfe2ca7ae1a0e1773920c4567714b2f300169dfe858dddaf721f5ea1efea
https://japan.kantei.go.jp/101_kishida/statement/202208/_00011.html,japan,data/raw/japan/101_kishida_statement_202208_00011_html_0cb858e547.html,2026-09-22,200,323305fd366b620de8e9b9c7806bf01bbcfb28f03ad08e8a93a99db0b8dc24fe
https://japan.kantei.go.jp/101_kishida/statement/202208/_00012.html,japan,data/raw/japan/101_kishida_statement_202208_00012_html_685d4d11df.html,2026-09-22,200,7b7416f1b510fc9b8ffbd08eeb32f93b99c717b85b8ab0105c577fa8314f873f
https://japan.kantei.go.jp/101_kishida/statement/202208/_00013.html,japan,data/raw/japan/101_kishida_statement_202208_00013_html_4e09ee21c6.html,2026-09-22,200,59bf87b06651f6179ff062bf3b2cbcd429600a1d1beba9c6a876d953ccfc9bdc
https://japan.kantei.go.jp/101_kishida/statement/202208/_00015.html,japan,data/raw/japan/101_kishida_statement_202208_00015_html_cc56f24e0d.html,2026-09-22,200,1b0e8a640aeed66d10e8a43eeceff5c840687e87ee0847ba1c77f53b837524fa
https://japan.kantei.go.jp/101_kishida/statement/202208/_00016.html,japan,data/raw/japan/101_kishida_statement_202208_00016_html_9c383b2934.html,2026-09-22,200,d741b1fd89e934518f675d306f39fde1f27cc026704ffe6464f297f6f59884f2
https://japan.kantei.go.jp/101_kishida/statement/202208/_00017.html,japan,data/raw/japan/101_kishida_statement_202208_00017_html_ff215e4244.html,2026-09-22,200,39cf001050e0d73e66c67efe7dc704218a2c5f9f401ba9f5857fcf656ed1f5fd
https://japan.kantei.go.jp/101_kishida/statement/202208/_00019.html,japan,data/raw/japan/101_kishida_statement_202208_00019_html_f11ab7b0d7.html,2026-09-22,200,42901692a4dbc556354c84676fd87ea45d6fc8b2acbe1771fed6907db45c3b18
https://japan.kantei.go.jp/101_kishida/statement/202208/_00020.html,japan,data/raw/japan/101_kishida_statement_202208_00020_html_7707a140db.html,2026-09-22,200,711a6bb3503dd3cf4f6c8abd6ced34b688837c35cc5ca7572d58073bbbe20fc9
https://japan.kantei.go.jp/101_kishida/statement/202208/_00021.html,japan,data/raw/japan/101_kishida_statement_202208_00021_html_7e7361727f.html,2026-09-22,200,09cd9c21c72059b4fa5e6e48bf614eda0174280e2c6229ee7f8dfaabf941a2f4
https://japan.kantei.go.jp/101_kishida/statement/202208/_00022.html,japan,data/raw/japan/101_kishida_statement_202208_00022_html_36ed6138e3.html,2026-09-22,200,57a9de53f957e7fb7d57609d8aa218a8090aeffa13f01cc81a289c98d4c7e2bc
https://japan.kantei.go.jp/101_kishida/statement/202208/_00024.html,japan,data/raw/japan/101_kishida_statement_202208_00024_html_61b311a690.html,2026-09-22,200,f52b1071a810b474f9e6fa5da61eec8af41f394e3a931c955862ef536c50f937
https://japan.kantei.go.jp/101_kishida/statement/202208/_00027.html,japan,data/raw/japan/101_kishida_statement_202208_00027_html_c15bc66543.html,2026-09-22,200,ce62f1fc19041463a2bb7cb43b9b334b0314175d0adcb996380dbfcc8116ac9d
https://japan.kantei.go.jp/101_kishida/statement/202208/_00028.html,japan,data/raw/japan/101_kishida_statement_202208_00028_html_77d0509c32.html,2026-09-22,200,c80e170e61fc5ada637fd018b5e21178bafecd8835e70efd1c5289878d89a645
https://japan.kantei.go.jp/101_kishida/statement/202208/_00029.html,japan,data/raw/japan/101_kishida_statement_202208_00029_html_700cda685b.html,2026-09-22,200,bf5c529aef7942349e08b675ad39fe000f7352e8edf9451ff89f2b99eff14421
https://japan.kantei.go.jp/101_kishida/statement/202208/_00031.html,japan,data/raw/japan/101_kishida_statement_202208_00031_html_5b1e6d9313.html,2026-09-22,200,f871895ead2a8df349bb85e501adac811e32bfec817a9079de5145efaa0d2ace
https://japan.kantei.go.jp/tag/0004.html,japan,data/raw/japan/tag_0004_html_d145a36ad4.html,2026-09-22,200,2e32b512b128e8c2c1fb0bc009a147f728ac3b73a8eeec8b0bd2fc3f261f0d16
https://japan.kantei.go.jp/tag/0037.html,japan,data/raw/japan/tag_0037_html_8b95e4016f.html,2026-09-22,200,78fefbc46993bb1dd361bba73a2f106b6c4c4bd0bddf1788391f3a4559bac34c
https://japan.kantei.go.jp/101_kishida/statement/202209/_00001.html,japan,data/raw/japan/101_kishida_statement_202209_00001_html_2d68ac0dd9.html,2026-09-22,200,3c4624bc1384e4c2fe273d826f4bc7fbad1665bd5f7b045dea13de57d9a127f1
https://japan.kantei.go.jp/101_kishida/statement/202209/_00002.html,japan,data/raw/japan/101_kishida_statement_202209_00002_html_9eb2f88bcd.html,2026-09-22,200,46387b29ea4769ff4181147b43614a43812c881dc23131b99390c71fe479040a
https://japan.kantei.go.jp/101_kishida/statement/202209/_00003.html,japan,data/raw/japan/101_kishida_statement_202209_00003_html_66fe5d5fbb.html,2026-09-22,200,29d8fbd10fb2c8d0053c7a2eb8046dd0fc154329263833fcac5203d531b3c440
https://japan.kantei.go.jp/101_kishida/statement/202209/_00004.html,japan,data/raw/japan/101_kishida_statement_202209_00004_html_5fd95e5c8a.html,2026-09-22,200,fdd935ce5b04850da8bbf574c5be8cbf857131c16609ffe64a11b0964e54f972
https://japan.kantei.go.jp/101_kishida/statement/202209/_00005.html,japan,data/raw/japan/101_kishida_statement_202209_00005_html_f3db6a8210.html,2026-09-22,200,b6d4a2148fd36f4db600b91b574013bcf23065231602aa3ec98d3af1fd3615de
https://japan.kantei.go.jp/101_kishida/statement/202209/_00006.html,japan,data/raw/japan/101_kishida_statement_202209_00006_html_0db06efad0.html,2026-09-22,200,b321a457d23615500008676f53ad50bda64236d8b68588c77f1acbf4bb93847b
https://japan.kantei.go.jp/101_kishida/statement/202209/_00008.html,japan,data/raw/japan/101_kishida_statement_202209_00008_html_9defb681f9.html,2026-09-22,200,0b09a024430c4664d07bfeace21c8100772737ffbebf9b73497a672d74355400
https://japan.kantei.go.jp/101_kishida/statement/202209/_00009.html,japan,data/raw/japan/101_kishida_statement_202209_00009_html_01229402a6.html,2026-09-22,200,f3ec8bfa47ed96cdd38a2fd083c6b04962e25ef5ad0f064dd26c37c993717552
https://japan.kantei.go.jp/101_kishida/statement/202209/_00010.html,japan,data/raw/japan/101_kishida_statement_202209_00010_html_7170759321.html,2026-09-22,200,fef136e4ffc433b45020851ced60d0b6a17eabcc6384ab9f8d5bce38ed13b221
https://japan.kantei.go.jp/101_kishida/statement/202209/_00011.html,japan,data/raw/japan/101_kishida_statement_202209_00011_html_e126bdb289.html,2026-09-22,200,61dba9b1ac91ba902d6473696ea8510f8acab2c82aa93a2f9d4d1a1ca6cf288a
https://japan.kantei.go.jp/101_kishida/statement/202209/_00012.html,japan,data/raw/japan/101_kishida_statement_202209_00012_html_5f075d5389.html,2026-09-22,200,c14f019acb7a3dac01050d65168fa9994775d5f4547a081c9d21e1d74c92aad2
https://japan.kantei.go.jp/101_kishida/statement/202209/_00013.html,japan,data/raw/japan/101_kishida_statement_202209_00013_html_f663481756.html,2026-09-22,200,da77f2bc6c3575c2beb3b9e99f26c6da3948e1aa2ef4dc866564dc6556fb64c1
https://japan.kantei.go.jp/101_kishida/statement/202209/_00014.html,japan,data/raw/japan/101_kishida_statement_202209_00014_html_6bf5b77d64.html,2026-09-22,200,4ad4e3c257da7460edcd71d5a412a20ac0346cfd60744c180b2338b4c63e6181
https://japan.kantei.go.jp/tag/0006.html,japan,data/raw/japan/tag_0006_html_c6e25c2391.html,2026-09-22,200,e0690ff05e04b9af2031d23cffd5c8798cb8bc420d413dcad480207c8a7e80ed
https://japan.kantei.go.jp/tag/0007.html,japan,data/raw/japan/tag_0007_html_7da443a9a3.html,2026-09-22,200,b15b42ee747f79aed2b1442ae1afcf81ca469ac1e22a028f61ddddf27f04b970
https://japan.kantei.go.jp/tag/0008.html,japan,data/raw/japan/tag_0008_html_9a0b4760e4.html,2026-09-22,200,f8c71a090c7cea606fe5c548d20d68df5caa742f804c51e6e031ab0ad2ecce6b
https://japan.kantei.go.jp/tag/0012.html,japan,data/raw/japan/tag_0012_html_bbbfb527ff.html,2026-09-22,200,0cd165cdeb3c422286f476d81910b11e30db91794835b225f2a50ab635aed4b5
https://japan.kantei.go.jp/tag/0013.html,japan,data/raw/japan/tag_0013_html_f666ab6e49.html,2026-09-22,200,eb026b127881718ff4ae4211d642ba48e517702e4745bee4d739d2fbfd1bf28a
https://japan.kantei.go.jp/tag/0016.html,japan,data/raw/japan/tag_0016_html_11d37eb30e.html,2026-09-22,200,df872e7ab0336d9bcc9b57cc211592d9354fbebf1738134827d961c2661c8a90
https://japan.kantei.go.jp/tag/0020.html,japan,data/raw/japan/tag_0020_html_be2185458f.html,2026-09-22,200,7a58cb7d1803e8a453874f0354831f3d2427c94aaa0b10f41b639944e8593b16
https://japan.kantei.go.jp/tag/0022.html,japan,data/raw/japan/tag_0022_html_5b84871aa5.html,2026-09-22,200,9a918ccefd8a8a2d3f6a07297d3bbd5f474b7bcab5603a55c175ef568b26c320
https://japan.kantei.go.jp/tag/0023.html,japan,data/raw/japan/tag_0023_html_5d3c9c2d38.html,2026-09-22,200,d21c934ba0dbde409cdf17fa457231ca84d2513edc4949974ecfcb5d1b33b72a
https://japan.kantei.go.jp/tag/0038.html,japan,data/raw/japan/tag_0038_html_13e89a83ae.html,2026-09-22,200,e606de480f04c81e86de8345b087bda77d9f1df1aae3c8992bbde95d5f09e015
https://japan.kantei.go.jp/tag/0051.html,japan,data/raw/japan/tag_0051_html_0151e21eb8.html,2026-09-22,200,cbd318f2d9b1e112ae424c10cff1e0e9d0ffab7b14c6aa782b6aff8c999d0de2
https://japan.kantei.go.jp/101_kishida/statement/202210/_00001.html,japan,data/raw/japan/101_kishida_statement_202210_00001_html_113464e7e0.html,2026-09-22,200,d6d3f8b234ffa02f642e48be39904302ae61f1debcae0214970b896b99d03b2e
https://japan.kantei.go.jp/101_kishida/statement/202210/_00002.html,japan,data/raw/japan/101_kishida_statement_202210_00002_html_960b57b12f.html,2026-09-22,200,62d73aade82eb1c264f4cdeee25113af14e7db5203b607227bf4b9cde6c2a084
https://japan.kantei.go.jp/101_kishida/statement/202210/_00003.html,japan,data/raw/japan/101_kishida_statement_202210_00003_html_fcd4f2dee7.html,2026-09-22,200,ff817fd49e86b1a28645c302197684503091c0a08bda592bea57378ea4df4f88
https://japan.kantei.go.jp/101_kishida/statement/202210/_00004.html,japan,data/raw/japan/101_kishida_statement_202210_00004_html_5162cb3076.html,2026-09-22,200,bb46c2982191367a91baa51b216b750d81284865ae6e2224f05e9656350ba5d0
https://japan.kantei.go.jp/101_kishida/statement/202210/_00005.html,japan,data/raw/japan/101_kishida_statement_202210_00005_html_1fafcfc32c.html,2026-09-22,200,e2ea3f61e37a021a1370f708aa3552893682606f7b69031bbbae41a972dc5986
https://japan.kantei.go.jp/101_kishida/statement/202210/_00006.html,japan,data/raw/japan/101_kishida_statement_202210_00006_html_5f9eaeb69a.html,2026-09-22,200,be3c17ff4bd05998ec6f9160beb467f75514841a7205605c126ded23f086b500
https://japan.kantei.go.jp/101_kishida/statement/202210/_00007.html,japan,data/raw/japan/101_kishida_statement_202210_00007_html_76908a6240.html,2026-09-22,200,bcec1b74e235e8ea4ce16e438256c7276e71bbfdefe97ee698383ffe47859856
https://japan.kantei.go.jp/101_kishida/statement/202210/_00008.html,japan,data/raw/japan/101_kishida_statement_202210_00008_html_57f044f822.html,2026-09-22,200,bbcc7cb5dd77dc5937b41e589e017fbf62043684b7ecc96f3e49d6c735f18712
https://japan.kantei.go.jp/101_kishida/statement/202210/_00009.html,japan,data/raw/japan/101_kishida_statement_202210_00009_html_3f482c2d40.html,2026-09-22,200,668fad3998c3818586bdeff4ebf7404956556f3b1e22c67cca7684a0c6fb4faf
https://japan.kantei.go.jp/101_kishida/statement/202210/_00011.html,japan,data/raw/japan/101_kishida_statement_202210_00011_html_58bcf69653.html,2026-09-22,200,04f54b44f0af9af221e1f6e44859ccb8aef27c94de89c4b2d771d1563f636a2c
https://japan.kantei.go.jp/101_kishida/statement/202210/_00012.html,japan,data/raw/japan/101_kishida_statement_202210_00012_html_0520f09bac.html,2026-09-22,200,cf44af7c6edddad753bb2e37b7f620d59b519fa7a09bdf2e091e77fbbc9eafe1
https://japan.kantei.go.jp/101_kishida/statement/202210/_00013.html,japan,data/raw/japan/101_kishida_statement_202210_00013_html_107eda2972.html,2026-09-22,200,a94e6cec66f0fd41510021146a3451f5a1c956883cfd45fe855984875ef5a4f4
https://japan.kantei.go.jp/101_kishida/statement/202210/_00014.html,japan,data/raw/japan/101_kishida_statement_202210_00014_html_26a256dfa1.html,2026-09-22,200,a13c350d9cc8281b792b5ba5cd59f4956f625cd9ae87ca4c44f4bf14b3eaedc8
https://japan.kantei.go.jp/101_kishida/statement/202210/_00015.html,japan,data/raw/japan/101_kishida_statement_202210_00015_html_76f2df6700.html,2026-09-22,200,63b52ef81323cc9bcf802b7e70d4795fc127a564c98cfb66934fc3d813294f35
https://japan.kantei.go.jp/101_kishida/statement/202210/_00017.html,japan,data/raw/japan/101_kishida_statement_202210_00017_html_920306accc.html,2026-09-22,200,ed8bc45eb090b57b3cb14f1abff711949276dbab95ce8b40204085fd9e8eeebb
https://japan.kantei.go.jp/101_kishida/statement/202210/_00018.html,japan,data/raw/japan/101_kishida_statement_202210_00018_html_01c3f37473.html,2026-09-22,200,bae3c3e665ed7746f1e44bb6c21e5f94d964b793b0feefaeae9bc720b50c697a
https://japan.kantei.go.jp/101_kishida/statement/202210/_00019.html,japan,data/raw/japan/101_kishida_statement_202210_00019_html_63bd80b141.html,2026-09-22,200,4ba4afa363040b7f0fdcc30f1c8021a51b3aebf0158bdedeb1d67170dd9c420d
https://japan.kantei.go.jp/101_kishida/statement/202210/_00021.html,japan,data/raw/japan/101_kishida_statement_202210_00021_html_95ec825f3c.html,2026-09-22,200,558f1a9908a4ce1323b978c5634414dfc946a3af7c4925deca826b4c5f961b0a
https://japan.kantei.go.jp/101_kishida/statement/202210/_00022.html,japan,data/raw/japan/101_kishida_statement_202210_00022_html_697d94a562.html,2026-09-22,200,91a43af06aa8f0a72ecb841bd324267cc182f25dbe6b47cac80f02e050b6f98c
https://japan.kantei.go.jp/101_kishida/statement/202210/_00023.html,japan,data/raw/japan/101_kishida_statement_202210_00023_html_27ed1131aa.html,2026-09-22,200,6e4a954be21b4d1f20a5bc4faf5cf9952db8bb128e857b7bfcc3d0419fe3d73a
https://japan.kantei.go.jp/101_kishida/statement/202210/_00024.html,japan,data/raw/japan/101_kishida_statement_202210_00024_html_f82cec707f.html,2026-09-22,200,3b07fe3acf8a5b8fdf0c2254323040adbb56c5476a7d7303f0ed81620d564f4c
https://japan.kantei.go.jp/tag/0009.html,japan,data/raw/japan/tag_0009_html_3a00322ec1.html,2026-09-22,200,3f5511834555884ccf1a35a16173719e5fdc2330d67a67707f0939d371cbe664
https://japan.kantei.go.jp/tag/0011.html,japan,data/raw/japan/tag_0011_html_4016b10f5e.html,2026-09-22,200,9a620624e328fb4e43917dcc28ae471155445c0560532eff429effe40af557b5
https://japan.kantei.go.jp/tag/0014.html,japan,data/raw/japan/tag_0014_html_920ee4742f.html,2026-09-22,200,9bb0e4c2f5407dda188dba123650dbe955e72292dc7b9a578bc891d23ddc6b7a
https://japan.kantei.go.jp/tag/0018.html,japan,data/raw/japan/tag_0018_html_7bd5b86aee.html,2026-09-22,200,75999a95ff623b27259cee8f7821cff8ba9e2e9540288636427f2914441ba270
https://japan.kantei.go.jp/tag/0026.html,japan,data/raw/japan/tag_0026_html_c7b77b1e45.html,2026-09-22,200,9a5ef1c16994ab4bacd12bc64a149908856fe24ab5aaa0d520e33480400cf45e
https://japan.kantei.go.jp/tag/0043.html,japan,data/raw/japan/tag_0043_html_f1d880a510.html,2026-09-22,200,38cd90fa2b2d4a5c10ba4667855eaad2458f0e37fcdcb373ccbf13736507a609
https://japan.kantei.go.jp/tag/0089.html,japan,data/raw/japan/tag_0089_html_05c34ac5cb.html,2026-09-22,200,5ef4601b18c7364d92ba5a529ef48e445600e73ae46327e342d9f75b64194e92
https://japan.kantei.go.jp/101_kishida/statement/202111/_00008.html,japan,data/raw/japan/101_kishida_statement_202111_00008_html_547e918932.html,2026-09-22,200,213fad01490a0b08fa8c4e6b593a567d89c8464d3c1a9232b54ca7842f2b9bda
https://japan.kantei.go.jp/101_kishida/statement/202211/_00001.html,japan,data/raw/japan/101_kishida_statement_202211_00001_html_8f83598825.html,2026-09-22,200,1f17f47df21846ea0bb3fecc35bcac63c2efe754af6d0bf1f900e9e5dd1a196e
https://japan.kantei.go.jp/101_kishida/statement/202211/_00002.html,japan,data/raw/japan/101_kishida_statement_202211_00002_html_21d6630dc0.html,2026-09-22,200,910242ee16eb180780e9bbc9fd466d1271d914b0d3ccfbb075aa7592eea55136
https://japan.kantei.go.jp/101_kishida/statement/202211/_00003.html,japan,data/raw/japan/101_kishida_statement_202211_00003_html_567462818f.html,2026-09-22,200,ade63bdea4e4bc1d073ee3f9517d9999729da16e2236c031e8b788bee3fc2ea4
https://japan.kantei.go.jp/101_kishida/statement/202211/_00004.html,japan,data/raw/japan/101_kishida_statement_202211_00004_html_12cbda5885.html,2026-09-22,200,2e35a4276f5fad4beec81e380765f1e491a390c1fb96db259a51fe43d6e2020c
https://japan.kantei.go.jp/101_kishida/statement/202211/_00005.html,japan,data/raw/japan/101_kishida_statement_202211_00005_html_90472a25f9.html,2026-09-22,200,c45ee8e50e53f99068a91dc8f64afcaf2674b508952b7a030dc189b5713fbfbb
https://japan.kantei.go.jp/101_kishida/statement/202211/_00006.html,japan,data/raw/japan/101_kishida_statement_202211_00006_html_2259b0fb9f.html,2026-09-22,200,4110439e172caa039521590819584bb765820e0afde05994931d04d5c4be0668
https://japan.kantei.go.jp/101_kishida/statement/202211/_00007.html,japan,data/raw/japan/101_kishida_statement_202211_00007_html_2c7e48e40b.html,2026-09-22,200,09416648c1d10277dedc8da6b4a2b6bd82e103fbd8bec17215f25f0d7bf3b52c
https://japan.kantei.go.jp/101_kishida/statement/202211/_00008.html,japan,data/raw/japan/101_kishida_statement_202211_00008_html_fe7508b245.html,2026-09-22,200,2bf9f706993e2b5c2efeed9de52b6ffdcba2afb5182d22deeb4da614f9f835fe
https://japan.kantei.go.jp/101_kishida/statement/202211/_00009.html,japan,data/raw/japan/101_kishida_statement_202211_00009_html_d5d421af1d.html,2026-09-22,200,cf452049778930205135100a686c8cb1924b35ae6b962d508c6a8185d76f36bc
https://japan.kantei.go.jp/101_kishida/statement/202211/_00010.html,japan,data/raw/japan/101_kishida_statement_202211_00010_html_040a29afe5.html,2026-09-22,200,31394563ef71a56ccaf1567cf839b942ec4d6394139a86be5425888082fc448e
https://japan.kantei.go.jp/101_kishida/statement/202211/_00011.html,japan,data/raw/japan/101_kishida_statement_202211_00011_html_76d5a6fb8d.html,2026-09-22,200,f482e2c2ec79fc997ddd71eba2e74c5c2f2c46f6e906a8e84f0d526b4ebf6a22
https://japan.kantei.go.jp/101_kishida/statement/202211/_00012.html,japan,data/raw/japan/101_kishida_statement_202211_00012_html_98bb71e341.html,2026-09-22,200,287e96f30e812d82ed2520c84b55c668cc12d52404d1c6fe9c0e82933890758d
https://japan.kantei.go.jp/101_kishida/statement/202211/_00013.html,japan,data/raw/japan/101_kishida_statement_202211_00013_html_1e4b0a9a1e.html,2026-09-22,200,44c3565187341b423df7e0d9de2b4dda013ea602b3f9acf9e72eebb332ae8207
https://japan.kantei.go.jp/tag/0028.html,japan,data/raw/japan/tag_0028_html_f61b6a2ffd.html,2026-09-22,200,466a8b16512bee78590ec76219d914148bc8a1899fbe77fed144523088e2a10b
https://japan.kantei.go.jp/tag/0029.html,japan,data/raw/japan/tag_0029_html_33c2b50562.html,2026-09-22,200,1da4eb7a4bf34b53d05bcbe12356dcb072c7ac888afc464ab3283053a0dd4a8c
https://japan.kantei.go.jp/tag/0033.html,japan,data/raw/japan/tag_0033_html_da27a592eb.html,2026-09-22,200,e1d1ee3ba8f325aaf808e6f0c36c59918aea5f4acf24a790410e022fb914e2b8
https://japan.kantei.go.jp/tag/0034.html,japan,data/raw/japan/tag_0034_html_ab0598f0e9.html,2026-09-22,200,594efa024cc448a5efcebe14b0ea9225be933790fc57cdb03765853e2d2031fa
https://japan.kantei.go.jp/tag/0035.html,japan,data/raw/japan/tag_0035_html_d745b4866b.html,2026-09-22,200,d76916b08f9a24496cc640af26e64501bd1650e9fe261d16f5657672d5e52823
https://japan.kantei.go.jp/tag/0042.html,japan,data/raw/japan/tag_0042_html_1cb6bec4dc.html,2026-09-22,200,0ea0e51b39d37f6940434b1488991fe48813ab9d395886799a6e2c8a742844f7
https://japan.kantei.go.jp/tag/0047.html,japan,data/raw/japan/tag_0047_html_b72fca5456.html,2026-09-22,200,933b6602b3c7c36559ae8c4572a192ce56df6a4991fdc732202de093b651bc84
https://japan.kantei.go.jp/tag/0065.html,japan,data/raw/japan/tag_0065_html_e1a0ef8097.html,2026-09-22,200,994ba860690e0784cdea9584073b0a569ff5386178df1e79f586bf95cb7fb23d
https://japan.kantei.go.jp/tag/0070.html,japan,data/raw/japan/tag_0070_html_0e102749fa.html,2026-09-22,200,56803b46c34752e7c4f5afa863249d2fd51bcee9f6a2d0997257738665e792fe
https://japan.kantei.go.jp/101_kishida/statement/202212/_00002.html,japan,data/raw/japan/101_kishida_statement_202212_00002_html_eddd88d195.html,2026-09-22,200,5af0597144e5457980e04dcb9112ef93bd5c4cb1b94690af93de880dfc4d6b16
https://japan.kantei.go.jp/101_kishida/statement/202212/_00003.html,japan,data/raw/japan/101_kishida_statement_202212_00003_html_412523c020.html,2026-09-22,200,a73d4c8429195946df9593f8899296da22a7103ef1995de625bfd5c987d7ca66
https://japan.kantei.go.jp/101_kishida/statement/202212/_00004.html,japan,data/raw/japan/101_kishida_statement_202212_00004_html_4463247a2a.html,2026-09-22,200,4cd30dff851ed040d58c5a666697e6bb9e99ecd693458c3e29bd1a90eaf7a3a8
https://japan.kantei.go.jp/101_kishida/statement/202212/_00005.html,japan,data/raw/japan/101_kishida_statement_202212_00005_html_8b74bb1507.html,2026-09-22,200,b4f159b1343f7c33df637e63eff4f5e9ffaf04b912b8ca02ccfe013efd256fff
https://japan.kantei.go.jp/101_kishida/statement/202212/_00006.html,japan,data/raw/japan/101_kishida_statement_202212_00006_html_773dbe01c5.html,2026-09-22,200,d1a3745db2e16fa1efe7cd4f1f25f681005849c6cc68ce1bf78d5798196dca32
https://japan.kantei.go.jp/tag/0015.html,japan,data/raw/japan/tag_0015_html_6b85d9759e.html,2026-09-22,200,8e6a511bee62a3a8e289c69f04aecb8ece861d99835a33be8f13b9bb026c7d20
https://japan.kantei.go.jp/tag/0024.html,japan,data/raw/japan/tag_0024_html_eba65bb485.html,2026-09-22,200,be0bec70094ecac2bd9087437a3602d08e48c59eae226b883086b68a318650df
https://japan.kantei.go.jp/tag/0098.html,japan,data/raw/japan/tag_0098_html_cd7c770e66.html,2026-09-22,200,d73d0c4fee96b0686fe075627c6c200cef5b6bfbb72522b2bdf2b17602ec6742
https://japan.kantei.go.jp/101_kishida/statement/202301/_00002.html,japan,data/raw/japan/101_kishida_statement_202301_00002_html_f4337271a5.html,2026-09-22,200,c04524b887cc86e087ebd56b682074ef7eada15c81b58a16632982f8faf8c4ed
https://japan.kantei.go.jp/101_kishida/statement/202301/_00003.html,japan,data/raw/japan/101_kishida_statement_202301_00003_html_fe7c843fb0.html,2026-09-22,200,947b0972347fe8d99a92fd05006b43a52b54f07ad4586939351a953261c32276
https://japan.kantei.go.jp/101_kishida/statement/202301/_00004.html,japan,data/raw/japan/101_kishida_statement_202301_00004_html_036e7c1b70.html,2026-09-22,200,a21a548849342d60f31b8fd13891033930271a2bb2462aac8b2f120e1371ee31
https://japan.kantei.go.jp/101_kishida/statement/202301/_00005.html,japan,data/raw/japan/101_kishida_statement_202301_00005_html_94eb17191b.html,2026-09-22,200,37c98656a4ab4a2ceca4e3e6ef1bbb73f8f6936cd4210831720300ece752abcb
https://japan.kantei.go.jp/101_kishida/statement/202301/_00006.html,japan,data/raw/japan/101_kishida_statement_202301_00006_html_80e0f57513.html,2026-09-22,200,f33160cb6e0a9980012f4c43d0d946b1f65febb24aa5f737cdf2df85321ff1f2
https://japan.kantei.go.jp/101_kishida/statement/202301/_00007.html,japan,data/raw/japan/101_kishida_statement_202301_00007_html_f9bf7cd2a9.html,2026-09-22,200,434e5287f794b023f6a3b3f18f4336881917e95b8b753dac2f18e8516b2f334c
https://japan.kantei.go.jp/101_kishida/statement/202301/_00008.html,japan,data/raw/japan/101_kishida_statement_202301_00008_html_13d37b4aff.html,2026-09-22,200,146d55d0d6ba071ecf66f0ed4d7c2f99867649ad9e1195960072a8228a469b4a
https://japan.kantei.go.jp/101_kishida/statement/202301/_00009.html,japan,data/raw/japan/101_kishida_statement_202301_00009_html_9762dab2ca.html,2026-09-22,200,9cc17e7b7c2c34c7302accfedf412464f0a07efbedc913ee03c817f6b28e49b5
https://japan.kantei.go.jp/101_kishida/statement/202301/_00010.html,japan,data/raw/japan/101_kishida_statement_202301_00010_html_80e68c9de7.html,2026-09-22,200,07fac2378c1830c73a066dd3db9d66ca31fca0ebd1dd11c1d867996c6d9a90b8
https://japan.kantei.go.jp/101_kishida/statement/202301/_00011.html,japan,data/raw/japan/101_kishida_statement_202301_00011_html_ae552ae327.html,2026-09-22,200,cf70f36aa727090ec93f7e395dd9838c6853b1dae4fe019dad95ec48eb5d6315
https://japan.kantei.go.jp/101_kishida/statement/202301/_00012.html,japan,data/raw/japan/101_kishida_statement_202301_00012_html_9a7b5fef42.html,2026-09-22,200,f8676a5873ef33bca9423b38f3dd5bfadb86542053240dfe6964fee2c45a9349
https://japan.kantei.go.jp/tag/0039.html,japan,data/raw/japan/tag_0039_html_3866e55428.html,2026-09-22,200,ec9827c820ded44d4f44b89a75aae3317ee00957fbc78fccdc750f90300905a8
https://japan.kantei.go.jp/tag/0041.html,japan,data/raw/japan/tag_0041_html_55e1c048e7.html,2026-09-22,200,3a9961b73ecfd7cffdb83ce3f6c7e9c6ea2697fe1b9a0fcdbea7519ced4f6e1a
https://japan.kantei.go.jp/tag/0046.html,japan,data/raw/japan/tag_0046_html_34b9f909eb.html,2026-09-22,200,7926fefa26eb8a230fa3e2dfa2d719ef7b9b3f7ddef9bd086d1b7c701d00b7e0
https://japan.kantei.go.jp/tag/0052.html,japan,data/raw/japan/tag_0052_html_b71396ee70.html,2026-09-22,200,dc8e065aae9ddaa8b81d3398687ea7ed09b87df0af9d70f989158327735065e0
https://japan.kantei.go.jp/101_kishida/statement/202302/_00001.html,japan,data/raw/japan/101_kishida_statement_202302_00001_html_644f0f6b4f.html,2026-09-22,200,973d9e7011401618eb1fe3f8ac0acb3a16c7e66eb2156d3b27c4ca3c7fd9453e
https://japan.kantei.go.jp/101_kishida/statement/202302/_00002.html,japan,data/raw/japan/101_kishida_statement_202302_00002_html_64ace14d67.html,2026-09-22,200,50dcaf3bb4cc31a6a1122f02b9b67d214a8634e3b4004a856e1c76d020b3b09f
https://japan.kantei.go.jp/101_kishida/statement/202302/_00003.html,japan,data/raw/japan/101_kishida_statement_202302_00003_html_fc36f0a917.html,2026-09-22,200,c677460a983789be55fbefbb1e28359aef848021c853172ee52ef35f046c94e2
https://japan.kantei.go.jp/101_kishida/statement/202302/_00004.html,japan,data/raw/japan/101_kishida_statement_202302_00004_html_eefa862f34.html,2026-09-22,200,433f795c921f29d6d21c7d8e9646443effaf2b6a93e2085270b180600d3a17ee
https://japan.kantei.go.jp/101_kishida/statement/202302/_00005.html,japan,data/raw/japan/101_kishida_statement_202302_00005_html_be9e4762ea.html,2026-09-22,200,9187010a8ffc736fae230eb3e2906c024c9132cd4b202a9dd13a555cbde46ede
https://japan.kantei.go.jp/101_kishida/statement/202302/_00006.html,japan,data/raw/japan/101_kishida_statement_202302_00006_html_4775a2ff79.html,2026-09-22,200,9b7684d1538643322e970705e0ff59923a90ef084ababa262cd9946812d22ee0
https://japan.kantei.go.jp/101_kishida/statement/202302/_00007.html,japan,data/raw/japan/101_kishida_statement_202302_00007_html_e1a92ddee8.html,2026-09-22,200,0cd8c2aee0b86980ec590d653b10c80f15b8fca2e7f151842fdb107a1219ea79
https://japan.kantei.go.jp/101_kishida/statement/202302/_00008.html,japan,data/raw/japan/101_kishida_statement_202302_00008_html_df50d3333c.html,2026-09-22,200,95b499f13bf04c468268ccd154a1900ee56218f8d052a63f01d45b0ba57ac50e
https://japan.kantei.go.jp/tag/0072.html,japan,data/raw/japan/tag_0072_html_ee224dfd23.html,2026-09-22,200,44a567b4efb399d66ddb2af9574a6249d127db4dfb4dad4dce44d6a10073c597
https://japan.kantei.go.jp/tag/0091.html,japan,data/raw/japan/tag_0091_html_22d3b63154.html,2026-09-22,200,e29f5af91bcef99170fbfdba74d8f77f3f7374dcd3c633c3973c5e6f2818ce2e
https://japan.kantei.go.jp/101_kishida/statement/202303/_00001.html,japan,data/raw/japan/101_kishida_statement_202303_00001_html_b6f9c151be.html,2026-09-22,200,8406b7403bdfdb3013c37f772dfdf84029a374cbdca9ddd94cf0f2e19422b6d1
https://japan.kantei.go.jp/101_kishida/statement/202303/_00002.html,japan,data/raw/japan/101_kishida_statement_202303_00002_html_d79a42e426.html,2026-09-22,200,8adfafda77880854fc2f1bce32cea3cc8f193da810cb184bb1cb25c9f7518001
https://japan.kantei.go.jp/101_kishida/statement/202303/_00003.html,japan,data/raw/japan/101_kishida_statement_202303_00003_html_5b127884da.html,2026-09-22,200,0717308e2a1f8a507eec5c6e124abed32c5edde0852f3d22d651a5ab1a38a2eb
https://japan.kantei.go.jp/101_kishida/statement/202303/_00004.html,japan,data/raw/japan/101_kishida_statement_202303_00004_html_845105911f.html,2026-09-22,200,0d2ca7bb7fcf6843e63bbc3667b3a0d1cdc9c50b475bbff551f22bd3d6ed528d
https://japan.kantei.go.jp/101_kishida/statement/202303/_00005.html,japan,data/raw/japan/101_kishida_statement_202303_00005_html_2270486b3f.html,2026-09-22,200,9459d8c610e67f8e816007cf664a996a7d85b663cc7077bb3c0f14d29703baf8
https://japan.kantei.go.jp/101_kishida/statement/202303/_00006.html,japan,data/raw/japan/101_kishida_statement_202303_00006_html_32abc79499.html,2026-09-22,200,85f9f0013fabbc273c55718e0876bdaae1dfd9c184025cf1fc154d7044a1463d
https://japan.kantei.go.jp/101_kishida/statement/202303/_00007.html,japan,data/raw/japan/101_kishida_statement_202303_00007_html_262dfac82b.html,2026-09-22,200,8dc07016c14a14f0a405a7e6868afd27f72ecfcb2c17b659289ab1e635e60832
https://japan.kantei.go.jp/101_kishida/statement/202303/_00009.html,japan,data/raw/japan/101_kishida_statement_202303_00009_html_b84d2c9218.html,2026-09-22,200,c9fddd5d52702ca89b81696fb6d2ae4955c876c17d21fa71b78d71f3a9d5a7ba
https://japan.kantei.go.jp/101_kishida/statement/202303/_00010.html,japan,data/raw/japan/101_kishida_statement_202303_00010_html_7a07ee06d4.html,2026-09-22,200,546665abfc93ba405fc9f7e0ee3ff400b49061e4c30c698e02227c868ebfb714
https://japan.kantei.go.jp/101_kishida/statement/202303/_00011.html,japan,data/raw/japan/101_kishida_statement_202303_00011_html_c1977d4f6a.html,2026-09-22,200,acb213176f44a4f1ee8e60d7538fe8e3f94c946c04047b936046d77a1b0cf9b1
https://japan.kantei.go.jp/101_kishida/statement/202303/_00012.html,japan,data/raw/japan/101_kishida_statement_202303_00012_html_422f3a0c65.html,2026-09-22,200,f8abdd1d655b34d944b7806d2736b6dbafa5e6b8eb812d21f39d97816d028421
https://japan.kantei.go.jp/101_kishida/statement/202303/_00013.html,japan,data/raw/japan/101_kishida_statement_202303_00013_html_9f57a2445f.html,2026-09-22,200,d954b748dd3a7fab0bb3ed319c720872aac74311cbb528f6656a5bb5dcfa1ed7
https://japan.kantei.go.jp/101_kishida/statement/202303/_00014.html,japan,data/raw/japan/101_kishida_statement_202303_00014_html_c3b1b1ea4c.html,2026-09-22,200,19d813292bf02ddccf54a563cee1080d5077f1b6664e9646ff3b8f7870a1ea26
https://japan.kantei.go.jp/101_kishida/statement/202303/_00015.html,japan,data/raw/japan/101_kishida_statement_202303_00015_html_2e2d053fec.html,2026-09-22,200,8f244779d99f0f4a398fc411ecf467e341324c2c827aa3fa0056d24df74ef3e1
https://japan.kantei.go.jp/101_kishida/statement/202303/_00016.html,japan,data/raw/japan/101_kishida_statement_202303_00016_html_4f61715bb7.html,2026-09-22,200,0d66e7d073d56f8d6e2c07d549b6c3de80cfb6632e3e3d7c46d1d3cddc0946dd
https://japan.kantei.go.jp/101_kishida/statement/202303/_00017.html,japan,data/raw/japan/101_kishida_statement_202303_00017_html_6d29a685c7.html,2026-09-22,200,2080a2b29ce599674514241ac7d2b414e7098394daf3a20702044f6d0bb711d7
https://japan.kantei.go.jp/101_kishida/statement/202303/_00018.html,japan,data/raw/japan/101_kishida_statement_202303_00018_html_3c10508b98.html,2026-09-22,200,22eccdf46dd3946075c3faa5a3328b2fb3849d23d85d31dfd670187bd5233798
https://japan.kantei.go.jp/tag/0040.html,japan,data/raw/japan/tag_0040_html_eecdfc763c.html,2026-09-22,200,a258c4ee26fdfbe9f90f7b3578c51cb6decfd686a6c69446e657c0017a51ef8b
https://japan.kantei.go.jp/tag/0090.html,japan,data/raw/japan/tag_0090_html_64f3132d0d.html,2026-09-22,200,698f18307bef4354a3085c0837ebe5d6bbaf05a3f3b6048f42da44c9794786f4
https://japan.kantei.go.jp/tag/0108.html,japan,data/raw/japan/tag_0108_html_b62483eac2.html,2026-09-22,200,5587e75d79e1791c8b9e5833ef01358c8b80c914b93bfb57c3d1c35a2ebd1bd8
https://japan.kantei.go.jp/101_kishida/statement/202304/20message.html,japan,data/raw/japan/101_kishida_statement_202304_20message_html_c8ea2ba0d6.html,2026-09-22,200,3ce75fff5882195568fc46f60f204fe0ad773e2e4b3300c272161d235c221c44
https://japan.kantei.go.jp/101_kishida/statement/202304/29contribution.html,japan,data/raw/japan/101_kishida_statement_202304_29contribution_html_b4cfdfcb0c.html,2026-09-22,200,6b5037a10f091df05219970edf1547345fa1eaad648973f0d1282b05d347481b
https://japan.kantei.go.jp/101_kishida/statement/202304/30contribution.html,japan,data/raw/japan/101_kishida_statement_202304_30contribution_html_1a8be8e226.html,2026-09-22,200,570a449b1418b7da7fce6ed3131505b60868bd6a73d423557b692f1f681c36c0
https://japan.kantei.go.jp/101_kishida/statement/202304/_00001.html,japan,data/raw/japan/101_kishida_statement_202304_00001_html_2df4f62169.html,2026-09-22,200,0af23a213632d96b19a47d791a02ab4ea99b566f8d549bf4161dc4f7a85df2b7
https://japan.kantei.go.jp/101_kishida/statement/202304/_00003.html,japan,data/raw/japan/101_kishida_statement_202304_00003_html_b7fb4d8289.html,2026-09-22,200,ddae8286ee13423d5776f2b007164b176f9f7cd0855d25084e147af584a6d89f
https://japan.kantei.go.jp/101_kishida/statement/202305/0521kaiken.html,japan,data/raw/japan/101_kishida_statement_202305_0521kaiken_html_8abcc44665.html,2026-09-22,200,01d33bb98088999b8c87c7c193116bdfe4af5583a69cc3d5224e6f0c38d3955a
https://japan.kantei.go.jp/101_kishida/statement/202305/08contribution.html,japan,data/raw/japan/101_kishida_statement_202305_08contribution_html_f2b93b72b1.html,2026-09-22,200,91c9795404c8ab2a82a395c594270678d9349f28c4a34fa479de3b508924d4a1
https://japan.kantei.go.jp/101_kishida/statement/202305/25africaday.html,japan,data/raw/japan/101_kishida_statement_202305_25africaday_html_da83cd02ca.html,2026-09-22,200,4e806797feca882bef782341e53b8f446d3a39a3bf52d17be0b738cad7a9d05b
https://japan.kantei.go.jp/101_kishida/statement/202305/25speech.html,japan,data/raw/japan/101_kishida_statement_202305_25speech_html_3b662f51cc.html,2026-09-22,200,32b30e02cdab28b04fc4227f5481c947efdc9f63832944bae365d41a2b6c41e3
https://japan.kantei.go.jp/101_kishida/statement/202306/02message.html,japan,data/raw/japan/101_kishida_statement_202306_02message_html_e0e976a974.html,2026-09-22,200,c84a8231e751e0ce4c89c058fcd93c630d6dcae923fef44500074e1ded6b1683
https://japan.kantei.go.jp/101_kishida/statement/202306/03message.html,japan,data/raw/japan/101_kishida_statement_202306_03message_html_0527474e36.html,2026-09-22,200,25c6189e008c967e524a6c0160b4fb6f51d6fb799631b13fe5132dfd9562001a
https://japan.kantei.go.jp/101_kishida/statement/202306/0623okinawa.html,japan,data/raw/japan/101_kishida_statement_202306_0623okinawa_html_845d5d88e9.html,2026-09-22,200,9bb89ebc9db037fc9154f86bf28b5ccf1261deeac4daf92987eae0350dee44d0
https://japan.kantei.go.jp/101_kishida/statement/202306/09danwa.html,japan,data/raw/japan/101_kishida_statement_202306_09danwa_html_7ffd44e99c.html,2026-09-22,200,51e83385356733550e6e394dbc5e69395ba5517f579f5b6fdb29c161dfce6102
https://japan.kantei.go.jp/101_kishida/statement/202306/09message.html,japan,data/raw/japan/101_kishida_statement_202306_09message_html_c2403968e8.html,2026-09-22,200,1c498d4b49e248cf17ee0c35e97bde4c179f57adb0ea0e6b29f3e5c77179498d
https://japan.kantei.go.jp/101_kishida/statement/202306/13message.html,japan,data/raw/japan/101_kishida_statement_202306_13message_html_aa0c19c11c.html,2026-09-22,200,64ae2748f4ed4c1a908ed99d6dde54be0110a108ed30c9451b7543585700ac6b
https://japan.kantei.go.jp/101_kishida/statement/202306/14message.html,japan,data/raw/japan/101_kishida_statement_202306_14message_html_3f7c1f6c90.html,2026-09-22,200,93b88e9fad10fd6d0c464795ef60b21e655d74e5c970c3e297093f122f9c70bd
https://japan.kantei.go.jp/101_kishida/statement/202306/15message.html,japan,data/raw/japan/101_kishida_statement_202306_15message_html_073f340871.html,2026-09-22,200,7fdd75a293d3d71bff6a005ac208704ffa971a56bca5241e9e4f421490399216
https://japan.kantei.go.jp/101_kishida/statement/202306/23message.html,japan,data/raw/japan/101_kishida_statement_202306_23message_html_70b372abf3.html,2026-09-22,200,fe9f59285fa0479eb6d5bdb1c799ec857383a1400aa59560d546f605a25065d2
https://japan.kantei.go.jp/101_kishida/statement/202307/04message.html,japan,data/raw/japan/101_kishida_statement_202307_04message_html_9c8986e47c.html,2026-09-22,200,ab75fcd434d2d6b35a732c1b91fde1f8f32d8911271a1c0353b13b2ee5da22bb
https://japan.kantei.go.jp/101_kishida/statement/202307/0717speech.html,japan,data/raw/japan/101_kishida_statement_202307_0717speech_html_d51f50f4b3.html,2026-09-22,200,b4420c8a76023a30eadd6acde0528d3d69331c0f85f1ad80bf092e19164768c6
https://japan.kantei.go.jp/101_kishida/statement/202307/0718kaiken.html,japan,data/raw/japan/101_kishida_statement_202307_0718kaiken_html_947b4a2fae.html,2026-09-22,200,311f261bf694a8394aaba269b52850b395e3d97632366c3163918c20ac47dec9
https://japan.kantei.go.jp/101_kishida/statement/202307/0718speech.html,japan,data/raw/japan/101_kishida_statement_202307_0718speech_html_af90e9b17a.html,2026-09-22,200,e232df2ebfafa74bb97ca8020a18d0307ac25a180cd5b185560778d9da7745fe
https://japan.kantei.go.jp/101_kishida/statement/202307/11interview.html,japan,data/raw/japan/101_kishida_statement_202307_11interview_html_9a623d5adf.html,2026-09-22,200,3dea17a91728abd0de17e756b643e051f79f5fefcd6585fd5dcfc5fac6f55fbc
https://japan.kantei.go.jp/101_kishida/statement/202307/11kaiken.html,japan,data/raw/japan/101_kishida_statement_202307_11kaiken_html_b3041661f0.html,2026-09-22,200,738de465bbb650644cfd37a6a490a446fd890c84e435052929c6bcb5f11287a1
https://japan.kantei.go.jp/101_kishida/statement/202307/13kaiken.html,japan,data/raw/japan/101_kishida_statement_202307_13kaiken_html_2aa2c59e72.html,2026-09-22,200,6f586a7b80327caf1e6492dd8dc4ffa0cc6c1f75f8e3c0f428195ddf6a41d97c
https://japan.kantei.go.jp/101_kishida/statement/202307/15message.html,japan,data/raw/japan/101_kishida_statement_202307_15message_html_8bee97a9ba.html,2026-09-22,200,00a7e59e8271a4e93aa91459d277444415672cfb31eb4ee756c67dcd8a254ce6
https://japan.kantei.go.jp/101_kishida/statement/202307/16kaiken.html,japan,data/raw/japan/101_kishida_statement_202307_16kaiken_html_c9375ab390.html,2026-09-22,200,535f7df03942f428a6acd52587df7928b0bd68228c24fdc1e085dfa99f24b2e5
https://japan.kantei.go.jp/101_kishida/statement/202307/16kaiken2.html,japan,data/raw/japan/101_kishida_statement_202307_16kaiken2_html_aa0b924496.html,2026-09-22,200,969e9ebdbcf62070973bf6c313db4f099d02fa0effe5394738a6b260fcdec779
https://japan.kantei.go.jp/101_kishida/statement/202307/17contribution.html,japan,data/raw/japan/101_kishida_statement_202307_17contribution_html_6946124ca8.html,2026-09-22,200,9dc7a3f52223832208e86ee9e659eabebce769c6d3a6d3941d67b1f64ebee576
https://japan.kantei.go.jp/tag/0032.html,japan,data/raw/japan/tag_0032_html_1d1fde057c.html,2026-09-22,200,89d64928ba56cc078ef700a227c521458376bb7c7e290f0b3dd64a9acc8f8cb4
https://japan.kantei.go.jp/tag/0122.html,japan,data/raw/japan/tag_0122_html_4c08359742.html,2026-09-22,200,a8803f0c7e235cf96d7436e42f089dbcf6fefeec3021f596e87c1caa04ad27ab
https://japan.kantei.go.jp/101_kishida/statement/202308/03message.html,japan,data/raw/japan/101_kishida_statement_202308_03message_html_c254eca955.html,2026-09-22,200,eddd94b211fb689883246e4d6f85b347a40dbaaf60ec65be3b0ea2db672a1a5f
https://japan.kantei.go.jp/101_kishida/statement/202308/06hiroshima.html,japan,data/raw/japan/101_kishida_statement_202308_06hiroshima_html_fa98c5b280.html,2026-09-22,200,e591794245394d8b26293896a217bb1c46c6796dcdf033d0713175cdba10bc97
https://japan.kantei.go.jp/101_kishida/statement/202308/0807kaiken.html,japan,data/raw/japan/101_kishida_statement_202308_0807kaiken_html_2d5d036395.html,2026-09-22,200,2ae2c3e30bda00741505aee2ae2b459ac749135c8fe8ff5e63d628a8fd6fec77
https://japan.kantei.go.jp/101_kishida/statement/202308/0810kaiken.html,japan,data/raw/japan/101_kishida_statement_202308_0810kaiken_html_aa3bf7d920.html,2026-09-22,200,eabe7eae66255d9b5e016cad92f6815a5870266383f21d46310f1d933d96bceb
https://japan.kantei.go.jp/101_kishida/statement/202308/0831kaiken.html,japan,data/raw/japan/101_kishida_statement_202308_0831kaiken_html_9806460124.html,2026-09-22,200,4942273cab3fc5ff1c32e795a6d405afda9dac220e8967f143edc294ef9aa710
https://japan.kantei.go.jp/101_kishida/statement/202308/09message.html,japan,data/raw/japan/101_kishida_statement_202308_09message_html_31feebe98e.html,2026-09-22,200,124e8116c1d934a6c47c0b628df3fe53a5013ae79853e490018a8d7c53acf5f8
https://japan.kantei.go.jp/101_kishida/statement/202308/12message.html,japan,data/raw/japan/101_kishida_statement_202308_12message_html_b82395f5c2.html,2026-09-22,200,d14b1e9589ec50e477e76a817663637512580dc0f75a04aa24e5c9c395c9a793
https://japan.kantei.go.jp/101_kishida/statement/202308/15shikiji.html,japan,data/raw/japan/101_kishida_statement_202308_15shikiji_html_e3b1991c3c.html,2026-09-22,200,0b1cc5f8adf4401322ba44408a8868b07a0dbab730facc02820a1257998ff972
https://japan.kantei.go.jp/101_kishida/statement/202308/17kaiken.html,japan,data/raw/japan/101_kishida_statement_202308_17kaiken_html_925c62f079.html,2026-09-22,200,303e2d78862e1757a10cc02b1af6cac56f9d0e44c15458031ca058923cbc0ed4
https://japan.kantei.go.jp/101_kishida/statement/202308/18kaiken.html,japan,data/raw/japan/101_kishida_statement_202308_18kaiken_html_29b10e5468.html,2026-09-22,200,c3db8fea976d5bf76ef0c2d384cb942578273dbe3d4028dbf0a1da431026e370
https://japan.kantei.go.jp/101_kishida/statement/202308/18kyodo_kaiken.html,japan,data/raw/japan/101_kishida_statement_202308_18kyodo_kaiken_html_b082bab69b.html,2026-09-22,200,0a7e9b55bd32dcb8cd9fc9d4a9f8c6de59866cb0ca1e651e9e0afe3a0ce23fb2
https://japan.kantei.go.jp/101_kishida/statement/202308/20kaiken.html,japan,data/raw/japan/101_kishida_statement_202308_20kaiken_html_e23d219239.html,2026-09-22,200,430879ce12ce13d060b6a9b28ca9f1ca0681b412b9bdf438fb370caf1fbc8bdf
https://japan.kantei.go.jp/101_kishida/statement/202308/21kaiken.html,japan,data/raw/japan/101_kishida_statement_202308_21kaiken_html_27e392a7c6.html,2026-09-22,200,66d4e6bf6f17069c5eace9f7d2da4940721b8ba3a3096ed6e84842fd0a184105
https://japan.kantei.go.jp/101_kishida/statement/202308/22kaiken.html,japan,data/raw/japan/101_kishida_statement_202308_22kaiken_html_64bbc317ab.html,2026-09-22,200,5c7888629ee120e329b9b0489874f3e5145a3c3e97e51b33947059541c9049b0
https://japan.kantei.go.jp/101_kishida/statement/202308/24kaiken.html,japan,data/raw/japan/101_kishida_statement_202308_24kaiken_html_54286b2009.html,2026-09-22,200,6db054143a575f11ec015b1e5882806f0455a8b64c3a0438eb45047e5672f9eb
https://japan.kantei.go.jp/101_kishida/statement/202308/24message.html,japan,data/raw/japan/101_kishida_statement_202308_24message_html_14daa20075.html,2026-09-22,200,97fe3798cdfa34a5016fa2e529805783211442be0cbf4b230529db076ea4200c
https://japan.kantei.go.jp/101_kishida/statement/202308/25message.html,japan,data/raw/japan/101_kishida_statement_202308_25message_html_f2d66f63bc.html,2026-09-22,200,05f24016e5ae42b6a571cfe9cd28ea7946b2af5adec79bcbe5a709bfd0f224fa
https://japan.kantei.go.jp/101_kishida/statement/202308/30message.html,japan,data/raw/japan/101_kishida_statement_202308_30message_html_52792e6700.html,2026-09-22,200,160287adc8f13223cc7433f758919efefea0f6f5bd8aeaf47055baccc368dc4e
https://japan.kantei.go.jp/101_kishida/statement/202308/_00016.html,japan,data/raw/japan/101_kishida_statement_202308_00016_html_168ecbdf04.html,2026-09-22,200,c1e44cf4edeed8c1986689f97c71d4472ac6b5364f5c0c7b50d3d025805f7ea7
https://japan.kantei.go.jp/101_kishida/statement/202309/04message.html,japan,data/raw/japan/101_kishida_statement_202309_04message_html_1cc2148cea.html,2026-09-22,200,7e4e08aee7bf82074a6eebceb7557637b197f6c6616fc7e1c6342d72209615e2
https://japan.kantei.go.jp/101_kishida/statement/202309/06contribution.html,japan,data/raw/japan/101_kishida_statement_202309_06contribution_html_241110af60.html,2026-09-22,200,0382ac782135a3273fb4c9786b7b46cb663fd3e6d868acee34c80189218614d9
https://japan.kantei.go.jp/101_kishida/statement/202309/06message.html,japan,data/raw/japan/101_kishida_statement_202309_06message_html_6b43f5eea5.html,2026-09-22,200,05394055dcffebeda5219908eaeea7543cd271cda6686e15140ccee62a651af0
https://japan.kantei.go.jp/101_kishida/statement/202309/06speech.html,japan,data/raw/japan/101_kishida_statement_202309_06speech_html_64a369a2c7.html,2026-09-22,200,18e2a0322abe25b42c0c2b1e29633e6f48d009c57f21be2f16ec20c3d6e6d0ba
https://japan.kantei.go.jp/101_kishida/statement/202309/0905kaiken.html,japan,data/raw/japan/101_kishida_statement_202309_0905kaiken_html_20b3c88105.html,2026-09-22,200,426257bbb0a04bff355339f525414a7828007b950557a13a932695b16fad47a2
https://japan.kantei.go.jp/101_kishida/statement/202309/0906kaiken.html,japan,data/raw/japan/101_kishida_statement_202309_0906kaiken_html_2e21b396b4.html,2026-09-22,200,bf56972c9957c0e91af7059e480fada1298a2f5dbacd6499ac44379b29b6b0d1
https://japan.kantei.go.jp/101_kishida/statement/202309/0907kaiken.html,japan,data/raw/japan/101_kishida_statement_202309_0907kaiken_html_85f2a970f3.html,2026-09-22,200,781d9022b77f42790f0e33b3fdfa2efcaced9585de7525da3438c9f3ef4dede0
https://japan.kantei.go.jp/101_kishida/statement/202309/0925kaiken.html,japan,data/raw/japan/101_kishida_statement_202309_0925kaiken_html_cc2f97bb09.html,2026-09-22,200,58cd0204eab8aa0b3fb1e0f49df62778d828f39f66477aa0d679cee89ac958be
https://japan.kantei.go.jp/101_kishida/statement/202309/09message.html,japan,data/raw/japan/101_kishida_statement_202309_09message_html_3034f56a76.html,2026-09-22,200,f17b3173119b15d5a796f3b58635d2f291894e6cb0da7cf38b21526a76f84d86
https://japan.kantei.go.jp/101_kishida/statement/202309/10kaiken.html,japan,data/raw/japan/101_kishida_statement_202309_10kaiken_html_30f5f3c0f2.html,2026-09-22,200,bf4a5f606286e86efe5f570ba1fb08f2ff73a9d2c6dfda9d31ae563a5ef8832a
https://japan.kantei.go.jp/101_kishida/statement/202309/12message.html,japan,data/raw/japan/101_kishida_statement_202309_12message_html_cf9cb5bba3.html,2026-09-22,200,c766e5101d4079950c16b444c47a148053a53bc8bef7dabd0ae0afac168b32ac
https://japan.kantei.go.jp/101_kishida/statement/202309/19fmct.html,japan,data/raw/japan/101_kishida_statement_202309_19fmct_html_0c843680e3.html,2026-09-22,200,db42a6c1dddb1de833c6ebef48fc7b80eca8993f69ec5c154dc6d035cadb597c
https://japan.kantei.go.jp/101_kishida/statement/202309/19kaiken.html,japan,data/raw/japan/101_kishida_statement_202309_19kaiken_html_5db9b7c746.html,2026-09-22,200,8fbcbf67d0fc020283c276ea838acbe476271762f6ae50b30fe4695887c933b8
https://japan.kantei.go.jp/101_kishida/statement/202309/19sdg.html,japan,data/raw/japan/101_kishida_statement_202309_19sdg_html_a203b57817.html,2026-09-22,200,8156491df9d50300d4e80532070047be9a4eef9e0e9e89cdbe75deb3ada00255
https://japan.kantei.go.jp/101_kishida/statement/202309/19unga.html,japan,data/raw/japan/101_kishida_statement_202309_19unga_html_91f96354c8.html,2026-09-22,200,e933539b6964450063df4100e41cad493bdd32517156282b68f67343002dbda9
https://japan.kantei.go.jp/101_kishida/statement/202309/20gga.html,japan,data/raw/japan/101_kishida_statement_202309_20gga_html_ada8b69bdf.html,2026-09-22,200,8a614563874140c302fc0a5b2b83f3a563066441236856aab777d48022fbd3c4
https://japan.kantei.go.jp/101_kishida/statement/202309/20kaiken.html,japan,data/raw/japan/101_kishida_statement_202309_20kaiken_html_36e646798c.html,2026-09-22,200,527c7a058a9042e84a4dccd06c025b115866a57d39492feb4aef02c929fdf12b
https://japan.kantei.go.jp/101_kishida/statement/202309/20security.html,japan,data/raw/japan/101_kishida_statement_202309_20security_html_bde7cb1da0.html,2026-09-22,200,7b6812b13603c1a1f6a958019297ca73258ef6a11b7369b5b169a6459be57cf8
https://japan.kantei.go.jp/101_kishida/statement/202309/21economicclub.html,japan,data/raw/japan/101_kishida_statement_202309_21economicclub_html_4d01cfd0bf.html,2026-09-22,200,c1848751f1e12eec3903d9a92e100650f252254977cd7d62bbc4cc6ad17ad163
https://japan.kantei.go.jp/101_kishida/statement/202309/21g7health.html,japan,data/raw/japan/101_kishida_statement_202309_21g7health_html_e7956ce2dc.html,2026-09-22,200,c07b4663e6eeb3eaf9a63b269bceba91188b23cbdfac6a9a911d5cf537557c7a
https://japan.kantei.go.jp/101_kishida/statement/202309/21uhc.html,japan,data/raw/japan/101_kishida_statement_202309_21uhc_html_10f7e43701.html,2026-09-22,200,7c4314f38ba281a695b800073a863f52c998519e0f3a9880767755178cbcdccc
https://japan.kantei.go.jp/101_kishida/statement/202309/22message_sideevent.html,japan,data/raw/japan/101_kishida_statement_202309_22message_sideevent_html_288ed30f8e.html,2026-09-22,200,4f1d378169e0e25f7856cd68463cb578ac72b83944e15bd83491990c11012926
https://japan.kantei.go.jp/101_kishida/statement/202309/23letter.html,japan,data/raw/japan/101_kishida_statement_202309_23letter_html_d1f022c4f5.html,2026-09-22,200,179d6470e1c1047f393407262a6e5b89e97f9b77f8af0334fd95c4d5f7380ff0
https://japan.kantei.go.jp/101_kishida/statement/202309/25message.html,japan,data/raw/japan/101_kishida_statement_202309_25message_html_97f9a52662.html,2026-09-22,200,7909a044f4a896f956e63e69035001434336551818efdd6b9bfa162def36c956
https://japan.kantei.go.jp/tag/0141.html,japan,data/raw/japan/tag_0141_html_ed6997c2f8.html,2026-09-22,200,9ae2f8fa0386309f017cbb619d36521c3cc5a33fee1aa7aa4376e8372ae2f7fe
https://japan.kantei.go.jp/101_kishida/statement/202310/03pri.html,japan,data/raw/japan/101_kishida_statement_202310_03pri_html_18a90a5d9b.html,2026-09-22,200,cd4449dea9ef971a1bcfeb272b6ed4f4bbffdfc51dd68af0f3c02f453f7c0650
https://japan.kantei.go.jp/101_kishida/statement/202310/06message.html,japan,data/raw/japan/101_kishida_statement_202310_06message_html_285b9a0971.html,2026-09-22,200,f5faf41cc88770ec14a0ed5dee20b532b72065f796cf97f4ee70ee219c893660
https://japan.kantei.go.jp/101_kishida/statement/202310/18message.html,japan,data/raw/japan/101_kishida_statement_202310_18message_html_f48534b49c.html,2026-09-22,200,660d7e5b7a1dcc103b97d35992ecd163521169ef3794c4bc5200da2ea8e3eb4a
https://japan.kantei.go.jp/101_kishida/statement/202310/20231024message.html,japan,data/raw/japan/101_kishida_statement_202310_20231024message_html_49ad996ba6.html,2026-09-22,200,8593528b8b8935265539151e1ddc7aec8d8950d9556a0adda6111aa9ce06881e
https://japan.kantei.go.jp/101_kishida/statement/202310/23message.html,japan,data/raw/japan/101_kishida_statement_202310_23message_html_5b3a9fa059.html,2026-09-22,200,b060b70b31c685bc1870cb3d2b393fd348015f77dd2a98f7330d628f0b6e3913
https://japan.kantei.go.jp/101_kishida/statement/202310/23shoshinhyomei.html,japan,data/raw/japan/101_kishida_statement_202310_23shoshinhyomei_html_6eee98b2f3.html,2026-09-22,200,2be74efe14b1983dbf76e03e86442ed7c12005a11fbbe06ee4d66f9e557ae82b
https://japan.kantei.go.jp/101_kishida/statement/202310/26message.html,japan,data/raw/japan/101_kishida_statement_202310_26message_html_766d6e3acb.html,2026-09-22,200,fcdd369a448ffe251b1383a8233ac76f9b83f8646c5e4adb05b6f859854f3ba8
https://japan.kantei.go.jp/101_kishida/statement/202310/30message.html,japan,data/raw/japan/101_kishida_statement_202310_30message_html_52c4ff269d.html,2026-09-22,200,2201f5744e8a4198e71f5dbaede75b31b5a4d659e9bd9289a8fcc4db88b840f8
https://japan.kantei.go.jp/tag/0134.html,japan,data/raw/japan/tag_0134_html_ee40c9c5d7.html,2026-09-22,200,54974a59f4db8ebea68a25b4137b227e6fb3984029620318f6a12294fe0f4940
https://japan.kantei.go.jp/101_kishida/statement/202311/03.html,japan,data/raw/japan/101_kishida_statement_202311_03_html_8fcbec7f9a.html,2026-09-22,200,4d4b0422d45dfbbb1c0306c501977b4b6cb5ebd6406aba1fef7bbbc2a6c2255f
https://japan.kantei.go.jp/101_kishida/statement/202311/04.html,japan,data/raw/japan/101_kishida_statement_202311_04_html_65013885c2.html,2026-09-22,200,fe65e07ef3eb10c754124e881dea7f6ebba58647452e8db0073e24ca37faa81a
https://japan.kantei.go.jp/101_kishida/statement/202311/04policyspeech.html,japan,data/raw/japan/101_kishida_statement_202311_04policyspeech_html_550c973083.html,2026-09-22,200,1872882b41efe065282ce394c46ef66d1c02183e9c8c624cd064dda64ee6b36b
https://japan.kantei.go.jp/101_kishida/statement/202311/05kaiken.html,japan,data/raw/japan/101_kishida_statement_202311_05kaiken_html_284b6497b8.html,2026-09-22,200,d2b8dc153528b5b8173628084ff6afc5ce9f2a53a9d9ef301d23c34af82bc089
https://japan.kantei.go.jp/101_kishida/statement/202311/1102kaiken.html,japan,data/raw/japan/101_kishida_statement_202311_1102kaiken_html_4613022817.html,2026-09-22,200,1e65d66579afcd102edd8922a6ea9f7add93d6e1a0cf380ea19ee2a6ac359cd3
https://japan.kantei.go.jp/101_kishida/statement/202311/1103kaiken.html,japan,data/raw/japan/101_kishida_statement_202311_1103kaiken_html_86ede397c2.html,2026-09-22,200,46683980ad154626c78c784f5532e904c2180687c5356c238ca566dd9ceb48af
https://japan.kantei.go.jp/101_kishida/statement/202311/1115kaiken.html,japan,data/raw/japan/101_kishida_statement_202311_1115kaiken_html_00e827fb7d.html,2026-09-22,200,3f4d10aee80bf15327f129228499c0cee8695ebc223f6c36d6c1b3e5a3b1a9fc
https://japan.kantei.go.jp/101_kishida/statement/202311/1116kaiken.html,japan,data/raw/japan/101_kishida_statement_202311_1116kaiken_html_afea3041fb.html,2026-09-22,200,d2ecda8d28e4c2820b9eb6cca48b7eb8e599fe397ffd06121f4f162059f44526
https://japan.kantei.go.jp/101_kishida/statement/202311/1117kaiken.html,japan,data/raw/japan/101_kishida_statement_202311_1117kaiken_html_365baab26b.html,2026-09-22,200,78f6f9acb6d341a091c66db36438ea05286c4f6e072be646411650045870e9a1
https://japan.kantei.go.jp/101_kishida/statement/202311/1202kaiken.html,japan,data/raw/japan/101_kishida_statement_202311_1202kaiken_html_cc005352b7.html,2026-09-22,200,e8a5173830f2451346da3d4593c052352760e01e3c80e3d0985e66b2cd6ef9c3
https://japan.kantei.go.jp/101_kishida/statement/202311/14contribution.html,japan,data/raw/japan/101_kishida_statement_202311_14contribution_html_bf1aeb336b.html,2026-09-22,200,50c13ceee106332a604af77eff3acf63bd5eb620ce3d80e4d0f0cba5496e6ec7
https://japan.kantei.go.jp/101_kishida/statement/202311/17message.html,japan,data/raw/japan/101_kishida_statement_202311_17message_html_6d88cf3213.html,2026-09-22,200,f03e417f01fba4f0b8fcb1f4a6c73157ba504f24875dd68d3f3ebf549e003eb0
https://japan.kantei.go.jp/101_kishida/statement/202311/22message.html,japan,data/raw/japan/101_kishida_statement_202311_22message_html_47c87bad63.html,2026-09-22,200,4a28f46d81699016611062af2c1007272b6d2cb3804068065052b05f5237a089
https://japan.kantei.go.jp/101_kishida/statement/202311/27message.html,japan,data/raw/japan/101_kishida_statement_202311_27message_html_accc128663.html,2026-09-22,200,4ab1299118bf2b90cf340c8f6c20a19d25dbf2991f6ea8a68941f5f4e1066a99
https://japan.kantei.go.jp/101_kishida/statement/202311/28message.html,japan,data/raw/japan/101_kishida_statement_202311_28message_html_d1c27d9e9a.html,2026-09-22,200,0a2841dd2b69989e9157daecadd689d11b893f8024ca5311a374dd19d6cc331e
https://japan.kantei.go.jp/tag/0044.html,japan,data/raw/japan/tag_0044_html_61736a80c9.html,2026-09-22,200,342a180435c9a3a8bb0d7375cb71e513a65a988aba29c70187727e998b026645
https://japan.kantei.go.jp/101_kishida/statement/202312/01statement.html,japan,data/raw/japan/101_kishida_statement_202312_01statement_html_f64c1074c2.html,2026-09-22,200,720f9fb7c8f90162cfb7a96f2976b99ebabe5cf37a6b35e701eba798fcff89af
https://japan.kantei.go.jp/101_kishida/statement/202312/02speech.html,japan,data/raw/japan/101_kishida_statement_202312_02speech_html_a4cd955ef8.html,2026-09-22,200,0dcb01bba0fec78df3ff29cc1b97e07725ce0b1a8096f17c13ee96d2ceeec1c4
https://japan.kantei.go.jp/101_kishida/statement/202312/06message.html,japan,data/raw/japan/101_kishida_statement_202312_06message_html_dd513838b5.html,2026-09-22,200,2032d2a8de69ef5467a014129f7e3e074cd3538669b7d3d643f2c40c239aa1b9
https://japan.kantei.go.jp/101_kishida/statement/202312/08speech.html,japan,data/raw/japan/101_kishida_statement_202312_08speech_html_071bfa7387.html,2026-09-22,200,6b2f97d4524e3c0c4ebd15e84753dfd6fdc4af429af87288accb0d3d1d929f4f
https://japan.kantei.go.jp/101_kishida/statement/202312/09speech.html,japan,data/raw/japan/101_kishida_statement_202312_09speech_html_7eb4e25ae9.html,2026-09-22,200,dbc12e6a8e5e8b257e4fe213b09ddc87e3b5ff99706264d07c0a625f0eef8c5e
https://japan.kantei.go.jp/101_kishida/statement/202312/1202kaiken.html,japan,data/raw/japan/101_kishida_statement_202312_1202kaiken_html_7de141c1ac.html,2026-09-22,200,8e47ce79f8bb5f2ad10eb086cb49bede4c2dd6bedecceaa55a3da3972235ac3f
https://japan.kantei.go.jp/101_kishida/statement/202312/12message_geac.html,japan,data/raw/japan/101_kishida_statement_202312_12message_geac_html_ebe206e879.html,2026-09-22,200,3a4e8c27f01ef04834e1cbfd3b1dad5629ca826639d0657512bcce6cf2c43d61
https://japan.kantei.go.jp/101_kishida/statement/202312/13contribution.html,japan,data/raw/japan/101_kishida_statement_202312_13contribution_html_0f44df6dde.html,2026-09-22,200,667801f447062e5e966ed92ce6480e2c724bb508b70582714d86dab382a2aa58
https://japan.kantei.go.jp/101_kishida/statement/202312/14message.html,japan,data/raw/japan/101_kishida_statement_202312_14message_html_251efbcc21.html,2026-09-22,200,9805d2c57d5ba94d6c90621150b56b250b1d37a2c85f60131bccc6f7a532f3f1
https://japan.kantei.go.jp/101_kishida/statement/202312/15contribution_cambodia.html,japan,data/raw/japan/101_kishida_statement_202312_15contribution_cambodia_html_77bc9e5093.html,2026-09-22,200,7468d3e3d8039e5f6e2a435b7833d00b8d8aa8375e9b4121618688e530ce2d84
https://japan.kantei.go.jp/101_kishida/statement/202312/15contribution_indonesia.html,japan,data/raw/japan/101_kishida_statement_202312_15contribution_indonesia_html_9b3edc74e7.html,2026-09-22,200,805a1f4751748a85f87e1c92cc06cd463a15c7bea8000c4d859d8c079227a7a1
https://japan.kantei.go.jp/101_kishida/statement/202312/15contribution_laos.html,japan,data/raw/japan/101_kishida_statement_202312_15contribution_laos_html_a578b6ea8c.html,2026-09-22,200,f1aa44d03de728737212f06f05f0d4c1400a6b8a52ff8da4f8edfff4d41955bc
https://japan.kantei.go.jp/101_kishida/statement/202312/15contribution_malaysia.html,japan,data/raw/japan/101_kishida_statement_202312_15contribution_malaysia_html_29f606c831.html,2026-09-22,200,c150d61a595f3b749db2a94289c973abcaa1ff34627eb2e0918fd07647385f99
https://japan.kantei.go.jp/101_kishida/statement/202312/15contribution_philippines.html,japan,data/raw/japan/101_kishida_statement_202312_15contribution_philippines_html_f2d0677559.html,2026-09-22,200,f4d4814f527238d2d946dd3915a10f5881fb1ca25882e6f10b40c4d25a7731e1
https://japan.kantei.go.jp/101_kishida/statement/202312/15contribution_singapore.html,japan,data/raw/japan/101_kishida_statement_202312_15contribution_singapore_html_f323e490b7.html,2026-09-22,200,910d4a0bed916d39da4e4a64c88928db887e4caf68680b0fa44d27f7871ce213
https://japan.kantei.go.jp/101_kishida/statement/202312/15contribution_thailand.html,japan,data/raw/japan/101_kishida_statement_202312_15contribution_thailand_html_c9a0aca759.html,2026-09-22,200,4fff28b1571a8d0f56b83c0fb1b086f5463d78d4fb8d72eceab028d49514ebd4
https://japan.kantei.go.jp/101_kishida/statement/202312/16contribution.html,japan,data/raw/japan/101_kishida_statement_202312_16contribution_html_de28ab2b26.html,2026-09-22,200,256add86fefed5ce233dc283689521066706c5ceb53b63a1fc2c5ff51227375e
https://japan.kantei.go.jp/101_kishida/statement/202312/16contribution_brunei.html,japan,data/raw/japan/101_kishida_statement_202312_16contribution_brunei_html_ca287bff55.html,2026-09-22,200,a43696bf0cb00648d561617fe291c420c1b4161d369161e5d6ca3314a02f72d4
https://japan.kantei.go.jp/101_kishida/statement/202312/16contribution_vietnam_00001.html,japan,data/raw/japan/101_kishida_statement_202312_16contribution_vietnam_00001_html_19d07dadb5.html,2026-09-22,200,749a4af97d1845691586e962b8a7c16429e3e7abdf6814d08c3af771f4076171
https://japan.kantei.go.jp/101_kishida/statement/202312/16message_kuwait.html,japan,data/raw/japan/101_kishida_statement_202312_16message_kuwait_html_f5b3df0db3.html,2026-09-22,200,4525e4153d247df5813f9db3f8c206ee30dc040242e642361d67a5fa978d806e
https://japan.kantei.go.jp/101_kishida/statement/202312/18message.html,japan,data/raw/japan/101_kishida_statement_202312_18message_html_1e9f864afc.html,2026-09-22,200,ed18fbd82a83f667f6c404e5e5f556ba197456e2283f99b3ea899cd6c805ce7c
https://japan.kantei.go.jp/101_kishida/statement/202312/19message.html,japan,data/raw/japan/101_kishida_statement_202312_19message_html_6545948124.html,2026-09-22,200,605c1d059eff2e960b1837e0416076fab5ddbc5b09d6607af698befca358f3e0
https://japan.kantei.go.jp/101_kishida/statement/202312/1message.html,japan,data/raw/japan/101_kishida_statement_202312_1message_html_0b8f181055.html,2026-09-22,200,5d913f57563d501e9b910f218e2086d2e5a5a29e5198292d6d7f12017ad4dfc7
https://japan.kantei.go.jp/101_kishida/statement/202312/20message.html,japan,data/raw/japan/101_kishida_statement_202312_20message_html_9e3ebdc1d9.html,2026-09-22,200,537184b3c14bd5d48a00845430774e02c7253bdbd17bc5f02ab03e81a228f994
https://japan.kantei.go.jp/101_kishida/statement/202401/01kaiken.html,japan,data/raw/japan/101_kishida_statement_202401_01kaiken_html_6e23e3452a.html,2026-09-22,200,effad5be60f3a1d194347607a8588ca7f55d2da0ff8831160f87bbb2dde40932
https://japan.kantei.go.jp/101_kishida/statement/202401/01nentou.html,japan,data/raw/japan/101_kishida_statement_202401_01nentou_html_a43b4dccdd.html,2026-09-22,200,49372245f1be120de9bb47b77e63e3ee764f25c1d11e3cdfadcbfca402a0c594
https://japan.kantei.go.jp/101_kishida/statement/202401/02kaiken.html,japan,data/raw/japan/101_kishida_statement_202401_02kaiken_html_ae9cca11c1.html,2026-09-22,200,af8d215285ea039b80fd0a4e98456736a61c4f5f5e106b264c6eacd005212b3d
https://japan.kantei.go.jp/101_kishida/statement/202401/03kaiken.html,japan,data/raw/japan/101_kishida_statement_202401_03kaiken_html_7999cfa8e8.html,2026-09-22,200,5e63d275ed7194d9f804da2ec5ba92a6cdb888bf14f743cfc18061818fe824f6
https://japan.kantei.go.jp/101_kishida/statement/202401/04kaiken2.html,japan,data/raw/japan/101_kishida_statement_202401_04kaiken2_html_dc4bf5a81b.html,2026-09-22,200,aab38718cbcb04908fd67d5b4ac3e9a90a6a44a0c6fb065f1076a079684fe467
https://japan.kantei.go.jp/101_kishida/statement/202401/05kaiken.html,japan,data/raw/japan/101_kishida_statement_202401_05kaiken_html_9b28d9ddf7.html,2026-09-22,200,bc6317ab88a406726c9fd7d4a6bdecce41026499116f0a9e66e4ed8e97f534f7
https://japan.kantei.go.jp/101_kishida/statement/202401/05kaiken2.html,japan,data/raw/japan/101_kishida_statement_202401_05kaiken2_html_dfbb42ee7f.html,2026-09-22,200,d597fcd3318510dcfb0d4b27bc197b203cbc59e9b0a3e61e6e4e24f98bc4c23e
https://japan.kantei.go.jp/101_kishida/statement/202401/11kaiken.html,japan,data/raw/japan/101_kishida_statement_202401_11kaiken_html_e1e12a0900.html,2026-09-22,200,5b56fc417dee997030152317d48ec8235856caf7b7a34d03994f2f801c8a884b
https://japan.kantei.go.jp/101_kishida/statement/202401/14kaiken.html,japan,data/raw/japan/101_kishida_statement_202401_14kaiken_html_36d6ec51c9.html,2026-09-22,200,e5ac11c7b017e004e4ed7834857acabc0578329c25a3d1eea1665661b11f93a5
https://japan.kantei.go.jp/101_kishida/statement/202401/16message_pr.html,japan,data/raw/japan/101_kishida_statement_202401_16message_pr_html_d02831617b.html,2026-09-22,200,7d4dc64cd1bfc11da18b1b8bd9d09cec9cd4e0f7d2e66b391fb0fc06358bd18a
https://japan.kantei.go.jp/101_kishida/statement/202401/22message.html,japan,data/raw/japan/101_kishida_statement_202401_22message_html_9894a4babe.html,2026-09-22,200,1c53e2e192fe41c532c5b6807d8edced2bf9aca3bbf9581a1aa641ff5ad7cc12
https://japan.kantei.go.jp/101_kishida/statement/202401/25kaiken.html,japan,data/raw/japan/101_kishida_statement_202401_25kaiken_html_58dbd2f67c.html,2026-09-22,200,59340f5fcf49a9b2bbe79d1e93b2f9188369011180dd9623b621e9b7a23e7c41
https://japan.kantei.go.jp/101_kishida/statement/202401/30shiseihoshin.html,japan,data/raw/japan/101_kishida_statement_202401_30shiseihoshin_html_c5d6021c37.html,2026-09-22,200,04584243a6ce4ba0c48272915b3996b8b98950e2aac88783a816c12065a113e7
https://japan.kantei.go.jp/tag/0142.html,japan,data/raw/japan/tag_0142_html_25733c93e8.html,2026-09-22,200,6d827cc0246a692d6ff00d60b4d133e76b6b60db294cfd39c0f40b5052a4caea
https://japan.kantei.go.jp/101_kishida/statement/202402/05_message.html,japan,data/raw/japan/101_kishida_statement_202402_05_message_html_7e0d977de7.html,2026-09-22,200,3c45ed753a67b261df5316664ba0786c2f3c3fcb9cc0fb89a9118ba1316111c1
https://japan.kantei.go.jp/101_kishida/statement/202402/05message.html,japan,data/raw/japan/101_kishida_statement_202402_05message_html_ac1df0f2be.html,2026-09-22,200,329e4ec94ba2358ef8bad0e4a1ceb6f6c71331b7803aab7b7cfd95b57e955b35
https://japan.kantei.go.jp/101_kishida/statement/202402/07message.html,japan,data/raw/japan/101_kishida_statement_202402_07message_html_570dce8d5d.html,2026-09-22,200,830f69235fe56b9909d772478511245f4d60f86ae8608a05602489d94b5ba8e6
https://japan.kantei.go.jp/101_kishida/statement/202402/08shukuji.html,japan,data/raw/japan/101_kishida_statement_202402_08shukuji_html_b73920e7f2.html,2026-09-22,200,6c40fd0549f4da6053e53eca56617899fa7cd41518ea792ea3afea2201b6713f
https://japan.kantei.go.jp/101_kishida/statement/202402/11message.html,japan,data/raw/japan/101_kishida_statement_202402_11message_html_e60cb96091.html,2026-09-22,200,3b28131b4c71caa1b7872be439d6e1fae35e67f34bdb3afba92e357bce53ea35
https://japan.kantei.go.jp/101_kishida/statement/202402/13message.html,japan,data/raw/japan/101_kishida_statement_202402_13message_html_d0fc0f4bbf.html,2026-09-22,200,c7877e001ee31e28014faa55e0b66667d144bade5e014e4fa655f5d3bc3fb07c
https://japan.kantei.go.jp/101_kishida/statement/202402/14message.html,japan,data/raw/japan/101_kishida_statement_202402_14message_html_be665b812f.html,2026-09-22,200,2115ab40de2fb53f38c93f4ef1708e970345bbfa5a141bd1b9b554410ded23ac
https://japan.kantei.go.jp/101_kishida/statement/202402/16message.html,japan,data/raw/japan/101_kishida_statement_202402_16message_html_35fb79f4d7.html,2026-09-22,200,53eaa16538eb11abc70cc5acc6a03833016e1f6069877b1afda00a43add61fe2
https://japan.kantei.go.jp/101_kishida/statement/202402/19contribution.html,japan,data/raw/japan/101_kishida_statement_202402_19contribution_html_7859c6bc68.html,2026-09-22,200,aa30773772890467dfa43050e2e894ec60859a13d18879011054feff9d8f72a8
https://japan.kantei.go.jp/101_kishida/statement/202402/24kaiken.html,japan,data/raw/japan/101_kishida_statement_202402_24kaiken_html_6b6193422d.html,2026-09-22,200,45b192765543f13cf010d366bb3e524a4d3ac56c8d1ae608d0923b687061e3ed
https://japan.kantei.go.jp/101_kishida/statement/202403/01.html,japan,data/raw/japan/101_kishida_statement_202403_01_html_a84817dcad.html,2026-09-22,200,4e08ffaf53ff38d552c4d7f748102c3ca10a0562a1d320df5cb978e41e6500ba
https://japan.kantei.go.jp/101_kishida/statement/202403/06message.html,japan,data/raw/japan/101_kishida_statement_202403_06message_html_615029711d.html,2026-09-22,200,c0c6104c83133944caac252954151f59a33879c2f43a206ca7a20ac77cc0104d
https://japan.kantei.go.jp/101_kishida/statement/202403/07message.html,japan,data/raw/japan/101_kishida_statement_202403_07message_html_f04b2a85ef.html,2026-09-22,200,ae770f54ca1d9a5333aded4f5ee3881ab4a111493c0f722d13572f5b99c49b1d
https://japan.kantei.go.jp/101_kishida/statement/202403/08message.html,japan,data/raw/japan/101_kishida_statement_202403_08message_html_ef5cdbdc59.html,2026-09-22,200,4aed5fd8056ce1b269615467d6bf1788c61d4f3fd3f981a3ac78ff8b60f40298
https://japan.kantei.go.jp/101_kishida/statement/202403/08message2.html,japan,data/raw/japan/101_kishida_statement_202403_08message2_html_84afcb9304.html,2026-09-22,200,00f79579c48e06e59c8a409bb79b3310fa2c8edccd4553fda1a9aeb20dfedfc6
https://japan.kantei.go.jp/101_kishida/statement/202403/11kaiken.html,japan,data/raw/japan/101_kishida_statement_202403_11kaiken_html_adf18f0ed6.html,2026-09-22,200,0b63eab85139b2bb7c5e115c2e57bf6323811d06bca9ae9060118bfe0c7f3982
https://japan.kantei.go.jp/101_kishida/statement/202403/11message_academy.html,japan,data/raw/japan/101_kishida_statement_202403_11message_academy_html_c21b518560.html,2026-09-22,200,212d3095d0ec1573b870a952ca714c0b9664283aebcd59e8592bbd00a55d642a
https://japan.kantei.go.jp/101_kishida/statement/202403/11message_japan_vietnam.html,japan,data/raw/japan/101_kishida_statement_202403_11message_japan_vietnam_html_4496f3f356.html,2026-09-22,200,d0beed5f81ebc715aa8cebc4f111dd4609db3f61e3f976d7a46d19e1be6e1d99
https://japan.kantei.go.jp/101_kishida/statement/202403/11tsuito.html,japan,data/raw/japan/101_kishida_statement_202403_11tsuito_html_fae8997bd3.html,2026-09-22,200,13563f4862aa22beff2869d615aa5c1e679594e00e30778ff3f0a1f5be4b581e
https://japan.kantei.go.jp/101_kishida/statement/202403/18message.html,japan,data/raw/japan/101_kishida_statement_202403_18message_html_f40b81ea0a.html,2026-09-22,200,d75df835009b53ac560ca2f86498c22b346881d28ff131037d76f41fc7f26796
https://japan.kantei.go.jp/101_kishida/statement/202403/18message2.html,japan,data/raw/japan/101_kishida_statement_202403_18message2_html_7dfea89836.html,2026-09-22,200,75f1adf458c98c777d7b93f086c3efd73c2a38e633c79474a83bc6396cb31b64
https://japan.kantei.go.jp/101_kishida/statement/202403/19kaiken.html,japan,data/raw/japan/101_kishida_statement_202403_19kaiken_html_d8a5ba23e0.html,2026-09-22,200,5ed13b2b3b57e63e2a7e159fa3c70dc07848b76a1dc07baf041a1d6c6a5b46c2
https://japan.kantei.go.jp/101_kishida/statement/202403/20message.html,japan,data/raw/japan/101_kishida_statement_202403_20message_html_90981fba70.html,2026-09-22,200,0de4ce492a52d2457a67304879336ee5423018b55cfb21c6382d5ab249ada02e
https://japan.kantei.go.jp/101_kishida/statement/202403/21message.html,japan,data/raw/japan/101_kishida_statement_202403_21message_html_68a414433e.html,2026-09-22,200,f9d144d7dba868568797a77266cdc7313912dc7f4b66b8a3b3e26322e599a176
https://japan.kantei.go.jp/101_kishida/statement/202403/23boueidai.html,japan,data/raw/japan/101_kishida_statement_202403_23boueidai_html_a0c1fb96fb.html,2026-09-22,200,8cc1ef0c3f9bbdba3b04e27b8689d164fca8d4b3c7857b09d2cc77b33442ccf7
https://japan.kantei.go.jp/101_kishida/statement/202403/28kaiken.html,japan,data/raw/japan/101_kishida_statement_202403_28kaiken_html_a964c4eac7.html,2026-09-22,200,481af39d67f170a3b67dfd44a72af537dc3e5fd0fb11154eccd103b954b24d28
https://japan.kantei.go.jp/101_kishida/statement/202404/02message.html,japan,data/raw/japan/101_kishida_statement_202404_02message_html_f0cae799c3.html,2026-09-22,200,ffd86738bc5e55274235317c4c9154954d11792adc8444fc1acbf13da14692b2
https://japan.kantei.go.jp/101_kishida/statement/202404/02message2.html,japan,data/raw/japan/101_kishida_statement_202404_02message2_html_adfcc50b71.html,2026-09-22,200,214f728a63aa51e8e4fb4fc8c8d2e908c035b95acc8b797c1a8c04330a6f0eb7
https://japan.kantei.go.jp/101_kishida/statement/202404/08bura.html,japan,data/raw/japan/101_kishida_statement_202404_08bura_html_cf405944b6.html,2026-09-22,200,1042e34cb1ce145ff5811596fc1e934d61fca230d4b36bcc8e3d48bdd1a6935c
https://japan.kantei.go.jp/101_kishida/statement/202404/10kyodo_kaiken.html,japan,data/raw/japan/101_kishida_statement_202404_10kyodo_kaiken_html_fa9b6d62b9.html,2026-09-22,200,76696dd7e6f8c9bd13fd5f20c03fdaea784b323702f7c9b19b86a6aa54eaa4f7
https://japan.kantei.go.jp/101_kishida/statement/202404/10message.html,japan,data/raw/japan/101_kishida_statement_202404_10message_html_538e914141.html,2026-09-22,200,1fa67d872a2ba79bb735271c45dd53408ae1f035b6a46496aab8b17ccd64ed1e
https://japan.kantei.go.jp/101_kishida/statement/202404/11kaiken.html,japan,data/raw/japan/101_kishida_statement_202404_11kaiken_html_9004c24984.html,2026-09-22,200,4b368c6d87be380e2667b8c84a1eb134d71fabcc732e5827d2f93178f306f08f
https://japan.kantei.go.jp/101_kishida/statement/202404/11speech.html,japan,data/raw/japan/101_kishida_statement_202404_11speech_html_0b5fa00248.html,2026-09-22,200,4fbbdbaf4d6fd66a138cc2cb3cf9b3dacfcfb2f9d59b678ed31abdd78cb789a8
https://japan.kantei.go.jp/101_kishida/statement/202404/12kaiken.html,japan,data/raw/japan/101_kishida_statement_202404_12kaiken_html_5b8e558924.html,2026-09-22,200,1c1c8b0c4a68456a39ec4c3b111191bca9176777a05e59133fb1a3d772bc01c1
https://japan.kantei.go.jp/101_kishida/statement/202404/15message.html,japan,data/raw/japan/101_kishida_statement_202404_15message_html_963ed9bc7a.html,2026-09-22,200,47756c06a0f329f278270524e13d56be954cf0b0afdb97871f2b3a1f1863a84c
https://japan.kantei.go.jp/101_kishida/statement/202404/22message.html,japan,data/raw/japan/101_kishida_statement_202404_22message_html_45935686e7.html,2026-09-22,200,eacd7f6dac31e8ac6c3d0b39f532bdcb99f6e0cb00ef861bcfeed6aec08e94e9
https://japan.kantei.go.jp/101_kishida/statement/202404/22message2.html,japan,data/raw/japan/101_kishida_statement_202404_22message2_html_0198bd20ee.html,2026-09-22,200,5aeeeab19b1ec7cbcaebdfe54e73e8039fc5ad06d9b5bfcc95b3cd5a3f963a91
https://japan.kantei.go.jp/tag/0094.html,japan,data/raw/japan/tag_0094_html_2431cdbe3a.html,2026-09-22,200,c32ec9a889f9e4dd24dba10b686f8d0267b581a1252050f868d57db08d1d3dfe
https://japan.kantei.go.jp/tag/0143.html,japan,data/raw/japan/tag_0143_html_bfa82b50d4.html,2026-09-22,200,c9ccdece884144feeb82636bea1cde156a44c1cfbb4f806ba965520236a3f7d5
https://japan.kantei.go.jp/101_kishida/statement/202405/01kaiken.html,japan,data/raw/japan/101_kishida_statement_202405_01kaiken_html_bad13cbeb5.html,2026-09-22,200,667054b0983b9e88fa5768cb63f37924afc3c11e5fec573acf50505489db2cca
https://japan.kantei.go.jp/101_kishida/statement/202405/02ai.html,japan,data/raw/japan/101_kishida_statement_202405_02ai_html_0a9d3e966b.html,2026-09-22,200,0175a7c85bb8274001f57c6208254e47713584ba2db861fbe86726fa03a0e2b1
https://japan.kantei.go.jp/101_kishida/statement/202405/02ifcma.html,japan,data/raw/japan/101_kishida_statement_202405_02ifcma_html_1b68c9e896.html,2026-09-22,200,70c84dda43f72d8e12e0e8b950e1c6e454b9336bc86471ff9cec56a6267a98c8
https://japan.kantei.go.jp/101_kishida/statement/202405/02kaiken.html,japan,data/raw/japan/101_kishida_statement_202405_02kaiken_html_7496eee8f6.html,2026-09-22,200,00270ae3dad4014b99e7e2ffd4c52cbee244ceb3313de08f27c1506784ce4c6f
https://japan.kantei.go.jp/101_kishida/statement/202405/02mcm.html,japan,data/raw/japan/101_kishida_statement_202405_02mcm_html_a625ce6bd4.html,2026-09-22,200,9fefe8495732af17c67e00e363aa4b9e8ef7118fdf5a8d13da049c36ad9d8154
https://japan.kantei.go.jp/101_kishida/statement/202405/02searp.html,japan,data/raw/japan/101_kishida_statement_202405_02searp_html_dc2982989b.html,2026-09-22,200,7f20705d94c182490b812b4933144df82c84cca4c8df49097e6a3071f4e6d480
https://japan.kantei.go.jp/101_kishida/statement/202405/03paraguayforum.html,japan,data/raw/japan/101_kishida_statement_202405_03paraguayforum_html_b2b730f7c7.html,2026-09-22,200,bc5bcd2d115e0961fe239bb3d2c8e8e62880fba731490984ed27e5a4dc8f496e
https://japan.kantei.go.jp/101_kishida/statement/202405/04brazilforum.html,japan,data/raw/japan/101_kishida_statement_202405_04brazilforum_html_c12b220cc2.html,2026-09-22,200,e52afd814bb51fb6dca0aa97969215002a630d82371aaed7507e4b4066d073f7
https://japan.kantei.go.jp/101_kishida/statement/202405/04policy.html,japan,data/raw/japan/101_kishida_statement_202405_04policy_html_a6500fb4cd.html,2026-09-22,200,295a96954fca017368a3ad3a954a82c44cfb004e6c0ddaf441040b77fb7c025d
https://japan.kantei.go.jp/101_kishida/statement/202405/08message.html,japan,data/raw/japan/101_kishida_statement_202405_08message_html_daad8ca03c.html,2026-09-22,200,50e5d945954eccc7a34b391559735d41b0c52a08d5ec4009edb10151a90a7077
https://japan.kantei.go.jp/101_kishida/statement/202405/15kaiken.html,japan,data/raw/japan/101_kishida_statement_202405_15kaiken_html_789c528253.html,2026-09-22,200,f678a3d552c80ffff378f8a88931f5499d00eaf6f246efb4b2bac640b5065f37
https://japan.kantei.go.jp/101_kishida/statement/202405/15message.html,japan,data/raw/japan/101_kishida_statement_202405_15message_html_5af07c6d9d.html,2026-09-22,200,4e4d5c9f60d9e8b30617b86ab5c7cb27017872d6084deb99c113044b8a6d0255
https://japan.kantei.go.jp/101_kishida/statement/202405/19kaiken.html,japan,data/raw/japan/101_kishida_statement_202405_19kaiken_html_db2b47b8da.html,2026-09-22,200,558deb63b3ccd0cd26ad0f35477c5131ed51c652ae21f2a7ee2443a963fe12c4
https://japan.kantei.go.jp/101_kishida/statement/202405/20message.html,japan,data/raw/japan/101_kishida_statement_202405_20message_html_ec2fb01745.html,2026-09-22,200,743669fedaa6d3184c1d69f2e6c2fbcc0bfdc8b74561081485c5bdbdf9afad9d
https://japan.kantei.go.jp/101_kishida/statement/202405/20statement.html,japan,data/raw/japan/101_kishida_statement_202405_20statement_html_f9d34c9d52.html,2026-09-22,200,f5e094d5ec0313f8fdf4a4d29bf5a407b540525c4eb84c50dba9c947ab23a9ea
https://japan.kantei.go.jp/101_kishida/statement/202405/23message.html,japan,data/raw/japan/101_kishida_statement_202405_23message_html_1c2d9c1270.html,2026-09-22,200,d77a6daf69468721849f2461f1196e21ebec2959e2e9e62f8d1579899ca38ab3
https://japan.kantei.go.jp/101_kishida/statement/202405/23speech.html,japan,data/raw/japan/101_kishida_statement_202405_23speech_html_c2dea7eb54.html,2026-09-22,200,3b6f565c6f0aa7531bc0cf3d6afce8bedf6c4b388385757b678bd367e35fcac3
https://japan.kantei.go.jp/101_kishida/statement/202405/26kaiken.html,japan,data/raw/japan/101_kishida_statement_202405_26kaiken_html_54910327f8.html,2026-09-22,200,11d54c3c41d82b2c166bcf9905c675b8347fddc0aa3252e8608a24e34907b951
https://japan.kantei.go.jp/101_kishida/statement/202405/26kaiken2.html,japan,data/raw/japan/101_kishida_statement_202405_26kaiken2_html_fb9ccc3bbb.html,2026-09-22,200,d9caa477e3ebcbe34b3b86f24a465b0c3b0a46da258a841bc1e91ce38e9a16fe
https://japan.kantei.go.jp/101_kishida/statement/202405/27message.html,japan,data/raw/japan/101_kishida_statement_202405_27message_html_18f878114d.html,2026-09-22,200,e60e8a99304a0b61f949761e2c5155905c9c23e00dfa51084cca4f1b493183e4
https://japan.kantei.go.jp/101_kishida/statement/202405/27message2.html,japan,data/raw/japan/101_kishida_statement_202405_27message2_html_e62a39e0f9.html,2026-09-22,200,5e8ce73727ea71eb1a8de7f645797be5630708b4408fde9dfa1f8b047b2929db
https://japan.kantei.go.jp/101_kishida/statement/202405/30message1.html,japan,data/raw/japan/101_kishida_statement_202405_30message1_html_9dea8d00b5.html,2026-09-22,200,12379c34716d982a3a286b11fc1e805f530a0d22474205fa375e6da790553adf
https://japan.kantei.go.jp/101_kishida/statement/202405/30message2.html,japan,data/raw/japan/101_kishida_statement_202405_30message2_html_119d4f1532.html,2026-09-22,200,8ae7d7843e2275b5c6cbe232e3f9a4776707df3351eb3a0ce74bb34364e37b5a
https://japan.kantei.go.jp/tag/0105.html,japan,data/raw/japan/tag_0105_html_ad3ec2f9b2.html,2026-09-22,200,b1b20da4a82bff546875f60f7c2bc56c35226cf1119cbdae9e5fdd7dccee860f
https://japan.kantei.go.jp/tag/0144.html,japan,data/raw/japan/tag_0144_html_0115b0a95c.html,2026-09-22,200,c88a463f2dbd161255f1244cd4939d188cd819bbee45beff946f3c954214d4f1
https://japan.kantei.go.jp/tag/0145.html,japan,data/raw/japan/tag_0145_html_df4f46bc59.html,2026-09-22,200,1d314d964c472e55ec1923c4211818c4e2e671bdbdc0a816aa6bbc154a839205
https://japan.kantei.go.jp/101_kishida/statement/202406/03message.html,japan,data/raw/japan/101_kishida_statement_202406_03message_html_c80ff79752.html,2026-09-22,200,bdadebda710a095f90d711dc28b63f0905e12ef09bfe8c1f5a1a974ae067c2ad
https://japan.kantei.go.jp/101_kishida/statement/202406/04statement.html,japan,data/raw/japan/101_kishida_statement_202406_04statement_html_8f3518f00e.html,2026-09-22,200,a1e4e407d131721c5d8b3a7c8b564dda295b7e3b5cc3efd575c236ac8d5f3d12
https://japan.kantei.go.jp/101_kishida/statement/202406/05message.html,japan,data/raw/japan/101_kishida_statement_202406_05message_html_dad41d80aa.html,2026-09-22,200,45b77fab5281e244f70545a9e01649ad782d4c7c19eb02e9369136780c346643
https://japan.kantei.go.jp/101_kishida/statement/202406/05message2.html,japan,data/raw/japan/101_kishida_statement_202406_05message2_html_681952dd7d.html,2026-09-22,200,b5bb382a252ce5a55e1c878595f99d8167e1be2857933ab5acf88ccbcf449d21
https://japan.kantei.go.jp/101_kishida/statement/202406/12kaiken.html,japan,data/raw/japan/101_kishida_statement_202406_12kaiken_html_75378a25a0.html,2026-09-22,200,8f09cca6fc873b1205b86991d41d0d28c38431959107fe9d79147fa046181007
https://japan.kantei.go.jp/101_kishida/statement/202406/12message.html,japan,data/raw/japan/101_kishida_statement_202406_12message_html_4f58fb4edb.html,2026-09-22,200,717a71a74903e8e29590fa897c8566e513a80928219e4237278e3c40c99029a6
https://japan.kantei.go.jp/101_kishida/statement/202406/12message2.html,japan,data/raw/japan/101_kishida_statement_202406_12message2_html_d0f46b446b.html,2026-09-22,200,9b3c62d715aaebe74f866f47637748eb752cd184443b681c980bcd489aa4d476
https://japan.kantei.go.jp/101_kishida/statement/202406/13message.html,japan,data/raw/japan/101_kishida_statement_202406_13message_html_b02904c16e.html,2026-09-22,200,e46e805c7f6a82bfb68abafe7f36c02ca01555b4999ccfbc0c75986e5c1f3fc5
https://japan.kantei.go.jp/101_kishida/statement/202406/15kaiken.html,japan,data/raw/japan/101_kishida_statement_202406_15kaiken_html_ea824d5710.html,2026-09-22,200,06f9c61a40e8b69eb8891608906a01470d09f928fa99eaedde9d7f7b74acf498
https://japan.kantei.go.jp/101_kishida/statement/202406/15speech.html,japan,data/raw/japan/101_kishida_statement_202406_15speech_html_e9aca74f72.html,2026-09-22,200,b269295b728d9e205e10fc3fbe29bfb4880bc096de3806aaa38b9ae72ac8224f
https://japan.kantei.go.jp/101_kishida/statement/202406/18message.html,japan,data/raw/japan/101_kishida_statement_202406_18message_html_d1773aa48f.html,2026-09-22,200,20dbfbc871ad7453ea21347843833e84fd2d00e7e2a63562caa96e4e6932dde5
https://japan.kantei.go.jp/101_kishida/statement/202406/21kaiken.html,japan,data/raw/japan/101_kishida_statement_202406_21kaiken_html_30b0b1349f.html,2026-09-22,200,6bf9e87e5aeb9a91b815ad6e1556d4f44975a14511f7f9c3d4b1f4b352959cd7
https://japan.kantei.go.jp/101_kishida/statement/202406/23kaiken.html,japan,data/raw/japan/101_kishida_statement_202406_23kaiken_html_0e79855bd9.html,2026-09-22,200,910edeba7eb92616c4e292cddf60fee9b2a629a0afb98282eadc9decc7cd3583
https://japan.kantei.go.jp/101_kishida/statement/202406/23okinawa.html,japan,data/raw/japan/101_kishida_statement_202406_23okinawa_html_e7f6c34a26.html,2026-09-22,200,0f12d307682d176a6c72df399a499286061ce4774cfc37417bf6de4bf9e75f11
https://japan.kantei.go.jp/101_kishida/statement/202406/27message.html,japan,data/raw/japan/101_kishida_statement_202406_27message_html_d5cf1139d0.html,2026-09-22,200,c4d69250f55c8c742485f7b09739ef4f0d7b47b1cdaba128b18ada865ac32342
https://japan.kantei.go.jp/101_kishida/statement/202407/01kaiken.html,japan,data/raw/japan/101_kishida_statement_202407_01kaiken_html_48872e95cb.html,2026-09-22,200,6bf4eb341468f045590cf717e8aceef8562dac091185c7b563475a647434cc18
https://japan.kantei.go.jp/101_kishida/statement/202407/01message.html,japan,data/raw/japan/101_kishida_statement_202407_01message_html_9739a7c3b1.html,2026-09-22,200,f0ce43ba92ed767d4aa3837a3671e1c382304af070f5138a31399819e5819718
https://japan.kantei.go.jp/101_kishida/statement/202407/03kaiken.html,japan,data/raw/japan/101_kishida_statement_202407_03kaiken_html_6fbcb77301.html,2026-09-22,200,1e5c988a4dbb57a7a6dc37de4115bdcc321ee29f552d031a4f9df370eb0d1b5a
https://japan.kantei.go.jp/101_kishida/statement/202407/03message.html,japan,data/raw/japan/101_kishida_statement_202407_03message_html_c8def2d93a.html,2026-09-22,200,f00e8c82d1b9c844a72c224588df5231f2cc4e6cee8a77fcc9e9062cbdb60356
https://japan.kantei.go.jp/101_kishida/statement/202407/05kaiken.html,japan,data/raw/japan/101_kishida_statement_202407_05kaiken_html_27932f46dd.html,2026-09-22,200,a16a204560f18d9dea35145ff7d33d2e035b9e04963cf37b7c69ca98282ec9d9
https://japan.kantei.go.jp/101_kishida/statement/202407/06message.html,japan,data/raw/japan/101_kishida_statement_202407_06message_html_e14e7d0786.html,2026-09-22,200,293b7e1b90076c3428fe1f2eb66c126d7e66e4db070f0817b3843e287a1b01c1
https://japan.kantei.go.jp/101_kishida/statement/202407/10kaiken.html,japan,data/raw/japan/101_kishida_statement_202407_10kaiken_html_e9b7d7e763.html,2026-09-22,200,ad850bd7c7c7a79d115a1fe75d3c5a57eaa6cfc49099c452e47c35649f4ce52c
https://japan.kantei.go.jp/101_kishida/statement/202407/11kaiken.html,japan,data/raw/japan/101_kishida_statement_202407_11kaiken_html_3ba15cd6c4.html,2026-09-22,200,817e6079079ff2f4e2704bd30960d819208b5914e0af348ca072f24b99edc105
https://japan.kantei.go.jp/101_kishida/statement/202407/12jointpress.html,japan,data/raw/japan/101_kishida_statement_202407_12jointpress_html_09e822a7ea.html,2026-09-22,200,8b41348bd5e7be509aad8d810866c0649a73ce05bf484721a370bca3b6cdc503
https://japan.kantei.go.jp/101_kishida/statement/202407/12message.html,japan,data/raw/japan/101_kishida_statement_202407_12message_html_eeb550521c.html,2026-09-22,200,4a243b692f54989ed683a5d5536ea1d8f62093c2717b2eb5e466df560ea2ea57
https://japan.kantei.go.jp/101_kishida/statement/202407/15contribution.html,japan,data/raw/japan/101_kishida_statement_202407_15contribution_html_79516f5206.html,2026-09-22,200,172cfb1d479d2d0cc8fe53b6db11063d922f061180fe3125134df28601b2f01b
https://japan.kantei.go.jp/101_kishida/statement/202407/17message.html,japan,data/raw/japan/101_kishida_statement_202407_17message_html_18db6ac3c8.html,2026-09-22,200,8943ea18d6dc0ff17dc0547b131b8f94eb20fb9783e5b387c78b50a7096e47c1
https://japan.kantei.go.jp/101_kishida/statement/202407/18message.html,japan,data/raw/japan/101_kishida_statement_202407_18message_html_7fd25bd3ad.html,2026-09-22,200,1c529ae5f6a87422cdd9deca0009e95f5a3e68329ca8e098ec29ff5eda461e38
https://japan.kantei.go.jp/101_kishida/statement/202407/19forum.html,japan,data/raw/japan/101_kishida_statement_202407_19forum_html_685e276648.html,2026-09-22,200,46b5450e17115551791243233a3bcad6cdd598fa3cab9bba9777466a3aacb4aa
https://japan.kantei.go.jp/101_kishida/statement/202407/19kaiken.html,japan,data/raw/japan/101_kishida_statement_202407_19kaiken_html_2fdc118683.html,2026-09-22,200,65735447de094aa8f8cac13e9d393c08f1016b8eedd00613503d46fe0ebca964
https://japan.kantei.go.jp/101_kishida/statement/202407/20message.html,japan,data/raw/japan/101_kishida_statement_202407_20message_html_cdda59f869.html,2026-09-22,200,89f15bbade84eade6f77ac02392ff9303e96b07cd4cdb94044bdc775fee0cae5
https://japan.kantei.go.jp/101_kishida/statement/202407/26sisatsu.html,japan,data/raw/japan/101_kishida_statement_202407_26sisatsu_html_68c0acbd82.html,2026-09-22,200,63ea750006a4b1bd36c27a570d8c48621070e7eeb44108e7e40793e2fe187569
https://japan.kantei.go.jp/101_kishida/statement/202407/27sado.html,japan,data/raw/japan/101_kishida_statement_202407_27sado_html_a48cff45f1.html,2026-09-22,200,54b67768bb97529d950cdfb7ec4f8298cdc9dcdba6e5a05ace9961db25a86b29
https://japan.kantei.go.jp/101_kishida/statement/202407/29message.html,japan,data/raw/japan/101_kishida_statement_202407_29message_html_e986f3f746.html,2026-09-22,200,84830afdb73fd6537af9e07acc9a8b8d95b993f55b8a6ec6d9ba90b09115df75
https://japan.kantei.go.jp/101_kishida/statement/202407/31miekaiken.html,japan,data/raw/japan/101_kishida_statement_202407_31miekaiken_html_6332ccffa4.html,2026-09-22,200,b3f3c2c56895e9d53aaa4b6eac37b6bb7cd466d2a4a7027ddc81e40807c38b66
https://japan.kantei.go.jp/101_kishida/statement/202407/5message.html,japan,data/raw/japan/101_kishida_statement_202407_5message_html_076dd9d905.html,2026-09-22,200,02430661e3c0b5bb663024387b3facfd2a8eabec723bd0e0e5da0a777cb0502a
https://japan.kantei.go.jp/tag/0045.html,japan,data/raw/japan/tag_0045_html_cf32d1a62b.html,2026-09-22,200,6007333c1628a39da3fab3878386329e8457eba294b583b47202afc17882afb6
https://japan.kantei.go.jp/tag/0146.html,japan,data/raw/japan/tag_0146_html_07c0d80ffe.html,2026-09-22,200,4e1d6e869494f3f8343fc8a5f8cf932f5fa2d0145acdf4288dcb8792542deb67
https://japan.kantei.go.jp/101_kishida/statement/202408/05message.html,japan,data/raw/japan/101_kishida_statement_202408_05message_html_07041d7595.html,2026-09-22,200,ac8ee6ca8a21587645e8d4d9d4b202d011b6abb41aae642c250fae4864c306ad
https://japan.kantei.go.jp/101_kishida/statement/202408/06hiroshima.html,japan,data/raw/japan/101_kishida_statement_202408_06hiroshima_html_8752e62939.html,2026-09-22,200,29df1a6ed1c3c55e758d3e7346749f98b1818dfa2237470e34bdfef66265323c
https://japan.kantei.go.jp/101_kishida/statement/202408/06kaiken.html,japan,data/raw/japan/101_kishida_statement_202408_06kaiken_html_0b3bc5f091.html,2026-09-22,200,991d2dccd13733aeaa1017af257614549de27011961bc18e901ef9910a1e826c
https://japan.kantei.go.jp/101_kishida/statement/202408/0826message.html,japan,data/raw/japan/101_kishida_statement_202408_0826message_html_df435a87ca.html,2026-09-22,200,19bd3fcdee367299db975c14bd0924c4c63c1f6341ec044cc2e869a355af50c0
https://japan.kantei.go.jp/101_kishida/statement/202408/08kaiken.html,japan,data/raw/japan/101_kishida_statement_202408_08kaiken_html_0606ff88d0.html,2026-09-22,200,4f77e84b244005410b91b27e0e45a44298a068e2e4f6d9533f8b7dc69a1f77e0
https://japan.kantei.go.jp/101_kishida/statement/202408/09kaiken.html,japan,data/raw/japan/101_kishida_statement_202408_09kaiken_html_38b7fd17ae.html,2026-09-22,200,f018493c8ee3a843380effbd9d59d63e08554ea26fc4b54f40b46275321f1dfa
https://japan.kantei.go.jp/101_kishida/statement/202408/09nagasaki.html,japan,data/raw/japan/101_kishida_statement_202408_09nagasaki_html_3d47575393.html,2026-09-22,200,115217f2589ed23c4ff6580273c580b56d6a738ca5c1ade970468a8bb3dcfcec
https://japan.kantei.go.jp/101_kishida/statement/202408/13message.html,japan,data/raw/japan/101_kishida_statement_202408_13message_html_adfa01c845.html,2026-09-22,200,1b8d09bcc66401c4f0ccdf3f86c30f977e463cc3f197064d578a6cb0209cf25b
https://japan.kantei.go.jp/101_kishida/statement/202408/14kaiken.html,japan,data/raw/japan/101_kishida_statement_202408_14kaiken_html_1341d270cc.html,2026-09-22,200,d6c11d09277d6c5d858535084751e2a360991d8efb6c3da2039b17b27096a580
https://japan.kantei.go.jp/101_kishida/statement/202408/15shikiji.html,japan,data/raw/japan/101_kishida_statement_202408_15shikiji_html_fe436b94b3.html,2026-09-22,200,2c4c137d46a020eff323ab7e9382d955e6cb4235216c522491d8ef1748b4a6c5
https://japan.kantei.go.jp/101_kishida/statement/202408/19message.html,japan,data/raw/japan/101_kishida_statement_202408_19message_html_e69d338215.html,2026-09-22,200,71b699ac0d1e91e05485757303ca29949fcb994b7476e1671284679f087a128c
https://japan.kantei.go.jp/101_kishida/statement/202408/20240801kaiken.html,japan,data/raw/japan/101_kishida_statement_202408_20240801kaiken_html_3de454f0ea.html,2026-09-22,200,1667f3ca1b3d4e76f37971ec7d63216d77edb306de07e57b16426b16e0fb0c9e
https://japan.kantei.go.jp/101_kishida/statement/202408/22message.html,japan,data/raw/japan/101_kishida_statement_202408_22message_html_ad0fd945a1.html,2026-09-22,200,2624c2253193b7e437ab9785bb08d678396eaf5ea984b91bc62c052f0807fbf7
https://japan.kantei.go.jp/101_kishida/statement/202408/24kaiken.html,japan,data/raw/japan/101_kishida_statement_202408_24kaiken_html_1dbf70e8c1.html,2026-09-22,200,0acbddfd25d07b8ab64543896f9237045776406ee9bb5f4298646ff8d91adbde
https://japan.kantei.go.jp/101_kishida/statement/202408/_00022.html,japan,data/raw/japan/101_kishida_statement_202408_00022_html_f5ffff1c38.html,2026-09-22,200,4ebf7153ba653b43465562e8ccad7de80074ccd17178af45eafb63a85498e6b6
https://japan.kantei.go.jp/101_kishida/statement/202409/06kaiken1.html,japan,data/raw/japan/101_kishida_statement_202409_06kaiken1_html_8879e1a35c.html,2026-09-22,200,0b474edd752eb4ef6e111720edc4d2f0aec2ce7f991518fafa831095a731c44c
https://japan.kantei.go.jp/101_kishida/statement/202409/06kaiken2.html,japan,data/raw/japan/101_kishida_statement_202409_06kaiken2_html_f597913c1d.html,2026-09-22,200,6a35363b5e9cab50d6c1e92dd5169ca773934a6459cc7885e5cacca6de2ad7d5
https://japan.kantei.go.jp/101_kishida/statement/202409/0919kaiken.html,japan,data/raw/japan/101_kishida_statement_202409_0919kaiken_html_2025b0a003.html,2026-09-22,200,57dbc4e32304cb228c0f1ea9327a429d2ebc60f113fb60384f89cf8ca046696b
https://japan.kantei.go.jp/101_kishida/statement/202409/0923kankou.html,japan,data/raw/japan/101_kishida_statement_202409_0923kankou_html_1bda815d1f.html,2026-09-22,200,32cecebea609a2578a86a58c3baefae889790c58851b483a8764d982f909ab59
https://japan.kantei.go.jp/101_kishida/statement/202409/0928enzetsu.html,japan,data/raw/japan/101_kishida_statement_202409_0928enzetsu_html_ed4443d7f4.html,2026-09-22,200,d6cd9513806c52501adb68b4f868d235aa4e8d97d0a35f89a7d67f44101e26c0
https://japan.kantei.go.jp/101_kishida/statement/202409/11message.html,japan,data/raw/japan/101_kishida_statement_202409_11message_html_581b6d19e8.html,2026-09-22,200,289d591d60b9977624a66851d4d2ed7d8edd049d1ee2442682f4105a80626ea2
https://japan.kantei.go.jp/101_kishida/statement/202409/12message.html,japan,data/raw/japan/101_kishida_statement_202409_12message_html_f051dba45f.html,2026-09-22,200,812f8f634bff211d355e971b7890ca94f56fc3c3f77c74b748d8f98e9031ef93
https://japan.kantei.go.jp/101_kishida/statement/202409/17message.html,japan,data/raw/japan/101_kishida_statement_202409_17message_html_d8b7a8bfbc.html,2026-09-22,200,e42f9a7e9b66832dccc74cf12f865f39fb611de2b8044201dd7509f25ae9fbe6
https://japan.kantei.go.jp/101_kishida/statement/202409/19message.html,japan,data/raw/japan/101_kishida_statement_202409_19message_html_eb60ab91b1.html,2026-09-22,200,012be9e16b6418863fa6076acee3cf0558cb7e80b6d1972274c5946e14b8d0ba
https://japan.kantei.go.jp/101_kishida/statement/202409/21kaiken.html,japan,data/raw/japan/101_kishida_statement_202409_21kaiken_html_fff985df5c.html,2026-09-22,200,4a091faa9e8960fd801a9b23487402b01624495a3b9c5fd9982fe5b77bbf4ac0
https://japan.kantei.go.jp/101_kishida/statement/202409/21quad_cancer.html,japan,data/raw/japan/101_kishida_statement_202409_21quad_cancer_html_ce53aca06d.html,2026-09-22,200,dff0a10a30d0781b0d5647abf4a2f0f01ef96ecaff21f1454bcab58b7f44222b
https://japan.kantei.go.jp/101_kishida/statement/202409/22speech.html,japan,data/raw/japan/101_kishida_statement_202409_22speech_html_20565b909e.html,2026-09-22,200,e4feb73916bb133b0a47f49e1de2eabd76fd6b314d2e492306ddf9fb3d009b25
https://japan.kantei.go.jp/101_kishida/statement/202409/23fmct.html,japan,data/raw/japan/101_kishida_statement_202409_23fmct_html_6dd012dc13.html,2026-09-22,200,681d9b7a68256f1f9bf7a8385677872d9fee23699766700edf7fbba95387dd0d
https://japan.kantei.go.jp/101_kishida/statement/202409/23ikenkoukan.html,japan,data/raw/japan/101_kishida_statement_202409_23ikenkoukan_html_c64b07b9b0.html,2026-09-22,200,d2d48af45bddeab407c1bf491d7799bdac1c3776f5c1e8ac2dda90bedb6c574d
https://japan.kantei.go.jp/101_kishida/statement/202409/23kaiken.html,japan,data/raw/japan/101_kishida_statement_202409_23kaiken_html_47da2286d6.html,2026-09-22,200,adc3b17b9806f82717f702f73e984120f37b37fa9a6b21c079257d4f1de4b87f
https://japan.kantei.go.jp/101_kishida/statement/202409/25message.html,japan,data/raw/japan/101_kishida_statement_202409_25message_html_73643d62b5.html,2026-09-22,200,b76d1bd8274a35a77a92df607b0b2b7928f8b2de2971161eb939de6103e7e5cb
https://japan.kantei.go.jp/101_kishida/statement/202409/25srilanka_message.html,japan,data/raw/japan/101_kishida_statement_202409_25srilanka_message_html_8d4bf5d7e7.html,2026-09-22,200,51cbd30f5dbd21e15b66cb1d210f4381b46139f98124f2efdb5528ddf85680b9
https://japan.kantei.go.jp/tag/0036.html,japan,data/raw/japan/tag_0036_html_0b22b0a3e0.html,2026-09-22,200,5053ad1966022b812f95f54df8bbd0fad792cac8dabcc7bb5a27363c09d144b0
https://japan.kantei.go.jp/101_kishida/statement/202410/1001danwa.html,japan,data/raw/japan/101_kishida_statement_202410_1001danwa_html_06d5d3cffa.html,2026-09-22,200,327888ca8d1e83bdad2c896c5312e95e324ccd31d6418faf0a9eaac37af69b39
https://japan.kantei.go.jp/102_ishiba/statement/202410/01danwa.html,japan,data/raw/japan/102_ishiba_statement_202410_01danwa_html_26d15efae1.html,2026-09-22,200,33d845efdbb3b8ff9827b249ecf6ca0a3894c87d53dfc4590b5bac4642991db0
https://japan.kantei.go.jp/102_ishiba/statement/202410/02kaiken3.html,japan,data/raw/japan/102_ishiba_statement_202410_02kaiken3_html_c5d5acafe0.html,2026-09-22,200,11fd6c2b0c347c77453956b9bf26fa4042efb703b69f480624fe537f8f235e56
https://japan.kantei.go.jp/102_ishiba/statement/202410/1001kaiken.html,japan,data/raw/japan/102_ishiba_statement_202410_1001kaiken_html_288b5230bf.html,2026-09-22,200,47dd53ba8a16dbac7849e505e14a39c4034bc1b92946ef6a083a553a45281dd5
https://japan.kantei.go.jp/102_ishiba/statement/202410/1002kaiken.html,japan,data/raw/japan/102_ishiba_statement_202410_1002kaiken_html_1a4d9290fa.html,2026-09-22,200,ddcaab4d8a4140daf9889542c8e3e21eb6b426f324f344044fe52f92fa405579
https://japan.kantei.go.jp/102_ishiba/statement/202410/1002kaiken2.html,japan,data/raw/japan/102_ishiba_statement_202410_1002kaiken2_html_9630e84d03.html,2026-09-22,200,e4da7d7f2866aac6d76fd4e2444263fccd5e915eb1f301d793a0eef5965a4e78
https://japan.kantei.go.jp/102_ishiba/statement/202410/1004shoshinhyomei.html,japan,data/raw/japan/102_ishiba_statement_202410_1004shoshinhyomei_html_b53c223933.html,2026-09-22,200,832420fed8e370d44876d688cd1c6dca00844d4e761a9beb6faa7d6d8ee6d5ef
https://japan.kantei.go.jp/102_ishiba/statement/202410/1009kaiken.html,japan,data/raw/japan/102_ishiba_statement_202410_1009kaiken_html_0e932c77e7.html,2026-09-22,200,215180559e67918f30b77ae0907af74da86ae16cd8bfdea3bb04c6a061869cc5
https://japan.kantei.go.jp/102_ishiba/statement/202410/1009kaiken2.html,japan,data/raw/japan/102_ishiba_statement_202410_1009kaiken2_html_4d5c47edba.html,2026-09-22,200,6743358c901922d00094835426ab53c1db08ed42014ea75dfc657b2afca2e623
https://japan.kantei.go.jp/102_ishiba/statement/202410/1011message.html,japan,data/raw/japan/102_ishiba_statement_202410_1011message_html_05804d8ba8.html,2026-09-22,200,f8dbeb6d41371abf8e4457e707eea76ccc5ba629cfc4ab520c648c66d086bc82
https://japan.kantei.go.jp/102_ishiba/statement/202410/1011naigai.html,japan,data/raw/japan/102_ishiba_statement_202410_1011naigai_html_b67916c50e.html,2026-09-22,200,9ab2da590dc033c5bb41160e4ff9ba43f39bfd604abe1f4098225f817099be1a
https://japan.kantei.go.jp/102_ishiba/statement/202410/1016message01.html,japan,data/raw/japan/102_ishiba_statement_202410_1016message01_html_f43d919fd5.html,2026-09-22,200,44f134dec877a6d5bb7e4aa34516640e2748094685b7b3d08b2af142cde1f3b9
https://japan.kantei.go.jp/102_ishiba/statement/202410/1017kaiken.html,japan,data/raw/japan/102_ishiba_statement_202410_1017kaiken_html_f6764ba29a.html,2026-09-22,200,bfdb037f5a307b7f77fdb4b32f93b8ea8009de3c9ef4cf4c3ab17a8342483a59
https://japan.kantei.go.jp/102_ishiba/statement/202410/1024message.html,japan,data/raw/japan/102_ishiba_statement_202410_1024message_html_ce35981378.html,2026-09-22,200,c29a5d92e6edb9e13f5c5c0f7098c42667485a953060bd0d078157815ff0570a
https://japan.kantei.go.jp/102_ishiba/statement/202410/1029message.html,japan,data/raw/japan/102_ishiba_statement_202410_1029message_html_74e6e6207b.html,2026-09-22,200,3b40f63635ae4ddddf4d6caab364bd6c94bcc8856ee71bbb6aac51962b5c0fdb
https://japan.kantei.go.jp/102_ishiba/statement/202410/10contribution.html,japan,data/raw/japan/102_ishiba_statement_202410_10contribution_html_e71f24d5b2.html,2026-09-22,200,7aa2be26f1355feeef49e9093e911d914ce6b4315d504e75204a53ae7ad0c12c
https://japan.kantei.go.jp/102_ishiba/statement/202410/23message.html,japan,data/raw/japan/102_ishiba_statement_202410_23message_html_83ee4479e7.html,2026-09-22,200,26b0c38f1880e9ca8cb756e60a293f00877c89402e9e16a80f1e76b2be5f06d3
https://japan.kantei.go.jp/102_ishiba/statement/202410/29message2.html,japan,data/raw/japan/102_ishiba_statement_202410_29message2_html_ec4c8226c0.html,2026-09-22,200,9b2731172edfe69fa90ea9cb99b3f5bd44a7d7517a8fd93ee2708e4b8f21e165
https://japan.kantei.go.jp/102_ishiba/statement/202410/31message2.html,japan,data/raw/japan/102_ishiba_statement_202410_31message2_html_ccf5597e2f.html,2026-09-22,200,afe0941928945d15b562f6aa6c319623af2c2a446b048f788aa0730274fa4118
https://japan.kantei.go.jp/102_ishiba/statement/index.html,japan,data/raw/japan/102_ishiba_statement_index_html_acf761a226.html,2026-09-22,200,cf55bd9350d4ed94cd7680f10365e198a5c3edae70fd6dc420c0fe84d7ae0aa5
https://japan.kantei.go.jp/104/statement/202512/index.html,japan,data/raw/japan/104_statement_202512_index_html_52f42998b4.html,2026-09-22,200,ffad9dd41336306de6275a4ac884320da455c5554fadf613ec09bb266544592e
https://japan.kantei.go.jp/104/statement/202602/index.html,japan,data/raw/japan/104_statement_202602_index_html_0e8f306423.html,2026-09-22,200,d99f38096574f337f20658fa0dabbb47751940205f51f0ad3c79c6dc4d8376b4
https://japan.kantei.go.jp/102_ishiba/statement/202411/01kaiken.html,japan,data/raw/japan/102_ishiba_statement_202411_01kaiken_html_26729b65c5.html,2026-09-22,200,b5fd27b2f766c994fb6f12caa0eb60c8343d65ee5fea02bc57e2d675dbeed564
https://japan.kantei.go.jp/102_ishiba/statement/202411/06kaiken.html,japan,data/raw/japan/102_ishiba_statement_202411_06kaiken_html_e77655f48e.html,2026-09-22,200,c4a52e6ee61c6b0db395e119514a97fd50a183cc4833d329b96fcad45f65ee6a
https://japan.kantei.go.jp/102_ishiba/statement/202411/06message.html,japan,data/raw/japan/102_ishiba_statement_202411_06message_html_0cf7637fc5.html,2026-09-22,200,ed4db6ca33bcab89571ece212ec2d3106671bae6c6674c1d52cf7ca219d84c24
https://japan.kantei.go.jp/102_ishiba/statement/202411/07bura.html,japan,data/raw/japan/102_ishiba_statement_202411_07bura_html_bcd5af34c3.html,2026-09-22,200,33791eff91d45e66d6940302398f164c249d0dfe9747f310882169ba9233d7a9
https://japan.kantei.go.jp/103/statement/202411/11danwa_00001.html,japan,data/raw/japan/103_statement_202411_11danwa_00001_html_37af8fc1ab.html,2026-09-22,200,4b0e0c05cfc0f0ea0fc4a1fa1a40f5105f921e36450b98c007c9d0d3352c97b5
https://japan.kantei.go.jp/103/statement/202411/11kaiken.html,japan,data/raw/japan/103_statement_202411_11kaiken_html_bd45734b95.html,2026-09-22,200,1c7fa2e23e940b1d0ea9b112cba5060a5e12f7dc436bf97ed3c9f080a31acf7b
https://japan.kantei.go.jp/103/statement/202411/11message2.html,japan,data/raw/japan/103_statement_202411_11message2_html_90223cc22c.html,2026-09-22,200,3b5de08f11c6495d87852fcad92debc329df9679b6752995bfb0a08970ac32bb
https://japan.kantei.go.jp/103/statement/202411/12message.html,japan,data/raw/japan/103_statement_202411_12message_html_115308a4d0.html,2026-09-22,200,040b8c0ca5ff701bafbb0ba410f046800078127b6e2658e1b6c09b05259343c3
https://japan.kantei.go.jp/103/statement/202411/14contribution_00007.html,japan,data/raw/japan/103_statement_202411_14contribution_00007_html_c25cec8ffa.html,2026-09-22,200,3e137dd80a3d71ab8215b5ff5bb8ead69682e34952cf8cf635f241f12c5d27cc
https://japan.kantei.go.jp/103/statement/202411/14kaiken_00001.html,japan,data/raw/japan/103_statement_202411_14kaiken_00001_html_5ec666e6d3.html,2026-09-22,200,3edafc82a1c1fba714c267580adb9370329fdafc1fd78eec1b37af9215747fdc
https://japan.kantei.go.jp/103/statement/202411/15kaiken.html,japan,data/raw/japan/103_statement_202411_15kaiken_html_c2c2763c3b.html,2026-09-22,200,f8ea7f27152112ecbd04481a7a07a8f2d83cff968d478957a68bd847256f24dd
https://japan.kantei.go.jp/103/statement/202411/15kinwa_00001.html,japan,data/raw/japan/103_statement_202411_15kinwa_00001_html_ecd525c3ad.html,2026-09-22,200,7886170cac8edf21f3859a71e62ce46e6eb9b3025b74289e69744fde7df1f195
https://japan.kantei.go.jp/103/statement/202411/15message.html,japan,data/raw/japan/103_statement_202411_15message_html_fa7b193884.html,2026-09-22,200,5085f046901ee7c204aa705148cbdbb4bc073d28de7bae360e9003abf53b89f4
https://japan.kantei.go.jp/103/statement/202411/16fujidialogue_00008.html,japan,data/raw/japan/103_statement_202411_16fujidialogue_00008_html_3fd7af4073.html,2026-09-22,200,734bd04b7bdb29fd231706f26d98903268c6399d27539fe01075bea44fbfef5e
https://japan.kantei.go.jp/103/statement/202411/16kaiken.html,japan,data/raw/japan/103_statement_202411_16kaiken_html_6c18c0e3c3.html,2026-09-22,200,802f2e8060a450d19fdc499124de32701bb046eaac3ea1fa6a30afbca80fc534
https://japan.kantei.go.jp/103/statement/202411/17contribution_00001.html,japan,data/raw/japan/103_statement_202411_17contribution_00001_html_44572c2c16.html,2026-09-22,200,74e109b62f8a878b64f2a0f5f07cbd8f15de8839bd89e5295544db61d4703610
https://japan.kantei.go.jp/103/statement/202411/17kondan.html,japan,data/raw/japan/103_statement_202411_17kondan_html_b08f4cbb8a.html,2026-09-22,200,0ffe72b72ed07a121f917b90bda1f141b222bd1cdad0c9538761b1b9b80ad493
https://japan.kantei.go.jp/103/statement/202411/19aisatsu.html,japan,data/raw/japan/103_statement_202411_19aisatsu_html_9c9b3dd071.html,2026-09-22,200,63c24720a4661b07d0a17eaf7ab2990d23764d98d8946d9ee841b1dc9404be50
https://japan.kantei.go.jp/103/statement/202411/19naigai.html,japan,data/raw/japan/103_statement_202411_19naigai_html_2951d0dc09.html,2026-09-22,200,329e43e04d3aeab1e23bb600ea012d75702ae8fa05bf6e1f2e1f0ba710d50dd9
https://japan.kantei.go.jp/103/statement/202411/22bura.html,japan,data/raw/japan/103_statement_202411_22bura_html_866f768ec5.html,2026-09-22,200,8b3459e0ff3b4c6e620e13060ceb1e5aee0e76d44220de14f1eda300ec38a1b6
https://japan.kantei.go.jp/103/statement/202411/22message.html,japan,data/raw/japan/103_statement_202411_22message_html_25cba1090f.html,2026-09-22,200,9205f05086f130f59a20059557b3798e1db3b9ed35a4a74199ee2939602d84cb
https://japan.kantei.go.jp/103/statement/202411/29shoshinhyomei.html,japan,data/raw/japan/103_statement_202411_29shoshinhyomei_html_ff831fbdd1.html,2026-09-22,200,8b304f72e8d1f6e06db611027d0fac42625b1be0c4106001c1d7dc9b726b914b
https://japan.kantei.go.jp/103/statement/index.html,japan,data/raw/japan/103_statement_index_html_1d9b8df859.html,2026-09-22,200,7dfa52985ea91d73f902e5327eb47aef67ffa57ec9b4da6dc4e75e85ee452aa9
https://japan.kantei.go.jp/103/statement/202412/01message.html,japan,data/raw/japan/103_statement_202412_01message_html_5754b989a4.html,2026-09-22,200,238cb8dd3788ba5f2f5c04d8b107c338bba6dbd3e59389f0546f0826946cd0ee
https://japan.kantei.go.jp/103/statement/202412/04kaiken.html,japan,data/raw/japan/103_statement_202412_04kaiken_html_057e8e844a.html,2026-09-22,200,7784fbee5e975fea851cbff4cfedd2332e51f550f38d56bc52d1da38bc0cc209
https://japan.kantei.go.jp/103/statement/202412/05message.html,japan,data/raw/japan/103_statement_202412_05message_html_318915095e.html,2026-09-22,200,d3a7e6535e0bef2379ed140395d3ad04de2a404b48a1216eb49540262d5a38ad
https://japan.kantei.go.jp/103/statement/202412/1219kaiken.html,japan,data/raw/japan/103_statement_202412_1219kaiken_html_7a47de9c68.html,2026-09-22,200,a512c95260be6a3c8b7e6c8912061a10e727a51b0c0c41fa5f9d81800e072555
https://japan.kantei.go.jp/103/statement/202412/1224kaiken.html,japan,data/raw/japan/103_statement_202412_1224kaiken_html_789e8a3023.html,2026-09-22,200,0b23a031a12c7994fa0531e1ba2f184fe671c7b5ddccc504b2bfa16fcf00ed58
https://japan.kantei.go.jp/103/statement/202412/1227kaiken.html,japan,data/raw/japan/103_statement_202412_1227kaiken_html_db66097fd4.html,2026-09-22,200,f6ed6c507c68ac9a8fccb5a881872bbe7f8a5d33dc62adf3c5a9c2e7efbd6a0b
https://japan.kantei.go.jp/103/statement/202412/14kaiken.html,japan,data/raw/japan/103_statement_202412_14kaiken_html_175031966a.html,2026-09-22,200,c27c1b147760082608217ac5e1425cba5081053d803c6ffda63867b504610ab4
https://japan.kantei.go.jp/103/statement/202412/17kaiken.html,japan,data/raw/japan/103_statement_202412_17kaiken_html_c7410d53bb.html,2026-09-22,200,753fb8ee0f6e353477df3789e64076f5a815beab52b4b6171ed6a908b4a920e5
https://japan.kantei.go.jp/103/statement/202412/18message.html,japan,data/raw/japan/103_statement_202412_18message_html_3708ec99d6.html,2026-09-22,200,2b0f4a7152e0958a14b1bdbc0c026b20ccc52feea62c26e7abfccd0a1b08d984
https://japan.kantei.go.jp/103/statement/202412/29message.html,japan,data/raw/japan/103_statement_202412_29message_html_31416252c3.html,2026-09-22,200,d091e4fd1aa0636785db73363fa75a92e3faf32ee3d3841759e95860ad07a6ab
https://japan.kantei.go.jp/103/statement/202412/30danwa.html,japan,data/raw/japan/103_statement_202412_30danwa_html_481c7b9fe6.html,2026-09-22,200,47797dbef235a65a1dbe057001090b0d0c969bb160254b5b55459887eb102c55
https://japan.kantei.go.jp/103/statement/202501/0101nentou.html,japan,data/raw/japan/103_statement_202501_0101nentou_html_fa3bade6a6.html,2026-09-22,200,ec442e622c3453706a191a027266b6fa914552435176c9e5e6ff7f96e18914e7
https://japan.kantei.go.jp/103/statement/202501/0109contribution_malaysia.html,japan,data/raw/japan/103_statement_202501_0109contribution_malaysia_html_de15aff814.html,2026-09-22,200,21c9171a6a111def80106ae8c9163043fa1f521bc3e60860f72adf97459c1a83
https://japan.kantei.go.jp/103/statement/202501/06kaiken.html,japan,data/raw/japan/103_statement_202501_06kaiken_html_d7d5727723.html,2026-09-22,200,af9423d84afaa69beb0b65eacb6a2d88b69f3864870984106c5b31163c53e9fd
https://japan.kantei.go.jp/103/statement/202501/06messag2.html,japan,data/raw/japan/103_statement_202501_06messag2_html_6f8a347e43.html,2026-09-22,200,8c30942d76e5efa890fd3a3c02bbef58fd6a0db9059ea178dd21f1aef353f236
https://japan.kantei.go.jp/103/statement/202501/06message.html,japan,data/raw/japan/103_statement_202501_06message_html_3eaea5570b.html,2026-09-22,200,70a189ee2a38dd78c4737b1b4ffdc460d307cb9ef397314f8e07d806bcd9829f
https://japan.kantei.go.jp/103/statement/202501/07message.html,japan,data/raw/japan/103_statement_202501_07message_html_4f3b8c0943.html,2026-09-22,200,b9f772934f180e776a3e677dc725e34136b784e3420f4eff9e118ed1b14ebbf4
https://japan.kantei.go.jp/103/statement/202501/09kaiken.html,japan,data/raw/japan/103_statement_202501_09kaiken_html_523a454daf.html,2026-09-22,200,ef543c11acc4cf066855d3a1cd7dc2f8b1c7523d821a276f5937dfd08e47dcde
https://japan.kantei.go.jp/103/statement/202501/09message.html,japan,data/raw/japan/103_statement_202501_09message_html_4fcd9c35e8.html,2026-09-22,200,8b0bd0168d24b1122aafc11a95ffdba6ea46583c415582d91c880dcaa0c3260c
https://japan.kantei.go.jp/103/statement/202501/10contribution_indonesia.html,japan,data/raw/japan/103_statement_202501_10contribution_indonesia_html_32f9f059e4.html,2026-09-22,200,9701092d2d28f2e4a49a4c911c22d1dc75f44c9c7abac4bdd5d278be0caebdb2
https://japan.kantei.go.jp/103/statement/202501/10kyoudou_happyou.html,japan,data/raw/japan/103_statement_202501_10kyoudou_happyou_html_8741403db4.html,2026-09-22,200,234761c4425bbaa61e875272d51ce5908d85e47a3afc918472ded7b4ce553f40
https://japan.kantei.go.jp/103/statement/202501/11kaiken.html,japan,data/raw/japan/103_statement_202501_11kaiken_html_e0df74c51d.html,2026-09-22,200,d87e87b621d4c62658ba589b0da0f7ebfe5a07cea5ecc9abe97cfeae202485da
https://japan.kantei.go.jp/103/statement/202501/11kyoudou_happyou.html,japan,data/raw/japan/103_statement_202501_11kyoudou_happyou_html_50bd3738b2.html,2026-09-22,200,322c96206f20a26c5c847717cac436dd06e94498d5cb4b0e70373f04cc3e27e0
https://japan.kantei.go.jp/103/statement/202501/13kaiken.html,japan,data/raw/japan/103_statement_202501_13kaiken_html_5ed1edee6e.html,2026-09-22,200,fa846edd76e999908dd53ee19cd5003db65ab842f68687c63d82df2f1d3fa08b
https://japan.kantei.go.jp/103/statement/202501/17kaiken.html,japan,data/raw/japan/103_statement_202501_17kaiken_html_ccf9c6762e.html,2026-09-22,200,dba261e3fc46d613da127668a9dfbb545f1fe4c1b7080c934043e64bb7b8fb7e
https://japan.kantei.go.jp/103/statement/202501/19kaiken.html,japan,data/raw/japan/103_statement_202501_19kaiken_html_8b17a41f91.html,2026-09-22,200,66783ebc1a373a07ade4016c9e1f9a885c6e78dcfb413315cae5d34c2a3a92ee
https://japan.kantei.go.jp/103/statement/202501/19message.html,japan,data/raw/japan/103_statement_202501_19message_html_1e5ef83a77.html,2026-09-22,200,b52d4625eef7403da06d2146a3908dbb5f74ae4f8636906a0ee63bd4a2e96c7c
https://japan.kantei.go.jp/103/statement/202501/21kaiken.html,japan,data/raw/japan/103_statement_202501_21kaiken_html_86ec746351.html,2026-09-22,200,cc72d464df2639f155e8a4929018bc792f97611c9ef752b5ca9e2972bb38b417
https://japan.kantei.go.jp/103/statement/202501/21kaiken02.html,japan,data/raw/japan/103_statement_202501_21kaiken02_html_04c24ab732.html,2026-09-22,200,0e7a333af26faaa474732e3847c05368a32edd9eb0146752a06c1f115ee3af94
https://japan.kantei.go.jp/103/statement/202501/21message.html,japan,data/raw/japan/103_statement_202501_21message_html_e65f9cb83e.html,2026-09-22,200,945295129ffe3502eac4a9fe05bddd46654cba9c40450d05bd1156167a76c2ce
https://japan.kantei.go.jp/103/statement/202501/22message.html,japan,data/raw/japan/103_statement_202501_22message_html_85765bbae2.html,2026-09-22,200,b51d255bd6bfa75c4343e9cd80e0970d38247d61259f1c23c1b01e1e0651602d
https://japan.kantei.go.jp/103/statement/202501/24kaiken.html,japan,data/raw/japan/103_statement_202501_24kaiken_html_c19d1ac911.html,2026-09-22,200,2e088129b663f0f86904745f3fe8323715f24dbb76ad5435a4c8b64743a521cb
https://japan.kantei.go.jp/103/statement/202501/24shiseihoshin.html,japan,data/raw/japan/103_statement_202501_24shiseihoshin_html_ab36f64b73.html,2026-09-22,200,e97704528706779fa84693e2f330e37184d2a4330072d982ecedfbb8b5ee48d2
https://japan.kantei.go.jp/103/statement/202501/28shukuji.html,japan,data/raw/japan/103_statement_202501_28shukuji_html_d13826cef2.html,2026-09-22,200,99730d79d447ad2d0d9982f37e01e18cf45aa8ae1759cb2b80e7f3c9a6979fff
https://japan.kantei.go.jp/103/statement/202501/31message.html,japan,data/raw/japan/103_statement_202501_31message_html_533144d63e.html,2026-09-22,200,f1dbc0d56ccea4ae67ab041342b2b67dad76d4e0f92d6c0f4843ded7ed08201c
https://japan.kantei.go.jp/103/statement/202502/02message.html,japan,data/raw/japan/103_statement_202502_02message_html_7e9e5248b0.html,2026-09-22,200,94398cd0db05e644428af0c463b7779045d63cd4262c71e5c095cef96498a08a
https://japan.kantei.go.jp/103/statement/202502/04message.html,japan,data/raw/japan/103_statement_202502_04message_html_1b2d9e5a86.html,2026-09-22,200,a4dd3e3c74a1291a43700e03e11ff5b2576981f60ff542e7c3866c7bb71fa849
https://japan.kantei.go.jp/103/statement/202502/06kaiken.html,japan,data/raw/japan/103_statement_202502_06kaiken_html_a683f2a6b1.html,2026-09-22,200,48ecb7fe5eacd0d16781ad850b6cb31dc73ee398e2b1f555d402d53897c08b09
https://japan.kantei.go.jp/103/statement/202502/07kyodo_kaiken.html,japan,data/raw/japan/103_statement_202502_07kyodo_kaiken_html_501f7fa039.html,2026-09-22,200,9f124a43097a46d1882bec90fdaf06bece06ed7a02529521eb95615e9bf24ede
https://japan.kantei.go.jp/103/statement/202502/07message.html,japan,data/raw/japan/103_statement_202502_07message_html_668604f5eb.html,2026-09-22,200,7eff9c26ca546ec6a8dae064452a299cc810146c9daab8f5b0973c2fca2eb60d
https://japan.kantei.go.jp/103/statement/202502/11message.html,japan,data/raw/japan/103_statement_202502_11message_html_c5f14eb3ae.html,2026-09-22,200,6c59417fba4c3776b44e7c2897958c72c24ab6b9d09a61c405c597084c770a8e
https://japan.kantei.go.jp/103/statement/202502/14message.html,japan,data/raw/japan/103_statement_202502_14message_html_8d73d7ff51.html,2026-09-22,200,2bf25cb81d59a0744238af4f14107b473761f516df61929f6543f8242dce892b
https://japan.kantei.go.jp/103/statement/202502/24kaiken.html,japan,data/raw/japan/103_statement_202502_24kaiken_html_48d3b7f41b.html,2026-09-22,200,a88f1ab6a458f3aa5d11d1cc55b203793ad7908f370905bca7707679e2cc77cb
https://japan.kantei.go.jp/103/statement/202502/25kaiken.html,japan,data/raw/japan/103_statement_202502_25kaiken_html_23555cda64.html,2026-09-22,200,1e1054b1cf552c396ab5f73e568ddf8d8007bbf8d4d4260980be1a4783e9a191
https://japan.kantei.go.jp/103/statement/202502/25kaiken02.html,japan,data/raw/japan/103_statement_202502_25kaiken02_html_edd8badf47.html,2026-09-22,200,960eff8c9a67d2bcc4012780afadcc05b8f3003757f5d92c704ea9eb1f72882f
https://japan.kantei.go.jp/103/statement/202503/0307kaiken.html,japan,data/raw/japan/103_statement_202503_0307kaiken_html_67e2966d56.html,2026-09-22,200,948a7b9a107c85e2f1a7c482dc011a2d374a5d3bc6e9acc82fd26bf3e550a317
https://japan.kantei.go.jp/103/statement/202503/0329message.html,japan,data/raw/japan/103_statement_202503_0329message_html_8818eb60ec.html,2026-09-22,200,8d2e58d8698f8a3171f352ed95d8f5c2669f765577390243b64a3a13ed37154c
https://japan.kantei.go.jp/103/statement/202503/03message.html,japan,data/raw/japan/103_statement_202503_03message_html_a3a84f5b69.html,2026-09-22,200,b5946a8ceefd0ee66dfee7a1bb444a9201bb51e59428881c7660cc30fbe47619
https://japan.kantei.go.jp/103/statement/202503/04kaiken.html,japan,data/raw/japan/103_statement_202503_04kaiken_html_1778bcc3cd.html,2026-09-22,200,5f060c0b22f0adbb8947ba3a082330cb71b178ba0d509bfbb06240288a9bc034
https://japan.kantei.go.jp/103/statement/202503/04message2.html,japan,data/raw/japan/103_statement_202503_04message2_html_69ebb6154b.html,2026-09-22,200,f524eb16f8af7f1b43b8f36f917908ca32f11c51575263f29f5327dc31d76cf1
https://japan.kantei.go.jp/103/statement/202503/04message3.html,japan,data/raw/japan/103_statement_202503_04message3_html_511f0ff8a2.html,2026-09-22,200,21d0e30565120d03e5d29bff71a4245dd10e517353dbe93e7102438a8ddf23df
https://japan.kantei.go.jp/103/statement/202503/07kyoudou_happyou.html,japan,data/raw/japan/103_statement_202503_07kyoudou_happyou_html_bb15f40201.html,2026-09-22,200,63bcddd86f14f587b0018bcdd89e91be8ba812a83db6cd2aaecdc2333048aba1
https://japan.kantei.go.jp/103/statement/202503/08message.html,japan,data/raw/japan/103_statement_202503_08message_html_8a31f194ef.html,2026-09-22,200,1689b9e69503c2c12971360b5e86753b2f3123c4ddd92380f990938b8ffdf929
https://japan.kantei.go.jp/103/statement/202503/11kaiken.html,japan,data/raw/japan/103_statement_202503_11kaiken_html_1b07e0bcfa.html,2026-09-22,200,6b14781fcc73a683010681012107f9bae0d31029eedf128383e1ff3e1d3c91c8
https://japan.kantei.go.jp/103/statement/202503/11tsuito.html,japan,data/raw/japan/103_statement_202503_11tsuito_html_be04fc6207.html,2026-09-22,200,38a5ba503ce706ed345f1df4171a0dc0a9edc6b68fda7c2210d6a7a4e57193bb
https://japan.kantei.go.jp/103/statement/202503/15kaiken.html,japan,data/raw/japan/103_statement_202503_15kaiken_html_84f4bb87b6.html,2026-09-22,200,a2c3feb7230489961d77d73bc98cabe5784264483ce8bed7227b08b50e1a9c22
https://japan.kantei.go.jp/103/statement/202503/17message.html,japan,data/raw/japan/103_statement_202503_17message_html_edbcf07c22.html,2026-09-22,200,16ffa6231a0da1f03a1439b0111a3ce8721dc4afae2202bcb0f9d58a373b7d66
https://japan.kantei.go.jp/103/statement/202503/20message.html,japan,data/raw/japan/103_statement_202503_20message_html_c5500e9957.html,2026-09-22,200,6efa627755e68f395d145a40bc5047463c12a23bc99ff141164e945a88d87e18
https://japan.kantei.go.jp/103/statement/202503/22kunji.html,japan,data/raw/japan/103_statement_202503_22kunji_html_8df3029953.html,2026-09-22,200,59231df4ffad17505e114a14eef868cb2e705d7029410dccbcf0170bf8fc0d05
https://japan.kantei.go.jp/103/statement/202503/26kyoudou_happyou.html,japan,data/raw/japan/103_statement_202503_26kyoudou_happyou_html_ed9eae7f8b.html,2026-09-22,200,bcd0ddf904ded4b1ef3ffa3a5e61d67b4579041eac646e2ac75ffda121d1e3a2
https://japan.kantei.go.jp/103/statement/202503/29kaiken.html,japan,data/raw/japan/103_statement_202503_29kaiken_html_d6aa977156.html,2026-09-22,200,c76b8d7c0bbbd76cf3117a97c29086b2369890874502dca2b35958a4c7f15289
https://japan.kantei.go.jp/103/statement/202503/29tsuitounokotoba.html,japan,data/raw/japan/103_statement_202503_29tsuitounokotoba_html_e6e184cf02.html,2026-09-22,200,ce26396a84ccb1b1f21b80ee73f1be3313f3b13f5e2d52e769edcab1d331c338
https://japan.kantei.go.jp/103/statement/202503/31kaiken.html,japan,data/raw/japan/103_statement_202503_31kaiken_html_fd0d7db105.html,2026-09-22,200,29652bfb04c3a721da87f01cd4e94165ae7882dae4032ac5467c0a20b08fdbc1
https://japan.kantei.go.jp/103/statement/202504/01kaiken.html,japan,data/raw/japan/103_statement_202504_01kaiken_html_1f3bb06bd6.html,2026-09-22,200,199369aec7f405f00057add49e499ecdb8385e26b63c870fbab8819fe49ebb80
https://japan.kantei.go.jp/103/statement/202504/0403kaiken.html,japan,data/raw/japan/103_statement_202504_0403kaiken_html_81c1cfe971.html,2026-09-22,200,935252b224aec0cde9b8578f373fce709e0dba23248789a1cfe4373e97d3bd01
https://japan.kantei.go.jp/103/statement/202504/0405kaiken.html,japan,data/raw/japan/103_statement_202504_0405kaiken_html_47d4624bd2.html,2026-09-22,200,3544f685f4cab238e1d7992d4b01c9a9fa996b947c5a586ed89bf34d44001729
https://japan.kantei.go.jp/103/statement/202504/0415message.html,japan,data/raw/japan/103_statement_202504_0415message_html_597ba9e1bf.html,2026-09-22,200,e6585736f8f671feaf1a67aaff13d1132bcf55334cbc33f76faba7e53d87724c
https://japan.kantei.go.jp/103/statement/202504/0417kaiken.html,japan,data/raw/japan/103_statement_202504_0417kaiken_html_64498eed1a.html,2026-09-22,200,d88ac903194d599b28c93c87b5859c052c5641d5e18fd2a48c7762174b4b0851
https://japan.kantei.go.jp/103/statement/202504/04kaiken.html,japan,data/raw/japan/103_statement_202504_04kaiken_html_7d5bc3b407.html,2026-09-22,200,e00160f16d2a5050866e0926d02bd82ab5b3666a6e1edd9ca40170e25882b8dc
https://japan.kantei.go.jp/103/statement/202504/09kyoudou_happyou.html,japan,data/raw/japan/103_statement_202504_09kyoudou_happyou_html_991ffb1125.html,2026-09-22,200,995c260dfa48c5d38fdccdf126b1c43f932093b1a66c5e7639f8e0cabfcc5d48
https://japan.kantei.go.jp/103/statement/202504/12aisatu.html,japan,data/raw/japan/103_statement_202504_12aisatu_html_c993e07c1e.html,2026-09-22,200,8d015782ad978587d05c56d53a24ef780cc57eab7c28f7f93f8ae7f505891cb4
https://japan.kantei.go.jp/103/statement/202504/13kaiken.html,japan,data/raw/japan/103_statement_202504_13kaiken_html_e01c19858b.html,2026-09-22,200,ca42a87c961d171cf1a44570fa343a4248074e22a83cf8b766623cbdfdcf0057
https://japan.kantei.go.jp/103/statement/202504/18kaiken.html,japan,data/raw/japan/103_statement_202504_18kaiken_html_5931c4dbb4.html,2026-09-22,200,8106aee8797b494aa417b52b82ae0fc9f0d20b1a205f49707c330ea81d9ca0b0
https://japan.kantei.go.jp/103/statement/202504/21message.html,japan,data/raw/japan/103_statement_202504_21message_html_57075d4e32.html,2026-09-22,200,6b201991aec9d4bb2d878f5b216626f64c7eacf3dd54b3b64ea2e467004b9c06
https://japan.kantei.go.jp/103/statement/202504/21message2.html,japan,data/raw/japan/103_statement_202504_21message2_html_da6370afaf.html,2026-09-22,200,65efc82c897b736e493ca9253cd5d2fa7e4bd738f68760f56ca8fd693730897c
https://japan.kantei.go.jp/103/statement/202504/22kaiken.html,japan,data/raw/japan/103_statement_202504_22kaiken_html_9ef13ff12d.html,2026-09-22,200,7eeefc65a46a19d6f98967d5bcb97d329d7950814991dae68ee4a8ed7d078962
https://japan.kantei.go.jp/103/statement/202504/23message.html,japan,data/raw/japan/103_statement_202504_23message_html_ef1bb13ede.html,2026-09-22,200,8da44a1ae7887f6db9e6b79080e48196997092deb85b39740332a943f027450a
https://japan.kantei.go.jp/103/statement/202504/27kaiken.html,japan,data/raw/japan/103_statement_202504_27kaiken_html_d4c0c38b00.html,2026-09-22,200,0b4413ffd0bbe88c8443fcb996366430636ab7f875f8d22b5964ea0a6e23c700
https://japan.kantei.go.jp/103/statement/202504/27message.html,japan,data/raw/japan/103_statement_202504_27message_html_2cb9287f8c.html,2026-09-22,200,15f92bcce1b84c5d38e6dcf9a0c394c3a9e814334dae53cced53133c424b222d
https://japan.kantei.go.jp/103/statement/202504/28forum.html,japan,data/raw/japan/103_statement_202504_28forum_html_e5ae77f95e.html,2026-09-22,200,6ef0422fc5d5f64b58771a322f24f91c36b9e16dc170cece2f9871037bdaba1e
https://japan.kantei.go.jp/103/statement/202504/28kyoudou_happyou.html,japan,data/raw/japan/103_statement_202504_28kyoudou_happyou_html_a242cc71ca.html,2026-09-22,200,1b2dd16063c323714f6aefd661f2700c1ca7bab7f46ff56ff3c0d60f0113bb13
https://japan.kantei.go.jp/103/statement/202504/29kyoudou_happyou.html,japan,data/raw/japan/103_statement_202504_29kyoudou_happyou_html_38e1986f89.html,2026-09-22,200,bd628bf29f1de3b8b9b04b2e9faa8cf583c27c5080d63c9cb831431a8e6f01fa
https://japan.kantei.go.jp/103/statement/202504/29message.html,japan,data/raw/japan/103_statement_202504_29message_html_07042fda59.html,2026-09-22,200,453da0a34b385ef80ce1f2012f2b01b733fff91afcc75046b62e14458ccb9864
https://japan.kantei.go.jp/103/statement/202504/30kaiken.html,japan,data/raw/japan/103_statement_202504_30kaiken_html_197b8481f6.html,2026-09-22,200,be6d1e7fcbd3bb60d0b0dedcbc11c412eaf7f6b2d036f967f5759035adfe8aaf
https://japan.kantei.go.jp/103/statement/202505/02kaiken.html,japan,data/raw/japan/103_statement_202505_02kaiken_html_8a5eeb54ec.html,2026-09-22,200,d354b41367d18630d74999bcbfb5babfbca12208090c14c441f27035790f7c27
https://japan.kantei.go.jp/103/statement/202505/03kaiken.html,japan,data/raw/japan/103_statement_202505_03kaiken_html_6bcbe38c8b.html,2026-09-22,200,59bdfbeec17286303aac42f994377022bd6cca889a201c5ca0b49add8100e84f
https://japan.kantei.go.jp/103/statement/202505/03message.html,japan,data/raw/japan/103_statement_202505_03message_html_24f3d3770c.html,2026-09-22,200,c1d85a6411c005ca0402c2da457834fa0e22a562716c2788ffb13f0f69214001
https://japan.kantei.go.jp/103/statement/202505/0521kaiken.html,japan,data/raw/japan/103_statement_202505_0521kaiken_html_80f09e6313.html,2026-09-22,200,b964b31b5368f6889c6649af16cc688aed3c9bce0e1e7d377059a6eedf0f372f
https://japan.kantei.go.jp/103/statement/202505/07message.html,japan,data/raw/japan/103_statement_202505_07message_html_1b6a283564.html,2026-09-22,200,3889bef476b44ad16631249fc2674145b126468dfdbc0c170b733b468c1fb8c8
https://japan.kantei.go.jp/103/statement/202505/08message.html,japan,data/raw/japan/103_statement_202505_08message_html_d00f37b9e0.html,2026-09-22,200,1aeeaf74c0bdd45a29ca04cd39d3da58b08b4f033aea6d5e350ad163e3ade289
https://japan.kantei.go.jp/103/statement/202505/10message2.html,japan,data/raw/japan/103_statement_202505_10message2_html_fceb215d87.html,2026-09-22,200,dbea8de96bcbadf9a2ed8c7a7cc8e238111a92da784e5dd907d146931e9e5bdc
https://japan.kantei.go.jp/103/statement/202505/17message.html,japan,data/raw/japan/103_statement_202505_17message_html_27b9d1a5f2.html,2026-09-22,200,447f8747b383eaa36a1c15138683f324ad92d3b4781fba203aa1811caf77f19a
https://japan.kantei.go.jp/103/statement/202505/19kyoudou_happyou.html,japan,data/raw/japan/103_statement_202505_19kyoudou_happyou_html_2d41290fb6.html,2026-09-22,200,138ebe0fa36d0aaae1f3cffde0379427cabcf29f0b8a0a4e3756edf4d50e7b2d
https://japan.kantei.go.jp/103/statement/202505/23kaiken.html,japan,data/raw/japan/103_statement_202505_23kaiken_html_fa649fc554.html,2026-09-22,200,d9db6cc3a46b6c9e4e70622707341cd57c03b7043ad263dbb7a6049dd56dd204
https://japan.kantei.go.jp/103/statement/202505/26kaiken.html,japan,data/raw/japan/103_statement_202505_26kaiken_html_3c2faf8e0f.html,2026-09-22,200,f082f7ef41075134338b6675f20ee16aff1c5088066dede3571356f95461bc3e
https://japan.kantei.go.jp/103/statement/202505/29kaiken.html,japan,data/raw/japan/103_statement_202505_29kaiken_html_e41ea3c9f3.html,2026-09-22,200,b1b68d64b39b525e10ea2042e686c1ec34d972c98996d4ce64c72497f9821c9d
https://japan.kantei.go.jp/103/statement/202505/30kyoudou_happyou.html,japan,data/raw/japan/103_statement_202505_30kyoudou_happyou_html_58cb0b0ba3.html,2026-09-22,200,f6d7860ed78ff4a0d36a9dc1b105d3bd714e05f6489ef45c02c3d8437aeb93c2
https://japan.kantei.go.jp/103/statement/202506/04kaiken.html,japan,data/raw/japan/103_statement_202506_04kaiken_html_2261d6e88c.html,2026-09-22,200,46c080105b3e508b551c9b2b7a8ebb4aa48cbd21c6f5de9354b5192b514e8e03
https://japan.kantei.go.jp/103/statement/202506/0613kaiken.html,japan,data/raw/japan/103_statement_202506_0613kaiken_html_9071186bf5.html,2026-09-22,200,9033a6eff91f392605c4382205f45ad422ca37860355fba3776b5d634f62ba4a
https://japan.kantei.go.jp/103/statement/202506/0616kaiken.html,japan,data/raw/japan/103_statement_202506_0616kaiken_html_7c835aef19.html,2026-09-22,200,597f8a6fc28f154c28bf505430db8f51e1b086afa1805e1a14d65ee258d71196
https://japan.kantei.go.jp/103/statement/202506/0617naigai.html,japan,data/raw/japan/103_statement_202506_0617naigai_html_c47236cce9.html,2026-09-22,200,77753e8b78ffc80803343f16d3ea6ba7b74fbeb323094e201531ceff9e466e45
https://japan.kantei.go.jp/103/statement/202506/0622bura.html,japan,data/raw/japan/103_statement_202506_0622bura_html_1ff91a36f6.html,2026-09-22,200,548d709781c9159d88545ca07f6c2810ae948d0b6f2ae100d3f04d4dd24ce751
https://japan.kantei.go.jp/103/statement/202506/0622bura2.html,japan,data/raw/japan/103_statement_202506_0622bura2_html_1dad63976b.html,2026-09-22,200,cbada1481f07f47642ae3d5f546d0bf6985c37cb6729ed954cafebcfa330f053
https://japan.kantei.go.jp/103/statement/202506/09kaiken.html,japan,data/raw/japan/103_statement_202506_09kaiken_html_35a06ffbbc.html,2026-09-22,200,35b1fe66867615e9c394c5f5c8c2b3cdd35a7e7917da4c3872da596ae1cf6e7a
https://japan.kantei.go.jp/103/statement/202506/10kyoudou_happyou.html,japan,data/raw/japan/103_statement_202506_10kyoudou_happyou_html_9ccc71a7d5.html,2026-09-22,200,3612fc2bc4519f9e3d0645e4cd18db13ff7b93e24985fa161d92c2f2b9ebd655
https://japan.kantei.go.jp/103/statement/202506/11kyoudou_happyou.html,japan,data/raw/japan/103_statement_202506_11kyoudou_happyou_html_ad672c7f42.html,2026-09-22,200,fe2429230dff6249d32f9b617b1142f75023e2fe84e7b4b6e651011e964fe6a3
https://japan.kantei.go.jp/103/statement/202506/12kaiken.html,japan,data/raw/japan/103_statement_202506_12kaiken_html_ecd5095642.html,2026-09-22,200,9223c814043e1f2ceee6374f73b703551414bed87e15eb9f77294a9a3a85413e
https://japan.kantei.go.jp/103/statement/202506/13message.html,japan,data/raw/japan/103_statement_202506_13message_html_75e0d50b4f.html,2026-09-22,200,881517cdea72fb0caea3ac4f5d76147f861588372a64faf2bb41b9c65557b8d1
https://japan.kantei.go.jp/103/statement/202506/13message3.html,japan,data/raw/japan/103_statement_202506_13message3_html_0837e47111.html,2026-09-22,200,dd3a3b91e90c660fe3359627227d2e2b950790ea51b73eca2eb6deb85574eca0
https://japan.kantei.go.jp/103/statement/202506/15kaiken.html,japan,data/raw/japan/103_statement_202506_15kaiken_html_89bf35d936.html,2026-09-22,200,55fb217ad4e4c0b2f3a3033628c5b0a6088831e02f33461028c71e471a8b6b1a
https://japan.kantei.go.jp/103/statement/202506/16message.html,japan,data/raw/japan/103_statement_202506_16message_html_2f9c5fa14c.html,2026-09-22,200,f29df9f1e42f70925ad8705fd45e6f40c1a72ac5d9cfea9a1fb78d13c64314f6
https://japan.kantei.go.jp/103/statement/202506/19kaiken.html,japan,data/raw/japan/103_statement_202506_19kaiken_html_65657aba89.html,2026-09-22,200,71489acdb1102b9068c67b13b588a54b5fb78d756102e7fba974991f0647bff3
https://japan.kantei.go.jp/103/statement/202506/19message.html,japan,data/raw/japan/103_statement_202506_19message_html_060f272574.html,2026-09-22,200,e4b7f1c01d7f8ea3ff30a3cdd3f35fe43a93adba797e8be847bf4c3ef13e5d3c
https://japan.kantei.go.jp/103/statement/202506/20statement.html,japan,data/raw/japan/103_statement_202506_20statement_html_43a9eedae9.html,2026-09-22,200,dd469a51b576dea00f225812bd5fc5ac382fbe4f33fdf62aa0502999ab17f74a
https://japan.kantei.go.jp/103/statement/202506/23kaiken.html,japan,data/raw/japan/103_statement_202506_23kaiken_html_34be52379a.html,2026-09-22,200,cc163da0e2054456a4825e1c1c68ef71f1763ede7decfa08d395eb6246fe8994
https://japan.kantei.go.jp/103/statement/202506/23okinawa.html,japan,data/raw/japan/103_statement_202506_23okinawa_html_4d21f077fc.html,2026-09-22,200,b2789d42461ac2017f0588d81b066b99782695ba65cf4f3936f00793ae8ec54e
https://japan.kantei.go.jp/103/statement/202506/23pm_kaiken.html,japan,data/raw/japan/103_statement_202506_23pm_kaiken_html_e08489d835.html,2026-09-22,200,36f8ff0407cc3611d1686ae5b799ec1b511be538627dce8c58163832337f3bed
https://japan.kantei.go.jp/103/statement/202506/30kunji.html,japan,data/raw/japan/103_statement_202506_30kunji_html_9e6c3e1914.html,2026-09-22,200,f6bc7148bdcc6b5227665a92312d1c7c5ef93973d969e9f949817fe8c173e1b2
https://japan.kantei.go.jp/103/statement/202507/02kaiken.html,japan,data/raw/japan/103_statement_202507_02kaiken_html_fd0d3cd63b.html,2026-09-22,200,88da38757d9aa9d630f77643bdfcb72dc83dde1095a9de8c3cb160fb4999abf6
https://japan.kantei.go.jp/103/statement/202507/03aisatu.html,japan,data/raw/japan/103_statement_202507_03aisatu_html_7a47c1456c.html,2026-09-22,200,89ab0de27f54b7cc4c6114eae81321ad38b099e8345821952fabc659579db4e4
https://japan.kantei.go.jp/103/statement/202507/03kaiken.html,japan,data/raw/japan/103_statement_202507_03kaiken_html_01734cafb5.html,2026-09-22,200,fc6b1c4c2a9cd85f7aaa9a36068f598da2c128bb928c3cf6f61198471521346a
https://japan.kantei.go.jp/103/statement/202507/06message.html,japan,data/raw/japan/103_statement_202507_06message_html_f47e9e82c2.html,2026-09-22,200,833ac609be9b14dc9f04c4d8440e639c8380d51133c3deb71d6584fcb733d05e
https://japan.kantei.go.jp/103/statement/202507/08kaiken.html,japan,data/raw/japan/103_statement_202507_08kaiken_html_c5a3c2618b.html,2026-09-22,200,1403d4ba95a18a65c28307d5f76faf0729d1b169b1d21fcfcba1ebdfca270afb
https://japan.kantei.go.jp/103/statement/202507/10message.html,japan,data/raw/japan/103_statement_202507_10message_html_f50263a2d3.html,2026-09-22,200,7b69fb2ff2994501d5cbe4ed89a5453e4ac243ae067763d8abdadfe5ce9fee02
https://japan.kantei.go.jp/103/statement/202507/18kaiken.html,japan,data/raw/japan/103_statement_202507_18kaiken_html_8e75b969ef.html,2026-09-22,200,1181b603cb012291d0c274d1fe335686d706f6b53fe19a2897a60e27d5d8a42d
https://japan.kantei.go.jp/103/statement/202507/18message.html,japan,data/raw/japan/103_statement_202507_18message_html_4fc5bc835f.html,2026-09-22,200,e1ba9c9ac543b74dffb1fc8bfcd9e272bdf1b7ec7596ff59f6c8c1b8775832ef
https://japan.kantei.go.jp/103/statement/202507/23bura.html,japan,data/raw/japan/103_statement_202507_23bura_html_874683e4b2.html,2026-09-22,200,74ed22ff5b4a0dd70b88ef9540e90f0e458d0d7f90e43332649fb1f042c12dff
https://japan.kantei.go.jp/103/statement/202507/23bura2.html,japan,data/raw/japan/103_statement_202507_23bura2_html_7b3212eb5a.html,2026-09-22,200,f4472731033e3e0ee351db32d192ef81f6783ec5eb4e271e10daadc65f942edc
https://japan.kantei.go.jp/103/statement/202507/23kyoudou_happyou.html,japan,data/raw/japan/103_statement_202507_23kyoudou_happyou_html_f552a72901.html,2026-09-22,200,49cbbc3d4b4e927306edba7a283d5320e44248b07fbb18a6d665e13a94548ab0
https://japan.kantei.go.jp/103/statement/202507/24bura.html,japan,data/raw/japan/103_statement_202507_24bura_html_9abd689adb.html,2026-09-22,200,eb3b8375ddd9cb3ad43535c5698601fc66a3fab4c1b58e96dac955df3e9e29bc
https://japan.kantei.go.jp/103/statement/202507/30kaiken2.html,japan,data/raw/japan/103_statement_202507_30kaiken2_html_487421fdfc.html,2026-09-22,200,f824d00e0bda2e0e1c7de46fedca3015c058b812b4229230665112da059ee4be
https://japan.kantei.go.jp/103/statement/202508/01message.html,japan,data/raw/japan/103_statement_202508_01message_html_49a9ea4d1f.html,2026-09-22,200,47603b0e9e1d6d960aafdae9cff612ad3821b10ca89d20acafc2c6b92b0dba40
https://japan.kantei.go.jp/103/statement/202508/04kyoudou_happyou.html,japan,data/raw/japan/103_statement_202508_04kyoudou_happyou_html_09fa5bbfc0.html,2026-09-22,200,ae7c8ace25d62d4f0c695e5cf28da811caedf9e5a35fc3f2e18db15d518198b0
https://japan.kantei.go.jp/103/statement/202508/06hiroshima.html,japan,data/raw/japan/103_statement_202508_06hiroshima_html_437378ce20.html,2026-09-22,200,407432a48210afb482fada8d986e9cf92cb2dffc73dcb8800bb65d78e1606b25
https://japan.kantei.go.jp/103/statement/202508/06kaiken.html,japan,data/raw/japan/103_statement_202508_06kaiken_html_bae7430965.html,2026-09-22,200,5b63e623d6fb803716235be79c72cfd66ecdf5bbced0ffef340408defd875c90
https://japan.kantei.go.jp/103/statement/202508/07kaiken.html,japan,data/raw/japan/103_statement_202508_07kaiken_html_3003722455.html,2026-09-22,200,302159ea8ce32a531a1fc24c39109f74f16fb3059f8bc92a00d3bd014459d57a
https://japan.kantei.go.jp/103/statement/202508/0801bura.html,japan,data/raw/japan/103_statement_202508_0801bura_html_c81c7d7b7f.html,2026-09-22,200,5a1f7c012b2b4148b4d7bc7a7314ceccd4d12dc0220c087bb65bad4f34977419
https://japan.kantei.go.jp/103/statement/202508/0823kunji.html,japan,data/raw/japan/103_statement_202508_0823kunji_html_e05d0625a6.html,2026-09-22,200,9d532a97653b03520502680882e005191895e03b3f286a0e8b95e013ecd2a80a
https://japan.kantei.go.jp/103/statement/202508/08kaiken.html,japan,data/raw/japan/103_statement_202508_08kaiken_html_c10289d652.html,2026-09-22,200,f7b3034ff558f175cd739114e368f74ea9dc2d27aa2e7deeca00d31717c544a3
https://japan.kantei.go.jp/103/statement/202508/08kyoudou_happyou.html,japan,data/raw/japan/103_statement_202508_08kyoudou_happyou_html_60a7e4aec4.html,2026-09-22,200,b44a2d29eb1efa562ee3fd504d371199fde28f51584e2d0e36915d10e4eb8994
https://japan.kantei.go.jp/103/statement/202508/09kaiken.html,japan,data/raw/japan/103_statement_202508_09kaiken_html_80115ec085.html,2026-09-22,200,b2d2d20c6a2f829eb8adb1accecf95a8b6e7046a4b61a2cb0df37d9743c233d6
https://japan.kantei.go.jp/103/statement/202508/09nagasaki.html,japan,data/raw/japan/103_statement_202508_09nagasaki_html_3c6a04b8d3.html,2026-09-22,200,a53e15e09407854c4b85f7f4f78bffc8c53377746018521a2321ba604cad2980
https://japan.kantei.go.jp/103/statement/202508/15kaiken.html,japan,data/raw/japan/103_statement_202508_15kaiken_html_dc3c8a0654.html,2026-09-22,200,df7ab3fb4fa6c278f7950020241538349641f9c5257db1ee2ce7d74b133cf21c
https://japan.kantei.go.jp/103/statement/202508/15shikiji.html,japan,data/raw/japan/103_statement_202508_15shikiji_html_47c78a1c5b.html,2026-09-22,200,b82104a227765d60ad6853aa7d263da91aea43fc69f3a54dca982db1b1571641
https://japan.kantei.go.jp/103/statement/202508/16india.html,japan,data/raw/japan/103_statement_202508_16india_html_3d0144f68b.html,2026-09-22,200,45b72dbad29d2e385b5669cf3561b5e5c668516af692bdc5e9bdefdfdc9ceb0a
https://japan.kantei.go.jp/103/statement/202508/16pakistan.html,japan,data/raw/japan/103_statement_202508_16pakistan_html_01c7bef985.html,2026-09-22,200,83e3c197630c0931327f07bd330d1db3c78814bef82a865403a9d08d8040c938
https://japan.kantei.go.jp/103/statement/202508/18kaiken.html,japan,data/raw/japan/103_statement_202508_18kaiken_html_c6308e9441.html,2026-09-22,200,12ce94a83ee9d3adc62d4628b465deb479226a21b4519324da6c3ef0f6ef2755
https://japan.kantei.go.jp/103/statement/202508/19kaiken.html,japan,data/raw/japan/103_statement_202508_19kaiken_html_9a04659e59.html,2026-09-22,200,937f354ff8a5481135f8a8d9492f538176e2d60e97b8489cf2ee50c6f6c0ca9a
https://japan.kantei.go.jp/103/statement/202508/20aisatu.html,japan,data/raw/japan/103_statement_202508_20aisatu_html_a186893660.html,2026-09-22,200,902a123262fba5235429a7ae2dabe4946e0ad6085cbf65b6a6fdc9f2b221667b
https://japan.kantei.go.jp/103/statement/202508/20kaikaishiki.html,japan,data/raw/japan/103_statement_202508_20kaikaishiki_html_fd83671f92.html,2026-09-22,200,ad77c689efe072f1caf75c4df4835677a90a13ed9481cf13b26156d8be00ea7e
https://japan.kantei.go.jp/103/statement/202508/20speech.html,japan,data/raw/japan/103_statement_202508_20speech_html_d5b6b0dac8.html,2026-09-22,200,3ca87062984e22d18b3f84220929f12b73b19b87eb126c50d4b53ff0df9fd43b
https://japan.kantei.go.jp/103/statement/202508/21aisatsu02.html,japan,data/raw/japan/103_statement_202508_21aisatsu02_html_afe1dc670f.html,2026-09-22,200,8f83bd52edda13e55792d04c6b06df5b26e54f9395e003c3e98a30cca331aac6
https://japan.kantei.go.jp/103/statement/202508/22heikaishiki.html,japan,data/raw/japan/103_statement_202508_22heikaishiki_html_2a4011f461.html,2026-09-22,200,7d99ae72f9f67769972cac442267cec70ec331e22decd81b679765787c815224
https://japan.kantei.go.jp/103/statement/202508/22kaiken.html,japan,data/raw/japan/103_statement_202508_22kaiken_html_be28ce4131.html,2026-09-22,200,57ff8f139d5c06541be7c93dd3bed6305ff487e2927052b3aa28afecf2ec6b54
https://japan.kantei.go.jp/103/statement/202508/23kaiken.html,japan,data/raw/japan/103_statement_202508_23kaiken_html_622d24d400.html,2026-09-22,200,0c1aee33a232172fdf507fa8cd54b0bccd668b615d4228931f02c6257ce329f0
https://japan.kantei.go.jp/103/statement/202508/23kyoudou_happyou.html,japan,data/raw/japan/103_statement_202508_23kyoudou_happyou_html_0b1ebbeacd.html,2026-09-22,200,e798c58a5760d3b66a873ccfe6c402bb24512718c7aea5dc98191c0468f94325
https://japan.kantei.go.jp/103/statement/202508/30kaiken.html,japan,data/raw/japan/103_statement_202508_30kaiken_html_4515a2ce23.html,2026-09-22,200,17cfdacffa8f56773ac0b1ed86c4e252f02fb9a7f0ff61e351641665724319d4
https://japan.kantei.go.jp/103/statement/202509/04message.html,japan,data/raw/japan/103_statement_202509_04message_html_5ff9c1674a.html,2026-09-22,200,584698884621811c7ad363bae389a22beeecfb4ef106543b6bb3150368a00e42
https://japan.kantei.go.jp/103/statement/202509/05bura.html,japan,data/raw/japan/103_statement_202509_05bura_html_265bb5876d.html,2026-09-22,200,05c1f5238dde7cf1e997ef455d873c6e4920f5084bf2303df0f821a396715c46
https://japan.kantei.go.jp/103/statement/202509/05kishahappyou.html,japan,data/raw/japan/103_statement_202509_05kishahappyou_html_65d8c07e67.html,2026-09-22,200,47bcbc77814729fa979b2fe52763ea73a8263f4d278665a6a3cc39c3c3eb82f2
https://japan.kantei.go.jp/103/statement/202509/06message.html,japan,data/raw/japan/103_statement_202509_06message_html_45cb50dc29.html,2026-09-22,200,86bf1388bab2d54057b1b63ebbbb43042161c11440e914122bf52672232670bb
https://japan.kantei.go.jp/103/statement/202509/07kaiken.html,japan,data/raw/japan/103_statement_202509_07kaiken_html_7d53cea906.html,2026-09-22,200,190ca38b3b072c73da3bab6eb9ee2485d03426e951a5056bc5ef66954f97edb5
https://japan.kantei.go.jp/103/statement/202509/11kyoudou_happyou.html,japan,data/raw/japan/103_statement_202509_11kyoudou_happyou_html_6333fedef4.html,2026-09-22,200,7d7545fd1817daa52cbb8927991c435e52b741d4ce41d6c13b336cbe2a32fc9c
https://japan.kantei.go.jp/103/statement/202509/12message.html,japan,data/raw/japan/103_statement_202509_12message_html_b8654bb6d9.html,2026-09-22,200,57d244d54fef0b4bb1521620d417e301f8e3186a772217697707a28c02ec6b43
https://japan.kantei.go.jp/103/statement/202509/17bura.html,japan,data/raw/japan/103_statement_202509_17bura_html_3a464ab841.html,2026-09-22,200,219280c9f2d6f1812c3e8c819ebd16ced7221d4643cd6e4c8a6d417fec9e380f
https://japan.kantei.go.jp/103/statement/202509/23enzetsu.html,japan,data/raw/japan/103_statement_202509_23enzetsu_html_a338446625.html,2026-09-22,200,54eb9a176bb4c87e63c076313cf1fb4e8ff71235c96515f0fde09bbb946a4853
https://japan.kantei.go.jp/103/statement/202509/23kaiken.html,japan,data/raw/japan/103_statement_202509_23kaiken_html_95706dea95.html,2026-09-22,200,811f5a19531bcf61290cc7e74bc0a339b83597ba0bce854d52368d839d0bec74
https://japan.kantei.go.jp/103/statement/202509/24naigai_00001.html,japan,data/raw/japan/103_statement_202509_24naigai_00001_html_ddc787d633.html,2026-09-22,200,db40a825c954299284eda229516abcaaeb631673145818707a9628000eb0d118
https://japan.kantei.go.jp/103/statement/202509/25message2.html,japan,data/raw/japan/103_statement_202509_25message2_html_f067511c18.html,2026-09-22,200,4382e2f8f04a6de553f5f41e0cf656470c0c8d615b8c9783725748ac33455c0c
https://japan.kantei.go.jp/103/statement/202509/29kyoudou_happyou.html,japan,data/raw/japan/103_statement_202509_29kyoudou_happyou_html_dbef2c1171.html,2026-09-22,200,d2b5115102a65c5388b6952eb2efe4367276866069143cde937c1660e1b5fd41
https://japan.kantei.go.jp/103/statement/202509/30kaiken.html,japan,data/raw/japan/103_statement_202509_30kaiken_html_3fe681b28a.html,2026-09-22,200,1db91f7f944e16f78b3369682ef2cb1c61ff537e792e3a3de95e87c05e4bc1b6
https://japan.kantei.go.jp/103/statement/202509/30kaiken2.html,japan,data/raw/japan/103_statement_202509_30kaiken2_html_b67e15022c.html,2026-09-22,200,1c3a76ecef079bba3828561cbbc07dd009450176d4f8ce882d7cba9c9de0a8ea
https://japan.kantei.go.jp/103/statement/202510/01message.html,japan,data/raw/japan/103_statement_202510_01message_html_ee002900cb.html,2026-09-22,200,7b2a229d42520aadfdad0f912c69448663bbd609fe3189e71791e8376b1717a6
https://japan.kantei.go.jp/103/statement/202510/06comment.html,japan,data/raw/japan/103_statement_202510_06comment_html_e3cc0a4d28.html,2026-09-22,200,6a7c89d96043c59d14f734e941ddd41e477bb445f45ae93e20334266855eee82
https://japan.kantei.go.jp/103/statement/202510/06message.html,japan,data/raw/japan/103_statement_202510_06message_html_19503696da.html,2026-09-22,200,a0d7c37788663326fe73db40c856399f97fe3fb19b47b0af914b8fbfb742af04
https://japan.kantei.go.jp/103/statement/202510/08comment.html,japan,data/raw/japan/103_statement_202510_08comment_html_c074737cdd.html,2026-09-22,200,dcb77ad583478dff0f998ce3eba4ad2c530e2ef671e4d7b824af0a58f247416b
https://japan.kantei.go.jp/103/statement/202510/08message.html,japan,data/raw/japan/103_statement_202510_08message_html_da901f88bf.html,2026-09-22,200,45e9001a26939e1fcaf90b543ab9378d614777164556f950ad1c090228afb0dd
https://japan.kantei.go.jp/103/statement/202510/10kaiken.html,japan,data/raw/japan/103_statement_202510_10kaiken_html_78bf3f63a7.html,2026-09-22,200,1914a458d402ceef564697b8cf06baca6d50aab4d275accf68c805f7aa3d5a2b
https://japan.kantei.go.jp/103/statement/202510/13aisatsu.html,japan,data/raw/japan/103_statement_202510_13aisatsu_html_0c39d8013f.html,2026-09-22,200,6ec8a93182a756a2d6ea683f321e95267726a661f1aa169f763528348fe42d36
https://japan.kantei.go.jp/103/statement/202510/13kaiken.html,japan,data/raw/japan/103_statement_202510_13kaiken_html_ae9cf90172.html,2026-09-22,200,e72e6104305861c3e515b8c3430c6e6c62e812d20b0f2fedd5043a81e58d7914
https://japan.kantei.go.jp/103/statement/202510/17danwa.html,japan,data/raw/japan/103_statement_202510_17danwa_html_fc2cb6fe79.html,2026-09-22,200,c6a622b354ffab9f44423e59f892902786ed822917c943b547e66e454c334e4e
https://japan.kantei.go.jp/103/statement/202510/21danwa.html,japan,data/raw/japan/103_statement_202510_21danwa_html_39ef58521b.html,2026-09-22,200,bd613f43434fc71bb6e998617dd0ac8cefd704287f48bf1175348210f0b4cab9
https://japan.kantei.go.jp/104/statement/202510/21danwa.html,japan,data/raw/japan/104_statement_202510_21danwa_html_b57440f54f.html,2026-09-22,200,09c5b2b9a96197e9e573afe05b0e85254ba2d4677af4d7f3048371085b82de77
https://japan.kantei.go.jp/104/statement/202510/21kaiken.html,japan,data/raw/japan/104_statement_202510_21kaiken_html_34d486624e.html,2026-09-22,200,c8f73e12f4116e98aa2a430dba24e93ec01af7142007b167d7231629c8b1c38b
https://japan.kantei.go.jp/104/statement/202510/22bura1.html,japan,data/raw/japan/104_statement_202510_22bura1_html_ae1cc2bbb0.html,2026-09-22,200,c543413940ea86da04dcff12894934c0e4a0966f2cc39254581b81dfdd4086ae
https://japan.kantei.go.jp/104/statement/202510/22bura2.html,japan,data/raw/japan/104_statement_202510_22bura2_html_d948461d38.html,2026-09-22,200,9e54992a3ad79a74758909991c28b66d3d2eaae3f4d1a09e1bacaac15183891d
https://japan.kantei.go.jp/104/statement/202510/24shoshinhyomei.html,japan,data/raw/japan/104_statement_202510_24shoshinhyomei_html_4ce8b929cc.html,2026-09-22,200,a7bb61236dac35520e104d8fb88b46f1a55b402877f4f0c4f684eeffb34ebdc9
https://japan.kantei.go.jp/104/statement/202510/25kaiken_00002.html,japan,data/raw/japan/104_statement_202510_25kaiken_00002_html_2afb501580.html,2026-09-22,200,128302fce8e694229c172b6948bc20972aa484d77ad54cc6ccca41a67333d68a
https://japan.kantei.go.jp/104/statement/202510/25kaiken_00007.html,japan,data/raw/japan/104_statement_202510_25kaiken_00007_html_6d038e89df.html,2026-09-22,200,245a45928f9c77174625b554ecc9d4b4b2b6d7af085a0508ecac50d64b75d794
https://japan.kantei.go.jp/104/statement/202510/25message.html,japan,data/raw/japan/104_statement_202510_25message_html_5533ac51e3.html,2026-09-22,200,c6c27a723758a7096575df14edd606f0861a5f013dbe3c527b0a8662864905a9
https://japan.kantei.go.jp/104/statement/202510/26kaiken.html,japan,data/raw/japan/104_statement_202510_26kaiken_html_e18c1fa5f2.html,2026-09-22,200,1eaf8fbb55806192f842e28d6e714c6dc16de54ee9e5fe06fb2d6cb786ce4537
https://japan.kantei.go.jp/104/statement/202510/26message_00001.html,japan,data/raw/japan/104_statement_202510_26message_00001_html_bc63d40f35.html,2026-09-22,200,5612cb1284f0f7f90cc3de747918245b66a0cae8efd0150bbcf414c1e9b1d61c
https://japan.kantei.go.jp/104/statement/202510/28kaiken.html,japan,data/raw/japan/104_statement_202510_28kaiken_html_3c8c8f12bf.html,2026-09-22,200,305985bf89ae11fbb09952aa86d1e9059c256bcd4ee1c02da9645d31a9bc6a5f
https://japan.kantei.go.jp/104/statement/202510/30kaiken.html,japan,data/raw/japan/104_statement_202510_30kaiken_html_9e9d13f531.html,2026-09-22,200,615318d74c20f529e6c5be14de3116a05cd987fa0aad906a81dfe85c7f8a1121
https://japan.kantei.go.jp/104/statement/202510/30kaiken2.html,japan,data/raw/japan/104_statement_202510_30kaiken2_html_29477cba60.html,2026-09-22,200,b67c6385a3945b9552c381507ccf7f2c7cd44d91c35c675550f437a515c3e58c
https://japan.kantei.go.jp/104/statement/202510/31kaiken.html,japan,data/raw/japan/104_statement_202510_31kaiken_html_ac98859e2c.html,2026-09-22,200,c863fad4205c22e33b947fe5161fd41e21644cefd8e6c7a4d88c07cec7149fa5
https://japan.kantei.go.jp/104/statement/index.html,japan,data/raw/japan/104_statement_index_html_b8228f57a9.html,2026-09-22,200,f4116f1c335740114f96aad484b64b465fd8189e0f92431972c59218059b7d3b
https://japan.kantei.go.jp/104/statement/202511/01naigai.html,japan,data/raw/japan/104_statement_202511_01naigai_html_3573c8aed4.html,2026-09-22,200,e4807543f6591ef6e0f82dfedb1a86152151bdc4f894c5abd4ed5266e79e4754
https://japan.kantei.go.jp/104/statement/202511/07kaiken.html,japan,data/raw/japan/104_statement_202511_07kaiken_html_487f906662.html,2026-09-22,200,46bc464f7cce20ef7ea3b365e8ba2a5b02152d6be9ee997c6a90fc3544a8e6a1
https://japan.kantei.go.jp/104/statement/202511/11message.html,japan,data/raw/japan/104_statement_202511_11message_html_292ed24554.html,2026-09-22,200,848e05933c08fb38c14121f109b1a532fa80b9e1491ac77894360f544a091c32
https://japan.kantei.go.jp/104/statement/202511/14kaiken.html,japan,data/raw/japan/104_statement_202511_14kaiken_html_def570217c.html,2026-09-22,200,02dc084e981332bb9fe54560e97d239f6f70488ed9639b2f38c9cc013b548692
https://japan.kantei.go.jp/104/statement/202511/21kaiken.html,japan,data/raw/japan/104_statement_202511_21kaiken_html_600626c045.html,2026-09-22,200,49c2f5121fc010105eeefc650ded819435918043df9596084648637cb0553221
https://japan.kantei.go.jp/104/statement/202511/21message.html,japan,data/raw/japan/104_statement_202511_21message_html_35d450f918.html,2026-09-22,200,42f4b573360783df342ec791d9c7b8e7527a9c6a9aa9d03e1ea0ec786e49228f
https://japan.kantei.go.jp/104/statement/202511/23kaiken_00001.html,japan,data/raw/japan/104_statement_202511_23kaiken_00001_html_e584c76569.html,2026-09-22,200,561f2fc05977fd9449b677f87c526c76e14b925c10ba3af91e9f81afae44e601
https://japan.kantei.go.jp/104/statement/202512/02kaiken.html,japan,data/raw/japan/104_statement_202512_02kaiken_html_60ceb3ee99.html,2026-09-22,200,b6c4fee78b776930ed92e4ec5c909c0a0c73836ae4b388dad31e65a905d7539f
https://japan.kantei.go.jp/104/statement/202512/06message.html,japan,data/raw/japan/104_statement_202512_06message_html_98214b479d.html,2026-09-22,200,b9e8bb9a78817ac904e17d70d3378bd096a331e3f8788a5d7a2f717cc8e799b4
https://japan.kantei.go.jp/104/statement/202512/07kaiken.html,japan,data/raw/japan/104_statement_202512_07kaiken_html_7b7051242e.html,2026-09-22,200,ae6541a5ed60ce4b6dde0b35f105f29ad076183f2c94afd035c8580d967fe145
https://japan.kantei.go.jp/104/statement/202512/08kaiken.html,japan,data/raw/japan/104_statement_202512_08kaiken_html_0836c016ab.html,2026-09-22,200,7e17080cd29035ac31a69413008f4620c78be859655b47ee2b8df5f122ecbff0
https://japan.kantei.go.jp/104/statement/202512/08message.html,japan,data/raw/japan/104_statement_202512_08message_html_ddd175588b.html,2026-09-22,200,c2959ba6d556fa3c18dd0a9ba5edfd1e149acbc0759db975d9212aa177a1c105
https://japan.kantei.go.jp/104/statement/202512/09kaiken.html,japan,data/raw/japan/104_statement_202512_09kaiken_html_73e1fb12ac.html,2026-09-22,200,d3c3e8249ad4a6744791c832a7ba45973e21d03ae7db3b603c4535e551bf2028
https://japan.kantei.go.jp/104/statement/202512/09kaiken2.html,japan,data/raw/japan/104_statement_202512_09kaiken2_html_bc7e2757eb.html,2026-09-22,200,305206b9d840d379cf83ec6b1655d807241d2598cf7de387e72cdd4ab8fe4add
https://japan.kantei.go.jp/104/statement/202512/15message.html,japan,data/raw/japan/104_statement_202512_15message_html_6c4d6de15f.html,2026-09-22,200,28828ab8a366b4c2ab6bd84d9d546dd4973993074feaf3a3c047ea42c51fcdf5
https://japan.kantei.go.jp/104/statement/202512/17kaiken.html,japan,data/raw/japan/104_statement_202512_17kaiken_html_6baeacfff3.html,2026-09-22,200,5c6f7aff91ccf7dd8751ca77e0992ca7ec40ce9b95a04210470507a0d71d2825
https://japan.kantei.go.jp/104/statement/202512/20kaiken_00001.html,japan,data/raw/japan/104_statement_202512_20kaiken_00001_html_7bddccb8a3.html,2026-09-22,200,26e8a9fad66dff43fcd709be1f7c43c4239c61f47bcb4468cd0b08c3b9107f31
https://japan.kantei.go.jp/104/statement/202512/22message.html,japan,data/raw/japan/104_statement_202512_22message_html_bc10e4d0d5.html,2026-09-22,200,0126a4687990a8b67ff83ce740052a20ec17edf0e48edca7d1637b1219a54dab
https://japan.kantei.go.jp/104/statement/202512/26kaiken.html,japan,data/raw/japan/104_statement_202512_26kaiken_html_c4e2542b82.html,2026-09-22,200,94020c170b8bc087f930074ad940a5a0d4cec5adbfd7897ad6a8222c5ff75a85
https://japan.kantei.go.jp/104/statement/202512/30message.html,japan,data/raw/japan/104_statement_202512_30message_html_4b4dc23ccc.html,2026-09-22,200,4aeb6c4e164abbc6553a1c3d101e168c02d221ea719934065f8b096c345b4249
https://japan.kantei.go.jp/101_kishida/meibo/index_e.html,japan,data/raw/japan/101_kishida_meibo_index_e_html_4eeca2409f.html,2026-09-22,200,1c7a87ee89fb6fac605d91d4811c5f24177e0682ce0d0fa700c5722e2f9354ad
https://japan.kantei.go.jp/96_abe/statement/index_e.html,japan,data/raw/japan/96_abe_statement_index_e_html_a3a3a51089.html,2026-09-22,200,e70cb1896596df7154c1aa74404a652f4d68016d2521c6710f70fc670aac4fb7
https://japan.kantei.go.jp/97_abe/statement/index_e.html,japan,data/raw/japan/97_abe_statement_index_e_html_a2c9c59600.html,2026-09-22,200,d77820b45305772e8c73239a8195d574f1726d08003d24c7e5ddff91c6e1404c
https://japan.kantei.go.jp/98_abe/statement/201711/index.html,japan,data/raw/japan/98_abe_statement_201711_index_html_2e6db4d522.html,2026-09-22,200,4d09e5b03df205b67ceca3d2a10093d7f35db34f1ec5a091cd805341c27e438d
https://japan.kantei.go.jp/98_abe/statement/201801/index.html,japan,data/raw/japan/98_abe_statement_201801_index_html_00967f769d.html,2026-09-22,200,4b252a06bf8ec8c8e152d30b21f10829028611e26e03ec31c37e25de0c1adb5f
https://japan.kantei.go.jp/98_abe/statement/201802/index.html,japan,data/raw/japan/98_abe_statement_201802_index_html_62cdcd71a7.html,2026-09-22,200,5298cbbaa01ce070752b1222744ffd10b7dea86d7a9d220006b7ae09d680b8d6
https://japan.kantei.go.jp/98_abe/statement/201803/index.html,japan,data/raw/japan/98_abe_statement_201803_index_html_07c8854b04.html,2026-09-22,200,b71b2a015bdfb183d102a2a193d96898ad9f1340f7f8180b51c1a0f6cba2e243
https://japan.kantei.go.jp/98_abe/statement/201805/index.html,japan,data/raw/japan/98_abe_statement_201805_index_html_3b795d4aca.html,2026-09-22,200,a31d6fd98fea0e94b64019136c00545e1cca369e9eb84297d36ba627ea2d4842
https://japan.kantei.go.jp/98_abe/statement/201806/index.html,japan,data/raw/japan/98_abe_statement_201806_index_html_2859cb227f.html,2026-09-22,200,ec243d2d16c39e557923ed87ef5940283dad897189e29ee260dc47ab9a425ab4
https://japan.kantei.go.jp/98_abe/statement/201807/index.html,japan,data/raw/japan/98_abe_statement_201807_index_html_edc42d11bd.html,2026-09-22,200,6ed27ac18377a327d494d4b58f1181417a682e1d97cd0e00464f2f0c2b4fdb96
https://japan.kantei.go.jp/98_abe/statement/201808/index.html,japan,data/raw/japan/98_abe_statement_201808_index_html_e922cd5a96.html,2026-09-22,200,ddee5d5f5dd94eddf2bbd0bf4a155b5bcdc52b10e4d557b5d78f8ab885bd7269
https://japan.kantei.go.jp/98_abe/statement/201809/index.html,japan,data/raw/japan/98_abe_statement_201809_index_html_971a7bceaa.html,2026-09-22,200,f6a3d950754f607a64025ec5bd7bc5a6a1c8295800724085a53af8ec10060d97
https://japan.kantei.go.jp/98_abe/statement/201810/index.html,japan,data/raw/japan/98_abe_statement_201810_index_html_424fe489a1.html,2026-09-22,200,03cddace43c80e3fb722c78b2118cec85e8edaf04e304e1b31ff23c30eb4e8ed
https://japan.kantei.go.jp/98_abe/statement/201811/index.html,japan,data/raw/japan/98_abe_statement_201811_index_html_bb56809409.html,2026-09-22,200,e9b514ee9d2439b36765f70caa501a8c51b3ff0958810aa86000f3ff1b99632b
https://japan.kantei.go.jp/98_abe/statement/201901/index.html,japan,data/raw/japan/98_abe_statement_201901_index_html_6740d08b46.html,2026-09-22,200,295b59af3378a7a5148fc45c9fa00601fdaa371aa07c8d666cd990347d4b890e
https://japan.kantei.go.jp/98_abe/statement/201903/index.html,japan,data/raw/japan/98_abe_statement_201903_index_html_745f6d1ec5.html,2026-09-22,200,a895cf87294d2f8c05ba99f8bf089a390e0fd7007fc5654806c3d6db0751cbd3
https://japan.kantei.go.jp/98_abe/statement/201904/index.html,japan,data/raw/japan/98_abe_statement_201904_index_html_fba0dc45c7.html,2026-09-22,200,aa1c6d73805ff5bb53690b09a87d8f63137c20358d282f01063705aa799d592e
https://japan.kantei.go.jp/98_abe/statement/201905/index.html,japan,data/raw/japan/98_abe_statement_201905_index_html_eb90be1dbe.html,2026-09-22,200,52b212a91f9e4e8cffac47d1e14345629aba7942953ebe554335e11339575d40
https://japan.kantei.go.jp/98_abe/statement/201906/index.html,japan,data/raw/japan/98_abe_statement_201906_index_html_267101cc8a.html,2026-09-22,200,afe3c48a0ae23aa7a544b232fd0bd0c42b58c7d5373172a63a080dd11665782b
https://japan.kantei.go.jp/98_abe/statement/201908/index.html,japan,data/raw/japan/98_abe_statement_201908_index_html_e253882735.html,2026-09-22,200,28294d3a90d231229c3ad393dd2902e9d5f72ace34ea0609381a1824d7f4abdd
https://japan.kantei.go.jp/98_abe/statement/201909/index.html,japan,data/raw/japan/98_abe_statement_201909_index_html_bbf3ca336a.html,2026-09-22,200,21773522620ab8261f113635e287d0605fe967fd114c2c53408274128ec31564
https://japan.kantei.go.jp/98_abe/statement/201910/index.html,japan,data/raw/japan/98_abe_statement_201910_index_html_576dedd6a0.html,2026-09-22,200,4608fcdc1eb149e43678d73137995694623a961f0c0e09b42156725a5847cfc6
https://japan.kantei.go.jp/98_abe/statement/202001/_00001.html,japan,data/raw/japan/98_abe_statement_202001_00001_html_2ef50e4313.html,2026-09-22,200,43268946d8bbebf9a69d0539ce073e3b639c82bb5d5f76e46e183568a9b726be
https://japan.kantei.go.jp/98_abe/statement/202001/_00002.html,japan,data/raw/japan/98_abe_statement_202001_00002_html_3484b0c942.html,2026-09-22,200,e941b50753dde9141eaf6ddc077cf6b821f47c133c02e224680eb1265ef64d03
https://japan.kantei.go.jp/98_abe/statement/202001/_00004.html,japan,data/raw/japan/98_abe_statement_202001_00004_html_1556c95c98.html,2026-09-22,200,12c78d32667c08c8adcfdb993cca15af2d1dcea40ec652350098d220967262bf
https://japan.kantei.go.jp/98_abe/statement/202001/_nypressconference.html,japan,data/raw/japan/98_abe_statement_202001_nypressconference_html_16fa2cc20b.html,2026-09-22,200,48152a9186ff40e7a80c09d896efea66392b8ef3690b02d926c9346c4ce65372
https://japan.kantei.go.jp/98_abe/statement/202001/index.html,japan,data/raw/japan/98_abe_statement_202001_index_html_f9f3c9e52e.html,2026-09-22,200,987f2a34133efc7f3ef3e8a6d85f8e39c3c928d66f4932a7e7aa81d088618bf5
https://japan.kantei.go.jp/98_abe/statement/202002/index.html,japan,data/raw/japan/98_abe_statement_202002_index_html_5fdf8f3c0c.html,2026-09-22,200,41d6097510105acc2c49d1d58a5ac98f806c2a75b5c54d54bc602e781235ec1e
https://japan.kantei.go.jp/98_abe/statement/202003/index.html,japan,data/raw/japan/98_abe_statement_202003_index_html_96a53979b2.html,2026-09-22,200,9ee26e18e88570c09cae16ecf4321b4f48665f044b50bb5aa7b3457d51a1155e
https://japan.kantei.go.jp/98_abe/statement/202004/index.html,japan,data/raw/japan/98_abe_statement_202004_index_html_997c18acd1.html,2026-09-22,200,f2d9abcbc826dc81c073d0857345546657ade91687703a2519a5d26f0f40e5f9
https://japan.kantei.go.jp/98_abe/statement/202005/index.html,japan,data/raw/japan/98_abe_statement_202005_index_html_0566d84950.html,2026-09-22,200,2301f6a2d7109a6568e4f1909f3f68b289fb69890420444d8f348c3fb356b040
https://japan.kantei.go.jp/98_abe/statement/202006/index.html,japan,data/raw/japan/98_abe_statement_202006_index_html_222dbcc479.html,2026-09-22,200,8320caceadbeedf31e7ed812e979d0edcd95858b0540cddc8341edc3606eb416
https://japan.kantei.go.jp/98_abe/statement/202007/index.html,japan,data/raw/japan/98_abe_statement_202007_index_html_8f43b2e566.html,2026-09-22,200,6259c496d7c3516aa0ae62fc0b196d3410869b3f6670039b4e7e2a01fb49b74f
https://japan.kantei.go.jp/98_abe/statement/202008/index.html,japan,data/raw/japan/98_abe_statement_202008_index_html_568fb70df9.html,2026-09-22,200,f824e29cc730a123e0336c789e83a11bbe84b2aebfd54d08c6b4dc0e2a604af8
https://japan.kantei.go.jp/98_abe/statement/index_e.html,japan,data/raw/japan/98_abe_statement_index_e_html_867bb19d72.html,2026-09-22,200,97fec0438a3d5f838ad0a1a7dcbb72f083e4911e0b95a47d36b5ef0b6123faa3
https://japan.kantei.go.jp/link/index.html,japan,data/raw/japan/link_index_html_9f9e87f973.html,2026-09-22,200,d4d5018a75fbb9a7dcb25bd6926fa6320307f2adf2df9237bd9424b8fad1b727
https://japan.kantei.go.jp/policy/index.html,japan,data/raw/japan/policy_index_html_229002b5e0.html,2026-09-22,200,2cb6fed38ca23faeba026882684aed81a7516dc182bb8ce9c481429267558aa6
https://www.kantei.go.jp/cn/index.html,japan,data/raw/japan/cn_index_html_3626c2390f.html,2026-09-22,200,d945edc9cbda45c354b1e2c242742dfc0b2c429c1b9c2b6a210601c62a473637
https://www.kantei.go.jp/foreign/forms/comment_ssl.html,japan,data/raw/japan/foreign_forms_comment_ssl_html_f23f99e704.html,2026-09-22,200,35c4a793de02a3e3d2fb37126773d9b09b5329c44ad93e15cabf7d38bdf29dce
https://www.kantei.go.jp/index.html,japan,data/raw/japan/index_html_f58534d990.html,2026-09-22,200,7735b66f538e8ea5fd6fb952f79fe7e57ee3860c99fccd4c603f42891ca6e466
https://www.youtube.com/user/pmojapan,japan,data/raw/japan/user_pmojapan_ae4afa9cb8.html,2026-09-22,200,ba83afb096920a99b2bb5dba5abd46e09bde32b30f6b58708cde01d54c202776
https://japan.kantei.go.jp/98_abe/statement/202002/_00002.html,japan,data/raw/japan/98_abe_statement_202002_00002_html_223a8af674.html,2026-09-22,200,6efe28b8db9b9bbb0144b2a5984909dbacf63b7fc845e669c70aadc4a664f1cf
https://japan.kantei.go.jp/98_abe/statement/202003/_00001.html,japan,data/raw/japan/98_abe_statement_202003_00001_html_98a6ff6c3e.html,2026-09-22,200,f180ed33db4b28f5bd6b19065967733574d0e878b0dca73f8a0a48302bbc3de1
https://japan.kantei.go.jp/98_abe/statement/202003/_00002.html,japan,data/raw/japan/98_abe_statement_202003_00002_html_95ac918f82.html,2026-09-22,200,b805dd3e64c271ce639bc3af7ed45f0fa6e9519ca346e21d1b1bef15e0846b73
https://japan.kantei.go.jp/98_abe/statement/202004/_00001.html,japan,data/raw/japan/98_abe_statement_202004_00001_html_f70f668fef.html,2026-09-22,200,91ea040ac5e92ad0fb654139b7ffdff184817bae6c0ad8b3a846d48cf5772940
https://japan.kantei.go.jp/98_abe/statement/202004/_00002.html,japan,data/raw/japan/98_abe_statement_202004_00002_html_598f1f0779.html,2026-09-22,200,ce2475700f1037aeaa31eea31ee5643547f2b7837ce7f576c08c2781a511453a
https://japan.kantei.go.jp/98_abe/statement/202005/_00001.html,japan,data/raw/japan/98_abe_statement_202005_00001_html_794216e523.html,2026-09-22,200,d634abbbefa62c200f928b216875513d675ce4a3bc5c9fbc3b292f7bbc930970
https://japan.kantei.go.jp/98_abe/statement/202005/_00002.html,japan,data/raw/japan/98_abe_statement_202005_00002_html_f2726ce615.html,2026-09-22,200,f5f44cf5676c810e3726618a6664bce8785a8e45d41cef2ff1a49e440b3e919b
https://japan.kantei.go.jp/98_abe/statement/202005/_00003.html,japan,data/raw/japan/98_abe_statement_202005_00003_html_37b9beeafb.html,2026-09-22,200,6da3070a46dcaab8764decdf878f339cbeb018045a6a40b2a0c0e9b830a53385
https://japan.kantei.go.jp/98_abe/statement/201906/_00005.html,japan,data/raw/japan/98_abe_statement_201906_00005_html_e0a49e36a1.html,2026-09-22,200,f967c2fa70e67520c56d6d64b66c12914b97458af624a8ad833752276be33fcb
https://japan.kantei.go.jp/98_abe/statement/202006/_00001.html,japan,data/raw/japan/98_abe_statement_202006_00001_html_727fa3b953.html,2026-09-22,200,036807510a108858e086f4f61ec26cc5613cb302929c749b0bfb1aca6a5dc67c
https://japan.kantei.go.jp/98_abe/statement/202007/_00001.html,japan,data/raw/japan/98_abe_statement_202007_00001_html_bf4bf79a2f.html,2026-09-22,200,3c9f661bf9405ca1d28d6675a39bd515a274e0827795a65e914a581dfe4806c3
https://japan.kantei.go.jp/98_abe/statement/202008/_00001.html,japan,data/raw/japan/98_abe_statement_202008_00001_html_6565505883.html,2026-09-22,200,5f34d361c75276175e1549787baf935db3ea395a1811b2ad8cc65162993aff29
https://japan.kantei.go.jp/98_abe/statement/202008/_00002.html,japan,data/raw/japan/98_abe_statement_202008_00002_html_a8b2af4b42.html,2026-09-22,200,b7562e91920d8fb945bb3920f27bb93542f418b9526a0d2caf531be6d36f6968
https://japan.kantei.go.jp/98_abe/statement/202008/_00003.html,japan,data/raw/japan/98_abe_statement_202008_00003_html_74d9f0fcba.html,2026-09-22,200,58d26d6d070e9b708a0203afe2b7a44ccac86c21a0e1ee6175eabed5714b5aed
https://japan.kantei.go.jp/98_abe/statement/202008/_00004.html,japan,data/raw/japan/98_abe_statement_202008_00004_html_a6eccebdd7.html,2026-09-22,200,2c975b4ea696e41346e58325e31cfc89d5f135dd1bc743806d7e8cdc77a5f071
https://japan.kantei.go.jp/98_abe/statement/202009/_00002.html,japan,data/raw/japan/98_abe_statement_202009_00002_html_1d37b44e53.html,2026-09-22,200,f3adb3c7894eaf5a0eb599043af5784a226c75236c26889aa488aff3bd7294b1
https://japan.kantei.go.jp/99_suga/statement/202009/_00001.html,japan,data/raw/japan/99_suga_statement_202009_00001_html_187fe074ed.html,2026-09-22,200,67679cac2040403f5ae2b195107c8daa8f0a49483410e163a07508b8bdbadece
https://japan.kantei.go.jp/99_suga/statement/202009/_00002.html,japan,data/raw/japan/99_suga_statement_202009_00002_html_423abaf314.html,2026-09-22,200,911bbe54b2175d9c156c97cabc45e54217f1db1d11cd3c161e37ecc9715ee03c
https://japan.kantei.go.jp/99_suga/statement/202009/_00005.html,japan,data/raw/japan/99_suga_statement_202009_00005_html_7c30092702.html,2026-09-22,200,d5fd7116b89eaf8265f6ae4580759da224f019c4dae2d4edd45b23fc80e749a1
https://japan.kantei.go.jp/99_suga/statement/202009/index.html,japan,data/raw/japan/99_suga_statement_202009_index_html_87a1c6dcc5.html,2026-09-22,200,e754a479c5f9c7933e5b52a094df809250da31043504da070a3614937f0619a0
https://japan.kantei.go.jp/99_suga/statement/202010/index.html,japan,data/raw/japan/99_suga_statement_202010_index_html_3ab66c0623.html,2026-09-22,200,258ffb1445c9904c3d6857561031e6688ffdb95b135e286022f0eee13335ce67
https://japan.kantei.go.jp/99_suga/statement/202011/index.html,japan,data/raw/japan/99_suga_statement_202011_index_html_4c0cc65e5e.html,2026-09-22,200,3786a57d73598a9db2bbd592b98e6968ff923907a8a0df2681e9e2391ad65761
https://japan.kantei.go.jp/99_suga/statement/202101/index.html,japan,data/raw/japan/99_suga_statement_202101_index_html_fb3249835a.html,2026-09-22,200,765b52fc85aa45765cf9907ba52db8fa4b7822c1db29cf0d85e812de07931362
https://japan.kantei.go.jp/99_suga/statement/202102/index.html,japan,data/raw/japan/99_suga_statement_202102_index_html_caca7f93d2.html,2026-09-22,200,8f8213871aebd286e59f5fee2567c22a68bb301b04cc539813ea82cbe4f58ba4
https://japan.kantei.go.jp/99_suga/statement/202103/index.html,japan,data/raw/japan/99_suga_statement_202103_index_html_0a39b3ffe8.html,2026-09-22,200,b8a59c463585b7ed8f7dd1197820db0aac34e3be6db7ed4b2395cac7bc79ae46
https://japan.kantei.go.jp/99_suga/statement/202104/index.html,japan,data/raw/japan/99_suga_statement_202104_index_html_446557a2f2.html,2026-09-22,200,40ac47b47dbecda9ee69937ea3909560d3e069d306711138ca4483aa110fa53e
https://japan.kantei.go.jp/99_suga/statement/202105/index.html,japan,data/raw/japan/99_suga_statement_202105_index_html_7711717602.html,2026-09-22,200,dc165d354040b99b3c6c12ff9321265a6f6d74ed81f214546b63a49c0c78de9d
https://japan.kantei.go.jp/99_suga/statement/202106/index.html,japan,data/raw/japan/99_suga_statement_202106_index_html_26a2f24a9b.html,2026-09-22,200,89c60a7b5cb3d8d8b96524c42bbc31eb74cfed773405666152f640e34e5812d3
https://japan.kantei.go.jp/99_suga/statement/202107/index.html,japan,data/raw/japan/99_suga_statement_202107_index_html_6d9728a2d4.html,2026-09-22,200,26225fd184f6f089cda3eacac7c8eb4c7731b80013e6594d76d1cdc2dd915d4f
https://japan.kantei.go.jp/99_suga/statement/202108/index.html,japan,data/raw/japan/99_suga_statement_202108_index_html_a0f5f7d944.html,2026-09-22,200,562088750c427958693e1ae7a6a9522cd4cf536187295b60f9b422d2f1e8699d
https://japan.kantei.go.jp/99_suga/statement/202109/index.html,japan,data/raw/japan/99_suga_statement_202109_index_html_9c4d53edd8.html,2026-09-22,200,81aea706865a2c5db48196ffc2886d9a25ff95f4ddf47724bba182e5e69db338
https://japan.kantei.go.jp/99_suga/statement/index.html,japan,data/raw/japan/99_suga_statement_index_html_fe00cbf121.html,2026-09-22,200,776808d82778912b8ac9ece0a4aa269822f9ab89922fdbb71caf245f097a7f45
https://japan.kantei.go.jp/99_suga/statement/202010/_00001.html,japan,data/raw/japan/99_suga_statement_202010_00001_html_d951c6d2de.html,2026-09-22,200,832664e7ebc52f85ce800a44ebe6c83ffca7b88e892eb5624702cb200c92243b
https://japan.kantei.go.jp/99_suga/statement/202010/_00002.html,japan,data/raw/japan/99_suga_statement_202010_00002_html_c2d40dd5b4.html,2026-09-22,200,c502eb7e6b6a7e4ceec5c40c8e404f31dcecd237b4cc42c4b59c6e4150540ed7
https://japan.kantei.go.jp/99_suga/statement/202010/_00003.html,japan,data/raw/japan/99_suga_statement_202010_00003_html_742e75dfaf.html,2026-09-22,200,60023b6bed598ac1972e6d4ea04a4e2022e35da0976fd1caa33e21c2e89db33b
https://japan.kantei.go.jp/99_suga/statement/202010/_00004.html,japan,data/raw/japan/99_suga_statement_202010_00004_html_449edb371b.html,2026-09-22,200,710369e5e8f595a24a1cd31de8276e5def87ba6397fd4a215760693a645f31c8
https://japan.kantei.go.jp/99_suga/statement/202010/_00006.html,japan,data/raw/japan/99_suga_statement_202010_00006_html_a750c068e9.html,2026-09-22,200,17044c3658240b08909727db0b0641802fe6c11c08cf5a3f8dd55410567f69fb
https://japan.kantei.go.jp/99_suga/statement/202010/_00007.html,japan,data/raw/japan/99_suga_statement_202010_00007_html_13528829e3.html,2026-09-22,200,96d414ddf24bde977aea38895714bd5fae8bdb3a97682ee8bb6adfb0e42836e3
https://japan.kantei.go.jp/99_suga/statement/202011/_00001.html,japan,data/raw/japan/99_suga_statement_202011_00001_html_8026999e3b.html,2026-09-22,200,a4367c4a36edaeab45415eefba93b451da121b9f945254425a993e65dd24f04e
https://japan.kantei.go.jp/99_suga/statement/202011/_00003.html,japan,data/raw/japan/99_suga_statement_202011_00003_html_53c13032f6.html,2026-09-22,200,1be89cf494907fb2c45c5472e2d43fc3be583e8fa0116f30b3272c470fad9c80
https://japan.kantei.go.jp/99_suga/statement/202011/_00004.html,japan,data/raw/japan/99_suga_statement_202011_00004_html_a781d2d488.html,2026-09-22,200,d52db31ba5bc4bcaa24c59627aaaa107849f34b3ccd6ba14e89ea1ed3925dad2
https://japan.kantei.go.jp/99_suga/statement/202011/_00005.html,japan,data/raw/japan/99_suga_statement_202011_00005_html_a40b12ce38.html,2026-09-22,200,d502c7af65cfa62e33e5ffea228b7fb7c479ffcfbd1f637bb5aaa6054a97512a
https://japan.kantei.go.jp/99_suga/statement/202011/_00006.html,japan,data/raw/japan/99_suga_statement_202011_00006_html_5d22532b18.html,2026-09-22,200,69a3488bba16594374667cbcdf9002821eb40607b968ea7af4125505c32280e6
https://japan.kantei.go.jp/99_suga/statement/202011/_00008.html,japan,data/raw/japan/99_suga_statement_202011_00008_html_bc93e5f515.html,2026-09-22,200,8bb5586e75176063c60b18fc33865e845ea52cb44594a442543b8ebb0dc17371
https://japan.kantei.go.jp/99_suga/statement/202011/_00010.html,japan,data/raw/japan/99_suga_statement_202011_00010_html_09820db981.html,2026-09-22,200,0a9281f2bb059a67c4bdfba8757f03b4e0a409db282f7cdd8ee540d3a9bab347
https://japan.kantei.go.jp/99_suga/statement/202011/_1201.html,japan,data/raw/japan/99_suga_statement_202011_1201_html_61d35836ea.html,2026-09-22,200,c68f68961cf626efc59ca3697db77c836f088ba3b5eadba4682e0db56a74d4a9
https://japan.kantei.go.jp/99_suga/statement/202012/_00003.html,japan,data/raw/japan/99_suga_statement_202012_00003_html_878fafaa22.html,2026-09-22,200,ea1aef50151bb8566680010402376070822b205dced34271491a6166d44522ca
https://japan.kantei.go.jp/99_suga/statement/202012/_00004.html,japan,data/raw/japan/99_suga_statement_202012_00004_html_da609ba65e.html,2026-09-22,200,30c66382dfb3cdc53726ed2358e64071e15061fa19fc76a75eb6380b2921bcce
https://japan.kantei.go.jp/99_suga/statement/202012/_00007.html,japan,data/raw/japan/99_suga_statement_202012_00007_html_f37618efa7.html,2026-09-22,200,7bdf5ca367d459bcedd522a59963fed24c82107e6be44c33d26ac701da579cf7
https://japan.kantei.go.jp/99_suga/statement/202012/_00012.html,japan,data/raw/japan/99_suga_statement_202012_00012_html_a1bab94b28.html,2026-09-22,200,6c749f91fd7aceb3a13b8536c79b54d9b1135d2802c2e06e79b9d88a6b67a154
https://japan.kantei.go.jp/99_suga/statement/202101/_00001.html,japan,data/raw/japan/99_suga_statement_202101_00001_html_0a781a0b31.html,2026-09-22,200,9ff971e62775f97a1b0e2c90cc7812a7e2af1ad0a50fe175854096e62396a5a4
https://japan.kantei.go.jp/99_suga/statement/202101/_00002.html,japan,data/raw/japan/99_suga_statement_202101_00002_html_c8733c061a.html,2026-09-22,200,f4c026217af84f7e1ecc16785ebf3403e4a3f3f438afcabfdcb6439c97f84d3f
https://japan.kantei.go.jp/99_suga/statement/202101/_00003.html,japan,data/raw/japan/99_suga_statement_202101_00003_html_ab6fea81b9.html,2026-09-22,200,06034ebfed408bb0b94d241f784c6b8b11a15db1b96ae023f9e33bb1ed6bb501
https://japan.kantei.go.jp/99_suga/statement/202101/_00004.html,japan,data/raw/japan/99_suga_statement_202101_00004_html_96736e7b47.html,2026-09-22,200,e58ae253f2cd9f0750c2a440aa22cded645ed6c35c958ade5ba1ae355fe20e6b
https://japan.kantei.go.jp/99_suga/statement/202101/_00005.html,japan,data/raw/japan/99_suga_statement_202101_00005_html_ee25352954.html,2026-09-22,200,44084c010ac157ec4e11286b234088e66306999afeb5fa70a324342af2c09781
https://japan.kantei.go.jp/99_suga/statement/202101/_00006.html,japan,data/raw/japan/99_suga_statement_202101_00006_html_1aab59ea4f.html,2026-09-22,200,e4910fe9fc52a32d1711a74771dccbf39ffd1ce9fe87bcc1321d9afbd6e17c3b
https://japan.kantei.go.jp/99_suga/statement/202101/_00007.html,japan,data/raw/japan/99_suga_statement_202101_00007_html_1cbf8dc0ca.html,2026-09-22,200,0a3bf3cd7530f837ce40547b40bcb46bebf8623e1a2992779c5c9dacba69a2ba
https://japan.kantei.go.jp/99_suga/statement/202101/_00008.html,japan,data/raw/japan/99_suga_statement_202101_00008_html_cf181c8924.html,2026-09-22,200,2e1414f864fc6632c56a30fa3faa2f6b0dcdf7cdc94fc7eb23bf017761e999ed
https://japan.kantei.go.jp/99_suga/statement/202101/_00009.html,japan,data/raw/japan/99_suga_statement_202101_00009_html_ea76b74333.html,2026-09-22,200,3a6bb3bdb25ecb0a73818d08e6b03fdb75d218f33e9e3cc9046e77728f6d1920
https://japan.kantei.go.jp/99_suga/statement/202101/_00010.html,japan,data/raw/japan/99_suga_statement_202101_00010_html_b499fa386b.html,2026-09-22,200,89d01e97222056b05081a55ffc74ff7780dde2e23e9d0b4cf0eb5d0e14a78b0c
https://japan.kantei.go.jp/99_suga/statement/202101/_00011.html,japan,data/raw/japan/99_suga_statement_202101_00011_html_698e0ab8e2.html,2026-09-22,200,7d159efb6ed0daf212f4b290e5ab2cdc472c31f578ec51d9db25e4ad764569da
https://japan.kantei.go.jp/99_suga/statement/202101/_00012.html,japan,data/raw/japan/99_suga_statement_202101_00012_html_8d5939e6a9.html,2026-09-22,200,c21b52d365fdb952130e570a3f4a0956c4deb4ca29b1eb29c5aea86a8b92b1ef
https://japan.kantei.go.jp/99_suga/statement/202101/_00013.html,japan,data/raw/japan/99_suga_statement_202101_00013_html_a66b0f88bf.html,2026-09-22,200,6aba890e25494e552e4695b328625f82d5ecf3d1ef6581ce568346ac64ef216f
https://japan.kantei.go.jp/99_suga/statement/202101/_00015.html,japan,data/raw/japan/99_suga_statement_202101_00015_html_f1c87582cf.html,2026-09-22,200,6682a2c0f21d604fe90635f8fe926c333b2082c1fbb36b7c9abf1e674d9effd7
https://japan.kantei.go.jp/99_suga/statement/202101/_00016.html,japan,data/raw/japan/99_suga_statement_202101_00016_html_8c48068445.html,2026-09-22,200,5dc5a6000887fbf65b44f8c9ad16aac580386804a3ec71d70b5a890f5730baba
https://japan.kantei.go.jp/99_suga/statement/202102/_00001.html,japan,data/raw/japan/99_suga_statement_202102_00001_html_3d1282879d.html,2026-09-22,200,86b2105125b7a3f5d440e2c8685d3e57ce05c8d0e930f4b02b4ddaf7ced405c2
https://japan.kantei.go.jp/99_suga/statement/202102/_00002.html,japan,data/raw/japan/99_suga_statement_202102_00002_html_19e2be33e0.html,2026-09-22,200,84e1d84d37d83047705a28a3ca8b1521d1e0a98295f6f10d522b339c89989a62
https://japan.kantei.go.jp/99_suga/statement/202102/_00003.html,japan,data/raw/japan/99_suga_statement_202102_00003_html_814947a71d.html,2026-09-22,200,6492fb7a03eda52ce0c56629c506eeff60ab4029097d4466d9f95dfd63360c6e
https://japan.kantei.go.jp/99_suga/statement/202102/_00004.html,japan,data/raw/japan/99_suga_statement_202102_00004_html_3e43fce7f4.html,2026-09-22,200,520150fc1cbcdd407f76e9df9af99a374ab8f0cac6a6590b2d4d5b50f018fc53
https://japan.kantei.go.jp/99_suga/statement/202102/_00005.html,japan,data/raw/japan/99_suga_statement_202102_00005_html_6d5698ba63.html,2026-09-22,200,584859144ca6231bf6ba7d415abf8684a9922c2e7b95c5f15b5f650bc9a69f1e
https://japan.kantei.go.jp/99_suga/statement/202102/_00006.html,japan,data/raw/japan/99_suga_statement_202102_00006_html_54861ecde4.html,2026-09-22,200,c671ccf940f717e2bf33d0b904340fcfcd687b5d77d9d353cfc5ca73662b705c
https://japan.kantei.go.jp/99_suga/statement/202102/_00008.html,japan,data/raw/japan/99_suga_statement_202102_00008_html_02da091b15.html,2026-09-22,200,31729dff2f03a90a958fe804f2d736085ffd7985b08807e90728b1ee8c8c9381
https://japan.kantei.go.jp/99_suga/statement/202102/_00010.html,japan,data/raw/japan/99_suga_statement_202102_00010_html_4cb75bd268.html,2026-09-22,200,3d38d13992f04910f3dbdbf6749ffd91f398cca2d80e52122bc1a23bb770d92c
https://japan.kantei.go.jp/99_suga/statement/202102/_00011.html,japan,data/raw/japan/99_suga_statement_202102_00011_html_1113879dc7.html,2026-09-22,200,8e6de7e4b70017c682bc693add2b6670f27e54cc305ec0d45fe8458d326c9c13
https://japan.kantei.go.jp/99_suga/statement/202102/_00012.html,japan,data/raw/japan/99_suga_statement_202102_00012_html_eab6641f78.html,2026-09-22,200,784499874cf2edb061f5aab4061426514995af095af4667c9b84b11ec3f8ceb7
https://japan.kantei.go.jp/99_suga/statement/202102/_00013.html,japan,data/raw/japan/99_suga_statement_202102_00013_html_11fb06ae1f.html,2026-09-22,200,ee5a2be9b64fe13a2e6cbecc772d184f4aee468d73100673768fc46d0b7ae1a1
https://japan.kantei.go.jp/99_suga/statement/202103/_00001.html,japan,data/raw/japan/99_suga_statement_202103_00001_html_703b807a45.html,2026-09-22,200,5f9728de369ea8d3f5be6efb52d1fa21f2678dc586498572de60be54e25dc623
https://japan.kantei.go.jp/99_suga/statement/202103/_00002.html,japan,data/raw/japan/99_suga_statement_202103_00002_html_95f7c04c5e.html,2026-09-22,200,a3f5634399ed80606c49509d9e5a4f454e699d360e458a32bb5fecf29d1f6cfd
https://japan.kantei.go.jp/99_suga/statement/202103/_00003.html,japan,data/raw/japan/99_suga_statement_202103_00003_html_d3a48c0fc6.html,2026-09-22,200,8b8f3e40694196f184b234bbbc5d418e1ffccbba747cd6035944fe4a157b9cc3
https://japan.kantei.go.jp/99_suga/statement/202103/_00004.html,japan,data/raw/japan/99_suga_statement_202103_00004_html_47d5d912d9.html,2026-09-22,200,b33b6cce971063cc31458f5a1446cb3b5d6de1853f076192559f69500b8aea23
https://japan.kantei.go.jp/99_suga/statement/202103/_00005.html,japan,data/raw/japan/99_suga_statement_202103_00005_html_7da836af95.html,2026-09-22,200,97bbc89bb3e96f060c0f3f648bf717b057a9253c3a4f017a3cabce5a829d7470
https://japan.kantei.go.jp/99_suga/statement/202103/_00006.html,japan,data/raw/japan/99_suga_statement_202103_00006_html_1892d66684.html,2026-09-22,200,055b89f3a46823190021228c15c320bf05ebb9f8cb58ba8c2f110339dc3716f9
https://japan.kantei.go.jp/99_suga/statement/202103/_00007.html,japan,data/raw/japan/99_suga_statement_202103_00007_html_3aab4ad946.html,2026-09-22,200,04ae5170971ed79955ea2609160e0aee90fb6976cfc56b1a48db0dff00345c1f
https://japan.kantei.go.jp/99_suga/statement/202103/_00009.html,japan,data/raw/japan/99_suga_statement_202103_00009_html_c99e47ad23.html,2026-09-22,200,c31602c5351a3ed4fc79efe76cc35ce4f22e13877e4541a72114a20ffff6b70c
https://japan.kantei.go.jp/99_suga/statement/202103/_00010.html,japan,data/raw/japan/99_suga_statement_202103_00010_html_25dd94469d.html,2026-09-22,200,3ea38155c849753abf4e71ecc28f04c9220993e67ae5842d231b287f7226c71f
https://japan.kantei.go.jp/99_suga/statement/202103/_00011.html,japan,data/raw/japan/99_suga_statement_202103_00011_html_ac03e2f4a2.html,2026-09-22,200,8f514674dc8616245ae92795002da58f857304d5a6b7a300f93e455326829692
https://japan.kantei.go.jp/99_suga/statement/202103/_00012.html,japan,data/raw/japan/99_suga_statement_202103_00012_html_c220e056d4.html,2026-09-22,200,0565492653f26d96bb3d236af20a8c6ad9cb061948fbaa898c4bf512927f0634
https://japan.kantei.go.jp/99_suga/statement/202103/_00013.html,japan,data/raw/japan/99_suga_statement_202103_00013_html_9441890838.html,2026-09-22,200,0e990d693aad76dc9402d2d3a08a68cddfb97a34c344c79d58b91c7248b156fa
https://japan.kantei.go.jp/99_suga/statement/202103/_00015.html,japan,data/raw/japan/99_suga_statement_202103_00015_html_42910b7b06.html,2026-09-22,200,0490d51752191d57f028d660f044de0f6f70b17dc15f6c97fa49f1f58cc0cd79
https://japan.kantei.go.jp/99_suga/statement/202103/_00016.html,japan,data/raw/japan/99_suga_statement_202103_00016_html_48cc6fa01a.html,2026-09-22,200,52eb0b9389593f6ceaa3be406b652952b2d6f64744dc0294f5f22804e23b3249
https://japan.kantei.go.jp/99_suga/statement/202103/_00017.html,japan,data/raw/japan/99_suga_statement_202103_00017_html_e240928176.html,2026-09-22,200,e1e363e1187b8e4b2db08ba5f807fe8472b1d6349f5c26a8a08aca75efa87f57
https://japan.kantei.go.jp/99_suga/statement/202103/_00018.html,japan,data/raw/japan/99_suga_statement_202103_00018_html_12f843bb40.html,2026-09-22,200,528c77d87d6dc7186edffad9681da3b68a19058a47eb5c75e56a25064156082e
https://japan.kantei.go.jp/99_suga/statement/202103/_00019.html,japan,data/raw/japan/99_suga_statement_202103_00019_html_f7a8884487.html,2026-09-22,200,2be25c7b7a69b491e58c235ecb12a651a05ee03ca11eded6c0f68ff1d4b796a0
https://japan.kantei.go.jp/99_suga/statement/202104/_00001.html,japan,data/raw/japan/99_suga_statement_202104_00001_html_f7ec9b62d3.html,2026-09-22,200,44f7901843a88a5bcd5c60d989f2bcd06e0264c9c14ffb419708ac54de4e705e
https://japan.kantei.go.jp/99_suga/statement/202104/_00002.html,japan,data/raw/japan/99_suga_statement_202104_00002_html_ddcfab5f24.html,2026-09-22,200,bf46cf1ce1ab00f0b91594a27de3aab443f6d041c0399d127e26bfd746f52a85
https://japan.kantei.go.jp/99_suga/statement/202104/_00003.html,japan,data/raw/japan/99_suga_statement_202104_00003_html_4b8a90c7e4.html,2026-09-22,200,2b66f9a1bd82547fad4b7094eb9973d59be01443ac6c528907496237f74de7b1
https://japan.kantei.go.jp/99_suga/statement/202104/_00004.html,japan,data/raw/japan/99_suga_statement_202104_00004_html_bdcae3b874.html,2026-09-22,200,5690e7d55aff32ebce1a5e9bc2adc2bcb4318f7eaf3107f1f36972a5ef3f450a
https://japan.kantei.go.jp/99_suga/statement/202104/_00005.html,japan,data/raw/japan/99_suga_statement_202104_00005_html_e95e0c12e9.html,2026-09-22,200,7651424bd8b0a3e3cf842778ff3cc4295eeebe072debe997f957b678d4b033c5
https://japan.kantei.go.jp/99_suga/statement/202104/_00006.html,japan,data/raw/japan/99_suga_statement_202104_00006_html_87258b980c.html,2026-09-22,200,10382cf8be1b2463c57602b44e0b088c6c8f49c23bdab13df5ee95035e889538
https://japan.kantei.go.jp/99_suga/statement/202104/_00007.html,japan,data/raw/japan/99_suga_statement_202104_00007_html_9dd1082487.html,2026-09-22,200,3220a2e29117c9978934b7550f51d53aa377f771bb0bb2ca0faf15f0a526d2c1
https://japan.kantei.go.jp/99_suga/statement/202104/_00008.html,japan,data/raw/japan/99_suga_statement_202104_00008_html_72bdf85623.html,2026-09-22,200,cd83128dd6ea217c84e8d4254c3d95b8230c8e6474dd8b795dd5265df45c4382
https://japan.kantei.go.jp/99_suga/statement/202104/_00009.html,japan,data/raw/japan/99_suga_statement_202104_00009_html_5bc369b593.html,2026-09-22,200,95e0ffc97910355651aa8577ae9d0ecacd829dd18efce2eada03e6775deb43b2
https://japan.kantei.go.jp/99_suga/statement/202104/_00010.html,japan,data/raw/japan/99_suga_statement_202104_00010_html_d970faea1c.html,2026-09-22,200,ebdec8726a05034c79da0ad0ae956ef76b64a874b58aa162e797919c9342b573
https://japan.kantei.go.jp/99_suga/statement/202104/_00011.html,japan,data/raw/japan/99_suga_statement_202104_00011_html_93ae9d522c.html,2026-09-22,200,be2b27bf97517d62e284b42dd42eb3b13d51a9986438c16fd3dec3a49d800cf5
https://japan.kantei.go.jp/99_suga/statement/202104/_00012.html,japan,data/raw/japan/99_suga_statement_202104_00012_html_8ade578824.html,2026-09-22,200,17ecc15a19b5077ec079f7fb415b0e4a282aa8195ff05ff2341a1b7bbd26d543
https://japan.kantei.go.jp/99_suga/statement/202104/_00013.html,japan,data/raw/japan/99_suga_statement_202104_00013_html_ca21898316.html,2026-09-22,200,fe119bcc92a81bc90b44716339ffe4297c89d0bf21a39b9d49bb873f5e5ca5df
https://japan.kantei.go.jp/99_suga/statement/202104/_00014.html,japan,data/raw/japan/99_suga_statement_202104_00014_html_8f9377d0f5.html,2026-09-22,200,f1e39e5ddaf71f6848b43d4da441d3c35ea539eeeab448d1215bf507370ec569
https://japan.kantei.go.jp/99_suga/statement/202104/_00015.html,japan,data/raw/japan/99_suga_statement_202104_00015_html_c93f4866ea.html,2026-09-22,200,e92ecfdae35eb3af50bd0d7821dd9e23a956214f20c41a4440d5e10ef34cbe87
https://japan.kantei.go.jp/99_suga/statement/202104/_00016.html,japan,data/raw/japan/99_suga_statement_202104_00016_html_c39c7b42ce.html,2026-09-22,200,4d33576ecd7e7a8ce0e5f223c458a56ba77867ede6921172a8fb3dc8f76430db
https://japan.kantei.go.jp/99_suga/statement/202104/_00017.html,japan,data/raw/japan/99_suga_statement_202104_00017_html_16719c20ce.html,2026-09-22,200,162b34b3020636d5436086bb2cb167cab038f3b426a801b58a2a85e366405868
https://japan.kantei.go.jp/99_suga/statement/202104/_00018.html,japan,data/raw/japan/99_suga_statement_202104_00018_html_27e2a155f3.html,2026-09-22,200,b8937454d9313161f9835c38cc2dc1a85b7545f375095d36017ed1ef0d94f2a5
https://japan.kantei.go.jp/99_suga/statement/202105/_00001.html,japan,data/raw/japan/99_suga_statement_202105_00001_html_8aae1979f6.html,2026-09-22,200,450fa0f350e23ad13ab2865d3c721c5b32e28d61885050e15ef92a7e5a73cf11
https://japan.kantei.go.jp/99_suga/statement/202105/_00002.html,japan,data/raw/japan/99_suga_statement_202105_00002_html_03525adde7.html,2026-09-22,200,d80729870962bc76d8aa8ec83ea5fc501f20f895cb3136d84313a5b00397c528
https://japan.kantei.go.jp/99_suga/statement/202105/_00003.html,japan,data/raw/japan/99_suga_statement_202105_00003_html_3d908bd546.html,2026-09-22,200,de90a31784a286f89fc130e6da8453c88250c522059fd7aefcc509e486917e33
https://japan.kantei.go.jp/99_suga/statement/202105/_00005.html,japan,data/raw/japan/99_suga_statement_202105_00005_html_da3e43c0a1.html,2026-09-22,200,6a1698c0c12042d040ba581f5743a5748b49895bb6d12127442fc3c3d00cf15f
https://japan.kantei.go.jp/99_suga/statement/202105/_00006.html,japan,data/raw/japan/99_suga_statement_202105_00006_html_7096fe7b1b.html,2026-09-22,200,8fb3cd90edb86962378575ab0a1cddcac2575d42332dbcc9bbab9dade0c02e03
https://japan.kantei.go.jp/99_suga/statement/202105/_00007.html,japan,data/raw/japan/99_suga_statement_202105_00007_html_20f211937a.html,2026-09-22,200,a8ead6994b0e83d6c016cb627d376e96f5c3419597c476e2e01c7d97b1b7e08a
https://japan.kantei.go.jp/99_suga/statement/202105/_00008.html,japan,data/raw/japan/99_suga_statement_202105_00008_html_c69e3fa599.html,2026-09-22,200,4954b122263edacb4335bd52720ca8356ecdd1c6089fd18e0d224c4f372e706f
https://japan.kantei.go.jp/99_suga/statement/202105/_00009.html,japan,data/raw/japan/99_suga_statement_202105_00009_html_f484a1b88a.html,2026-09-22,200,e279eef8ba6316580900bcd40397898d89220518f9792adb79d4dc2da863b3fd
https://japan.kantei.go.jp/99_suga/statement/202105/_00010.html,japan,data/raw/japan/99_suga_statement_202105_00010_html_46e8b7e782.html,2026-09-22,200,94e9230547016322edc277c10d7e47a8e9ba3428507cf3a280bc7b3fdc1f84d0
https://japan.kantei.go.jp/99_suga/statement/202105/_00011.html,japan,data/raw/japan/99_suga_statement_202105_00011_html_b95740d19f.html,2026-09-22,200,5290bfb62671a77ec0bcf93814c82f61dc5ab3d529c34fb0974d94ffffc8fcb7
https://japan.kantei.go.jp/99_suga/statement/202105/_00012.html,japan,data/raw/japan/99_suga_statement_202105_00012_html_fea18840c1.html,2026-09-22,200,22fa43ac25b14259bc4b56c6a365ccf7ea0405bff063cfde4ebcb245a91562b7
https://japan.kantei.go.jp/99_suga/statement/202105/_00013.html,japan,data/raw/japan/99_suga_statement_202105_00013_html_ad514f4b6d.html,2026-09-22,200,2d469d174a100fa7a67feb0b714a3afe95d21defd0d8a89d44cc8e86a77b7c97
https://japan.kantei.go.jp/99_suga/statement/202106/_00002.html,japan,data/raw/japan/99_suga_statement_202106_00002_html_84776a751d.html,2026-09-22,200,c82c34a00126eae2dd2908b626cd340d7394f1fe49bd4867a13f13e920573ce3
https://japan.kantei.go.jp/99_suga/statement/202106/_00004.html,japan,data/raw/japan/99_suga_statement_202106_00004_html_65d842ac26.html,2026-09-22,200,6a5e7d5f29a80bdb5b08345c9b15de125304d1998c2d917c0813ef3b06a69547
https://japan.kantei.go.jp/99_suga/statement/202106/_00005.html,japan,data/raw/japan/99_suga_statement_202106_00005_html_c31526f612.html,2026-09-22,200,292d455dac9795a9a3264377d96979d27a730f9923e7098785d3e2fe94ac0a47
https://japan.kantei.go.jp/99_suga/statement/202106/_00006.html,japan,data/raw/japan/99_suga_statement_202106_00006_html_8ba0d4fcb4.html,2026-09-22,200,53527a254500bb0d88bb1710e7031f28b68ef25b4e95267b12fedd6bf42c32da
https://japan.kantei.go.jp/99_suga/statement/202106/_00007.html,japan,data/raw/japan/99_suga_statement_202106_00007_html_4332e5f784.html,2026-09-22,200,946c4bc28a5b8a4449b18178cd02e873f0c338082c3dbf057403c80d370175ba
https://japan.kantei.go.jp/99_suga/statement/202106/_00008.html,japan,data/raw/japan/99_suga_statement_202106_00008_html_5fbb152fd6.html,2026-09-22,200,a9a899e27bca78252c34c0793971b36688977672623cb328bb7042eb54551485
https://japan.kantei.go.jp/99_suga/statement/202106/_00009.html,japan,data/raw/japan/99_suga_statement_202106_00009_html_d4738b9793.html,2026-09-22,200,c9d9228c5d367728fa12200fe1885ed1ee130459a71a37443a0159a3c6e5a0e0
https://japan.kantei.go.jp/99_suga/statement/202106/_00010.html,japan,data/raw/japan/99_suga_statement_202106_00010_html_7b29498ca1.html,2026-09-22,200,8470e1ec2fbd6d1c8ab4dd451770048539349e5dd99ee9e6bf4146dc2c0c0e52
https://japan.kantei.go.jp/99_suga/statement/202106/_00011.html,japan,data/raw/japan/99_suga_statement_202106_00011_html_efcd991617.html,2026-09-22,200,192c6c835eac4f30d7a9c0e8e9d74b2dd6d3de7340367198b1f0485b2e2c9586
https://japan.kantei.go.jp/99_suga/statement/202106/_00012.html,japan,data/raw/japan/99_suga_statement_202106_00012_html_89843d74df.html,2026-09-22,200,1ad13ed995828b91d87664d44929e16c2629882dd8dcdd5c3e3094bbed02d90e
https://japan.kantei.go.jp/99_suga/statement/202107/_00001.html,japan,data/raw/japan/99_suga_statement_202107_00001_html_c7872bccad.html,2026-09-22,200,9263ab4dccf2106635db2764c335f026bae3396a30e4bc6f200340e6e665cafb
https://japan.kantei.go.jp/99_suga/statement/202107/_00002.html,japan,data/raw/japan/99_suga_statement_202107_00002_html_83b8df8943.html,2026-09-22,200,3edbf999feabb04d56fe9af849e1daf7871df37b80c13c06c65e795ec5472319
https://japan.kantei.go.jp/99_suga/statement/202107/_00003.html,japan,data/raw/japan/99_suga_statement_202107_00003_html_0f6aedfc50.html,2026-09-22,200,21abf64bdec1276cbc6550ef25207743fcea22d982059abf750dc3b0462fb2ed
https://japan.kantei.go.jp/99_suga/statement/202107/_00004.html,japan,data/raw/japan/99_suga_statement_202107_00004_html_58b20fb7be.html,2026-09-22,200,8596ee460dcb823a5f7e8d95b82bc5663fa46ba538e7e5ba681f2b612aff5f66
https://japan.kantei.go.jp/99_suga/statement/202107/_00005.html,japan,data/raw/japan/99_suga_statement_202107_00005_html_5b3c1880e4.html,2026-09-22,200,21e2f99d626d8f1a77bcf6ad5bae292a7c3d63d33a0f528327f5f909b9eebae9
https://japan.kantei.go.jp/99_suga/statement/202107/_00006.html,japan,data/raw/japan/99_suga_statement_202107_00006_html_a8c6d01b26.html,2026-09-22,200,694d3046d03f95b5fda1bd0476e6913dfb69b00ad7a4e1a82059c70813c5957e
https://japan.kantei.go.jp/99_suga/statement/202107/_00007.html,japan,data/raw/japan/99_suga_statement_202107_00007_html_851daae41f.html,2026-09-22,200,afd3c877fd870069f8deafa140f90052882fb8cbc21b30dc304fd9c2084ed460
https://japan.kantei.go.jp/99_suga/statement/202107/_00008.html,japan,data/raw/japan/99_suga_statement_202107_00008_html_b631307339.html,2026-09-22,200,303e220ac419bf679575a7cab5c887cc9f7f23101ab9b688993d66333f9accef
https://japan.kantei.go.jp/99_suga/statement/202107/_00009.html,japan,data/raw/japan/99_suga_statement_202107_00009_html_a5abf330e5.html,2026-09-22,200,bc62cad166119f6e4b2506d4f892654b5fcc1f760ab4b44a23fafce3602235e1
https://japan.kantei.go.jp/99_suga/statement/202107/_00010.html,japan,data/raw/japan/99_suga_statement_202107_00010_html_dc7f8308db.html,2026-09-22,200,657bfd592ab0f6c49eb809adb69469f5797273aeaa032a559288e3f5d31b0169
https://japan.kantei.go.jp/99_suga/statement/202107/_00011.html,japan,data/raw/japan/99_suga_statement_202107_00011_html_ed24c869e9.html,2026-09-22,200,2bc2bdd2f5c23dcfb2b6440017508eaad8cced4b9d84c8bad0a6f71a6153455a
https://japan.kantei.go.jp/99_suga/statement/202107/_00012.html,japan,data/raw/japan/99_suga_statement_202107_00012_html_64249deb25.html,2026-09-22,200,a037f2615e7d0f3a888ae6ec762a91196eddeaeee2181caf9a6a0dee8677a99a
https://japan.kantei.go.jp/99_suga/statement/202107/_00013.html,japan,data/raw/japan/99_suga_statement_202107_00013_html_2fdcb39070.html,2026-09-22,200,81dbd1dfb8a11a15749d045dfb711c974ff6752d6b466bdefff136334bf1523e
https://japan.kantei.go.jp/99_suga/statement/202107/_00014.html,japan,data/raw/japan/99_suga_statement_202107_00014_html_3dccb4371a.html,2026-09-22,200,04faffeb24de1fe04305e372525f2641b3a3966312af4850b9d24a6bbd3ef850
https://japan.kantei.go.jp/99_suga/statement/202107/_00015.html,japan,data/raw/japan/99_suga_statement_202107_00015_html_9333529860.html,2026-09-22,200,9ccbefd11d6b1e0d30345d6d4b487bcaf05186a8636446e893b8bf0b5af78d31
https://japan.kantei.go.jp/99_suga/statement/202107/_00016.html,japan,data/raw/japan/99_suga_statement_202107_00016_html_c83d8ae950.html,2026-09-22,200,5bc2579edbda9aa2f323ad9ab687b1bea34abf6b7768cb9af591b91e1d6564ed
https://japan.kantei.go.jp/99_suga/statement/202107/_00017.html,japan,data/raw/japan/99_suga_statement_202107_00017_html_7c2c82a98b.html,2026-09-22,200,a5dfabbfd51d30d60ed67cfe598b6174c1ba3e5ee87fffca17fdc0e38d35a2fd
https://japan.kantei.go.jp/99_suga/statement/202108/_00001.html,japan,data/raw/japan/99_suga_statement_202108_00001_html_e4c781bcfe.html,2026-09-22,200,cd7efb58ae9707214db65d65dd483776e740d196589544d768c5bca309d082c8
https://japan.kantei.go.jp/99_suga/statement/202108/_00002.html,japan,data/raw/japan/99_suga_statement_202108_00002_html_8e49529454.html,2026-09-22,200,af5e1defa265edc1ee0252583f21ccdbaf25bc699df72e1f71a36bc2f097ab26
https://japan.kantei.go.jp/99_suga/statement/202108/_00003.html,japan,data/raw/japan/99_suga_statement_202108_00003_html_1f1f467efe.html,2026-09-22,200,9d200b815b9f6a5e161ecbbf39706b460d03601bc443d3c0089e76960db4cb99
https://japan.kantei.go.jp/99_suga/statement/202108/_00004.html,japan,data/raw/japan/99_suga_statement_202108_00004_html_ecd9451476.html,2026-09-22,200,8e482a212c6f63a548d02274602a3a47cb98f6c4df0e63d78e76b29be6e5eed9
https://japan.kantei.go.jp/99_suga/statement/202108/_00006.html,japan,data/raw/japan/99_suga_statement_202108_00006_html_7e5afd8891.html,2026-09-22,200,8949ff9922041dbcee180453601cd5e533717b9b6f8e60a05bb834cedaa7e86d
https://japan.kantei.go.jp/99_suga/statement/202108/_00007.html,japan,data/raw/japan/99_suga_statement_202108_00007_html_ac8f8d3eba.html,2026-09-22,200,9fc57a2c1e4ffafa31567a3d9f9d73bd8cafe6ffe11b457b501333c104532097
https://japan.kantei.go.jp/99_suga/statement/202108/_00008.html,japan,data/raw/japan/99_suga_statement_202108_00008_html_955c16bc70.html,2026-09-22,200,1317a84563bd232286e3fa78ad73f27c069a8a5c55c7491deda4c8f044139bcc
https://japan.kantei.go.jp/99_suga/statement/202108/_00009.html,japan,data/raw/japan/99_suga_statement_202108_00009_html_f82b970118.html,2026-09-22,200,f3b3a1e180111d58fb258e496a3651ea96ed3eb353ea525c1ab2a0c3089093db
https://japan.kantei.go.jp/99_suga/statement/202108/_00010.html,japan,data/raw/japan/99_suga_statement_202108_00010_html_99d5163869.html,2026-09-22,200,0e10ae950c0533d249eca05f27b8b7ed702826a70025101e4d68fe83ff7f67f1
https://japan.kantei.go.jp/99_suga/statement/202108/_00011.html,japan,data/raw/japan/99_suga_statement_202108_00011_html_2f2ee2d06e.html,2026-09-22,200,0dce48c9caa6e7536b6fafe901b9b986441782bfc31c5532bc03a0a94aed17f0
https://japan.kantei.go.jp/99_suga/statement/202108/_00012.html,japan,data/raw/japan/99_suga_statement_202108_00012_html_c3eb52c82e.html,2026-09-22,200,4a7685adcdd711349769c8ac5592ee7e38a984e880dc5d086f4e1a8a7235d6c6
https://japan.kantei.go.jp/99_suga/statement/202108/_00013.html,japan,data/raw/japan/99_suga_statement_202108_00013_html_cfb4a88d29.html,2026-09-22,200,4b2c4474b09a6e7ed73c6c980cf7fa438727741fe749f3c7161e2de24d6c795a
https://japan.kantei.go.jp/99_suga/statement/202109/_00002.html,japan,data/raw/japan/99_suga_statement_202109_00002_html_10e2c256ce.html,2026-09-22,200,72178c0d081cd7e67cbde518b0ef2ea0bfe3e5e71c4ff339a404355932139f8c
https://japan.kantei.go.jp/99_suga/statement/202109/_00003.html,japan,data/raw/japan/99_suga_statement_202109_00003_html_03d97b3354.html,2026-09-22,200,4b30f6c84066825316a49cc1e339a7f494c3ac93c70de58c8f7f9890c70d214f
https://japan.kantei.go.jp/99_suga/statement/202109/_00004.html,japan,data/raw/japan/99_suga_statement_202109_00004_html_34c6fe224c.html,2026-09-22,200,46de5d9215f4efbb8e0ed8938612bd0c473502227646cc8aa173f868c9a4915a
https://japan.kantei.go.jp/99_suga/statement/202109/_00005.html,japan,data/raw/japan/99_suga_statement_202109_00005_html_fe2e64dccc.html,2026-09-22,200,30977d0d66caca563a5a7ab4e4b08c2dc65db6772b8c7fb6b2b0d926417ef9fb
https://japan.kantei.go.jp/99_suga/statement/202109/_00006.html,japan,data/raw/japan/99_suga_statement_202109_00006_html_2ec9502bdb.html,2026-09-22,200,fcd02c5d56fb756b5fc753c5b48fab56e314ccc67b239155d32a803d473c974c
https://japan.kantei.go.jp/99_suga/statement/202109/_00007.html,japan,data/raw/japan/99_suga_statement_202109_00007_html_3ccd542e9d.html,2026-09-22,200,172ddf7c02fefe2985f50def88af68c5cca15c6b3ab10b52324494a6e94e7fc2
https://japan.kantei.go.jp/99_suga/statement/202109/_00008.html,japan,data/raw/japan/99_suga_statement_202109_00008_html_8b9fcd552b.html,2026-09-22,200,59a5946a6076f6f1a843099b866656392efbb24d0a7a452e10d7780f32b313dd
https://japan.kantei.go.jp/99_suga/statement/202109/_00009.html,japan,data/raw/japan/99_suga_statement_202109_00009_html_f22a72c2b9.html,2026-09-22,200,4e1093e19f06c3e60f3f7f1a5d7d7e794eb2d96b7b5e9b2bcc5c08e2aeb06067
https://japan.kantei.go.jp/99_suga/statement/202109/_00010.html,japan,data/raw/japan/99_suga_statement_202109_00010_html_1c58af40d9.html,2026-09-22,200,b027b6f5cf3352b428b7e27d0d76258cc540ce04d92fdaee109869af44dc0e0e
https://japan.kantei.go.jp/99_suga/statement/202109/_00011.html,japan,data/raw/japan/99_suga_statement_202109_00011_html_9b5f9d17bc.html,2026-09-22,200,198486d7319bc78b42c0a6109f81d09ba2fd0017fc0f53b338a06ae32eccc028
https://japan.kantei.go.jp/99_suga/statement/202109/_00013.html,japan,data/raw/japan/99_suga_statement_202109_00013_html_3d4a360a53.html,2026-09-22,200,d4d372cc1bb94639ee545d49d6336e8466955014c78aa640adc21f5ba3f102c1
https://japan.kantei.go.jp/99_suga/statement/202109/_00014.html,japan,data/raw/japan/99_suga_statement_202109_00014_html_5f04042d84.html,2026-09-22,200,e50bc9b2d3cf80305efae4a38e47a2a9831b88bc66288cb097deefcf80c1d1e4
https://japan.kantei.go.jp/99_suga/statement/202109/_00016.html,japan,data/raw/japan/99_suga_statement_202109_00016_html_96fe826b9e.html,2026-09-22,200,de6dbc6341a769510e2b6a57a25247928ce8bf83b903a67edc790e32ef48b3a0
https://japan.kantei.go.jp/99_suga/statement/202110/_00002.html,japan,data/raw/japan/99_suga_statement_202110_00002_html_a564fdb2cf.html,2026-09-22,200,807446488ea5561cbee2c8c0eb3604bf913766e693facd67a4608b265d16a5c3
https://japan.kantei.go.jp/99_suga/statement/202110/_00003.html,japan,data/raw/japan/99_suga_statement_202110_00003_html_af87499820.html,2026-09-22,200,5cf6ce1c011309591afc1811c24ec1ed8e02ea224e7161e37910449aea92dc4b
