url,domain,date,state,title,direct_status,wayback_available,wayback_url,verdict
http://www.mofa.go.jp/policy/postwar/state8208.html,www.mofa.go.jp,1982/8/26,Japan,Statement by Chief Cabinet Secretary Kiichi Miyazawa on History Textbooks,SKIPPED_KNOWN_BLOCKED,True,http://web.archive.org/web/20200808234541/https://www.mofa.go.jp/policy/postwar/state8208.html,RECOVERABLE_WAYBACK
http://www.mofa.go.jp/policy/postwar/state8608.html,www.mofa.go.jp,1986/8/14,Japan,Statement by Chief Cabinet Secretary Masaharu Gotoda on Official Visits to Yasukuni Shrine by the Prime Minister and Oth,SKIPPED_KNOWN_BLOCKED,True,http://web.archive.org/web/20210109203246/https://www.mofa.go.jp/policy/postwar/state8608.html,RECOVERABLE_WAYBACK
http://www.mofa.go.jp/policy/postwar/state9207.html,www.mofa.go.jp,1992/7/6,Japan,"Statement by Chief Cabinet Secretary Koichi Kato on the Issue of the so-called ""Wartime Comfort Women"" from the Korean P",SKIPPED_KNOWN_BLOCKED,True,http://web.archive.org/web/20201112001717/https://www.mofa.go.jp/policy/postwar/state9207.html,RECOVERABLE_WAYBACK
http://www.mofa.go.jp/policy/women/fund/state9308.html,www.mofa.go.jp,1993/8/4,Japan,"Statement by the Chief Cabinet Secretary Yohei Kono on the result of the study on the issue of ""comfort women""",SKIPPED_KNOWN_BLOCKED,True,http://web.archive.org/web/20210113003408/https://www.mofa.go.jp/policy/women/fund/state9308.html,RECOVERABLE_WAYBACK
http://japan.kantei.go.jp/127.html,japan.kantei.go.jp,1993/8/23,Japan,Policy Speech by Prime Minister Hosokawa Morihiro to the 127th Session of the National Diet,HTTP_404,True,http://web.archive.org/web/20220401165203/https://japan.kantei.go.jp/127.html,RECOVERABLE_WAYBACK
http://www.mofa.go.jp/announce/press/pm/murayama/state9408.html,www.mofa.go.jp,1994/8/31,Japan,"Statement by Prime Minister Tomiichi Murayama on the ""Peace, Friendship, and Exchange Initiative""",SKIPPED_KNOWN_BLOCKED,True,http://web.archive.org/web/20260720190843/https://www.mofa.go.jp/announce/press/pm/murayama/state9408.html,RECOVERABLE_WAYBACK
http://www.mofa.go.jp/announce/press/1995/1/113.html,www.mofa.go.jp,1995/1/13,Japan,Press Conference by Press Sec. 13 January 1995,SKIPPED_KNOWN_BLOCKED,True,http://web.archive.org/web/20251207020233/https://www.mofa.go.jp/announce/press/1995/1/113.html,RECOVERABLE_WAYBACK
http://www.mofa.go.jp/announce/press/pm/murayama/china.html,www.mofa.go.jp,1995/5/4,Japan,Remarks by Prime Minister Tomiichi Murayama During His May 1995 Visit to China,SKIPPED_KNOWN_BLOCKED,True,http://web.archive.org/web/20240603082917/https://www.mofa.go.jp/announce/press/pm/murayama/china.html,RECOVERABLE_WAYBACK
http://www.mofa.go.jp/announce/press/pm/murayama/address9506.html,www.mofa.go.jp,1995/6/9,Japan,Prime Minister's Address to the Diet,SKIPPED_KNOWN_BLOCKED,True,http://web.archive.org/web/20250407154821/https://www.mofa.go.jp/announce/press/pm/murayama/address9506.html,RECOVERABLE_WAYBACK
http://www.mofa.go.jp/policy/women/fund/state9506.html,www.mofa.go.jp,1995/6/14,Japan,Statement by the Chief Cabinet Secretary,SKIPPED_KNOWN_BLOCKED,True,http://web.archive.org/web/20200918085214/https://www.mofa.go.jp/policy/women/fund/state9506.html,RECOVERABLE_WAYBACK
http://www.mofa.go.jp/policy/women/fund/state9507.html,www.mofa.go.jp,1995/7,Japan,"Statement by Prime Minister Tomiichi Murayama on the occasion of the establishment of the ""Asian Women's Fund""",SKIPPED_KNOWN_BLOCKED,True,http://web.archive.org/web/20201111212141/https://www.mofa.go.jp/policy/women/fund/state9507.html,RECOVERABLE_WAYBACK
http://www.mofa.go.jp/announce/press/pm/murayama/9508.html,www.mofa.go.jp,1995/8/15,Japan,Statement by Prime Minister Tomiichi Murayama,SKIPPED_KNOWN_BLOCKED,True,http://web.archive.org/web/20260905165251/https://www.mofa.go.jp/announce/press/pm/murayama/9508.html,RECOVERABLE_WAYBACK
http://www.mofa.go.jp/announce/announce/archive_3/sp.html,www.mofa.go.jp,1995/10/22,Japan,Statement by Prime Minister Tomiichi Murayama at the Special Commemorative Meeting of the General Assembly on the Occasi,SKIPPED_KNOWN_BLOCKED,True,http://web.archive.org/web/20170405192514/http://www.mofa.go.jp:80/announce/announce/archive_3/sp.html,RECOVERABLE_WAYBACK
http://www.fmprc.gov.cn/mfa_eng/wjb_663304/zzjg_663340/yzs_663350/gjlb_663354/2721_663446/2725_663454/t16017.shtml,www.fmprc.gov.cn,2000/11/15,China,Spokesman Zhu Bangzao's Remarks on the Denial of War-time Atrocities inside Japan,HTTP_200_REDIRECTED_TO_GENERIC_SOFT404_MARKER,True,http://web.archive.org/web/20160227084018/http://www.fmprc.gov.cn/mfa_eng/wjb_663304/zzjg_663340/yzs_663350/gjlb_663354/2721_663446/2725_663454/t16017.shtml,RECOVERABLE_WAYBACK
http://www.fmprc.gov.cn/mfa_eng/wjb_663304/zzjg_663340/yzs_663350/gjlb_663354/2721_663446/2725_663454/t16016.shtml,www.fmprc.gov.cn,2000/11/15,China,Spokesperson's comment on the report of anti-China rally planned by right-wing groups of Japan,HTTP_200_REDIRECTED_TO_GENERIC_SOFT404_MARKER,True,http://web.archive.org/web/20160227084042/http://www.fmprc.gov.cn/mfa_eng/wjb_663304/zzjg_663340/yzs_663350/gjlb_663354/2721_663446/2725_663454/t16016.shtml,RECOVERABLE_WAYBACK
http://www.mofa.go.jp/announce/press/1996/9/930.html,www.mofa.go.jp,1996/9/27,Japan,Press Conference by the Press Secretary 27 September 1996,SKIPPED_KNOWN_BLOCKED,False,,NOT_RECOVERABLE_YET
http://www.mofa.go.jp/announce/press/1996/12/1203.html,www.mofa.go.jp,1996/12/3,Japan,Press Conference by the Press Secretary 3 December 1996,SKIPPED_KNOWN_BLOCKED,True,http://web.archive.org/web/20150910190833/http://www.mofa.go.jp/announce/press/1996/12/1203.html,RECOVERABLE_WAYBACK
http://www.mofa.go.jp/announce/press/1997/1/128.html,www.mofa.go.jp,1997/1/28,Japan,Press Conference by the Press Secretary 28 January 1997,SKIPPED_KNOWN_BLOCKED,True,http://web.archive.org/web/20251206161320/https://www.mofa.go.jp/announce/press/1997/1/128.html,RECOVERABLE_WAYBACK
http://www.mofa.go.jp/policy/women/fund/project0107-3.html,www.mofa.go.jp,1998/7/15,Japan,"Japanese Prime Minister Ryutaro Hashimoto sent a letter, to the Dutch Prime Minister Willem Kok expressing apologies and",SKIPPED_KNOWN_BLOCKED,False,,NOT_RECOVERABLE_YET
http://www.mofa.go.jp/announce/press/1998/11/1126.html,www.mofa.go.jp,1998/11/26,Japan,"Press Conference by the Press Secretary 26 November, 1998",SKIPPED_KNOWN_BLOCKED,False,,NOT_RECOVERABLE_YET
http://japan.kantei.go.jp/souri/mori/2000/0526press.html,japan.kantei.go.jp,2000/5/26,Japan,Statement By Prime Minister Yoshiro Mori at the Press Conference,HTTP_404,True,http://web.archive.org/web/20251114030019/https://japan.kantei.go.jp/souri/mori/2000/0526press.html,RECOVERABLE_WAYBACK
http://www.mofa.go.jp/j_info/japan/opinion/watanabe.html,www.mofa.go.jp,2000/7/3,Japan,"Letter written in response to the article ""Why the Austrians are the Japanese of Europe"" in the Financial Times on 3 Jul",SKIPPED_KNOWN_BLOCKED,True,http://web.archive.org/web/20150907184025/http://www.mofa.go.jp/j_info/japan/opinion/watanabe.html,RECOVERABLE_WAYBACK
http://www.mofa.go.jp/j_info/japan/opinion/yamazaki4.html,www.mofa.go.jp,2000/8/7,Japan,"Letter written in response to the article ""Miffed Chinese Sue Japan Companies"" in New York Times on 7 August 2000",SKIPPED_KNOWN_BLOCKED,True,http://web.archive.org/web/20260131172019/https://www.mofa.go.jp/j_info/japan/opinion/yamazaki4.html,RECOVERABLE_WAYBACK
http://www.mofa.go.jp/j_info/japan/opinion/yamazaki3.html,www.mofa.go.jp,2000/8/12,Japan,"Letter written in response to the article ""Remember why Hiroshima happened"" in The Edmonton Sun on 12 August 2000",SKIPPED_KNOWN_BLOCKED,False,,NOT_RECOVERABLE_YET
http://www.mofa.go.jp/policy/postwar/state0009.html,www.mofa.go.jp,2000/9/1,Japan,Press Statement by Chief Cabinet Secretary Hidenao Nakagawa on the Asian Women's Fund,SKIPPED_KNOWN_BLOCKED,True,http://web.archive.org/web/20200918080706/https://www.mofa.go.jp/policy/postwar/state0009.html,RECOVERABLE_WAYBACK
http://www.mofa.go.jp/region/asia-paci/china/visit98/joint.html,www.mofa.go.jp,1998/11/26,Japan/China,Japan-China Joint Declaration on Building a Partnership of Friendship and Cooperation for Peace and Development,SKIPPED_KNOWN_BLOCKED,True,http://web.archive.org/web/20260827230226/https://www.mofa.go.jp/region/asia-paci/china/visit98/joint.html,RECOVERABLE_WAYBACK
http://www.mofa.go.jp/region/asia-paci/korea/joint9810.html,www.mofa.go.jp,1998/10/8,Japan/Korea,Japan-Republic of Korea Joint Declaration--A New Japan-Republic of Korea Partnership towards the Twenty-first Century,SKIPPED_KNOWN_BLOCKED,True,http://web.archive.org/web/20260901222244/https://www.mofa.go.jp/region/asia-paci/korea/joint9810.html,RECOVERABLE_WAYBACK
http://www.fmprc.gov.cn/ce/cein/eng/zyjh/SPEECHES/t61435.htm,www.fmprc.gov.cn,2001/3/6,China,Foreign Minister Tang Jiaxuan Gives a Press Conference,HTTP_200_REDIRECTED_TO_GENERIC_SOFT404_MARKER,False,,NOT_RECOVERABLE_YET
http://www.fmprc.gov.cn/ce/cegv/eng/ljzg/zgwjzc/t85884.htm,www.fmprc.gov.cn,2004/4/19,China,Chinese Foreign Minister Tang Jiaxuan Gives a Press Conference During the 1st Session of the 10th NPC (06/03/2003),HTTP_200_REDIRECTED_TO_GENERIC_SOFT404_MARKER,False,,NOT_RECOVERABLE_YET
http://www.fmprc.gov.cn/ce/cegv/eng/ljzg/zgwjzc/t85900.htm,www.fmprc.gov.cn,2004/4/19,China,Press Conference by Minister of Foreign Affairs Li Zhaoxing during the Second Session of the 10th NPC(06/03/2004),HTTP_200_REDIRECTED_TO_GENERIC_SOFT404_MARKER,False,,NOT_RECOVERABLE_YET
http://www.fmprc.gov.cn/ce/cegv/eng/zt/zgfk/t89041.htm,www.fmprc.gov.cn,2004/4/22,China,Foreign Ministry Spokesman Sun Yuxi Gives a Press Conference（09/10/2001）,HTTP_200_REDIRECTED_TO_GENERIC_SOFT404_MARKER,False,,NOT_RECOVERABLE_YET
http://www.fmprc.gov.cn/ce/cedk/eng/xnyfgk/t105631.htm,www.fmprc.gov.cn,2004/5/14,China,Foreign Ministry Spokesperson Kong Quan's Remarks on Several Japanese Cabinet Members Having Paid Homage to the Yasukuni,HTTP_200_REDIRECTED_TO_GENERIC_SOFT404_MARKER,False,,NOT_RECOVERABLE_YET
http://www.fmprc.gov.cn/mfa_eng/xwfw_665399/s2510_665401/2535_665405/t142169.shtml,www.fmprc.gov.cn,2004/7/6,China,Foreign Ministry Spokesperson Zhang Qiyue's Remarks on Koizumi's Vow for Annual Homage to the Yasukuni Shrine,HTTP_200_REDIRECTED_TO_GENERIC_SOFT404_MARKER,False,,NOT_RECOVERABLE_YET
http://www.fmprc.gov.cn/ce/ceun/eng/xw/t181241.htm,www.fmprc.gov.cn,2005/1/24,China,Statement by Permanent Representative of China WANG Guangya at the Special Session of the GA in Commemoration of the Six,HTTP_200_REDIRECTED_TO_GENERIC_SOFT404_MARKER,True,http://web.archive.org/web/20190818122607/https://www.fmprc.gov.cn/ce/ceun/eng/xw/t181241.htm,RECOVERABLE_WAYBACK
http://www.fmprc.gov.cn/ce/cede/det/fyrth/t185557.htm,www.fmprc.gov.cn,2005/3/3,China,Foreign Ministry Spokesman Liu Jianchao's Press Conference on 1 March 2005,HTTP_200_REDIRECTED_TO_GENERIC_SOFT404_MARKER,False,,NOT_RECOVERABLE_YET
http://www.fmprc.gov.cn/ce/cegv/eng/rqrd/thsm/t191812.htm,www.fmprc.gov.cn,2005/4/1,China,"Right of Reply Exercised by Ambassador Sha Zukang, Head of the Chinese Delegation the 61th Session of Human Rights Commi",HTTP_200_REDIRECTED_TO_GENERIC_SOFT404_MARKER,True,http://web.archive.org/web/20090108120032/http://www.fmprc.gov.cn/ce/cegv/eng/rqrd/thsm/t191812.htm,RECOVERABLE_WAYBACK
http://www.fmprc.gov.cn/ce/cede/det/jj/t190967.htm,www.fmprc.gov.cn,2005/4/11,China,Foreign Ministry Spokesman Qin Gang's Press Conference on 7 April 2005,HTTP_200_REDIRECTED_TO_GENERIC_SOFT404_MARKER,False,,NOT_RECOVERABLE_YET
http://www.fmprc.gov.cn/mfa_eng/xwfw_665399/s2510_665401/2535_665405/t207799.shtml,www.fmprc.gov.cn,2005/8/19,China,Foreign Ministry Spokesman Kong Quan's Comment on Japanese Foreign Minister Machimura's Remark on Yasukuni Shrine and th,HTTP_200_REDIRECTED_TO_GENERIC_SOFT404_MARKER,False,,NOT_RECOVERABLE_YET
http://www.fmprc.gov.cn/mfa_eng/xwfw_665399/s2510_665401/2535_665405/t215808.shtml,www.fmprc.gov.cn,2005/9/30,China,Foreign Ministry Spokesman Qin Gang's Comment on Koizumi Implying Visit to Yasukuni Shrine within This Year,HTTP_200_REDIRECTED_TO_GENERIC_SOFT404_MARKER,False,,NOT_RECOVERABLE_YET
http://www.fmprc.gov.cn/ce/cgsf/eng/xw/fyrth/t217282.htm,www.fmprc.gov.cn,2005/10/18,China,Foreign Ministry Spokesperson Kong Quan's Press Conference on 18 October 2005,HTTP_200_REDIRECTED_TO_GENERIC_SOFT404_MARKER,False,,NOT_RECOVERABLE_YET
http://www.mofa.go.jp/policy/women/fund/pmletter.html,www.mofa.go.jp,2001,Japan,Letter from Prime Minister Junichiro Koizumi to the former comfort women,SKIPPED_KNOWN_BLOCKED,True,http://web.archive.org/web/20201111234518/https://www.mofa.go.jp/policy/women/fund/pmletter.html,RECOVERABLE_WAYBACK
http://www.mofa.go.jp/j_info/japan/opinion/hattori.html,www.mofa.go.jp,2001/2/25,Japan,"Letter written in response to the article ""Japan's Incredible, Vanishing Atrocity"" in the Sunday Telegraph on 25 Februar",SKIPPED_KNOWN_BLOCKED,True,http://web.archive.org/web/20241226163427/https://www.mofa.go.jp/j_info/japan/opinion/hattori.html,RECOVERABLE_WAYBACK
http://www.mofa.go.jp/announce/press/2001/3/302.html,www.mofa.go.jp,2001/3/2,Japan,Press Conference 2 March 2001,SKIPPED_KNOWN_BLOCKED,True,http://web.archive.org/web/20130406205225/http://www.mofa.go.jp/announce/press/2001/3/302.html,RECOVERABLE_WAYBACK
http://www.mofa.go.jp/announce/announce/2001/4/0403.html,www.mofa.go.jp,2001/4/3,Japan,Comments by the Chief Cabinet Secretary Yasuo Fukuda on the history textbooks to be used in junior high schools from 200,SKIPPED_KNOWN_BLOCKED,True,http://web.archive.org/web/20201001023956/https://www.mofa.go.jp/announce/announce/2001/4/0403.html,RECOVERABLE_WAYBACK
http://www.mofa.go.jp/announce/press/2001/4/406.html,www.mofa.go.jp,2001/4/6,Japan,Press Conference 6 April 2001,SKIPPED_KNOWN_BLOCKED,False,,NOT_RECOVERABLE_YET
http://www.mofa.go.jp/announce/announce/2001/5/0508.html,www.mofa.go.jp,2001/5/8,Japan,Comment by Minister for Foreign Affairs Ms. Makiko Tanaka on the Official Stance Conveyed by the Government of the Repub,SKIPPED_KNOWN_BLOCKED,True,http://web.archive.org/web/20201001024056/https://www.mofa.go.jp/announce/announce/2001/5/0508.html,RECOVERABLE_WAYBACK
http://www.mofa.go.jp/policy/women/fund/project0107-2.html,www.mofa.go.jp,2001/7/6,Japan,The contents of the letter of the Foreign Minister Makiko Tanaka sent to the Project Implementation Committee in the Net,SKIPPED_KNOWN_BLOCKED,True,http://web.archive.org/web/20230201212939/https://www.mofa.go.jp/policy/women/fund/project0107-2.html,RECOVERABLE_WAYBACK
http://www.mofa.go.jp/announce/event/2001/7/0713.html,www.mofa.go.jp,2001/7/13,Japan,Press Secretary's Statement on the Completion of the 'Atonement Project' of the Asian Women's Fund (AWF) in the Netherla,SKIPPED_KNOWN_BLOCKED,True,http://web.archive.org/web/20230201224813/https://www.mofa.go.jp/announce/event/2001/7/0713.html,RECOVERABLE_WAYBACK
http://www.mofa.go.jp/announce/press/2001/7/713.html,www.mofa.go.jp,2001/7/13,Japan,Press Conference 13 July 2001,SKIPPED_KNOWN_BLOCKED,True,http://web.archive.org/web/20130406085523/http://www.mofa.go.jp/announce/press/2001/7/713.html,RECOVERABLE_WAYBACK
http://www.mofa.go.jp/announce/pm/koizumi/state0108.html,www.mofa.go.jp,2001/8/13,Japan,"Statement of Prime Minister Junichiro Koizumi on the Visit of Yasukuni Shrine (August 13, 2001)",SKIPPED_KNOWN_BLOCKED,True,http://web.archive.org/web/20191115162202/https://www.mofa.go.jp/announce/pm/koizumi/state0108.html,RECOVERABLE_WAYBACK
http://japan.kantei.go.jp/koizumispeech/2001/0815sikiji_e.html,japan.kantei.go.jp,2001/8/15,Japan,Address by Prime Minister Junichiro Koizumi (at the 56th Memorial Ceremony for the War Dead),HTTP_404,True,http://web.archive.org/web/20250508090636/https://japan.kantei.go.jp/koizumispeech/2001/0815sikiji_e.html,RECOVERABLE_WAYBACK
http://www.mofa.go.jp/policy/human/010914.html,www.mofa.go.jp,2001/9/2,Japan,Statement by Ms. Kaori Maruya Parliamentary Secretary for Foreign Affairs of Japan at the World Conference against Racis,SKIPPED_KNOWN_BLOCKED,True,http://web.archive.org/web/20210802213016/https://www.mofa.go.jp/policy/human/010914.html,RECOVERABLE_WAYBACK
http://www.mofa.go.jp/announce/pm/koizumi/observe0204.html,www.mofa.go.jp,2002/4/21,Japan,Observation by Prime Minister Junichiro Koizumi on the Visit to Yasukuni Shrine,SKIPPED_KNOWN_BLOCKED,True,http://web.archive.org/web/20201001023851/https://www.mofa.go.jp/announce/pm/koizumi/observe0204.html,RECOVERABLE_WAYBACK
http://japan.kantei.go.jp/koizumispeech/2002/08/15sikiji_e.html,japan.kantei.go.jp,2002/8/15,Japan,Address by Prime Minister Junichiro Koizumi at the 57th Memorial Ceremony for the War Dead,HTTP_404,True,http://web.archive.org/web/20250508090637/https://japan.kantei.go.jp/koizumispeech/2002/08/15sikiji_e.html,RECOVERABLE_WAYBACK
http://japan.kantei.go.jp/policy/2002/1224houkoku_e.html,japan.kantei.go.jp,2002/12/24,Japan,Report- The Advisory Group to Consider a Memorial Facility for Remembering the Dead and Praying for Peace,HTTP_404,True,http://web.archive.org/web/20250811015338/https://japan.kantei.go.jp/policy/2002/1224houkoku_e.html,RECOVERABLE_WAYBACK
http://www.mofa.go.jp/announce/press/2003/2/0228.html,www.mofa.go.jp,2003/2/28,Japan,Press Conference 28 February 2003,SKIPPED_KNOWN_BLOCKED,False,,NOT_RECOVERABLE_YET
http://japan.kantei.go.jp/koizumispeech/2003/03/20kaiken_e.html,japan.kantei.go.jp,2003/3/20,Japan,Press Conference by Prime Minister Junichiro Koizumi on the Issue of Iraq,HTTP_404,True,http://web.archive.org/web/20240815223142/https://japan.kantei.go.jp/koizumispeech/2003/03/20kaiken_e.html,RECOVERABLE_WAYBACK
http://japan.kantei.go.jp/koizumispeech/2003/08/15sikiji_e.html,japan.kantei.go.jp,2003/8/15,Japan,Address by Prime Minister Junichiro Koizumi at the 58th Memorial Ceremony for the War Dead,HTTP_404,False,,NOT_RECOVERABLE_YET
http://japan.kantei.go.jp/koizumispeech/2003/12/09press_e.html,japan.kantei.go.jp,2003/12/9,Japan,Press Conference by Prime Minister Junichiro Koizumi,HTTP_404,True,http://web.archive.org/web/20250731181236/https://japan.kantei.go.jp/koizumispeech/2003/12/09press_e.html,RECOVERABLE_WAYBACK
http://japan.kantei.go.jp/koizumispeech/2004/03/26yosan_e.html,japan.kantei.go.jp,2004/3/26,Japan,Press Conference by Prime Minister Junichiro Koizumi on the Passage of the FY2004 Budget,HTTP_404,True,http://web.archive.org/web/20240815222824/https://japan.kantei.go.jp/koizumispeech/2004/03/26yosan_e.html,RECOVERABLE_WAYBACK
http://japan.kantei.go.jp/koizumispeech/2004/08/15shikiji_e.html,japan.kantei.go.jp,2004/8/15,Japan,Address by Prime Minister Junichiro Koizumi at the 59th Memorial Ceremony for the War Dead,HTTP_404,True,http://web.archive.org/web/20240815222807/https://japan.kantei.go.jp/koizumispeech/2004/08/15shikiji_e.html,RECOVERABLE_WAYBACK
http://www.mofa.go.jp/policy/economy/apec/2004/press.html,www.mofa.go.jp,2004/11/22,Japan,Press Conference Following the APEC Leaders' Meeting and Official Visit to Chile,SKIPPED_KNOWN_BLOCKED,True,http://web.archive.org/web/20160311011318/http://www.mofa.go.jp/policy/economy/apec/2004/press.html,RECOVERABLE_WAYBACK
http://www.mofa.go.jp/region/asia-paci/asean/pmv0411/press.html,www.mofa.go.jp,2004/11/30,Japan,Press Conference by Prime Minister Junichiro Koizumi Following the ASEAN+3 Summit,SKIPPED_KNOWN_BLOCKED,False,,NOT_RECOVERABLE_YET
http://www.mofa.go.jp/announce/speech/un2005/un0501-5.html,www.mofa.go.jp,2005/1/24,Japan,Statement by Ambassador Kenzo Oshima Permanent Representative of Japan At the Special Session of the General Assembly On,SKIPPED_KNOWN_BLOCKED,True,http://web.archive.org/web/20230201213043/https://www.mofa.go.jp/announce/speech/un2005/un0501-5.html,RECOVERABLE_WAYBACK
http://www.mofa.go.jp/announce/press/2005/4/0405.html,www.mofa.go.jp,2005/4/5,Japan,Press Conference 5 April 2005,SKIPPED_KNOWN_BLOCKED,True,http://web.archive.org/web/20250903003853/https://www.mofa.go.jp/announce/press/2005/4/0405.html,RECOVERABLE_WAYBACK
http://www.mofa.go.jp/announce/fm_press/2005/8/0812.html,www.mofa.go.jp,2005/4/12,Japan,Press Conference by Foreign Minister Nobutaka Machimura,SKIPPED_KNOWN_BLOCKED,True,http://web.archive.org/web/20130406055212/http://www.mofa.go.jp/announce/fm_press/2005/8/0812.html,RECOVERABLE_WAYBACK
http://www.mofa.go.jp/announce/press/2005/4/0415.html,www.mofa.go.jp,2005/4/15,Japan,Press Conference 15 April 2005,SKIPPED_KNOWN_BLOCKED,False,,NOT_RECOVERABLE_YET
http://www.mofa.go.jp/region/asia-paci/meet0504/speech.html,www.mofa.go.jp,2005/4/22,Japan,"Speech by H.E. Mr. Junichiro Koizumi, Prime Minister of Japan at the Asian-African Summit",SKIPPED_KNOWN_BLOCKED,True,http://web.archive.org/web/20260917135558/https://www.mofa.go.jp/region/asia-paci/meet0504/speech.html,RECOVERABLE_WAYBACK
http://www.mofa.go.jp/announce/press/2005/4/0422.html,www.mofa.go.jp,2005/4/22,Japan,Press Conference 22 April 2005,SKIPPED_KNOWN_BLOCKED,True,http://web.archive.org/web/20230210002505/https://www.mofa.go.jp/announce/press/2005/4/0422.html,RECOVERABLE_WAYBACK
http://japan.kantei.go.jp/koizumispeech/2005/04/22speech_e.html,japan.kantei.go.jp,2005/4/22,Japan,"Speech by H.E. Mr. Junichiro Koizumi, Prime Minister of Japan",HTTP_404,True,http://web.archive.org/web/20241110075320/https://japan.kantei.go.jp/koizumispeech/2005/04/22speech_e.html,RECOVERABLE_WAYBACK
http://www.mofa.go.jp/region/asia-paci/meet0504/press.html,www.mofa.go.jp,2005/4/23,Japan,Press Conference by Prime Minister Junichiro Koizumi on the occasion of the Asian-African Summit 2005 and the Commemorat,SKIPPED_KNOWN_BLOCKED,True,http://web.archive.org/web/20241205061252/https://www.mofa.go.jp/region/asia-paci/meet0504/press.html,RECOVERABLE_WAYBACK
http://japan.kantei.go.jp/koizumispeech/2005/04/26danwa_e.html,japan.kantei.go.jp,2005/4/26,Japan,Statement by Prime Minister Junichiro Koizumi On Their Majesties' Visit to Saipan Island,HTTP_404,True,http://web.archive.org/web/20240815003953/https://japan.kantei.go.jp/koizumispeech/2005/04/26danwa_e.html,RECOVERABLE_WAYBACK
http://www.mofa.go.jp/announce/speech/un2005/un0505.html,www.mofa.go.jp,2005/5/9,Japan,"Statement by Ambassador Kenzo Oshima, Permanent Representative of Japan, at the Special Meeting of the General Assembly ",SKIPPED_KNOWN_BLOCKED,True,http://web.archive.org/web/20230201214400/https://www.mofa.go.jp/announce/speech/un2005/un0505.html,RECOVERABLE_WAYBACK
http://www.mofa.go.jp/announce/press/2005/5/0524.html,www.mofa.go.jp,2005/5/24,Japan,Press Conference 24 May 2005,SKIPPED_KNOWN_BLOCKED,True,http://web.archive.org/web/20130406151543/http://www.mofa.go.jp/announce/press/2005/5/0524.html,RECOVERABLE_WAYBACK
http://www.mofa.go.jp/announce/press/2005/6/0617.html,www.mofa.go.jp,2005/6/17,Japan,Press Conference 17 June 2005,SKIPPED_KNOWN_BLOCKED,True,http://web.archive.org/web/20130406085013/http://www.mofa.go.jp/announce/press/2005/6/0617.html,RECOVERABLE_WAYBACK
http://www.mofa.go.jp/announce/announce/2005/8/0815.html,www.mofa.go.jp,2005/8/15,Japan,Statement by Prime Minister Junichiro Koizumi,SKIPPED_KNOWN_BLOCKED,True,http://web.archive.org/web/20260612075803/https://www.mofa.go.jp/announce/announce/2005/8/0815.html,RECOVERABLE_WAYBACK
http://japan.kantei.go.jp/koizumispeech/2005/08/15sikiji_e.html,japan.kantei.go.jp,2005/8/15,Japan,Address by Prime Minister Junichiro Koizumi at the 60th Memorial Ceremony for the War Dead,HTTP_404,True,http://web.archive.org/web/20240815003900/https://japan.kantei.go.jp/koizumispeech/2005/08/15sikiji_e.html,RECOVERABLE_WAYBACK
http://www.mofa.go.jp/announce/press/2005/8/0823.html,www.mofa.go.jp,2005/8/23,Japan,Press Conference 23 August 2005,SKIPPED_KNOWN_BLOCKED,True,http://web.archive.org/web/20251110172344/https://www.mofa.go.jp/announce/press/2005/8/0823.html,RECOVERABLE_WAYBACK
http://www.mofa.go.jp/announce/fm_press/2005/10/1017.html,www.mofa.go.jp,2005/10/17,Japan,Press Conference by Foreign Minister Nobutaka Machimura,SKIPPED_KNOWN_BLOCKED,True,http://web.archive.org/web/20251213035350/https://www.mofa.go.jp/announce/fm_press/2005/10/1017.html,RECOVERABLE_WAYBACK
http://www.mofa.go.jp/announce/fm_press/2005/10/1018.html,www.mofa.go.jp,2005/10/18,Japan,Press Conference held by Foreign Minister Nobutaka Machimura,SKIPPED_KNOWN_BLOCKED,True,http://web.archive.org/web/20220125060316/https://www.mofa.go.jp/announce/fm_press/2005/10/1018.html,RECOVERABLE_WAYBACK
http://www.mofa.go.jp/policy/economy/apec/2005/press.html,www.mofa.go.jp,2005/11/19,Japan,Press Conference by Prime Minister Junichiro Koizumi Following the APEC Leaders' Meeting,SKIPPED_KNOWN_BLOCKED,True,http://web.archive.org/web/20160311172145/http://www.mofa.go.jp/policy/economy/apec/2005/press.html,RECOVERABLE_WAYBACK
http://japan.kantei.go.jp/koizumispeech/2005/12/14press_e.html,japan.kantei.go.jp,2005/12/14,Japan,"Press Conference by Prime Minister Junichiro Koizumi Following the ASEAN+3, Japan-ASEAN and EAS Summit Meetings",HTTP_404,True,http://web.archive.org/web/20240815003924/https://japan.kantei.go.jp/koizumispeech/2005/12/14press_e.html,RECOVERABLE_WAYBACK
http://www.mofa.go.jp/announce/fm_press/2005/12/1227.html,www.mofa.go.jp,2005/12/27,Japan,Press Conference by Foreign Minister Taro Aso,SKIPPED_KNOWN_BLOCKED,True,http://web.archive.org/web/20150909173545/http://www.mofa.go.jp/announce/fm_press/2005/12/1227.html,RECOVERABLE_WAYBACK
http://www.mofa.go.kr/webmodule/htsboard/template/read/engreadboard.jsp?typeID=12&boardid=302&seqno=295765&c=&t=&pagenum=1&tableName=TYPE_ENGLISH&pc=&dc=&wc=&lu=&vu=&iu=&du=,www.mofa.go.kr,2003/1/14,Korea,Statement by the MOFAT Spokesperson on Prime Minister Koizumi’s Visit to the Yasukuni Shrine,SKIPPED_KNOWN_BLOCKED,False,,NOT_RECOVERABLE_YET
http://www.mofa.go.kr/webmodule/htsboard/template/read/engreadboard.jsp?typeID=12&boardid=302&seqno=298008&c=&t=&pagenum=1&tableName=TYPE_ENGLISH&pc=&dc=&wc=&lu=&vu=&iu=&du=,www.mofa.go.kr,2005/4/1,Korea,Comments by the Spokesperson of MOFAT on Japanese Foreign Minister's Remarks,SKIPPED_KNOWN_BLOCKED,False,,NOT_RECOVERABLE_YET
http://www.mofa.go.kr/webmodule/htsboard/template/read/engreadboard.jsp?typeID=12&boardid=302&seqno=298038&c=&t=&pagenum=1&tableName=TYPE_ENGLISH&pc=&dc=&wc=&lu=&vu=&iu=&du=,www.mofa.go.kr,2005/10/10,Korea,Statement by MOFAT Spokesperson on the Announcement by the Japanese Ministry of Education on the Outcome of History Text,SKIPPED_KNOWN_BLOCKED,False,,NOT_RECOVERABLE_YET
http://www.fmprc.gov.cn/ce/cede/det/fyrth/t232076.htm,www.fmprc.gov.cn,2006/1/20,China,Foreign Ministry Spokesman Kong Quan's Regular Press Conference on 19 January 2006,HTTP_200_REDIRECTED_TO_GENERIC_SOFT404_MARKER,True,http://web.archive.org/web/20070903075633/http://www.fmprc.gov.cn:80/ce/cede/det/fyrth/t232076.htm,RECOVERABLE_WAYBACK
http://www.fmprc.gov.cn/mfa_eng/xwfw_665399/s2510_665401/2535_665405/t235081.shtml,www.fmprc.gov.cn,2006/2/6,China,Foreign Ministry Spokesman Kong Quan's Comment on Japanese Foreign Minister Taro Aso's Remarks on Whitewashing the Histo,HTTP_200_REDIRECTED_TO_GENERIC_SOFT404_MARKER,False,,NOT_RECOVERABLE_YET
http://www.fmprc.gov.cn/mfa_eng/wjb_663304/zzjg_663340/yzs_663350/gjlb_663354/2721_663446/2725_663454/t311544.shtml,www.fmprc.gov.cn,2007/4/13,China,Speech by Premier Wen Jiabao of the State Council of the People's Republic of China at the Japanese Diet,HTTP_200_REDIRECTED_TO_GENERIC_SOFT404_MARKER,True,http://web.archive.org/web/20211018073711/https://www.fmprc.gov.cn/mfa_eng/wjb_663304/zzjg_663340/yzs_663350/gjlb_663354/2721_663446/2725_663454/t311544.shtml,RECOVERABLE_WAYBACK
http://www.fmprc.gov.cn/mfa_eng/wjdt_665385/zyjh_665391/t464200.shtml,www.fmprc.gov.cn,2008/6/8,China,Speech by Chinese President Hu Jintao at Waseda University,HTTP_200_REDIRECTED_TO_GENERIC_SOFT404_MARKER,True,http://web.archive.org/web/20211025210050/https://www.fmprc.gov.cn/mfa_eng/wjdt_665385/zyjh_665391/t464200.shtml,RECOVERABLE_WAYBACK
http://new.fmprc.gov.cn/ce/ceun/eng/fyrth/t553628.htm,new.fmprc.gov.cn,2009/3/25,China,"Foreign Ministry Spokesperson Qin Gang's Regular Press Conference on March 24, 2009",ERROR_URLError,False,,NOT_RECOVERABLE_YET
http://www.fmprc.gov.cn/ce/ceun/eng/gdxw/t692758.htm,www.fmprc.gov.cn,2010/5/6,China,Statement by Ambassador Li Baodong at the General Assembly Special Solem Meeting in Commemoration of the Sixty-fifth Ann,HTTP_200_REDIRECTED_TO_GENERIC_SOFT404_MARKER,False,,NOT_RECOVERABLE_YET
http://japan.kantei.go.jp/koizumispeech/2006/01/04press_e.html,japan.kantei.go.jp,2006/1/4,Japan,Press Conference by Prime Minister Junichiro Koizumi,HTTP_404,False,,NOT_RECOVERABLE_YET
http://www.mofa.go.jp/announce/press/2006/1/0117.html,www.mofa.go.jp,2006/1/17,Japan,Press Conference 17 January 2006,SKIPPED_KNOWN_BLOCKED,True,http://web.archive.org/web/20130406130056/http://www.mofa.go.jp/announce/press/2006/1/0117.html,RECOVERABLE_WAYBACK
http://www.mofa.go.jp/announce/fm_press/2006/1/0131.html,www.mofa.go.jp,2006/1/31,Japan,Press Conference by Foreign Minister Taro Aso,SKIPPED_KNOWN_BLOCKED,False,,NOT_RECOVERABLE_YET
http://japan.kantei.go.jp/koizumispeech/2006/03/27yosan_e.html,japan.kantei.go.jp,2006/3/27,Japan,Press Conference by Prime Minister Junichiro Koizumi on the Passage of the FY2006 Budget,HTTP_404,False,ERROR_HTTPError,NOT_RECOVERABLE_YET
http://www.mofa.go.jp/policy/other/bluebook/2006/01.pdf,www.mofa.go.jp,2006/4,Japan,Message from the Minister for Foreign Affairs,SKIPPED_KNOWN_BLOCKED,False,ERROR_HTTPError,NOT_RECOVERABLE_YET
http://www.mofa.go.jp/announce/fm_press/2006/7/0721.html,www.mofa.go.jp,2006/7/21,Japan,Press Conference by Foreign Minister Taro Aso,SKIPPED_KNOWN_BLOCKED,False,,NOT_RECOVERABLE_YET
http://japan.kantei.go.jp/m-magazine/backnumber/koizumi/2006/0803.html,japan.kantei.go.jp,2006/8/3,Japan,"Koizumi Cabinet E-mail Magazine No. 245 (August 3, 2006) ",HTTP_404,True,http://web.archive.org/web/20240816184345/https://japan.kantei.go.jp/m-magazine/backnumber/koizumi/2006/0803.html,RECOVERABLE_WAYBACK
http://www.mofa.go.jp/announce/fm_press/2006/8/0815.html,www.mofa.go.jp,2006/8/15,Japan,Press Conference by Foreign Minister Taro Aso,SKIPPED_KNOWN_BLOCKED,True,http://web.archive.org/web/20220421174621/https://www.mofa.go.jp/announce/fm_press/2006/8/0815.html,RECOVERABLE_WAYBACK
http://japan.kantei.go.jp/abespeech/2006/09/29speech_e.html,japan.kantei.go.jp,2006/9/29,Japan,Policy Speech by Prime Minister Shinzo Abe to the 165th Session of the Diet,HTTP_404,False,,NOT_RECOVERABLE_YET
http://japan.kantei.go.jp/abespeech/2006/10/08chinapress_e.html,japan.kantei.go.jp,2006/10/8,Japan,Press Conference by Prime Minister Shinzo Abe Following His Visit to China,HTTP_404,True,http://web.archive.org/web/20240815003259/https://japan.kantei.go.jp/abespeech/2006/10/08chinapress_e.html,RECOVERABLE_WAYBACK
http://japan.kantei.go.jp/abespeech/2006/10/09koreapress_e.html,japan.kantei.go.jp,2006/10/9,Japan,Press Conference by Prime Minister Shinzo Abe Following His Visit to the Republic of Korea,HTTP_404,True,http://web.archive.org/web/20240815003315/https://japan.kantei.go.jp/abespeech/2006/10/09koreapress_e.html,RECOVERABLE_WAYBACK
http://japan.kantei.go.jp/abespeech/2006/12/09press_e.html,japan.kantei.go.jp,2006/12/9,Japan,Press Conference by Prime Minister Shinzo Abe Following His Official Visit to the Philippines,HTTP_404,True,http://web.archive.org/web/20240815003322/https://japan.kantei.go.jp/abespeech/2006/12/09press_e.html,RECOVERABLE_WAYBACK
http://www.mofa.go.jp/announce/press/2007/3/0309.html,www.mofa.go.jp,2007/3/9,Japan,"Press Conference, 9 March 2007",SKIPPED_KNOWN_BLOCKED,True,http://web.archive.org/web/20250126015415/https://www.mofa.go.jp/announce/press/2007/3/0309.html,RECOVERABLE_WAYBACK
http://www.mofa.go.jp/announce/fm_press/2007/8/0827-3.html,www.mofa.go.jp,2007/4/27,Japan,Press Conference by Minister for Foreign Affairs MACHIMURA Nobutaka,SKIPPED_KNOWN_BLOCKED,True,http://web.archive.org/web/20130406143316/http://www.mofa.go.jp/announce/fm_press/2007/8/0827-3.html,RECOVERABLE_WAYBACK
http://www.mofa.go.jp/announce/fm_press/2007/8/0810.html,www.mofa.go.jp,2007/8/10,Japan,Press Conference by Minister for Foreign Affairs Taro Aso,SKIPPED_KNOWN_BLOCKED,True,http://web.archive.org/web/20130406144556/http://www.mofa.go.jp/announce/fm_press/2007/8/0810.html,RECOVERABLE_WAYBACK
http://japan.kantei.go.jp/hukudaspeech/2008/01/15kaiken_e.html,japan.kantei.go.jp,2008/1/15,Japan,Press Conference by Prime Minister Yasuo Fukuda After the Closing of the 168th Session of the Diet,HTTP_404,True,http://web.archive.org/web/20240815003658/https://japan.kantei.go.jp/hukudaspeech/2008/01/15kaiken_e.html,RECOVERABLE_WAYBACK
http://www.mofa.go.jp/announce/fm_press/2008/1/0118.html,www.mofa.go.jp,2008/1/18,Japan,Press Conference by Minister for Foreign Affairs Masahiko Koumura,SKIPPED_KNOWN_BLOCKED,True,http://web.archive.org/web/20150907190524/http://www.mofa.go.jp/announce/fm_press/2008/1/0118.html,RECOVERABLE_WAYBACK
http://www.mofa.go.jp/announce/press/2008/4/0401.html,www.mofa.go.jp,2008/4/1,Japan,"Press Conference, 1 April 2008",SKIPPED_KNOWN_BLOCKED,True,http://web.archive.org/web/20150907140405/http://www.mofa.go.jp/announce/press/2008/4/0401.html,RECOVERABLE_WAYBACK
http://www.mofa.go.jp/announce/fm_press/2008/9/0924-2.html,www.mofa.go.jp,2008/9/24,Japan,Press Conference by Minister for Foreign Affairs Hirofumi Nakasone,SKIPPED_KNOWN_BLOCKED,True,http://web.archive.org/web/20150907072227/http://www.mofa.go.jp/announce/fm_press/2008/9/0924-2.html,RECOVERABLE_WAYBACK
http://www.mofa.go.jp/announce/fm_press/2009/4/0424.html,www.mofa.go.jp,2009/4/24,Japan,Press Conference by Minister for Foreign Affairs Hirofumi Nakasone,SKIPPED_KNOWN_BLOCKED,True,http://web.archive.org/web/20150907133142/http://www.mofa.go.jp/announce/fm_press/2009/4/0424.html,RECOVERABLE_WAYBACK
http://www.mofa.go.jp/announce/fm_press/2009/8/0811.html,www.mofa.go.jp,2009/8/11,Japan,Press Conference by Minister for Foreign Affairs Hirofumi Nakasone,SKIPPED_KNOWN_BLOCKED,True,http://web.archive.org/web/20150905103310/http://www.mofa.go.jp/announce/fm_press/2009/8/0811.html,RECOVERABLE_WAYBACK
http://japan.kantei.go.jp/kan/statement/201008/06aisatu_e.html,japan.kantei.go.jp,2010/8/6,Japan,Address by Prime Minister Naoto Kan at the Hiroshima Peace Memorial Ceremony ,HTTP_404,True,http://web.archive.org/web/20240816212406/https://japan.kantei.go.jp/kan/statement/201008/06aisatu_e.html,RECOVERABLE_WAYBACK
http://japan.kantei.go.jp/kan/statement/201008/09aisatu_e.html,japan.kantei.go.jp,2010/8/9,Japan,Address by Prime Minister Naoto Kan at the Nagasaki Peace Ceremony ,HTTP_404,True,http://web.archive.org/web/20240816212401/https://japan.kantei.go.jp/kan/statement/201008/09aisatu_e.html,RECOVERABLE_WAYBACK
http://japan.kantei.go.jp/kan/statement/201008/10danwa_e.html,japan.kantei.go.jp,2010/8/10,Japan,Statement by Prime Minister Naoto Kan,HTTP_404,True,http://web.archive.org/web/20260116151402/https://japan.kantei.go.jp/kan/statement/201008/10danwa_e.html,RECOVERABLE_WAYBACK
http://www.mofa.go.jp/announce/fm_press/2010/8/0813_01.html,www.mofa.go.jp,2010/8/13,Japan,Press Conference by Minister for Foreign Affairs Katsuya Okada,SKIPPED_KNOWN_BLOCKED,True,http://web.archive.org/web/20251106032951/https://www.mofa.go.jp/announce/fm_press/2010/8/0813_01.html,RECOVERABLE_WAYBACK
http://japan.kantei.go.jp/kan/statement/201009/23statement_e.html,japan.kantei.go.jp,2010/9/23,Japan,ADDRESS BY H.E. MR. NAOTO KAN PRIME MINISTER OF JAPAN AT THE MEETING OF THE UNITED NATIONS SECURITY COUNCIL AT THE LEVEL,HTTP_404,True,http://web.archive.org/web/20240816212417/https://japan.kantei.go.jp/kan/statement/201009/23statement_e.html,RECOVERABLE_WAYBACK
http://www.mofa.go.kr/webmodule/htsboard/template/read/engreadboard.jsp?typeID=12&boardid=310&seqno=304980,www.mofa.go.kr,2007/11/29,Korea,(UN) Statement at the Plenary of the 62nd Session of the UN General Assembly,SKIPPED_KNOWN_BLOCKED,False,,NOT_RECOVERABLE_YET
http://www.mofa.go.kr/webmodule/htsboard/template/read/engreadboard.jsp?typeID=12&boardid=303&seqno=306293&c=&t=&pagenum=1&tableName=TYPE_ENGLISH&pc=&dc=&wc=&lu=&vu=&iu=&du=,www.mofa.go.kr,2008/4/22,Korea,Deputy Spokesperson's Daily Press Briefing,SKIPPED_KNOWN_BLOCKED,False,,NOT_RECOVERABLE_YET
http://www.mofa.go.kr/webmodule/htsboard/template/read/engreadboard.jsp?typeID=12&boardid=302&seqno=306648&c=&t=&pagenum=1&tableName=TYPE_ENGLISH&pc=&dc=&wc=&lu=&vu=&iu=&du=,www.mofa.go.kr,2008/7/14,Korea,Spokesperson's Statement on the Issue of Japan's Handbook on the New Guidelines for Middle School Social Studies,SKIPPED_KNOWN_BLOCKED,False,,NOT_RECOVERABLE_YET
http://www.mofa.go.kr/ENG/policy/focus/dokdo/statement/index.jsp?menu=m_20_10_10&tabmenu=t_2&sp=/webmodule/htsboard/template/read/engreadboard.jsp%3FtypeID=12%26boardid=10826%26seqno=308440,www.mofa.go.kr,2010/3/30,Korea,Spokesperson’s Statement on the Outcome of Japan’s Elementary School Textbook Examination,SKIPPED_KNOWN_BLOCKED,False,,NOT_RECOVERABLE_YET
http://overseas.mofa.go.kr/webmodule/htsboard/template/read/legengreadboard.jsp?typeID=16&boardid=9365&seqno=642565&c=&t=&pagenum=1&tableName=TYPE_ENGLEGATIO&pc=&dc=&wc=&lu=&vu=&iu=&du=,overseas.mofa.go.kr,2010/4/22,Korea,Today's News in Korea(4.22),SKIPPED_KNOWN_BLOCKED,False,,NOT_RECOVERABLE_YET
http://www.fmprc.gov.cn/ce/cebw/eng/xwdt/t1225634.htm,www.fmprc.gov.cn,2014,China,Chinese President Xi Jinping's 2015 New Year Message,HTTP_200_REDIRECTED_TO_GENERIC_SOFT404_MARKER,False,,NOT_RECOVERABLE_YET
http://www.fmprc.gov.cn/mfa_eng/topics_665678/diaodao_665718/t968188.shtml,www.fmprc.gov.cn,2012/9/10,China,Statement of the Ministry of Foreign Affairs of the People's Republic of China,HTTP_200_REDIRECTED_TO_GENERIC_SOFT404_MARKER,True,http://web.archive.org/web/20210925034755/https://www.fmprc.gov.cn/mfa_eng/topics_665678/diaodao_665718/t968188.shtml,RECOVERABLE_WAYBACK
http://www.fmprc.gov.cn/mfa_eng/topics_665678/diaodao_665718/t969558.shtml,www.fmprc.gov.cn,2012/9/14,China,Remarks by Assistant Foreign Minister Le Yucheng at the Symposium on the Issue of Diaoyu Dao,HTTP_200_REDIRECTED_TO_GENERIC_SOFT404_MARKER,True,http://web.archive.org/web/20211016100254/https://www.fmprc.gov.cn/mfa_eng/topics_665678/diaodao_665718/t969558.shtml,RECOVERABLE_WAYBACK
http://www.fmprc.gov.cn/mfa_eng/xwfw_665399/s2510_665401/2535_665405/t977133.shtml,www.fmprc.gov.cn,2012/9/27,China,Foreign Ministry Spokesperson Qin Gang's Remarks on Japanese Prime Minister Yoshihiko Noda's Comment on the Diaoyu Islan,HTTP_200_REDIRECTED_TO_GENERIC_SOFT404_MARKER,False,,NOT_RECOVERABLE_YET
http://www.fmprc.gov.cn/mfa_eng/topics_665678/diaodao_665718/t975066.shtml,www.fmprc.gov.cn,2012/9/28,China,Remarks by Assistant Foreign Minister Le Yucheng At Symposium Marking the 40th Anniversary of The Normalization of Relat,HTTP_200_REDIRECTED_TO_GENERIC_SOFT404_MARKER,True,http://web.archive.org/web/20210922134022/https://www.fmprc.gov.cn/mfa_eng/topics_665678/diaodao_665718/t975066.shtml,RECOVERABLE_WAYBACK
http://www.fmprc.gov.cn/mfa_eng/topics_665678/diaodao_665718/t983015.shtml,www.fmprc.gov.cn,2012/10/27,China,Vice Foreign Minister Zhang Zhijun Gave Briefing to Chinese and Foreign Journalists on the Diaoyu Dao Issue ,HTTP_200_REDIRECTED_TO_GENERIC_SOFT404_MARKER,True,http://web.archive.org/web/20210921053041/https://www.fmprc.gov.cn/mfa_eng/topics_665678/diaodao_665718/t983015.shtml,RECOVERABLE_WAYBACK
http://www.fmprc.gov.cn/mfa_eng/topics_665678/diaodao_665718/t983606.shtml,www.fmprc.gov.cn,2012/10/30,China,A Better Future for China-Europe Relations,HTTP_200_REDIRECTED_TO_GENERIC_SOFT404_MARKER,False,,NOT_RECOVERABLE_YET
http://www.fmprc.gov.cn/ce/ceuk/eng/ambassador/t1000211.htm,www.fmprc.gov.cn,2012/12/23,China,Ambassador Liu Xiaoming talks to Gavin Esler at BBC Newsnight,HTTP_200_REDIRECTED_TO_GENERIC_SOFT404_MARKER,False,,NOT_RECOVERABLE_YET
http://www.fmprc.gov.cn/ce/cedk/eng/fyrth/t1040557.htm,www.fmprc.gov.cn,2013/5/15,China,"Foreign Ministry Spokesperson Hong Lei's Regular Press Conference on May 14, 2013",HTTP_200_REDIRECTED_TO_GENERIC_SOFT404_MARKER,True,http://web.archive.org/web/20161008002649/http://www.fmprc.gov.cn:80/ce/cedk/eng/fyrth/t1040557.htm,RECOVERABLE_WAYBACK
http://www.fmprc.gov.cn/mfa_eng/xwfw_665399/s2510_665401/2535_665405/t1066752.shtml,www.fmprc.gov.cn,2013/8/15,China,Foreign Ministry Spokesperson Hong Lei's Remarks on Japanese Cabinet Members' Visit to the Yasukuni Shrine,HTTP_200_REDIRECTED_TO_GENERIC_SOFT404_MARKER,True,http://web.archive.org/web/20211022190052/https://www.fmprc.gov.cn/mfa_eng/xwfw_665399/s2510_665401/2535_665405/t1066752.shtml,RECOVERABLE_WAYBACK
http://www.fmprc.gov.cn/ce/cecz/cze/fyrth/t1077751.htm,www.fmprc.gov.cn,2013/9/17,China,"Foreign Ministry Spokesperson Hong Lei's Regular Press Conference on September 17, 2013",HTTP_200_REDIRECTED_TO_GENERIC_SOFT404_MARKER,False,,NOT_RECOVERABLE_YET
http://www.fmprc.gov.cn/mfa_eng/xwfw_665399/s2510_665401/2511_665403/t1091432.shtml,www.fmprc.gov.cn,2013/10/21,China,"Foreign Ministry Spokesperson Hua Chunying's Regular Press Conference on October 21, 2013",HTTP_200_REDIRECTED_TO_GENERIC_SOFT404_MARKER,True,http://web.archive.org/web/20150924044217/http://www.fmprc.gov.cn:80/mfa_eng/xwfw_665399/s2510_665401/2511_665403/t1091432.shtml,RECOVERABLE_WAYBACK
http://www.fmprc.gov.cn/mfa_eng/xwfw_665399/s2510_665401/2511_665403/t1100531.shtml,www.fmprc.gov.cn,2013/11/19,China,"Foreign Ministry Spokesperson Hong Lei's Regular Press Conference on November 19, 2013",HTTP_200_REDIRECTED_TO_GENERIC_SOFT404_MARKER,True,http://web.archive.org/web/20150924042750/http://www.fmprc.gov.cn:80/mfa_eng/xwfw_665399/s2510_665401/2511_665403/t1100531.shtml,RECOVERABLE_WAYBACK
http://www.fmprc.gov.cn/ce/cedk/eng/fyrth/t1112269.htm,www.fmprc.gov.cn,2013/12/26,China,"Foreign Ministry Spokesperson Qin Gang's Regular Press Conference on December 26, 2013",HTTP_200_REDIRECTED_TO_GENERIC_SOFT404_MARKER,False,,NOT_RECOVERABLE_YET
http://www.fmprc.gov.cn/mfa_eng/wjb_663304/zwjg_665342/zwbd_665378/t1114404.shtml,www.fmprc.gov.cn,2013/12/30,China,Ambassador to Japan Cheng Yonghua Writes to Japan’s Mainichi Shimbun on the Issue of Prime Minister Shinzo Abe’s Visit t,HTTP_200_REDIRECTED_TO_GENERIC_SOFT404_MARKER,False,,NOT_RECOVERABLE_YET
http://www.fmprc.gov.cn/ce/cedk/eng/fyrth/t1113242.htm,www.fmprc.gov.cn,2013/12/30,China,"Foreign Ministry Spokesperson Qin Gang's Regular Press Conference on December 30, 2013",HTTP_200_REDIRECTED_TO_GENERIC_SOFT404_MARKER,True,http://web.archive.org/web/20211029005016/https://www.fmprc.gov.cn/ce/cedk/eng/fyrth/t1113242.htm,RECOVERABLE_WAYBACK
http://www.fmprc.gov.cn/ce/cebe/eng/mh/t1113625.htm,www.fmprc.gov.cn,2013/12/31,China,"An article by H.E. Mr. Wu Hailong, Ambassador of the People's Republic of China to the EU,on New Europe",HTTP_200_REDIRECTED_TO_GENERIC_SOFT404_MARKER,False,,NOT_RECOVERABLE_YET
http://www.fmprc.gov.cn/mfa_eng/xwfw_665399/s2510_665401/2535_665405/t1113810.shtml,www.fmprc.gov.cn,2014/1/1,China,Foreign Ministry Spokesperson Hua Chunying's Remarks on the Japanese Internal Affairs Minister's Visit to the Yasukuni S,HTTP_200_REDIRECTED_TO_GENERIC_SOFT404_MARKER,True,http://web.archive.org/web/20180427161408/http://www.fmprc.gov.cn:80/mfa_eng/xwfw_665399/s2510_665401/2535_665405/t1113810.shtml,RECOVERABLE_WAYBACK
http://www.fmprc.gov.cn/mfa_eng/wjb_663304/zwjg_665342/zwbd_665378/t1114136.shtml,www.fmprc.gov.cn,2014/1/2,China,Liu Xiaoming: Japan's refusal to face up to its aggressive past is posing a serious threat to global peace,HTTP_200_REDIRECTED_TO_GENERIC_SOFT404_MARKER,True,http://web.archive.org/web/20160227204230/http://www.fmprc.gov.cn/mfa_eng/wjb_663304/zwjg_665342/zwbd_665378/t1114136.shtml,RECOVERABLE_WAYBACK
http://www.fmprc.gov.cn/mfa_eng/wjb_663304/zwjg_665342/zwbd_665378/t1114538.shtml,www.fmprc.gov.cn,2014/1/4,China,What's Wrong with the Japanese Government,HTTP_200_REDIRECTED_TO_GENERIC_SOFT404_MARKER,True,http://web.archive.org/web/20160828184639/http://www.fmprc.gov.cn:80/mfa_eng/wjb_663304/zwjg_665342/zwbd_665378/t1114538.shtml,RECOVERABLE_WAYBACK
http://www.fmprc.gov.cn/mfa_eng/wjb_663304/zwjg_665342/zwbd_665378/t1114886.shtml,www.fmprc.gov.cn,2014/1/6,China,Ambassador Liu Xiaoming talks to ITV News at Ten,HTTP_200_REDIRECTED_TO_GENERIC_SOFT404_MARKER,True,http://web.archive.org/web/20170908164411/http://www.fmprc.gov.cn:80/mfa_eng/wjb_663304/zwjg_665342/zwbd_665378/t1114886.shtml,RECOVERABLE_WAYBACK
http://www.fmprc.gov.cn/mfa_eng/xwfw_665399/s2510_665401/2511_665403/t1114992.shtml,www.fmprc.gov.cn,2014/1/6,China,"Foreign Ministry Spokesperson Hua Chunying's Regular Press Conference on January 6, 2014",HTTP_200_REDIRECTED_TO_GENERIC_SOFT404_MARKER,False,,NOT_RECOVERABLE_YET
http://www.fmprc.gov.cn/mfa_eng/wjb_663304/zwjg_665342/zwbd_665378/t1115091.shtml,www.fmprc.gov.cn,2014/1/7,China,H.E. Ambassador Liu Xiaoming's live interview with BBC World Service,HTTP_200_REDIRECTED_TO_GENERIC_SOFT404_MARKER,False,,NOT_RECOVERABLE_YET
http://www.fmprc.gov.cn/mfa_eng/wjb_663304/zwjg_665342/zwbd_665378/t1117856.shtml,www.fmprc.gov.cn,2014/1/8,China,Ambassador Liu Xiaoming talks to Jeremy Paxman on BBC Newsnight,HTTP_200_REDIRECTED_TO_GENERIC_SOFT404_MARKER,False,,NOT_RECOVERABLE_YET
http://www.fmprc.gov.cn/mfa_eng/wjdt_665385/zyjh_665391/t1116509.shtml,www.fmprc.gov.cn,2014/1/9,China,Wang Yi Gave an Interview to Al Jazeera,HTTP_200_REDIRECTED_TO_GENERIC_SOFT404_MARKER,True,http://web.archive.org/web/20171124155850/http://www.fmprc.gov.cn:80/mfa_eng/wjdt_665385/zyjh_665391/t1116509.shtml,RECOVERABLE_WAYBACK
http://www.fmprc.gov.cn/mfa_eng/wjb_663304/zwjg_665342/zwbd_665378/t1117846.shtml,www.fmprc.gov.cn,2014/1/11,China,Xu Erwen: Is Prime Minister Abe Misunderstood?,HTTP_200_REDIRECTED_TO_GENERIC_SOFT404_MARKER,True,http://web.archive.org/web/20160227153359/http://www.fmprc.gov.cn/mfa_eng/wjb_663304/zwjg_665342/zwbd_665378/t1117846.shtml,RECOVERABLE_WAYBACK
http://www.fmprc.gov.cn/mfa_eng/wjb_663304/zwjg_665342/zwbd_665378/t1119442.shtml,www.fmprc.gov.cn,2014/1/16,China,Abe Beautifying Aggression :Sri Lankan Newspaper Ceylon Today's Interview with Chinese Ambassador Wu Jianghao,HTTP_200_REDIRECTED_TO_GENERIC_SOFT404_MARKER,True,http://web.archive.org/web/20210225171335/https://www.fmprc.gov.cn/mfa_eng/wjb_663304/zwjg_665342/zwbd_665378/t1119442.shtml,RECOVERABLE_WAYBACK
http://www.fmprc.gov.cn/mfa_eng/xwfw_665399/s2510_665401/2511_665403/t1119628.shtml,www.fmprc.gov.cn,2014/1/16,China,"Foreign Ministry Spokesperson Hong Lei's Regular Press Conference on January 16, 2014  Foreign Ministry Spokesperson Hon",HTTP_200_REDIRECTED_TO_GENERIC_SOFT404_MARKER,False,,NOT_RECOVERABLE_YET
http://www.fmprc.gov.cn/mfa_eng/wjb_663304/zwjg_665342/zwbd_665378/t1124635.shtml,www.fmprc.gov.cn,2014/1/16,China,Ambassador to France Zhai Jun Publishes Signed Article in Le Figaro on Japanese Prime Minister Shinzo Abe's Visit to Yas,HTTP_200_REDIRECTED_TO_GENERIC_SOFT404_MARKER,False,,NOT_RECOVERABLE_YET
http://www.fmprc.gov.cn/mfa_eng/wjb_663304/zwjg_665342/zwbd_665378/t1120112.shtml,www.fmprc.gov.cn,2014/1/17,China,Only with the right approach to the past can we embrace the future,HTTP_200_REDIRECTED_TO_GENERIC_SOFT404_MARKER,False,,NOT_RECOVERABLE_YET
http://www.fmprc.gov.cn/mfa_eng/wjb_663304/zwjg_665342/zwbd_665378/t1124625.shtml,www.fmprc.gov.cn,2014/1/17,China,"Ambassador to Italy Li Ruiyu Gives Interview to Italian News Agency, Exposing and Criticizing Abe's Visit to the Yasukun",HTTP_200_REDIRECTED_TO_GENERIC_SOFT404_MARKER,True,http://web.archive.org/web/20160227162629/http://www.fmprc.gov.cn/mfa_eng/wjb_663304/zwjg_665342/zwbd_665378/t1124625.shtml,RECOVERABLE_WAYBACK
http://www.fmprc.gov.cn/ce/cein/eng/embassy_news/t1120541.htm,www.fmprc.gov.cn,2014/1/20,China,What China Brings to the World,HTTP_200_REDIRECTED_TO_GENERIC_SOFT404_MARKER,False,,NOT_RECOVERABLE_YET
http://www.fmprc.gov.cn/ce/ceun/eng/hyyfy/t1121264.htm,www.fmprc.gov.cn,2014/1/20,China,Statement by Counsellor Yao Shaojun of the Chinese Delegation at the 2014 First Regular Session of the UN-Women Executiv,HTTP_200_REDIRECTED_TO_GENERIC_SOFT404_MARKER,False,,NOT_RECOVERABLE_YET
http://www.fmprc.gov.cn/ce/ceil/eng/sgxw/t1121133.htm,www.fmprc.gov.cn,2014/1/21,China,"Jerusalem Post Publishes Ambassador Gao Yanping's Article Entitled ""The Holocaust shall never repeat itself""",HTTP_200_REDIRECTED_TO_GENERIC_SOFT404_MARKER,False,,NOT_RECOVERABLE_YET
http://www.fmprc.gov.cn/mfa_eng/xwfw_665399/s2510_665401/2511_665403/t1122750.shtml,www.fmprc.gov.cn,2014/1/24,China,"Foreign Ministry Spokesperson Qin Gang's Regular Press Conference on January 24, 2014",HTTP_200_REDIRECTED_TO_GENERIC_SOFT404_MARKER,False,,NOT_RECOVERABLE_YET
http://www.fmprc.gov.cn/mfa_eng/wjb_663304/zwjg_665342/zwbd_665378/t1122839.shtml,www.fmprc.gov.cn,2014/1/25,China,"Interview with H.E. Ambassador Yang Yanyi , Head of the Mission of the People's Republic of China to the European Union ",HTTP_200_REDIRECTED_TO_GENERIC_SOFT404_MARKER,True,http://web.archive.org/web/20160227143612/http://www.fmprc.gov.cn/mfa_eng/wjb_663304/zwjg_665342/zwbd_665378/t1122839.shtml,RECOVERABLE_WAYBACK
http://www.fmprc.gov.cn/mfa_eng/xwfw_665399/s2510_665401/2511_665403/t1123583.shtml,www.fmprc.gov.cn,2014/1/27,China,"Foreign Ministry Spokesperson Qin Gang's Regular Press Conference on January 27, 2014",HTTP_200_REDIRECTED_TO_GENERIC_SOFT404_MARKER,False,,NOT_RECOVERABLE_YET
http://www.fmprc.gov.cn/mfa_eng/wjb_663304/zwjg_665342/zwbd_665378/t1128122.shtml,www.fmprc.gov.cn,2014/2/5,China,Ambassador to Costa Rica Song Yanbin Writes to Hit Back Wrong Words of Japanese Ambassador to Costa Rica,HTTP_200_REDIRECTED_TO_GENERIC_SOFT404_MARKER,False,,NOT_RECOVERABLE_YET
http://www.fmprc.gov.cn/mfa_eng/wjb_663304/zwjg_665342/zwbd_665378/t1128653.shtml,www.fmprc.gov.cn,2014/2/5,China,Ambassador to Serbia Zhang Wanxue Writes to Criticize Shinzo Abe's Visit to Yasukuni Shrine,HTTP_200_REDIRECTED_TO_GENERIC_SOFT404_MARKER,False,,NOT_RECOVERABLE_YET
http://www.fmprc.gov.cn/mfa_eng/wjb_663304/zwjg_665342/zwbd_665378/t1126082.shtml,www.fmprc.gov.cn,2014/2/6,China,"The Herald Publishes H.E. Ambassador Lin Lin's Signed Article ""History does and will tell all""",HTTP_200_REDIRECTED_TO_GENERIC_SOFT404_MARKER,True,http://web.archive.org/web/20160227152441/http://www.fmprc.gov.cn/mfa_eng/wjb_663304/zwjg_665342/zwbd_665378/t1126082.shtml,RECOVERABLE_WAYBACK
http://www.fmprc.gov.cn/mfa_eng/xwfw_665399/s2510_665401/2511_665403/t1127856.shtml,www.fmprc.gov.cn,2014/2/12,China,"Foreign Ministry Spokesperson Hua Chunying's Regular Press Conference on February 12, 2014",HTTP_200_REDIRECTED_TO_GENERIC_SOFT404_MARKER,False,,NOT_RECOVERABLE_YET
http://www.fmprc.gov.cn/mfa_eng/xwfw_665399/s2510_665401/t1131024.shtml,www.fmprc.gov.cn,2014/2/21,China,"Foreign Ministry Spokesperson Hua Chunying's Regular Press Conference on February 21, 2014",HTTP_200_REDIRECTED_TO_GENERIC_SOFT404_MARKER,False,,NOT_RECOVERABLE_YET
http://www.fmprc.gov.cn/mfa_eng/xwfw_665399/s2510_665401/2511_665403/t1132783.shtml,www.fmprc.gov.cn,2014/2/26,China,"Foreign Ministry Spokesperson Hua Chunying's Regular Press Conference on February 26, 2014",HTTP_200_REDIRECTED_TO_GENERIC_SOFT404_MARKER,True,http://web.archive.org/web/20160808001952/http://www.fmprc.gov.cn:80/mfa_eng/xwfw_665399/s2510_665401/2511_665403/t1132783.shtml,RECOVERABLE_WAYBACK
http://www.fmprc.gov.cn/mfa_eng/xwfw_665399/s2510_665401/2511_665403/t1133216.shtml,www.fmprc.gov.cn,2014/2/28,China,"Foreign Ministry Spokesperson Qin Gang's Regular Press Conference on February 28, 2014",HTTP_200_REDIRECTED_TO_GENERIC_SOFT404_MARKER,True,http://web.archive.org/web/20180609222305/http://www.fmprc.gov.cn:80/mfa_eng/xwfw_665399/s2510_665401/2511_665403/t1133216.shtml,RECOVERABLE_WAYBACK
http://www.fmprc.gov.cn/mfa_eng/wjb_663304/wjbz_663308/2461_663310/t1135385.shtml,www.fmprc.gov.cn,2014/3/18,China,Foreign Minister Wang Yi Meets the Press,HTTP_200_REDIRECTED_TO_GENERIC_SOFT404_MARKER,False,,NOT_RECOVERABLE_YET
http://www.fmprc.gov.cn/mfa_eng/xwfw_665399/s2510_665401/2511_665403/t1141211.shtml,www.fmprc.gov.cn,2014/3/26,China,"Foreign Ministry Spokesperson Hong Lei's Regular Press Conference on March 26, 2014",HTTP_200_REDIRECTED_TO_GENERIC_SOFT404_MARKER,True,http://web.archive.org/web/20160809201117/http://www.fmprc.gov.cn:80/mfa_eng/xwfw_665399/s2510_665401/2511_665403/t1141211.shtml,RECOVERABLE_WAYBACK
http://www.fmprc.gov.cn/mfa_eng/wjdt_665385/zyjh_665391/t1148640.shtml,www.fmprc.gov.cn,2014/3/28,China,Speech by H.E. Xi Jinping President of the People's Republic of China At the Körber Foundation,HTTP_200_REDIRECTED_TO_GENERIC_SOFT404_MARKER,True,http://web.archive.org/web/20211102020216/https://www.fmprc.gov.cn/mfa_eng/wjdt_665385/zyjh_665391/t1148640.shtml,RECOVERABLE_WAYBACK
http://www.fmprc.gov.cn/mfa_eng/xwfw_665399/s2510_665401/t1146437.shtml,www.fmprc.gov.cn,2014/4/12,China,Foreign Ministry Spokesperson Hong Lei's Remarks on the Visit to the Yasukuni Shrine by Japan's Minister of Internal Aff,HTTP_200_REDIRECTED_TO_GENERIC_SOFT404_MARKER,True,http://web.archive.org/web/20211015200020/https://www.fmprc.gov.cn/mfa_eng/xwfw_665399/s2510_665401/t1146437.shtml,RECOVERABLE_WAYBACK
http://www.fmprc.gov.cn/mfa_eng/wjb_663304/zwjg_665342/zwbd_665378/t1147369.shtml,www.fmprc.gov.cn,2014/4/15,China,Reversing the Wheel of History Must End up in Failure!,HTTP_200_REDIRECTED_TO_GENERIC_SOFT404_MARKER,False,,NOT_RECOVERABLE_YET
http://www.fmprc.gov.cn/mfa_eng/wjb_663304/zwjg_665342/zwbd_665378/t1148677.shtml,www.fmprc.gov.cn,2014/4/16,China,Ambassador to Japan Cheng Yonghua Delivers Speech at Genron NPO of Japan,HTTP_200_REDIRECTED_TO_GENERIC_SOFT404_MARKER,True,http://web.archive.org/web/20160403100906/http://www.fmprc.gov.cn:80/mfa_eng/wjb_663304/zwjg_665342/zwbd_665378/t1148677.shtml,RECOVERABLE_WAYBACK
http://www.fmprc.gov.cn/mfa_eng/xwfw_665399/s2510_665401/t1148846.shtml,www.fmprc.gov.cn,2014/4/21,China,"Foreign Ministry Spokesperson Qin Gang's Regular Press Conference on April 21, 2014",HTTP_200_REDIRECTED_TO_GENERIC_SOFT404_MARKER,False,,NOT_RECOVERABLE_YET
http://www.fmprc.gov.cn/mfa_eng/xwfw_665399/s2510_665401/2511_665403/t1155154.shtml,www.fmprc.gov.cn,2014/5/12,China,"Foreign Ministry Spokesperson Hua Chunying's Regular Press Conference on May 12, 2014",HTTP_200_REDIRECTED_TO_GENERIC_SOFT404_MARKER,True,http://web.archive.org/web/20170314131318/http://www.fmprc.gov.cn/mfa_eng/xwfw_665399/s2510_665401/2511_665403/t1155154.shtml,RECOVERABLE_WAYBACK
http://www.fmprc.gov.cn/mfa_eng/xwfw_665399/s2510_665401/t1161810.shtml,www.fmprc.gov.cn,2014/6/3,China,"Foreign Ministry Spokesperson Hong Lei's Regular Press Conference on June 3, 2014",HTTP_200_REDIRECTED_TO_GENERIC_SOFT404_MARKER,False,,NOT_RECOVERABLE_YET
http://www.fmprc.gov.cn/mfa_eng/xwfw_665399/s2510_665401/t1164254.shtml,www.fmprc.gov.cn,2014/6/10,China,"Foreign Ministry Spokesperson Hua Chunying's Regular Press Conference on June 10, 2014",HTTP_200_REDIRECTED_TO_GENERIC_SOFT404_MARKER,True,http://web.archive.org/web/20210922121417/https://www.fmprc.gov.cn/mfa_eng/xwfw_665399/s2510_665401/t1164254.shtml,RECOVERABLE_WAYBACK
http://www.fmprc.gov.cn/mfa_eng/xwfw_665399/s2510_665401/t1164598.shtml,www.fmprc.gov.cn,2014/6/11,China,"Foreign Ministry Spokesperson Hua Chunying's Regular Press Conference on June 11, 2014",HTTP_200_REDIRECTED_TO_GENERIC_SOFT404_MARKER,True,http://web.archive.org/web/20210417135535/https://www.fmprc.gov.cn/mfa_eng/xwfw_665399/s2510_665401/t1164598.shtml,RECOVERABLE_WAYBACK
http://www.fmprc.gov.cn/mfa_eng/xwfw_665399/s2510_665401/t1165222.shtml,www.fmprc.gov.cn,2014/6/12,China,"Foreign Ministry Spokesperson Hua Chunying's Regular Press Conference on June 12, 2014",HTTP_200_REDIRECTED_TO_GENERIC_SOFT404_MARKER,False,,NOT_RECOVERABLE_YET
http://www.fmprc.gov.cn/mfa_eng/xwfw_665399/s2510_665401/2511_665403/t1165222.shtml,www.fmprc.gov.cn,2014/6/12,China,"Foreign Ministry Spokesperson Hua Chunying's Regular Press Conference on June 12, 2014",HTTP_200_REDIRECTED_TO_GENERIC_SOFT404_MARKER,False,,NOT_RECOVERABLE_YET
http://www.fmprc.gov.cn/mfa_eng/xwfw_665399/s2510_665401/t1167492.shtml,www.fmprc.gov.cn,2014/6/20,China,"Foreign Ministry Spokesperson Hua Chunying's Regular Press Conference on June 20, 2014",HTTP_200_REDIRECTED_TO_GENERIC_SOFT404_MARKER,True,http://web.archive.org/web/20140622122918/http://www.fmprc.gov.cn/mfa_eng/xwfw_665399/s2510_665401/t1167492.shtml,RECOVERABLE_WAYBACK
http://www.fmprc.gov.cn/mfa_eng/xwfw_665399/s2510_665401/t1168011.shtml,www.fmprc.gov.cn,2014/6/23,China,"Foreign Ministry Spokesperson Hua Chunying's Regular Press Conference on June 23, 2014",HTTP_200_REDIRECTED_TO_GENERIC_SOFT404_MARKER,True,http://web.archive.org/web/20200131052657/https://www.fmprc.gov.cn/mfa_eng/xwfw_665399/s2510_665401/t1168011.shtml,RECOVERABLE_WAYBACK
http://www.fmprc.gov.cn/mfa_eng/xwfw_665399/s2510_665401/2511_665403/t1173697.shtml,www.fmprc.gov.cn,2014/7/11,China,"Foreign Ministry Spokesperson Qin Gang's Regular Press Conference on July 11, 2014",HTTP_200_REDIRECTED_TO_GENERIC_SOFT404_MARKER,True,http://web.archive.org/web/20201227175911/https://www.fmprc.gov.cn/mfa_eng/xwfw_665399/s2510_665401/2511_665403/t1173697.shtml,RECOVERABLE_WAYBACK
http://www.fmprc.gov.cn/mfa_eng/xwfw_665399/s2510_665401/t1183014.shtml,www.fmprc.gov.cn,2014/8/15,China,Foreign Ministry Spokesperson Hua Chunying's Remarks on the Visits to the Yasukuni Shrine Made by Some Members of the Ja,HTTP_200_REDIRECTED_TO_GENERIC_SOFT404_MARKER,True,http://web.archive.org/web/20150324052817/http://www.fmprc.gov.cn:80/mfa_eng/xwfw_665399/s2510_665401/t1183014.shtml,RECOVERABLE_WAYBACK
http://www.fmprc.gov.cn/mfa_eng/xwfw_665399/s2510_665401/t1183015.shtml,www.fmprc.gov.cn,2014/8/15,China,Foreign Ministry Spokesperson Hua Chunying's Remarks on the Commemorative Activities to be Held by the Chinese Governmen,HTTP_200_REDIRECTED_TO_GENERIC_SOFT404_MARKER,False,,NOT_RECOVERABLE_YET
http://www.fmprc.gov.cn/mfa_eng/xwfw_665399/s2510_665401/t1186323.shtml,www.fmprc.gov.cn,2014/8/28,China,Foreign Ministry Spokesperson Qin Gang's Remarks on Japanese Leader's Erroneous Words and Deeds about Japan's History of,HTTP_200_REDIRECTED_TO_GENERIC_SOFT404_MARKER,True,http://web.archive.org/web/20150321073253/http://www.fmprc.gov.cn:80/mfa_eng/xwfw_665399/s2510_665401/t1186323.shtml,RECOVERABLE_WAYBACK
http://www.fmprc.gov.cn/mfa_eng/wjb_663304/zwjg_665342/zwbd_665378/t1189011.shtml,www.fmprc.gov.cn,2014/9/6,China,Commemorate the Chinese People's War of Resistance against Japanese Aggression to Jointly Safeguard World ,HTTP_200_REDIRECTED_TO_GENERIC_SOFT404_MARKER,False,,NOT_RECOVERABLE_YET
http://www.fmprc.gov.cn/mfa_eng/xwfw_665399/s2510_665401/t1200858.shtml,www.fmprc.gov.cn,2014/10/15,China,"Foreign Ministry Spokesperson Hong Lei's Regular Press Conference on October 15, 2014",HTTP_200_REDIRECTED_TO_GENERIC_SOFT404_MARKER,True,http://web.archive.org/web/20170707082704/http://www.fmprc.gov.cn:80/mfa_eng/xwfw_665399/s2510_665401/t1200858.shtml,RECOVERABLE_WAYBACK
http://www.fmprc.gov.cn/mfa_eng/wjb_663304/zwjg_665342/zwbd_665378/t1124615.shtml,www.fmprc.gov.cn,2014/10/21,China,Ambassador to Japan Cheng Yonghua Talks and Exchanges with Teachers and Students of Sophia University on Yasukuni Shrine,HTTP_200_REDIRECTED_TO_GENERIC_SOFT404_MARKER,True,http://web.archive.org/web/20160316100417/http://www.fmprc.gov.cn/mfa_eng/wjb_663304/zwjg_665342/zwbd_665378/t1124615.shtml,RECOVERABLE_WAYBACK
http://www.fmprc.gov.cn/mfa_eng/xwfw_665399/s2510_665401/t1203064.shtml,www.fmprc.gov.cn,2014/10/22,China,"Foreign Ministry Spokesperson Hua Chunying's Regular Press Conference on October 22, 2014",HTTP_200_REDIRECTED_TO_GENERIC_SOFT404_MARKER,True,http://web.archive.org/web/20210903154001/https://www.fmprc.gov.cn/mfa_eng/xwfw_665399/s2510_665401/t1203064.shtml,RECOVERABLE_WAYBACK
http://www.fmprc.gov.cn/mfa_eng/xwfw_665399/s2510_665401/t1225027.shtml,www.fmprc.gov.cn,2014/12/31,China,"Foreign Ministry Spokesperson Hua Chunying's Regular Press Conference on December 31, 2014",HTTP_200_REDIRECTED_TO_GENERIC_SOFT404_MARKER,True,http://web.archive.org/web/20180311181241/http://www.fmprc.gov.cn:80/mfa_eng/xwfw_665399/s2510_665401/t1225027.shtml,RECOVERABLE_WAYBACK
http://www.fmprc.gov.cn/mfa_eng/xwfw_665399/s2510_665401/t1227486.shtml,www.fmprc.gov.cn,2015/1/12,China,"Foreign Ministry Spokesperson Hong Lei's Regular Press Conference on January 12, 2015",HTTP_200_REDIRECTED_TO_GENERIC_SOFT404_MARKER,True,http://web.archive.org/web/20210521235442/https://www.fmprc.gov.cn/mfa_eng/xwfw_665399/s2510_665401/t1227486.shtml,RECOVERABLE_WAYBACK
http://www.fmprc.gov.cn/mfa_eng/xwfw_665399/s2510_665401/t1228626.shtml,www.fmprc.gov.cn,2015/1/15,China,"Foreign Ministry Spokesperson Hong Lei's Regular Press Conference on January 15, 2015",HTTP_200_REDIRECTED_TO_GENERIC_SOFT404_MARKER,True,http://web.archive.org/web/20150629125641/http://www.fmprc.gov.cn/mfa_eng/xwfw_665399/s2510_665401/t1228626.shtml,RECOVERABLE_WAYBACK
http://www.fmprc.gov.cn/mfa_eng/xwfw_665399/s2510_665401/t1230408.shtml,www.fmprc.gov.cn,2015/1/22,China,"Foreign Ministry Spokesperson Hua Chunying's Regular Press Conference on January 21, 2015",HTTP_200_REDIRECTED_TO_GENERIC_SOFT404_MARKER,True,http://web.archive.org/web/20150627045824/http://www.fmprc.gov.cn/mfa_eng/xwfw_665399/s2510_665401/t1230408.shtml,RECOVERABLE_WAYBACK
http://www.fmprc.gov.cn/mfa_eng/xwfw_665399/s2510_665401/t1230645.shtml,www.fmprc.gov.cn,2015/1/22,China,"Foreign Ministry Spokesperson Hua Chunying's Regular Press Conference on January 22, 2015",HTTP_200_REDIRECTED_TO_GENERIC_SOFT404_MARKER,True,http://web.archive.org/web/20150702062937/http://www.fmprc.gov.cn/mfa_eng/xwfw_665399/s2510_665401/t1230645.shtml,RECOVERABLE_WAYBACK
http://www.fmprc.gov.cn/mfa_eng/xwfw_665399/s2510_665401/t1231633.shtml,www.fmprc.gov.cn,2015/1/26,China,"Foreign Ministry Spokesperson Hua Chunying's Regular Press Conference on January 26, 2015",HTTP_200_REDIRECTED_TO_GENERIC_SOFT404_MARKER,True,http://web.archive.org/web/20181107010515/https://www.fmprc.gov.cn/mfa_eng/xwfw_665399/s2510_665401/t1231633.shtml,RECOVERABLE_WAYBACK
http://www.fmprc.gov.cn/mfa_eng/wjb_663304/zwjg_665342/zwbd_665378/t1234724.shtml,www.fmprc.gov.cn,2015/2/5,China,Speech by Ambassador Le Yucheng in Jawaharlal Nehru University,HTTP_200_REDIRECTED_TO_GENERIC_SOFT404_MARKER,True,http://web.archive.org/web/20150704113304/http://www.fmprc.gov.cn/mfa_eng/wjb_663304/zwjg_665342/zwbd_665378/t1234724.shtml,RECOVERABLE_WAYBACK
http://www.fmprc.gov.cn/mfa_eng/wjbxw/t1240745.shtml,www.fmprc.gov.cn,2015/2/17,China,Vice Foreign Minister Cheng Guoping and Russian Ambassador to China Andrei Denisov Hold Joint Press Conference,HTTP_200_REDIRECTED_TO_GENERIC_SOFT404_MARKER,False,,NOT_RECOVERABLE_YET
http://www.fmprc.gov.cn/mfa_eng/xwfw_665399/s2510_665401/t1241925.shtml,www.fmprc.gov.cn,2015/3/2,China,Foreign Ministry Spokesperson Hua Chunying's Remarks on Commemorative Activities for 70th Anniversary of Victory of Chin,HTTP_200_REDIRECTED_TO_GENERIC_SOFT404_MARKER,False,,NOT_RECOVERABLE_YET
http://www.fmprc.gov.cn/mfa_eng/xwfw_665399/s2510_665401/t1242257.shtml,www.fmprc.gov.cn,2015/3/3,China,"Foreign Ministry Spokesperson Hua Chunying's Regular Press Conference on March 3, 2015",HTTP_200_REDIRECTED_TO_GENERIC_SOFT404_MARKER,False,,NOT_RECOVERABLE_YET
http://www.fmprc.gov.cn/mfa_eng/zxxx_662805/t1243662.shtml,www.fmprc.gov.cn,2015/3/4,China,Foreign Minister Wang Yi Meets the Press,HTTP_200_REDIRECTED_TO_GENERIC_SOFT404_MARKER,False,,NOT_RECOVERABLE_YET
http://www.fmprc.gov.cn/mfa_eng/xwfw_665399/s2510_665401/t1243944.shtml,www.fmprc.gov.cn,2015/3/9,China,"Foreign Ministry Spokesperson Hong Lei's Regular Press Conference on March 9, 2015",HTTP_200_REDIRECTED_TO_GENERIC_SOFT404_MARKER,False,,NOT_RECOVERABLE_YET
http://www.fmprc.gov.cn/mfa_eng/wjdt_665385/zyjh_665391/t1247170.shtml,www.fmprc.gov.cn,2015/3/16,China,Premier Li Keqiang Meets the Press,HTTP_200_REDIRECTED_TO_GENERIC_SOFT404_MARKER,True,http://web.archive.org/web/20171124161413/http://www.fmprc.gov.cn:80/mfa_eng/wjdt_665385/zyjh_665391/t1247170.shtml,RECOVERABLE_WAYBACK
http://www.fmprc.gov.cn/ce/cenp/eng/fyrth/t1247438.htm,www.fmprc.gov.cn,2015/3/20,China,"Foreign Ministry Spokesperson Hong Lei's Regular Press Conference on March 20, 2015",HTTP_200_REDIRECTED_TO_GENERIC_SOFT404_MARKER,False,,NOT_RECOVERABLE_YET
http://www.fmprc.gov.cn/mfa_eng/wjdt_665385/zyjh_665391/t1250690.shtml,www.fmprc.gov.cn,2015/3/28,China,Full text of Chinese President's speech at Boao Forum for Asia,HTTP_200_REDIRECTED_TO_GENERIC_SOFT404_MARKER,True,http://web.archive.org/web/20211010200236/https://www.fmprc.gov.cn/mfa_eng/wjdt_665385/zyjh_665391/t1250690.shtml,RECOVERABLE_WAYBACK
http://www.fmprc.gov.cn/mfa_eng/xwfw_665399/s2510_665401/t1252679.shtml,www.fmprc.gov.cn,2015/4/7,China,"Foreign Ministry Spokesperson Hua Chunying's Regular Press Conference on April 7, 2015",HTTP_200_REDIRECTED_TO_GENERIC_SOFT404_MARKER,True,http://web.archive.org/web/20160514201215/http://www.fmprc.gov.cn:80/mfa_eng/xwfw_665399/s2510_665401/t1252679.shtml,RECOVERABLE_WAYBACK
http://www.fmprc.gov.cn/mfa_eng/xwfw_665399/s2510_665401/t1254585.shtml,www.fmprc.gov.cn,2015/4/14,China,"Foreign Ministry Spokesperson Hong Lei's Regular Press Conference on April 14, 2015",HTTP_200_REDIRECTED_TO_GENERIC_SOFT404_MARKER,True,http://web.archive.org/web/20160511074535/http://www.fmprc.gov.cn:80/mfa_eng/xwfw_665399/s2510_665401/t1254585.shtml,RECOVERABLE_WAYBACK
http://www.fmprc.gov.cn/mfa_eng/wjb_663304/zwjg_665342/zwbd_665378/t1255737.shtml,www.fmprc.gov.cn,2015/4/17,China,"Address by H.E. Ambassador Yang Yanyi, Head of the Chinese Mission to the EU at the Leuven Institute for Ireland in Euro",HTTP_200_REDIRECTED_TO_GENERIC_SOFT404_MARKER,True,http://web.archive.org/web/20160227111909/http://www.fmprc.gov.cn/mfa_eng/wjb_663304/zwjg_665342/zwbd_665378/t1255737.shtml,RECOVERABLE_WAYBACK
http://www.fmprc.gov.cn/mfa_eng/xwfw_665399/s2510_665401/2511_665403/t1256515.shtml,www.fmprc.gov.cn,2015/4/21,China,"Foreign Ministry Spokesperson Hong Lei's Regular Press Conference on April 21, 2015",HTTP_200_REDIRECTED_TO_GENERIC_SOFT404_MARKER,True,http://web.archive.org/web/20150704050253/http://www.fmprc.gov.cn:80/mfa_eng/xwfw_665399/s2510_665401/2511_665403/t1256515.shtml,RECOVERABLE_WAYBACK
http://www.fmprc.gov.cn/mfa_eng/xwfw_665399/s2510_665401/t1257359.shtml,www.fmprc.gov.cn,2015/4/23,China,"Foreign Ministry Spokesperson Hong Lei's Regular Press Conference on April 23, 2015",HTTP_200_REDIRECTED_TO_GENERIC_SOFT404_MARKER,True,http://web.archive.org/web/20150716224129/http://www.fmprc.gov.cn/mfa_eng/xwfw_665399/s2510_665401/t1257359.shtml,RECOVERABLE_WAYBACK
http://www.fmprc.gov.cn/mfa_eng/xwfw_665399/s2510_665401/t1258874.shtml,www.fmprc.gov.cn,2015/4/28,China,"Foreign Ministry Spokesperson Hong Lei's Regular Press Conference on April 28, 2015",HTTP_200_REDIRECTED_TO_GENERIC_SOFT404_MARKER,True,http://web.archive.org/web/20201127030504/https://www.fmprc.gov.cn/mfa_eng/xwfw_665399/s2510_665401/t1258874.shtml,RECOVERABLE_WAYBACK
http://www.fmprc.gov.cn/mfa_eng/xwfw_665399/s2510_665401/t1259920.shtml,www.fmprc.gov.cn,2015/4/30,China,"Foreign Ministry Spokesperson Hong Lei's Regular Press Conference on April 30, 2015",HTTP_200_REDIRECTED_TO_GENERIC_SOFT404_MARKER,True,http://web.archive.org/web/20210521234906/https://www.fmprc.gov.cn/mfa_eng/xwfw_665399/s2510_665401/t1259920.shtml,RECOVERABLE_WAYBACK
http://www.fmprc.gov.cn/mfa_eng/xwfw_665399/s2510_665401/t1263642.shtml,www.fmprc.gov.cn,2015/5/13,China,"Foreign Ministry Spokesperson Hua Chunying's Regular Press Conference on May 13, 2015",HTTP_200_REDIRECTED_TO_GENERIC_SOFT404_MARKER,True,http://web.archive.org/web/20210921142200/https://www.fmprc.gov.cn/mfa_eng/xwfw_665399/s2510_665401/t1263642.shtml,RECOVERABLE_WAYBACK
http://www.fmprc.gov.cn/mfa_eng/xwfw_665399/s2510_665401/t1263944.shtml,www.fmprc.gov.cn,2015/5/14,China,"Foreign Ministry Spokesperson Hua Chunying's Regular Press Conference on May 14, 2015",HTTP_200_REDIRECTED_TO_GENERIC_SOFT404_MARKER,True,http://web.archive.org/web/20160516115312/http://www.fmprc.gov.cn:80/mfa_eng/xwfw_665399/s2510_665401/t1263944.shtml,RECOVERABLE_WAYBACK
http://www.fmprc.gov.cn/mfa_eng/xwfw_665399/s2510_665401/t1266162.shtml,www.fmprc.gov.cn,2015/5/22,China,"Foreign Ministry Spokesperson Hong Lei's Regular Press Conference on May 22, 2015",HTTP_200_REDIRECTED_TO_GENERIC_SOFT404_MARKER,True,http://web.archive.org/web/20180118031309/http://www.fmprc.gov.cn:80/mfa_eng/xwfw_665399/s2510_665401/t1266162.shtml,RECOVERABLE_WAYBACK
http://www.fmprc.gov.cn/mfa_eng/xwfw_665399/s2510_665401/t1269493.shtml,www.fmprc.gov.cn,2015/6/2,China,"Foreign Ministry Spokesperson Hua Chunying's Regular Press Conference on June 2, 2015",HTTP_200_REDIRECTED_TO_GENERIC_SOFT404_MARKER,True,http://web.archive.org/web/20150611115615/http://www.fmprc.gov.cn:80/mfa_eng/xwfw_665399/s2510_665401/t1269493.shtml,RECOVERABLE_WAYBACK
http://www.fmprc.gov.cn/mfa_eng/xwfw_665399/s2510_665401/t1273205.shtml,www.fmprc.gov.cn,2015/6/15,China,"Foreign Ministry Spokesperson Lu Kang's Regular Press Conference on June 15, 2015",HTTP_200_REDIRECTED_TO_GENERIC_SOFT404_MARKER,True,http://web.archive.org/web/20210525004435/https://www.fmprc.gov.cn/mfa_eng/xwfw_665399/s2510_665401/t1273205.shtml,RECOVERABLE_WAYBACK
http://www.fmprc.gov.cn/mfa_eng/xwfw_665399/s2510_665401/t1273539.shtml,www.fmprc.gov.cn,2015/6/16,China,"Foreign Ministry Spokesperson Lu Kang's Regular Press Conference on June 16, 2015",HTTP_200_REDIRECTED_TO_GENERIC_SOFT404_MARKER,True,http://web.archive.org/web/20210521234732/https://www.fmprc.gov.cn/mfa_eng/xwfw_665399/s2510_665401/t1273539.shtml,RECOVERABLE_WAYBACK
http://www.fmprc.gov.cn/mfa_eng/xwfw_665399/s2510_665401/t1269971.shtml,www.fmprc.gov.cn,2015/6/23,China,"Foreign Ministry Spokesperson Hua Chunying's Regular Press Conference on June 3, 2015",HTTP_200_REDIRECTED_TO_GENERIC_SOFT404_MARKER,True,http://web.archive.org/web/20210805072356/https://www.fmprc.gov.cn/mfa_eng/xwfw_665399/s2510_665401/t1269971.shtml,RECOVERABLE_WAYBACK
http://www.fmprc.gov.cn/mfa_eng/xwfw_665399/s2510_665401/t1275373.shtml,www.fmprc.gov.cn,2015/6/23,China,"Foreign Ministry Spokesperson Lu Kang's Regular Press Conference on June 23, 2015",HTTP_200_REDIRECTED_TO_GENERIC_SOFT404_MARKER,True,http://web.archive.org/web/20160513113256/http://www.fmprc.gov.cn:80/mfa_eng/xwfw_665399/s2510_665401/t1275373.shtml,RECOVERABLE_WAYBACK
http://www.fmprc.gov.cn/mfa_eng/xwfw_665399/s2510_665401/t1275673.shtml,www.fmprc.gov.cn,2015/6/24,China,"Foreign Ministry Spokesperson Lu Kang's Regular Press Conference on June 24, 2015",HTTP_200_REDIRECTED_TO_GENERIC_SOFT404_MARKER,True,http://web.archive.org/web/20191009023717/https://www.fmprc.gov.cn/mfa_eng/xwfw_665399/s2510_665401/t1275673.shtml,RECOVERABLE_WAYBACK
http://www.fmprc.gov.cn/mfa_eng/xwfw_665399/s2510_665401/t1276489.shtml,www.fmprc.gov.cn,2015/6/26,China,"Foreign Ministry Spokesperson Lu Kang's Regular Press Conference on June 26, 2015",HTTP_200_REDIRECTED_TO_GENERIC_SOFT404_MARKER,True,http://web.archive.org/web/20150723030031/http://www.fmprc.gov.cn/mfa_eng/xwfw_665399/s2510_665401/t1276489.shtml,RECOVERABLE_WAYBACK
http://www.fmprc.gov.cn/mfa_eng/wjb_663304/wjbz_663308/2461_663310/t1276595.shtml,www.fmprc.gov.cn,2015/6/27,China,"China's Role in the Global and Regional Order: Participant, Facilitator and Contributor",HTTP_200_REDIRECTED_TO_GENERIC_SOFT404_MARKER,True,http://web.archive.org/web/20211022185613/https://www.fmprc.gov.cn/mfa_eng/wjb_663304/wjbz_663308/2461_663310/t1276595.shtml,RECOVERABLE_WAYBACK
http://www.fmprc.gov.cn/nanhai/eng/fyrbt_1/t1276947.htm,www.fmprc.gov.cn,2015/6/29,China,Foreign Ministry Spokesperson Hua Chunying's Remarks on the Philippines' Playing up and Airing of a Documentary on the S,HTTP_200_REDIRECTED_TO_GENERIC_SOFT404_MARKER,False,,NOT_RECOVERABLE_YET
http://www.fmprc.gov.cn/mfa_eng/xwfw_665399/s2510_665401/t1278368.shtml,www.fmprc.gov.cn,2015/7/3,China,"Foreign Ministry Spokesperson Hua Chunying's Regular Press Conference on July 3, 2015",HTTP_200_REDIRECTED_TO_GENERIC_SOFT404_MARKER,True,http://web.archive.org/web/20210521234641/https://www.fmprc.gov.cn/mfa_eng/xwfw_665399/s2510_665401/t1278368.shtml,RECOVERABLE_WAYBACK
http://www.fmprc.gov.cn/mfa_eng/xwfw_665399/s2510_665401/t1278960.shtml,www.fmprc.gov.cn,2015/7/6,China,"Foreign Ministry Spokesperson Hua Chunying's Regular Press Conference on July 6, 2015",HTTP_200_REDIRECTED_TO_GENERIC_SOFT404_MARKER,True,http://web.archive.org/web/20160514202037/http://www.fmprc.gov.cn:80/mfa_eng/xwfw_665399/s2510_665401/t1278960.shtml,RECOVERABLE_WAYBACK
http://www.fmprc.gov.cn/mfa_eng/xwfw_665399/s2510_665401/t1279275.shtml,www.fmprc.gov.cn,2015/7/7,China,"Foreign Ministry Spokesperson Hua Chunying's Regular Press Conference on July 7, 2015",HTTP_200_REDIRECTED_TO_GENERIC_SOFT404_MARKER,True,http://web.archive.org/web/20160514163717/http://www.fmprc.gov.cn:80/mfa_eng/xwfw_665399/s2510_665401/t1279275.shtml,RECOVERABLE_WAYBACK
http://www.fmprc.gov.cn/mfa_eng/xwfw_665399/s2510_665401/t1279708.shtml,www.fmprc.gov.cn,2015/7/8,China,"Foreign Ministry Spokesperson Hua Chunying's Regular Press Conference on July 8, 2015",HTTP_200_REDIRECTED_TO_GENERIC_SOFT404_MARKER,True,http://web.archive.org/web/20160513130321/http://www.fmprc.gov.cn:80/mfa_eng/xwfw_665399/s2510_665401/t1279708.shtml,RECOVERABLE_WAYBACK
http://www.fmprc.gov.cn/mfa_eng/xwfw_665399/s2510_665401/t1281847.shtml,www.fmprc.gov.cn,2015/7/16,China,Foreign Ministry Spokesperson Hua Chunying's Remarks on Japan's House of Representatives Approving New Security Bills,HTTP_200_REDIRECTED_TO_GENERIC_SOFT404_MARKER,True,http://web.archive.org/web/20200923164712/https://www.fmprc.gov.cn/mfa_eng/xwfw_665399/s2510_665401/t1281847.shtml,RECOVERABLE_WAYBACK
http://www.fmprc.gov.cn/ce/ceph/eng/sgdt/t1282885.htm,www.fmprc.gov.cn,2015/7/21,China,Ambassador Zhao Jianhua Meets the Philippine Media,HTTP_200_REDIRECTED_TO_GENERIC_SOFT404_MARKER,False,,NOT_RECOVERABLE_YET
http://www.fmprc.gov.cn/mfa_eng/xwfw_665399/s2510_665401/t1289042.shtml,www.fmprc.gov.cn,2015/8/15,China,Foreign Ministry Spokesperson Hua Chunying's Remarks on Some Japanese Cabinet Members Visiting Yasukuni Shrine,HTTP_200_REDIRECTED_TO_GENERIC_SOFT404_MARKER,True,http://web.archive.org/web/20210522142608/https://www.fmprc.gov.cn/mfa_eng/xwfw_665399/s2510_665401/t1289042.shtml,RECOVERABLE_WAYBACK
http://www.fmprc.gov.cn/mfa_eng/xwfw_665399/s2510_665401/t1288969.shtml,www.fmprc.gov.cn,2015/8/15,China,Foreign Ministry Spokesperson Hua Chunying's Remarks on Japanese Prime Minister Shinzo Abe's Statement on the 70th Anniv,HTTP_200_REDIRECTED_TO_GENERIC_SOFT404_MARKER,True,http://web.archive.org/web/20210803134958/https://www.fmprc.gov.cn/mfa_eng/xwfw_665399/s2510_665401/t1288969.shtml,RECOVERABLE_WAYBACK
http://www.fmprc.gov.cn/mfa_eng/topics_665678/jnkzsl70zn/t1289609.shtml,www.fmprc.gov.cn,2015/8/18,China,Remarks by H.E. Le Yucheng At the Seminar on China-India Cooperation During WWII,HTTP_200_REDIRECTED_TO_GENERIC_SOFT404_MARKER,True,http://web.archive.org/web/20150912050747/http://www.fmprc.gov.cn/mfa_eng/topics_665678/jnkzsl70zn/t1289609.shtml,RECOVERABLE_WAYBACK
http://www.fmprc.gov.cn/ce/ceun/eng/czthd/t1291000.htm,www.fmprc.gov.cn,2015/8/24,China,"Remarks by Ambassador Wang Min at the Opening Ceremony of the Photo Exhibition ""Remembering for Peace""",HTTP_200_REDIRECTED_TO_GENERIC_SOFT404_MARKER,True,http://web.archive.org/web/20190905074121/https://www.fmprc.gov.cn/ce/ceun/eng/czthd/t1291000.htm,RECOVERABLE_WAYBACK
http://www.fmprc.gov.cn/mfa_eng/topics_665678/jnkzsl70zn/t1292138.shtml,www.fmprc.gov.cn,2015/8/28,China,Speech by Ambassador Zhang Weidong at the Seminar in Commemoration of the 70th Anniversary of the Victory of the War of ,HTTP_200_REDIRECTED_TO_GENERIC_SOFT404_MARKER,True,http://web.archive.org/web/20150908144249/http://www.fmprc.gov.cn/mfa_eng/topics_665678/jnkzsl70zn/t1292138.shtml,RECOVERABLE_WAYBACK
http://www.fmprc.gov.cn/mfa_eng/wjb_663304/zwjg_665342/zwbd_665378/t1292142.shtml,www.fmprc.gov.cn,2015/8/28,China,Embassy of China in Iceland Holds Seminar in Commemoration of the 70th Anniversary of the Victory of War of Resistance A,HTTP_200_REDIRECTED_TO_GENERIC_SOFT404_MARKER,True,http://web.archive.org/web/20150906025430/http://www.fmprc.gov.cn/mfa_eng/wjb_663304/zwjg_665342/zwbd_665378/t1292142.shtml,RECOVERABLE_WAYBACK
http://www.fmprc.gov.cn/mfa_eng/xwfw_665399/s2510_665401/t1292984.shtml,www.fmprc.gov.cn,2015/9/1,China,"Foreign Ministry Spokesperson Hua Chunying's Regular Press Conference on September 1, 2015",HTTP_200_REDIRECTED_TO_GENERIC_SOFT404_MARKER,False,,NOT_RECOVERABLE_YET
http://www.fmprc.gov.cn/mfa_eng/xwfw_665399/s2510_665401/t1293417.shtml,www.fmprc.gov.cn,2015/9/3,China,"Foreign Ministry Spokesperson Hua Chunying's Regular Press Conference on September 2, 2015",HTTP_200_REDIRECTED_TO_GENERIC_SOFT404_MARKER,True,http://web.archive.org/web/20210521234505/https://www.fmprc.gov.cn/mfa_eng/xwfw_665399/s2510_665401/t1293417.shtml,RECOVERABLE_WAYBACK
http://www.fmprc.gov.cn/ce/ceil/eng/zt/70ww2/t1293426.htm,www.fmprc.gov.cn,2015/9/3,China,Chinese President Xi Jinping's speech at commemoration of 70th anniversary of war victory,HTTP_200_REDIRECTED_TO_GENERIC_SOFT404_MARKER,False,,NOT_RECOVERABLE_YET
http://www.fmprc.gov.cn/mfa_eng/xwfw_665399/s2510_665401/t1298235.shtml,www.fmprc.gov.cn,2015/9/19,China,Foreign Ministry Spokesperson Hong Lei's Remarks on Japanese Diet's Approval of New Security Legislation,HTTP_200_REDIRECTED_TO_GENERIC_SOFT404_MARKER,True,http://web.archive.org/web/20210522204951/https://www.fmprc.gov.cn/mfa_eng/xwfw_665399/s2510_665401/t1298235.shtml,RECOVERABLE_WAYBACK
http://www.fmprc.gov.cn/mfa_eng/wjb_663304/zwjg_665342/zwbd_665378/t1298417.shtml,www.fmprc.gov.cn,2015/9/21,China,"Lest We Forget, Cherish Peace",HTTP_200_REDIRECTED_TO_GENERIC_SOFT404_MARKER,False,,NOT_RECOVERABLE_YET
http://www.fmprc.gov.cn/mfa_eng/xwfw_665399/s2510_665401/t1304670.shtml,www.fmprc.gov.cn,2015/10/9,China,"Foreign Ministry Spokesperson Hua Chunying's Regular Press Conference on October 9, 2015",HTTP_200_REDIRECTED_TO_GENERIC_SOFT404_MARKER,False,,NOT_RECOVERABLE_YET
http://www.fmprc.gov.cn/mfa_eng/xwfw_665399/s2510_665401/t1304858.shtml,www.fmprc.gov.cn,2015/10/10,China,Foreign Ministry Spokesperson Hua Chunying's Remarks on Documents of Nanjing Massacre Inscribed on Memory of World Regis,HTTP_200_REDIRECTED_TO_GENERIC_SOFT404_MARKER,True,http://web.archive.org/web/20160227203647/http://www.fmprc.gov.cn/mfa_eng/xwfw_665399/s2510_665401/t1304858.shtml,RECOVERABLE_WAYBACK
http://www.fmprc.gov.cn/mfa_eng/xwfw_665399/s2510_665401/t1305274.shtml,www.fmprc.gov.cn,2015/10/12,China,"Foreign Ministry Spokesperson Hua Chunying's Regular Press Conference on October 12, 2015",HTTP_200_REDIRECTED_TO_GENERIC_SOFT404_MARKER,True,http://web.archive.org/web/20160227203017/http://www.fmprc.gov.cn/mfa_eng/xwfw_665399/s2510_665401/t1305274.shtml,RECOVERABLE_WAYBACK
http://www.fmprc.gov.cn/mfa_eng/xwfw_665399/s2510_665401/t1305571.shtml,www.fmprc.gov.cn,2015/10/13,China,"Foreign Ministry Spokesperson Hua Chunying's Regular Press Conference on October 13, 2015",HTTP_200_REDIRECTED_TO_GENERIC_SOFT404_MARKER,False,,NOT_RECOVERABLE_YET
http://www.fmprc.gov.cn/mfa_eng/xwfw_665399/s2510_665401/t1307341.shtml,www.fmprc.gov.cn,2015/10/19,China,"Foreign Ministry Spokesperson Hua Chunying's Regular Press Conference on October 19, 2015",HTTP_200_REDIRECTED_TO_GENERIC_SOFT404_MARKER,True,http://web.archive.org/web/20180819070146/http://www.fmprc.gov.cn:80/mfa_eng/xwfw_665399/s2510_665401/t1307341.shtml,RECOVERABLE_WAYBACK
http://www.fmprc.gov.cn/mfa_eng/wjbxw/t1308390.shtml,www.fmprc.gov.cn,2015/10/22,China,Statement by Ambassador Fu Cong of China at the Thematic Discussion on Chemical and Biological Weapons at the First Comm,HTTP_200_REDIRECTED_TO_GENERIC_SOFT404_MARKER,False,,NOT_RECOVERABLE_YET
http://www.fmprc.gov.cn/mfa_eng/topics_665678/xjpffgcxqhbhbldhdjbbwnfjxgsfwbfnfyhnsbzczfhzltfh/t1322223.shtml,www.fmprc.gov.cn,2015/12/6,China,Work Together to Meet Challenges and Join Hands to Promote Development,HTTP_200_REDIRECTED_TO_GENERIC_SOFT404_MARKER,False,,NOT_RECOVERABLE_YET
http://www.fmprc.gov.cn/mfa_eng/xwfw_665399/s2510_665401/t1328340.shtml,www.fmprc.gov.cn,2015/12/28,China,"Foreign Ministry Spokesperson Lu Kang's Regular Press Conference on December 28, 2015",HTTP_200_REDIRECTED_TO_GENERIC_SOFT404_MARKER,True,http://web.archive.org/web/20160513060013/http://www.fmprc.gov.cn:80/mfa_eng/xwfw_665399/s2510_665401/t1328340.shtml,RECOVERABLE_WAYBACK
http://www.fmprc.gov.cn/mfa_eng/xwfw_665399/s2510_665401/t1328578.shtml,www.fmprc.gov.cn,2015/12/29,China,"Foreign Ministry Spokesperson Lu Kang's Regular Press Conference on December 29, 2015",HTTP_200_REDIRECTED_TO_GENERIC_SOFT404_MARKER,True,http://web.archive.org/web/20160227152306/http://www.fmprc.gov.cn/mfa_eng/xwfw_665399/s2510_665401/t1328578.shtml,RECOVERABLE_WAYBACK
http://japan.kantei.go.jp/kan/statement/201101/01nentou_e.html,japan.kantei.go.jp,2011/1/1,Japan,New Year's Reflection by Prime Minister Naoto Kan ,HTTP_404,True,http://web.archive.org/web/20240815004253/https://japan.kantei.go.jp/kan/statement/201101/01nentou_e.html,RECOVERABLE_WAYBACK
http://www.mofa.go.jp/announce/fm_press/2011/4/0401_01.html,www.mofa.go.jp,2011/4/1,Japan,Press Conference by Minister for Foreign Affairs Takeaki Matsumoto,SKIPPED_KNOWN_BLOCKED,True,http://web.archive.org/web/20240706183744/https://www.mofa.go.jp/announce/fm_press/2011/4/0401_01.html,RECOVERABLE_WAYBACK
http://japan.kantei.go.jp/noda/statement/201109/02kaiken_e.html,japan.kantei.go.jp,2011/9/2,Japan,Press Conference by Prime Minister Yoshihiko Noda,HTTP_404,True,http://web.archive.org/web/20240816203221/https://japan.kantei.go.jp/noda/statement/201109/02kaiken_e.html,RECOVERABLE_WAYBACK
http://www.mofa.go.jp/announce/fm/gemba/speech_111214.html,www.mofa.go.jp,2011/12/14,Japan,Speech by Foreign Minister Koichiro Gemba at the Japan National Press Club　Japan's Prosperity Depends on its Ties to the,SKIPPED_KNOWN_BLOCKED,True,http://web.archive.org/web/20220708222040/https://www.mofa.go.jp/announce/fm/gemba/speech_111214.html,RECOVERABLE_WAYBACK
http://japan.kantei.go.jp/tyoukanpress/201112/14_p.html,japan.kantei.go.jp,2011/12/14,Japan,Press Conference by the Chief Cabinet Secretary (Excerpt),HTTP_404,True,http://web.archive.org/web/20240816002850/https://japan.kantei.go.jp/tyoukanpress/201112/14_p.html,RECOVERABLE_WAYBACK
http://japan.kantei.go.jp/tyoukanpress/201112/19_a.html,japan.kantei.go.jp,2011/12/19,Japan,Press Conference by the Chief Cabinet Secretary (Excerpt),HTTP_404,False,,NOT_RECOVERABLE_YET
http://japan.kantei.go.jp/tyoukanpress/201202/22_a.html,japan.kantei.go.jp,2012/2/22,Japan,Press Conference by the Chief Cabinet Secretary (Excerpt),HTTP_404,True,http://web.archive.org/web/20240815230456/https://japan.kantei.go.jp/tyoukanpress/201202/22_a.html,RECOVERABLE_WAYBACK
http://www.mofa.go.jp/announce/fm_press/2012/3/0302_01.html,www.mofa.go.jp,2012/3/2,Japan,Press Conference by Minister for Foreign Affairs Koichiro Gemba,SKIPPED_KNOWN_BLOCKED,True,http://web.archive.org/web/20150907132454/http://www.mofa.go.jp/announce/fm_press/2012/3/0302_01.html,RECOVERABLE_WAYBACK
http://japan.kantei.go.jp/tyoukanpress/201206/22_p.html,japan.kantei.go.jp,2012/6/22,Japan,Press Conference by the Chief Cabinet Secretary (Excerpt),HTTP_404,True,http://web.archive.org/web/20240815234246/https://japan.kantei.go.jp/tyoukanpress/201206/22_p.html,RECOVERABLE_WAYBACK
http://www.mofa.go.jp/announce/fm_press/2012/8/0808_01.html,www.mofa.go.jp,2012/8/8,Japan,Press Conference by Minister for Foreign Affairs Koichiro Gemba,SKIPPED_KNOWN_BLOCKED,True,http://web.archive.org/web/20250713171212/https://www.mofa.go.jp/announce/fm_press/2012/8/0808_01.html,RECOVERABLE_WAYBACK
http://japan.kantei.go.jp/tyoukanpress/201208/10_a.html,japan.kantei.go.jp,2012/8/10,Japan,Press Conference by the Chief Cabinet Secretary (Excerpt),HTTP_404,False,,NOT_RECOVERABLE_YET
http://www.mofa.go.jp/announce/fm_press/2012/8/0815_01.html,www.mofa.go.jp,2012/8/15,Japan,Press Conference by Minister for Foreign Affairs Koichiro Gemba,SKIPPED_KNOWN_BLOCKED,True,http://web.archive.org/web/20250115103342/https://www.mofa.go.jp/announce/fm_press/2012/8/0815_01.html,RECOVERABLE_WAYBACK
http://japan.kantei.go.jp/noda/statement/201208/15sikiji_e.html,japan.kantei.go.jp,2012/8/15,Japan,Address by Prime Minister Yoshihiko Noda at the Sixty-Seventh Memorial Ceremony for the War Dead,HTTP_404,True,http://web.archive.org/web/20250508090640/https://japan.kantei.go.jp/noda/statement/201208/15sikiji_e.html,RECOVERABLE_WAYBACK
http://japan.kantei.go.jp/tyoukanpress/201208/15_p.html,japan.kantei.go.jp,2012/8/15,Japan,Press Conference by the Chief Cabinet Secretary (Excerpt),HTTP_404,True,http://web.archive.org/web/20240816000444/https://japan.kantei.go.jp/tyoukanpress/201208/15_p.html,RECOVERABLE_WAYBACK
http://japan.kantei.go.jp/tyoukanpress/201210/18_a.html,japan.kantei.go.jp,2012/10/18,Japan,Press Conference by the Chief Cabinet Secretary (Excerpt),HTTP_404,False,,NOT_RECOVERABLE_YET
http://www.mofa.go.jp/mofaj/annai/honsho/gaisho/gemba/pdfs/ft_1210_en.pdf,www.mofa.go.jp,2012/10/19,Japan,Foreign Minister Koichiro Gemba interview – Financial Times ,SKIPPED_KNOWN_BLOCKED,False,,NOT_RECOVERABLE_YET
http://japan.kantei.go.jp/tyoukanpress/201302/05_p.html,japan.kantei.go.jp,2013/2/5,Japan,Press Conference by the Chief Cabinet Secretary (Excerpt),HTTP_404,False,,NOT_RECOVERABLE_YET
http://japan.kantei.go.jp/tyoukanpress/201302/07_a.html,japan.kantei.go.jp,2013/2/7,Japan,Press Conference by the Chief Cabinet Secretary (Excerpt),HTTP_404,True,http://web.archive.org/web/20240815230416/https://japan.kantei.go.jp/tyoukanpress/201302/07_a.html,RECOVERABLE_WAYBACK
http://japan.kantei.go.jp/tyoukanpress/201303/29_p.html,japan.kantei.go.jp,2013/3/29,Japan,Press Conference by the Chief Cabinet Secretary (Excerpt),HTTP_404,True,http://web.archive.org/web/20240815230026/https://japan.kantei.go.jp/tyoukanpress/201303/29_p.html,RECOVERABLE_WAYBACK
http://japan.kantei.go.jp/tyoukanpress/201303/29_a.html,japan.kantei.go.jp,2013/3/29,Japan,Press Conference by the Chief Cabinet Secretary (Excerpt),HTTP_404,True,http://web.archive.org/web/20240815225959/https://japan.kantei.go.jp/tyoukanpress/201303/29_a.html,RECOVERABLE_WAYBACK
http://japan.kantei.go.jp/tyoukanpress/201304/22_a.html,japan.kantei.go.jp,2013/4/22,Japan,Press Conference by the Chief Cabinet Secretary (Excerpt),HTTP_404,True,http://web.archive.org/web/20240815235353/https://japan.kantei.go.jp/tyoukanpress/201304/22_a.html,RECOVERABLE_WAYBACK
http://japan.kantei.go.jp/tyoukanpress/201304/22_p.html,japan.kantei.go.jp,2013/4/22,Japan,Press Conference by the Chief Cabinet Secretary (Excerpt),HTTP_404,True,http://web.archive.org/web/20240815235420/https://japan.kantei.go.jp/tyoukanpress/201304/22_p.html,RECOVERABLE_WAYBACK
http://japan.kantei.go.jp/tyoukanpress/201304/23_p.html,japan.kantei.go.jp,2013/4/23,Japan,Press Conference by the Chief Cabinet Secretary (Excerpt),HTTP_404,True,http://web.archive.org/web/20240815235345/https://japan.kantei.go.jp/tyoukanpress/201304/23_p.html,RECOVERABLE_WAYBACK
http://japan.kantei.go.jp/tyoukanpress/201304/23_a.html,japan.kantei.go.jp,2013/4/23,Japan,Press Conference by the Chief Cabinet Secretary (Excerpt),HTTP_404,True,http://web.archive.org/web/20240815235325/https://japan.kantei.go.jp/tyoukanpress/201304/23_a.html,RECOVERABLE_WAYBACK
http://japan.kantei.go.jp/tyoukanpress/201304/24_a.html,japan.kantei.go.jp,2013/4/24,Japan,Press Conference by the Chief Cabinet Secretary (Excerpt),HTTP_404,True,http://web.archive.org/web/20240815235414/https://japan.kantei.go.jp/tyoukanpress/201304/24_a.html,RECOVERABLE_WAYBACK
http://japan.kantei.go.jp/tyoukanpress/201304/25_a.html,japan.kantei.go.jp,2013/4/25,Japan,Press Conference by the Chief Cabinet Secretary (Excerpt),HTTP_404,True,http://web.archive.org/web/20240815235330/https://japan.kantei.go.jp/tyoukanpress/201304/25_a.html,RECOVERABLE_WAYBACK
http://japan.kantei.go.jp/tyoukanpress/201304/26_a.html,japan.kantei.go.jp,2013/4/26,Japan,Press Conference by the Chief Cabinet Secretary (Excerpt),HTTP_404,True,http://web.archive.org/web/20251206161803/https://japan.kantei.go.jp/tyoukanpress/201304/26_a.html,RECOVERABLE_WAYBACK
http://japan.kantei.go.jp/tyoukanpress/201304/30_a.html,japan.kantei.go.jp,2013/4/30,Japan,Press Conference by the Chief Cabinet Secretary (Excerpt),HTTP_404,True,http://web.archive.org/web/20241217122643/https://japan.kantei.go.jp/tyoukanpress/201304/30_a.html,RECOVERABLE_WAYBACK
http://japan.kantei.go.jp/tyoukanpress/201305/08_p.html,japan.kantei.go.jp,2013/5/8,Japan,Press Conference by the Chief Cabinet Secretary (Excerpt),HTTP_404,True,http://web.archive.org/web/20240816001701/https://japan.kantei.go.jp/tyoukanpress/201305/08_p.html,RECOVERABLE_WAYBACK
http://japan.kantei.go.jp/tyoukanpress/201305/09_p.html,japan.kantei.go.jp,2013/5/9,Japan,Press Conference by the Chief Cabinet Secretary (Excerpt),HTTP_404,True,http://web.archive.org/web/20240816001740/https://japan.kantei.go.jp/tyoukanpress/201305/09_p.html,RECOVERABLE_WAYBACK
http://japan.kantei.go.jp/tyoukanpress/201305/10_p.html,japan.kantei.go.jp,2013/5/10,Japan,Press Conference by the Chief Cabinet Secretary (Excerpt),HTTP_404,True,http://web.archive.org/web/20240816001713/https://japan.kantei.go.jp/tyoukanpress/201305/10_p.html,RECOVERABLE_WAYBACK
http://japan.kantei.go.jp/tyoukanpress/201305/13_p.html,japan.kantei.go.jp,2013/5/13,Japan,Press Conference by the Chief Cabinet Secretary (Excerpt),HTTP_404,True,http://web.archive.org/web/20240816001745/https://japan.kantei.go.jp/tyoukanpress/201305/13_p.html,RECOVERABLE_WAYBACK
http://japan.kantei.go.jp/tyoukanpress/201305/13_a.html,japan.kantei.go.jp,2013/5/13,Japan,Press Conference by the Chief Cabinet Secretary (Excerpt),HTTP_404,True,http://web.archive.org/web/20240816001746/https://japan.kantei.go.jp/tyoukanpress/201305/13_a.html,RECOVERABLE_WAYBACK
http://japan.kantei.go.jp/tyoukanpress/201305/14_a.html,japan.kantei.go.jp,2013/5/14,Japan,Press Conference by the Chief Cabinet Secretary (Excerpt),HTTP_404,True,http://web.archive.org/web/20240816001656/https://japan.kantei.go.jp/tyoukanpress/201305/14_a.html,RECOVERABLE_WAYBACK
http://www.mofa.go.jp/policy/page3e_000119.html,www.mofa.go.jp,2013/5/15,Japan,The Points of Remarks by Prime Minister Shinzo Abe（Upper House Budget Committee）,SKIPPED_KNOWN_BLOCKED,False,,NOT_RECOVERABLE_YET
http://japan.kantei.go.jp/tyoukanpress/201305/17_p.html,japan.kantei.go.jp,2013/5/17,Japan,Press Conference by the Chief Cabinet Secretary (Excerpt),HTTP_404,True,http://web.archive.org/web/20240816001716/https://japan.kantei.go.jp/tyoukanpress/201305/17_p.html,RECOVERABLE_WAYBACK
http://japan.kantei.go.jp/tyoukanpress/201305/22_p.html,japan.kantei.go.jp,2013/5/22,Japan,Press Conference by the Chief Cabinet Secretary (Excerpt),HTTP_404,True,http://web.archive.org/web/20250517132000/https://japan.kantei.go.jp/tyoukanpress/201305/22_p.html,RECOVERABLE_WAYBACK
http://japan.kantei.go.jp/96_abe/statement/201305/23speech_e.html,japan.kantei.go.jp,2013/5/23,Japan,"Dinner Speech by H.E. Mr. Shinzo Abe, Prime Minister of Japan on the Occasion of the Nineteenth International Conference",HTTP_200,False,,LIVE_DIRECT
http://japan.kantei.go.jp/tyoukanpress/201305/27_a.html,japan.kantei.go.jp,2013/5/27,Japan,Press Conference by the Chief Cabinet Secretary (Excerpt),HTTP_404,True,http://web.archive.org/web/20240816001702/https://japan.kantei.go.jp/tyoukanpress/201305/27_a.html,RECOVERABLE_WAYBACK
http://japan.kantei.go.jp/tyoukanpress/201305/27_p.html,japan.kantei.go.jp,2013/5/27,Japan,Press Conference by the Chief Cabinet Secretary (Excerpt),HTTP_404,True,http://web.archive.org/web/20240816001645/https://japan.kantei.go.jp/tyoukanpress/201305/27_p.html,RECOVERABLE_WAYBACK
http://japan.kantei.go.jp/tyoukanpress/201305/31_p.html,japan.kantei.go.jp,2013/5/31,Japan,Press Conference by the Chief Cabinet Secretary (Excerpt),HTTP_404,True,http://web.archive.org/web/20240816001648/https://japan.kantei.go.jp/tyoukanpress/201305/31_p.html,RECOVERABLE_WAYBACK
http://japan.kantei.go.jp/tyoukanpress/201306/18_p.html,japan.kantei.go.jp,2013/6/18,Japan,Press Conference by the Chief Cabinet Secretary (Excerpt),HTTP_404,True,http://web.archive.org/web/20240815232010/https://japan.kantei.go.jp/tyoukanpress/201306/18_p.html,RECOVERABLE_WAYBACK
http://japan.kantei.go.jp/tyoukanpress/201307/03_p.html,japan.kantei.go.jp,2013/7/3,Japan,Press Conference by the Chief Cabinet Secretary (Excerpt),HTTP_404,True,http://web.archive.org/web/20240815232210/https://japan.kantei.go.jp/tyoukanpress/201307/03_p.html,RECOVERABLE_WAYBACK
http://japan.kantei.go.jp/tyoukanpress/201307/04_a.html,japan.kantei.go.jp,2013/7/4,Japan,Press Conference by the Chief Cabinet Secretary (Excerpt),HTTP_404,True,http://web.archive.org/web/20240815232152/https://japan.kantei.go.jp/tyoukanpress/201307/04_a.html,RECOVERABLE_WAYBACK
http://japan.kantei.go.jp/tyoukanpress/201307/25_p.html,japan.kantei.go.jp,2013/7/25,Japan,Press Conference by the Chief Cabinet Secretary (Excerpt),HTTP_404,True,http://web.archive.org/web/20240815232123/https://japan.kantei.go.jp/tyoukanpress/201307/25_p.html,RECOVERABLE_WAYBACK
http://japan.kantei.go.jp/tyoukanpress/201307/25_a.html,japan.kantei.go.jp,2013/7/25,Japan,Press Conference by the Chief Cabinet Secretary (Excerpt),HTTP_404,True,http://web.archive.org/web/20240815232153/https://japan.kantei.go.jp/tyoukanpress/201307/25_a.html,RECOVERABLE_WAYBACK
http://japan.kantei.go.jp/tyoukanpress/201307/26_p.html,japan.kantei.go.jp,2013/7/26,Japan,Press Conference by the Chief Cabinet Secretary (Excerpt),HTTP_404,True,http://web.archive.org/web/20240815232142/https://japan.kantei.go.jp/tyoukanpress/201307/26_p.html,RECOVERABLE_WAYBACK
http://japan.kantei.go.jp/tyoukanpress/201307/31_a.html,japan.kantei.go.jp,2013/7/31,Japan,Press Conference by the Chief Cabinet Secretary (Excerpt),HTTP_404,True,http://web.archive.org/web/20240815232124/https://japan.kantei.go.jp/tyoukanpress/201307/31_a.html,RECOVERABLE_WAYBACK
http://www.mofa.go.jp/press/kaiken/kaiken24e_000020.html,www.mofa.go.jp,2013/8/2,Japan,Press Conference by Foreign Minister Fumio Kishida,SKIPPED_KNOWN_BLOCKED,True,http://web.archive.org/web/20250430233632/https://www.mofa.go.jp/press/kaiken/kaiken24e_000020.html,RECOVERABLE_WAYBACK
http://japan.kantei.go.jp/tyoukanpress/201308/05_a.html,japan.kantei.go.jp,2013/8/5,Japan,Press Conference by the Chief Cabinet Secretary (Excerpt),HTTP_404,True,http://web.archive.org/web/20240816002710/https://japan.kantei.go.jp/tyoukanpress/201308/05_a.html,RECOVERABLE_WAYBACK
http://japan.kantei.go.jp/96_abe/statement/201308/06hiroshima_e.html,japan.kantei.go.jp,2013/8/6,Japan,Address by Prime Minister Shinzo Abe at the Hiroshima Peace Memorial Ceremony,HTTP_200,False,,LIVE_DIRECT
http://japan.kantei.go.jp/tyoukanpress/201308/07_a.html,japan.kantei.go.jp,2013/8/7,Japan,Press Conference by the Chief Cabinet Secretary (Excerpt),HTTP_404,True,http://web.archive.org/web/20240816002735/https://japan.kantei.go.jp/tyoukanpress/201308/07_a.html,RECOVERABLE_WAYBACK
http://www.mofa.go.jp/press/kaiken/kaiken24e_000021.html,www.mofa.go.jp,2013/8/8,Japan,Press Conference by Foreign Minister Fumio Kishida,SKIPPED_KNOWN_BLOCKED,True,http://web.archive.org/web/20260605230707/https://www.mofa.go.jp/press/kaiken/kaiken24e_000021.html,RECOVERABLE_WAYBACK
http://japan.kantei.go.jp/96_abe/statement/201308/15sikiji_e.html,japan.kantei.go.jp,2013/8/15,Japan,Address by Prime Minister Shinzo Abe at the Sixty-Eighth Memorial Ceremony for the War Dead,HTTP_200,False,,LIVE_DIRECT
http://japan.kantei.go.jp/tyoukanpress/201308/15_a.html,japan.kantei.go.jp,2013/8/15,Japan,Press Conference by the Chief Cabinet Secretary (Excerpt),HTTP_404,False,,NOT_RECOVERABLE_YET
http://japan.kantei.go.jp/tyoukanpress/201310/10_p.html,japan.kantei.go.jp,2013/10/10,Japan,Press Conference by the Chief Cabinet Secretary (Excerpt),HTTP_404,True,http://web.archive.org/web/20240815233522/https://japan.kantei.go.jp/tyoukanpress/201310/10_p.html,RECOVERABLE_WAYBACK
http://www.mofa.go.jp/press/kaiken/kaiken4e_000009.html,www.mofa.go.jp,2013/10/11,Japan,Press Conference by Foreign Minister Fumio Kishida,SKIPPED_KNOWN_BLOCKED,True,http://web.archive.org/web/20190905154410/https://www.mofa.go.jp/press/kaiken/kaiken4e_000009.html,RECOVERABLE_WAYBACK
http://japan.kantei.go.jp/tyoukanpress/201310/11_p.html,japan.kantei.go.jp,2013/10/11,Japan,Press Conference by the Chief Cabinet Secretary (Excerpt),HTTP_404,True,http://web.archive.org/web/20240815233615/https://japan.kantei.go.jp/tyoukanpress/201310/11_p.html,RECOVERABLE_WAYBACK
http://www.mofa.go.jp/press/kaiken/kaiken4e_000010.html,www.mofa.go.jp,2013/10/15,Japan,Press Conference by Foreign Minister Fumio Kishida,SKIPPED_KNOWN_BLOCKED,True,http://web.archive.org/web/20250218073508/https://www.mofa.go.jp/press/kaiken/kaiken4e_000010.html,RECOVERABLE_WAYBACK
http://japan.kantei.go.jp/tyoukanpress/201310/17_a.html,japan.kantei.go.jp,2013/10/17,Japan,Press Conference by the Deputy Chief Cabinet Secretary (Excerpt),HTTP_404,True,http://web.archive.org/web/20240815233606/https://japan.kantei.go.jp/tyoukanpress/201310/17_a.html,RECOVERABLE_WAYBACK
http://www.mofa.go.jp/press/kaiken/kaiken4e_000011.html,www.mofa.go.jp,2013/10/18,Japan,Press Conference by Foreign Minister Fumio Kishida,SKIPPED_KNOWN_BLOCKED,True,http://web.archive.org/web/20220819073055/https://www.mofa.go.jp/press/kaiken/kaiken4e_000011.html,RECOVERABLE_WAYBACK
http://japan.kantei.go.jp/tyoukanpress/201310/18_a.html,japan.kantei.go.jp,2013/10/18,Japan,Press Conference by the Deputy Chief Cabinet Secretary (Excerpt),HTTP_404,False,,NOT_RECOVERABLE_YET
http://japan.kantei.go.jp/tyoukanpress/201310/18_p.html,japan.kantei.go.jp,2013/10/18,Japan,Press Conference by the Chief Cabinet Secretary (Excerpt),HTTP_404,True,http://web.archive.org/web/20240815233612/https://japan.kantei.go.jp/tyoukanpress/201310/18_p.html,RECOVERABLE_WAYBACK
http://japan.kantei.go.jp/tyoukanpress/201310/21_a.html,japan.kantei.go.jp,2013/10/21,Japan,Press Conference by the Chief Cabinet Secretary (Excerpt),HTTP_404,True,http://web.archive.org/web/20240815233533/https://japan.kantei.go.jp/tyoukanpress/201310/21_a.html,RECOVERABLE_WAYBACK
http://www.mofa.go.jp/press/release/press4e_000047.html,www.mofa.go.jp,2013/10/22,Japan,Statement by the Minister for Foreign Affairs on the Joint Statement on the Humanitarian Consequences of Nuclear Weapons,SKIPPED_KNOWN_BLOCKED,True,http://web.archive.org/web/20241011044847/https://www.mofa.go.jp/press/release/press4e_000047.html,RECOVERABLE_WAYBACK
http://www.mofa.go.jp/policy/page3e_000120.html,www.mofa.go.jp,2013/11/6,Japan,Letter from Prime Minister to the former comfort women,SKIPPED_KNOWN_BLOCKED,True,http://web.archive.org/web/20240722043243/https://www.mofa.go.jp/policy/page3e_000120.html,RECOVERABLE_WAYBACK
http://japan.kantei.go.jp/tyoukanpress/201311/14_p.html,japan.kantei.go.jp,2013/11/14,Japan,Press Conference by the Chief Cabinet Secretary (Excerpt),HTTP_404,True,http://web.archive.org/web/20240815235434/https://japan.kantei.go.jp/tyoukanpress/201311/14_p.html,RECOVERABLE_WAYBACK
http://japan.kantei.go.jp/96_abe/statement/201312/09kaiken_e.html,japan.kantei.go.jp,2013/12/9,Japan,Press Conference by Prime Minister Shinzo Abe,HTTP_200,False,,LIVE_DIRECT
http://www.mofa.go.jp/a_o/rp/page24e_000021.html,www.mofa.go.jp,2013/12/26,Japan,Statement by Prime Minister Abe - Pledge for everlasting peace,SKIPPED_KNOWN_BLOCKED,True,http://web.archive.org/web/20260208021102/https://www.mofa.go.jp/a_o/rp/page24e_000021.html,RECOVERABLE_WAYBACK
http://www.mofa.go.jp/press/kaiken/kaiken4e_000034.html,www.mofa.go.jp,2013/12/26,Japan,Press Conference by Foreign Minister Fumio Kishida,SKIPPED_KNOWN_BLOCKED,True,http://web.archive.org/web/20190905170430/https://www.mofa.go.jp/press/kaiken/kaiken4e_000034.html,RECOVERABLE_WAYBACK
http://japan.kantei.go.jp/96_abe/statement/201312/1202986_7801.html,japan.kantei.go.jp,2013/12/26,Japan,Statement by Prime Minister Abe - Pledge for everlasting peace -,HTTP_200,False,,LIVE_DIRECT
http://japan.kantei.go.jp/tyoukanpress/201312/26_p.html,japan.kantei.go.jp,2013/12/26,Japan,Press Conference by the Chief Cabinet Secretary (Excerpt),HTTP_404,True,http://web.archive.org/web/20240815232710/https://japan.kantei.go.jp/tyoukanpress/201312/26_p.html,RECOVERABLE_WAYBACK
http://japan.kantei.go.jp/96_abe/statement/201401/newyear_e.html,japan.kantei.go.jp,2014/1/1,Japan,New Year’s Reflection by Prime Minister Shinzo Abe,HTTP_200,False,,LIVE_DIRECT
http://japan.kantei.go.jp/tyoukanpress/201401/07_a.html,japan.kantei.go.jp,2014/1/7,Japan,Press Conference by the Chief Cabinet Secretary (Excerpt),HTTP_404,True,http://web.archive.org/web/20240815235654/https://japan.kantei.go.jp/tyoukanpress/201401/07_a.html,RECOVERABLE_WAYBACK
http://japan.kantei.go.jp/tyoukanpress/201401/09_a.html,japan.kantei.go.jp,2014/1/9,Japan,Press Conference by the Chief Cabinet Secretary (Excerpt),HTTP_404,False,,NOT_RECOVERABLE_YET
http://www.mofa.go.jp/press/kaiken/kaiken4e_000036.html,www.mofa.go.jp,2014/1/14,Japan,Press Conference by Foreign Minister Fumio Kishida,SKIPPED_KNOWN_BLOCKED,False,,NOT_RECOVERABLE_YET
http://japan.kantei.go.jp/tyoukanpress/201401/17_p.html,japan.kantei.go.jp,2014/1/17,Japan,Press Conference by the Chief Cabinet Secretary (Excerpt),HTTP_404,True,http://web.archive.org/web/20240815235719/https://japan.kantei.go.jp/tyoukanpress/201401/17_p.html,RECOVERABLE_WAYBACK
http://www.mofa.go.jp/policy/culture/page4e_000057.html,www.mofa.go.jp,2014/1/22,Japan,Ambassador to the UK Keiichi Hayashi’s Article Contributed to the Daily Telegraph,SKIPPED_KNOWN_BLOCKED,False,,NOT_RECOVERABLE_YET
http://www.mofa.go.jp/fp/pp/page18e_000037.html,www.mofa.go.jp,2014/1/24,Japan,Foreign Policy Speech by Minister for Foreign Affairs Fumio Kishida to the 186th Session of the Diet,SKIPPED_KNOWN_BLOCKED,True,http://web.archive.org/web/20260414191716/https://www.mofa.go.jp/fp/pp/page18e_000037.html,RECOVERABLE_WAYBACK
http://www.mofa.go.jp/press/kaiken/kaiken4e_000038.html,www.mofa.go.jp,2014/1/24,Japan,Press Conference by Foreign Minister Fumio Kishida,SKIPPED_KNOWN_BLOCKED,True,http://web.archive.org/web/20250122020723/https://www.mofa.go.jp/press/kaiken/kaiken4e_000038.html,RECOVERABLE_WAYBACK
http://japan.kantei.go.jp/96_abe/statement/201401/24siseihousin_e.html,japan.kantei.go.jp,2014/1/24,Japan,Policy Speech by Prime Minister Shinzo Abe to the 186th Session of the Diet,HTTP_200,False,,LIVE_DIRECT
http://japan.kantei.go.jp/tyoukanpress/201401/27_a.html,japan.kantei.go.jp,2014/1/27,Japan,Press Conference by the Chief Cabinet Secretary (Excerpt),HTTP_404,True,http://web.archive.org/web/20240815235659/https://japan.kantei.go.jp/tyoukanpress/201401/27_a.html,RECOVERABLE_WAYBACK
http://japan.kantei.go.jp/tyoukanpress/201401/28_p.html,japan.kantei.go.jp,2014/1/28,Japan,Press Conference by the Deputy Chief Cabinet Secretary (Excerpt),HTTP_404,True,http://web.archive.org/web/20240815235719/https://japan.kantei.go.jp/tyoukanpress/201401/28_p.html,RECOVERABLE_WAYBACK
http://japan.kantei.go.jp/tyoukanpress/201401/30_p.html,japan.kantei.go.jp,2014/1/30,Japan,Press Conference by the Chief Cabinet Secretary (Excerpt),HTTP_404,True,http://web.archive.org/web/20240815235722/https://japan.kantei.go.jp/tyoukanpress/201401/30_p.html,RECOVERABLE_WAYBACK
http://japan.kantei.go.jp/tyoukanpress/201401/31_a.html,japan.kantei.go.jp,2014/1/31,Japan,Press Conference by the Chief Cabinet Secretary (Excerpt),HTTP_404,True,http://web.archive.org/web/20240815235653/https://japan.kantei.go.jp/tyoukanpress/201401/31_a.html,RECOVERABLE_WAYBACK
http://japan.kantei.go.jp/tyoukanpress/201401/31_p.html,japan.kantei.go.jp,2014/1/31,Japan,Press Conference by the Chief Cabinet Secretary (Excerpt),HTTP_404,False,,NOT_RECOVERABLE_YET
http://www.mofa.go.jp/fp/nsp/page18e_000046.html,www.mofa.go.jp,2014/2/1,Japan,Summarizing comment by Minister for Foreign Affairs Mr. Fumio KISHIDA Munich Security Conference,SKIPPED_KNOWN_BLOCKED,True,http://web.archive.org/web/20230809021204/https://www.mofa.go.jp/fp/nsp/page18e_000046.html,RECOVERABLE_WAYBACK
http://www.mofa.go.jp/p_pd/ip/page24e_000032.html,www.mofa.go.jp,2014/2/6,Japan,Ambassador to Italy Masaharu Kohno’s Article Contributed to Il Messaggero,SKIPPED_KNOWN_BLOCKED,True,http://web.archive.org/web/20251111084446/https://www.mofa.go.jp/p_pd/ip/page24e_000032.html,RECOVERABLE_WAYBACK
http://www.mofa.go.jp/press/kaiken/kaiken3e_000004.html,www.mofa.go.jp,2014/2/18,Japan,Press Conference by Foreign Minister Fumio Kishida,SKIPPED_KNOWN_BLOCKED,False,,NOT_RECOVERABLE_YET
http://japan.kantei.go.jp/tyoukanpress/201402/19_p.html,japan.kantei.go.jp,2014/2/19,Japan,Press Conference by the Chief Cabinet Secretary (Excerpt),HTTP_404,False,,NOT_RECOVERABLE_YET
http://japan.kantei.go.jp/tyoukanpress/201402/21_p.html,japan.kantei.go.jp,2014/2/21,Japan,Press Conference by the Chief Cabinet Secretary (Excerpt),HTTP_404,True,http://web.archive.org/web/20260206195416/https://japan.kantei.go.jp/tyoukanpress/201402/21_p.html,RECOVERABLE_WAYBACK
http://japan.kantei.go.jp/tyoukanpress/201402/26_a.html,japan.kantei.go.jp,2014/2/26,Japan,Press Conference by the Chief Cabinet Secretary (Excerpt),HTTP_404,True,http://web.archive.org/web/20260206195820/https://japan.kantei.go.jp/tyoukanpress/201402/26_a.html,RECOVERABLE_WAYBACK
http://www.mofa.go.jp/p_pd/ip/page4e_000064.html,www.mofa.go.jp,2014/2/27,Japan,Foreign Minister Fumio Kishida’s Interview with AP,SKIPPED_KNOWN_BLOCKED,True,http://web.archive.org/web/20240414083332/https://www.mofa.go.jp/p_pd/ip/page4e_000064.html,RECOVERABLE_WAYBACK
http://www.mofa.go.jp/a_o/rp/page3e_000153.html,www.mofa.go.jp,2014/3/3,Japan,Press Conference by the Chief Cabinet Secretary (Excerpt),SKIPPED_KNOWN_BLOCKED,True,http://web.archive.org/web/20240603092607/https://www.mofa.go.jp/a_o/rp/page3e_000153.html,RECOVERABLE_WAYBACK
http://www.mofa.go.jp/p_pd/ip/page4e_000065.html,www.mofa.go.jp,2014/3/4,Japan,Foreign Minister Fumio Kishida’s Interview with South China Morning Post,SKIPPED_KNOWN_BLOCKED,True,http://web.archive.org/web/20250116084435/https://www.mofa.go.jp/p_pd/ip/page4e_000065.html,RECOVERABLE_WAYBACK
http://japan.kantei.go.jp/tyoukanpress/201403/04_a.html,japan.kantei.go.jp,2014/3/4,Japan,Press Conference by the Chief Cabinet Secretary (Excerpt),HTTP_404,True,http://web.archive.org/web/20240815235755/https://japan.kantei.go.jp/tyoukanpress/201403/04_a.html,RECOVERABLE_WAYBACK
http://japan.kantei.go.jp/tyoukanpress/201403/06_p.html,japan.kantei.go.jp,2014/3/6,Japan,Press Conference by the Chief Cabinet Secretary (Excerpt),HTTP_404,True,http://web.archive.org/web/20240815235758/https://japan.kantei.go.jp/tyoukanpress/201403/06_p.html,RECOVERABLE_WAYBACK
http://japan.kantei.go.jp/tyoukanpress/201403/12_p.html,japan.kantei.go.jp,2014/3/12,Japan,Press Conference by the Chief Cabinet Secretary (Excerpt),HTTP_404,True,http://web.archive.org/web/20240815235756/https://japan.kantei.go.jp/tyoukanpress/201403/12_p.html,RECOVERABLE_WAYBACK
http://japan.kantei.go.jp/tyoukanpress/201403/1204278_9550.html,japan.kantei.go.jp,2014/3/13,Japan,Press Conference by the Chief Cabinet Secretary (Excerpt),HTTP_404,True,http://web.archive.org/web/20240815235833/https://japan.kantei.go.jp/tyoukanpress/201403/1204278_9550.html,RECOVERABLE_WAYBACK
http://www.mofa.go.jp/a_o/rp/page3e_000155.html,www.mofa.go.jp,2014/3/14,Japan,Remarks by Prime Minister Abe during the Upper House Budget Session,SKIPPED_KNOWN_BLOCKED,True,http://web.archive.org/web/20241227150748/https://www.mofa.go.jp/a_o/rp/page3e_000155.html,RECOVERABLE_WAYBACK
http://japan.kantei.go.jp/tyoukanpress/201404/03_a.html,japan.kantei.go.jp,2014/4/3,Japan,Press Conference by the Chief Cabinet Secretary (Excerpt),HTTP_404,False,,NOT_RECOVERABLE_YET
http://japan.kantei.go.jp/tyoukanpress/201404/16_p.html,japan.kantei.go.jp,2014/4/16,Japan,Press Conference by the Chief Cabinet Secretary (Excerpt),HTTP_404,True,http://web.archive.org/web/20240816003838/https://japan.kantei.go.jp/tyoukanpress/201404/16_p.html,RECOVERABLE_WAYBACK
http://japan.kantei.go.jp/tyoukanpress/201404/17_a.html,japan.kantei.go.jp,2014/4/17,Japan,Press Conference by the Chief Cabinet Secretary (Excerpt),HTTP_404,True,http://web.archive.org/web/20240816003905/https://japan.kantei.go.jp/tyoukanpress/201404/17_a.html,RECOVERABLE_WAYBACK
http://japan.kantei.go.jp/tyoukanpress/201404/21_p.html,japan.kantei.go.jp,2014/4/21,Japan,Press Conference by the Chief Cabinet Secretary (Excerpt),HTTP_404,False,,NOT_RECOVERABLE_YET
http://www.mofa.go.jp/press/kaiken/kaiken4e_000066.html,www.mofa.go.jp,2014/4/22,Japan,Press Conference by Foreign Minister Fumio Kishida,SKIPPED_KNOWN_BLOCKED,True,http://web.archive.org/web/20260312224220/https://www.mofa.go.jp/press/kaiken/kaiken4e_000066.html,RECOVERABLE_WAYBACK
http://japan.kantei.go.jp/tyoukanpress/201404/22_a.html,japan.kantei.go.jp,2014/4/22,Japan,Press Conference by the Chief Cabinet Secretary (Excerpt),HTTP_404,True,http://web.archive.org/web/20240816003830/https://japan.kantei.go.jp/tyoukanpress/201404/22_a.html,RECOVERABLE_WAYBACK
http://japan.kantei.go.jp/tyoukanpress/201404/22_p.html,japan.kantei.go.jp,2014/4/22,Japan,Press Conference by the Chief Cabinet Secretary (Excerpt),HTTP_404,False,,NOT_RECOVERABLE_YET
http://japan.kantei.go.jp/96_abe/statement/201405/0515kaiken.html,japan.kantei.go.jp,2014/5/15,Japan,Press Conference by Prime Minister Abe,HTTP_200,False,,LIVE_DIRECT
http://japan.kantei.go.jp/tyoukanpress/201406/9_p.html,japan.kantei.go.jp,2014/6/9,Japan,Press Conference by the Chief Cabinet Secretary (Excerpt),HTTP_404,False,,NOT_RECOVERABLE_YET
http://japan.kantei.go.jp/tyoukanpress/201406/11_a.html,japan.kantei.go.jp,2014/6/11,Japan,Press Conference by the Chief Cabinet Secretary (Excerpt),HTTP_404,True,http://web.archive.org/web/20250214045130/https://japan.kantei.go.jp/tyoukanpress/201406/11_a.html,RECOVERABLE_WAYBACK
http://www.mofa.go.jp/press/kaiken/kaiken4e_000079.html,www.mofa.go.jp,2014/6/12,Japan,Press Conference by Deputy Press Secretary / Deputy Director-General for Press and Public Diplomacy Koichi Mizushima,SKIPPED_KNOWN_BLOCKED,True,http://web.archive.org/web/20190905044840/https://www.mofa.go.jp/press/kaiken/kaiken4e_000079.html,RECOVERABLE_WAYBACK
http://www.mofa.go.jp/files/000042179.pdf,www.mofa.go.jp,2014/6/20,Japan,Remarks by Chief Cabinet Secretary Suga,SKIPPED_KNOWN_BLOCKED,True,http://web.archive.org/web/20240514204923/https://www.mofa.go.jp/files/000042179.pdf,RECOVERABLE_WAYBACK
http://www.mofa.go.jp/files/000042171.pdf,www.mofa.go.jp,2014/6/20,Japan,Details of Exchanges Between Japan and the Republic of Korea (ROK) Regarding the Comfort Women Issue - From the Drafting,SKIPPED_KNOWN_BLOCKED,True,http://web.archive.org/web/20251228100835/https://www.mofa.go.jp/files/000042171.pdf,RECOVERABLE_WAYBACK
http://japan.kantei.go.jp/tyoukanpress/201406/20_p.html,japan.kantei.go.jp,2014/6/20,Japan,Press Conference by the Chief Cabinet Secretary (Excerpt),HTTP_404,True,http://web.archive.org/web/20240816002649/https://japan.kantei.go.jp/tyoukanpress/201406/20_p.html,RECOVERABLE_WAYBACK
http://www.mofa.go.jp/press/kaiken/kaiken4e_000088.html,www.mofa.go.jp,2014/7/4,Japan,Press Conference by Foreign Minister Fumio Kishida,SKIPPED_KNOWN_BLOCKED,True,http://web.archive.org/web/20190905054359/https://www.mofa.go.jp/press/kaiken/kaiken4e_000088.html,RECOVERABLE_WAYBACK
http://japan.kantei.go.jp/tyoukanpress/201407/4_p.html,japan.kantei.go.jp,2014/7/4,Japan,Press Conference by the Chief Cabinet Secretary (Excerpt),HTTP_404,True,http://web.archive.org/web/20250808113446/https://japan.kantei.go.jp/tyoukanpress/201407/4_p.html,RECOVERABLE_WAYBACK
http://japan.kantei.go.jp/tyoukanpress/201407/7_p.html,japan.kantei.go.jp,2014/7/7,Japan,Press Conference by the Chief Cabinet Secretary (Excerpt),HTTP_404,False,,NOT_RECOVERABLE_YET
http://japan.kantei.go.jp/tyoukanpress/201408/4_a.html,japan.kantei.go.jp,2014/8/4,Japan,Press Conference by the Chief Cabinet Secretary (Excerpt),HTTP_404,True,http://web.archive.org/web/20240816003539/https://japan.kantei.go.jp/tyoukanpress/201408/4_a.html,RECOVERABLE_WAYBACK
http://www.mofa.go.jp/press/kaiken/kaiken4e_000095.html,www.mofa.go.jp,2014/8/5,Japan,Press Conference by Foreign Minister Fumio Kishida,SKIPPED_KNOWN_BLOCKED,True,http://web.archive.org/web/20190905060001/https://www.mofa.go.jp/press/kaiken/kaiken4e_000095.html,RECOVERABLE_WAYBACK
http://japan.kantei.go.jp/tyoukanpress/201408/5_a.html,japan.kantei.go.jp,2014/8/5,Japan,Press Conference by the Chief Cabinet Secretary (Excerpt),HTTP_404,True,http://web.archive.org/web/20240816003542/https://japan.kantei.go.jp/tyoukanpress/201408/5_a.html,RECOVERABLE_WAYBACK
http://japan.kantei.go.jp/96_abe/statement/201408/0806hiroshima_aisatsu.html,japan.kantei.go.jp,2014/8/6,Japan,Address by Prime Minister Abe at the Hiroshima Peace Memorial Ceremony,HTTP_200,False,,LIVE_DIRECT
http://japan.kantei.go.jp/tyoukanpress/201408/6_a.html,japan.kantei.go.jp,2014/8/6,Japan,Press Conference by the Chief Cabinet Secretary (Excerpt),HTTP_404,True,http://web.archive.org/web/20240816003526/https://japan.kantei.go.jp/tyoukanpress/201408/6_a.html,RECOVERABLE_WAYBACK
http://japan.kantei.go.jp/tyoukanpress/201408/7_a.html,japan.kantei.go.jp,2014/8/7,Japan,Press Conference by the Chief Cabinet Secretary (Excerpt),HTTP_404,True,http://web.archive.org/web/20240816003545/https://japan.kantei.go.jp/tyoukanpress/201408/7_a.html,RECOVERABLE_WAYBACK
http://japan.kantei.go.jp/96_abe/statement/201408/nagasaki2014address.html,japan.kantei.go.jp,2014/8/9,Japan,Address by Prime Minister Shinzo Abe at the Nagasaki Peace Memorial Ceremony,HTTP_200,False,,LIVE_DIRECT
http://japan.kantei.go.jp/96_abe/statement/201408/15article1.html,japan.kantei.go.jp,2014/8/15,Japan,Address by Prime Minister Abe at the Sixty-Ninth Memorial Ceremony for the War Dead,HTTP_200,False,,LIVE_DIRECT
http://japan.kantei.go.jp/tyoukanpress/201408/27_a.html,japan.kantei.go.jp,2014/8/27,Japan,Press Conference by the Chief Cabinet Secretary (Excerpt),HTTP_404,True,http://web.archive.org/web/20240816003525/https://japan.kantei.go.jp/tyoukanpress/201408/27_a.html,RECOVERABLE_WAYBACK
http://japan.kantei.go.jp/tyoukanpress/201409/4_a.html,japan.kantei.go.jp,2014/9/4,Japan,Press Conference by the Chief Cabinet Secretary (Excerpt),HTTP_404,True,http://web.archive.org/web/20240815232522/https://japan.kantei.go.jp/tyoukanpress/201409/4_a.html,RECOVERABLE_WAYBACK
http://japan.kantei.go.jp/tyoukanpress/201409/5_p.html,japan.kantei.go.jp,2014/9/5,Japan,Press Conference by the Chief Cabinet Secretary (Excerpt),HTTP_404,True,http://web.archive.org/web/20240815232454/https://japan.kantei.go.jp/tyoukanpress/201409/5_p.html,RECOVERABLE_WAYBACK
http://www.mofa.go.jp/press/kaiken/kaiken4e_000098.html,www.mofa.go.jp,2014/9/13,Japan,Press Conference by Foreign Minister Fumio Kishida,SKIPPED_KNOWN_BLOCKED,True,http://web.archive.org/web/20250512090359/https://www.mofa.go.jp/press/kaiken/kaiken4e_000098.html,RECOVERABLE_WAYBACK
http://japan.kantei.go.jp/tyoukanpress/201409/19_p.html,japan.kantei.go.jp,2014/9/19,Japan,Press Conference by the Chief Cabinet Secretary (Excerpt),HTTP_404,True,http://web.archive.org/web/20240815232451/https://japan.kantei.go.jp/tyoukanpress/201409/19_p.html,RECOVERABLE_WAYBACK
http://japan.kantei.go.jp/tyoukanpress/201410/14_a.html,japan.kantei.go.jp,2014/10/14,Japan,Press Conference by the Chief Cabinet Secretary (Excerpt),HTTP_404,True,http://web.archive.org/web/20240816003142/https://japan.kantei.go.jp/tyoukanpress/201410/14_a.html,RECOVERABLE_WAYBACK
http://japan.kantei.go.jp/tyoukanpress/201410/15_a.html,japan.kantei.go.jp,2014/10/15,Japan,Press Conference by the Chief Cabinet Secretary (Excerpt),HTTP_404,True,http://web.archive.org/web/20240816003141/https://japan.kantei.go.jp/tyoukanpress/201410/15_a.html,RECOVERABLE_WAYBACK
http://www.mofa.go.jp/press/kaiken/kaiken4e_000111.html,www.mofa.go.jp,2014/10/16,Japan,Press Conference by State Minister Yasuhide Nakayama,SKIPPED_KNOWN_BLOCKED,True,http://web.archive.org/web/20190905070253/https://www.mofa.go.jp/press/kaiken/kaiken4e_000111.html,RECOVERABLE_WAYBACK
http://japan.kantei.go.jp/tyoukanpress/201410/17_a.html,japan.kantei.go.jp,2014/10/17,Japan,Press Conference by the Chief Cabinet Secretary (Excerpt),HTTP_404,True,http://web.archive.org/web/20240816003249/https://japan.kantei.go.jp/tyoukanpress/201410/17_a.html,RECOVERABLE_WAYBACK
http://japan.kantei.go.jp/96_abe/statement/201410/1019iba_speech.html,japan.kantei.go.jp,2014/10/19,Japan,Speech by Prime Minister Abe at the 2014 International Bar Association (IBA) Annual Conference in Tokyo,HTTP_200,False,,LIVE_DIRECT
http://japan.kantei.go.jp/tyoukanpress/201410/21_p.html,japan.kantei.go.jp,2014/10/21,Japan,Press Conference by the Chief Cabinet Secretary (Excerpt),HTTP_404,True,http://web.archive.org/web/20241106122256/https://japan.kantei.go.jp/tyoukanpress/201410/21_p.html,RECOVERABLE_WAYBACK
http://japan.kantei.go.jp/tyoukanpress/201410/22_p.html,japan.kantei.go.jp,2014/10/22,Japan,Press Conference by the Chief Cabinet Secretary (Excerpt),HTTP_404,True,http://web.archive.org/web/20240816003154/https://japan.kantei.go.jp/tyoukanpress/201410/22_p.html,RECOVERABLE_WAYBACK
http://japan.kantei.go.jp/96_abe/statement/201411/1111naigai.html,japan.kantei.go.jp,2014/11/11,Japan,Press Conference by Prime Minister Shinzo Abe Following his Participation in the APEC Summit Meetings,HTTP_200,False,,LIVE_DIRECT
http://japan.kantei.go.jp/tyoukanpress/201412/26_a.html,japan.kantei.go.jp,2014/12/26,Japan,Press Conference by the Chief Cabinet Secretary (Excerpt),HTTP_404,True,http://web.archive.org/web/20240815233159/https://japan.kantei.go.jp/tyoukanpress/201412/26_a.html,RECOVERABLE_WAYBACK
http://japan.kantei.go.jp/97_abe/statement/201501/05newyear.html,japan.kantei.go.jp,2015/1/5,Japan,New Year's Press Conference by Prime Minister Shinzo Abe,HTTP_200,False,,LIVE_DIRECT
http://japan.kantei.go.jp/tyoukanpress/201501/15_a.html,japan.kantei.go.jp,2015/1/15,Japan,Press Conference by the Chief Cabinet Secretary (Excerpt),HTTP_404,False,,NOT_RECOVERABLE_YET
http://www.mofa.go.jp/s_sa/sw/in/page3e_000291.html,www.mofa.go.jp,2015/1/18,Japan,"Policy speech by Foreign Minister Fumio Kishida ""Special Partnership for the Era of the Indo-Pacific""",SKIPPED_KNOWN_BLOCKED,True,http://web.archive.org/web/20251110231221/https://www.mofa.go.jp/s_sa/sw/in/page3e_000291.html,RECOVERABLE_WAYBACK
http://japan.kantei.go.jp/97_abe/statement/201501/20press.html,japan.kantei.go.jp,2015/1/20,Japan,Press Conference by Prime Minister Abe during his Visit to the Middle East,HTTP_200,False,,LIVE_DIRECT
http://japan.kantei.go.jp/tyoukanpress/201501/26_p.html,japan.kantei.go.jp,2015/1/26,Japan,Press Conference by the Chief Cabinet Secretary (Excerpt),HTTP_404,True,http://web.archive.org/web/20240816001932/https://japan.kantei.go.jp/tyoukanpress/201501/26_p.html,RECOVERABLE_WAYBACK
http://japan.kantei.go.jp/tyoukanpress/201501/27_p.html,japan.kantei.go.jp,2015/1/27,Japan,Press Conference by the Chief Cabinet Secretary (Excerpt),HTTP_404,True,http://web.archive.org/web/20240816001925/https://japan.kantei.go.jp/tyoukanpress/201501/27_p.html,RECOVERABLE_WAYBACK
http://www.mofa.go.jp/fp/pp/page23e_000386.html,www.mofa.go.jp,2015/2/12,Japan,Foreign Policy Speech by Foreign Minister Fumio Kishida to the 189th Session of the Diet,SKIPPED_KNOWN_BLOCKED,True,http://web.archive.org/web/20260512014024/https://www.mofa.go.jp/fp/pp/page23e_000386.html,RECOVERABLE_WAYBACK
http://japan.kantei.go.jp/tyoukanpress/201502/19_a.html,japan.kantei.go.jp,2015/2/19,Japan,Press Conference by the Chief Cabinet Secretary (Excerpt),HTTP_404,False,,NOT_RECOVERABLE_YET
http://japan.kantei.go.jp/tyoukanpress/201502/25_a.html,japan.kantei.go.jp,2015/2/25,Japan,Press Conference by the Chief Cabinet Secretary (Excerpt),HTTP_404,True,http://web.archive.org/web/20240815234122/https://japan.kantei.go.jp/tyoukanpress/201502/25_a.html,RECOVERABLE_WAYBACK
http://japan.kantei.go.jp/tyoukanpress/201503/10_a.html,japan.kantei.go.jp,2015/3/10,Japan,Press Conference by the Chief Cabinet Secretary (Excerpt),HTTP_404,True,http://web.archive.org/web/20240815234341/https://japan.kantei.go.jp/tyoukanpress/201503/10_a.html,RECOVERABLE_WAYBACK
http://japan.kantei.go.jp/tyoukanpress/201503/13_a.html,japan.kantei.go.jp,2015/3/13,Japan,Press Conference by the Chief Cabinet Secretary (Excerpt),HTTP_404,False,,NOT_RECOVERABLE_YET
http://japan.kantei.go.jp/97_abe/statement/201503/ununiv.html,japan.kantei.go.jp,2015/3/16,Japan,What the United Nations means for Japan - Address by Prime Minister Shinzo Abe at United Nations University,HTTP_200,False,,LIVE_DIRECT
http://japan.kantei.go.jp/tyoukanpress/201503/17_a.html,japan.kantei.go.jp,2015/3/17,Japan,Press Conference by the Chief Cabinet Secretary (Excerpt),HTTP_404,True,http://web.archive.org/web/20240815234336/https://japan.kantei.go.jp/tyoukanpress/201503/17_a.html,RECOVERABLE_WAYBACK
http://japan.kantei.go.jp/tyoukanpress/201503/26_a.html,japan.kantei.go.jp,2015/3/26,Japan,Press Conference by the Chief Cabinet Secretary (Excerpt),HTTP_404,True,http://web.archive.org/web/20240815234417/https://japan.kantei.go.jp/tyoukanpress/201503/26_a.html,RECOVERABLE_WAYBACK
http://japan.kantei.go.jp/tyoukanpress/201503/27_a.html,japan.kantei.go.jp,2015/3/27,Japan,Press Conference by the Chief Cabinet Secretary (Excerpt),HTTP_404,True,http://web.archive.org/web/20240815234338/https://japan.kantei.go.jp/tyoukanpress/201503/27_a.html,RECOVERABLE_WAYBACK
http://www.mofa.go.jp/press/kaiken/kaiken4e_000158.html,www.mofa.go.jp,2015/4/7,Japan,Press Conference by Foreign Minister Fumio Kishida,SKIPPED_KNOWN_BLOCKED,True,http://web.archive.org/web/20230129100244/https://www.mofa.go.jp/press/kaiken/kaiken4e_000158.html,RECOVERABLE_WAYBACK
http://www.mofa.go.jp/press/kaiken/kaiken4e_000160.html,www.mofa.go.jp,2015/4/10,Japan,Press Conference by Foreign Minister Fumio Kishida,SKIPPED_KNOWN_BLOCKED,True,http://web.archive.org/web/20230129093743/https://www.mofa.go.jp/press/kaiken/kaiken4e_000160.html,RECOVERABLE_WAYBACK
http://www.mofa.go.jp/a_o/rp/page3e_000325.html,www.mofa.go.jp,2015/4/22,Japan,Address by Prime Minister Shinzo Abe at the Asian-African Summit 2015,SKIPPED_KNOWN_BLOCKED,True,http://web.archive.org/web/20260209022513/https://www.mofa.go.jp/a_o/rp/page3e_000325.html,RECOVERABLE_WAYBACK
http://www.mofa.go.jp/press/kaiken/kaiken4e_000175.html,www.mofa.go.jp,2015/6/12,Japan,Press Conference by Foreign Minister Fumio Kishida,SKIPPED_KNOWN_BLOCKED,True,http://web.archive.org/web/20260115000854/https://www.mofa.go.jp/press/kaiken/kaiken4e_000175.html,RECOVERABLE_WAYBACK
http://www.mofa.go.jp/a_o/rp/page22e_000702.html,www.mofa.go.jp,2015/6/22,Japan,"Keynote Speech by Foreign Minister Fumio Kishida ""A Peace-Loving Nation Walking with Asia"" at the High Level Seminar on ",SKIPPED_KNOWN_BLOCKED,True,http://web.archive.org/web/20260514015908/https://www.mofa.go.jp/a_o/rp/page22e_000702.html,RECOVERABLE_WAYBACK
http://japan.kantei.go.jp/tyoukanpress/201507/7_a.html,japan.kantei.go.jp,2015/7/7,Japan,Press Conference by the Chief Cabinet Secretary (Excerpt),HTTP_404,True,http://web.archive.org/web/20240815230959/https://japan.kantei.go.jp/tyoukanpress/201507/7_a.html,RECOVERABLE_WAYBACK
http://japan.kantei.go.jp/tyoukanpress/201507/13_a.html,japan.kantei.go.jp,2015/7/13,Japan,Press Conference by the Chief Cabinet Secretary (Excerpt),HTTP_404,False,,NOT_RECOVERABLE_YET
http://www.mofa.go.jp/press/kaiken/kaiken4e_000184.html,www.mofa.go.jp,2015/7/14,Japan,Press Conference by Foreign Minister Fumio Kishida,SKIPPED_KNOWN_BLOCKED,True,http://web.archive.org/web/20190904195945/https://www.mofa.go.jp/press/kaiken/kaiken4e_000184.html,RECOVERABLE_WAYBACK
http://www.mofa.go.jp/press/kaiken/kaiken4e_000188.html,www.mofa.go.jp,2015/7/31,Japan,Press Conference by Foreign Minister Fumio Kishida,SKIPPED_KNOWN_BLOCKED,True,http://web.archive.org/web/20190904195236/https://www.mofa.go.jp/press/kaiken/kaiken4e_000188.html,RECOVERABLE_WAYBACK
http://japan.kantei.go.jp/97_abe/statement/201508/nagasaki.html,japan.kantei.go.jp,2015/8/9,Japan,Address by Prime Minister Shinzo Abe at the Nagasaki Peace Memorial Ceremony,HTTP_200,False,,LIVE_DIRECT
http://japan.kantei.go.jp/97_abe/statement/201508/0814statement.html,japan.kantei.go.jp,2015/8/14,Japan,Statement by Prime Minister Shinzo Abe,HTTP_200,False,,LIVE_DIRECT
http://japan.kantei.go.jp/97_abe/statement/201508/1212349_9926.html,japan.kantei.go.jp,2015/8/14,Japan,Press Conference by Prime Minister Shinzo Abe,HTTP_200,False,,LIVE_DIRECT
http://japan.kantei.go.jp/97_abe/statement/201508/0815speech.html,japan.kantei.go.jp,2015/8/15,Japan,Address by Prime Minister Shinzo Abe at the Seventieth National Memorial Ceremony for the War Dead,HTTP_200,False,,LIVE_DIRECT
http://www.mofa.go.jp/press/kaiken/kaiken3e_000008.html,www.mofa.go.jp,2015/8/21,Japan,Press Conference by Foreign Minister Fumio Kishida,SKIPPED_KNOWN_BLOCKED,True,http://web.archive.org/web/20190904202057/https://www.mofa.go.jp/press/kaiken/kaiken3e_000008.html,RECOVERABLE_WAYBACK
http://www.mofa.go.jp/press/kaiken/kaiken4e_000191.html,www.mofa.go.jp,2015/8/28,Japan,Press Conference by Foreign Minister Fumio Kishida,SKIPPED_KNOWN_BLOCKED,False,,NOT_RECOVERABLE_YET
http://japan.kantei.go.jp/tyoukanpress/201508/31_a.html,japan.kantei.go.jp,2015/8/31,Japan,Press Conference by the Chief Cabinet Secretary (Excerpt),HTTP_404,True,http://web.archive.org/web/20240816003637/https://japan.kantei.go.jp/tyoukanpress/201508/31_a.html,RECOVERABLE_WAYBACK
http://www.mofa.go.jp/press/kaiken/kaiken4e_000192.html,www.mofa.go.jp,2015/9/1,Japan,Press Conference by Foreign Minister Fumio Kishida,SKIPPED_KNOWN_BLOCKED,False,,NOT_RECOVERABLE_YET
http://japan.kantei.go.jp/tyoukanpress/201509/3_a.html,japan.kantei.go.jp,2015/9/3,Japan,Press Conference by the Chief Cabinet Secretary (Excerpt),HTTP_404,True,http://web.archive.org/web/20250121154302/https://japan.kantei.go.jp/tyoukanpress/201509/3_a.html,RECOVERABLE_WAYBACK
http://www.mofa.go.jp/press/kaiken/kaiken3e_000009.html,www.mofa.go.jp,2015/9/4,Japan,Press Conference by Foreign Minister Fumio Kishida,SKIPPED_KNOWN_BLOCKED,True,http://web.archive.org/web/20190904205221/https://www.mofa.go.jp/press/kaiken/kaiken3e_000009.html,RECOVERABLE_WAYBACK
http://japan.kantei.go.jp/tyoukanpress/201509/7_a.html,japan.kantei.go.jp,2015/9/7,Japan,Press Conference by the Chief Cabinet Secretary (Excerpt),HTTP_404,True,http://web.archive.org/web/20250117152634/https://japan.kantei.go.jp/tyoukanpress/201509/7_a.html,RECOVERABLE_WAYBACK
http://japan.kantei.go.jp/97_abe/statement/201509/1213465_9928.html,japan.kantei.go.jp,2015/9/25,Japan,Press Conference by Prime Minister Shinzo Abe,HTTP_200,False,,LIVE_DIRECT
http://japan.kantei.go.jp/97_abe/statement/201509/1213493_9928.html,japan.kantei.go.jp,2015/9/29,Japan,Press Conference by Prime Minister Abe following the 70th Session of the United Nations General Assembly,HTTP_200,False,,LIVE_DIRECT
http://japan.kantei.go.jp/tyoukanpress/201510/13_a.html,japan.kantei.go.jp,2015/10/13,Japan,Press Conference by the Chief Cabinet Secretary (Excerpt),HTTP_404,True,http://web.archive.org/web/20250910015710/https://japan.kantei.go.jp/tyoukanpress/201510/13_a.html,RECOVERABLE_WAYBACK
http://japan.kantei.go.jp/tyoukanpress/201510/15_p.html,japan.kantei.go.jp,2015/10/15,Japan,Press Conference by the Chief Cabinet Secretary (Excerpt),HTTP_404,False,,NOT_RECOVERABLE_YET
http://www.mofa.go.jp/press/kaiken/kaiken4e_000202.html,www.mofa.go.jp,2015/10/23,Japan,Press Conference by Foreign Minister Fumio Kishida,SKIPPED_KNOWN_BLOCKED,True,http://web.archive.org/web/20190904212009/https://www.mofa.go.jp/press/kaiken/kaiken4e_000202.html,RECOVERABLE_WAYBACK
http://japan.kantei.go.jp/tyoukanpress/201510/26_a.html,japan.kantei.go.jp,2015/10/26,Japan,Press Conference by the Chief Cabinet Secretary (Excerpt),HTTP_404,False,,NOT_RECOVERABLE_YET
http://www.mofa.go.jp/erp/ca_c/kz/page1e_000055.html,www.mofa.go.jp,2015/10/28,Japan,Speech by Prime Minister Abe on Japan's Foreign Policy Toward Central Asia,SKIPPED_KNOWN_BLOCKED,True,http://web.archive.org/web/20260510044307/https://www.mofa.go.jp/erp/ca_c/kz/page1e_000055.html,RECOVERABLE_WAYBACK
http://japan.kantei.go.jp/tyoukanpress/201510/30_a.html,japan.kantei.go.jp,2015/10/30,Japan,Press Conference by the Deputy Chief Cabinet Secretary (Excerpt),HTTP_404,True,http://web.archive.org/web/20240815234223/https://japan.kantei.go.jp/tyoukanpress/201510/30_a.html,RECOVERABLE_WAYBACK
http://japan.kantei.go.jp/tyoukanpress/201511/2_p.html,japan.kantei.go.jp,2015/11/2,Japan,Press Conference by the Chief Cabinet Secretary (Excerpt),HTTP_404,True,http://web.archive.org/web/20240816003725/https://japan.kantei.go.jp/tyoukanpress/201511/2_p.html,RECOVERABLE_WAYBACK
http://japan.kantei.go.jp/tyoukanpress/201511/9_a.html,japan.kantei.go.jp,2015/11/9,Japan,Press Conference by the Chief Cabinet Secretary (Excerpt),HTTP_404,True,http://web.archive.org/web/20250910024038/https://japan.kantei.go.jp/tyoukanpress/201511/9_a.html,RECOVERABLE_WAYBACK
http://japan.kantei.go.jp/tyoukanpress/201511/10_p.html,japan.kantei.go.jp,2015/11/10,Japan,Press Conference by the Chief Cabinet Secretary (Excerpt),HTTP_404,True,http://web.archive.org/web/20240816003705/https://japan.kantei.go.jp/tyoukanpress/201511/10_p.html,RECOVERABLE_WAYBACK
http://www.mofa.go.jp/press/kaiken/kaiken4e_000205.html,www.mofa.go.jp,2015/11/13,Japan,Press Conference by Foreign Minister Fumio Kishida,SKIPPED_KNOWN_BLOCKED,True,http://web.archive.org/web/20190904225557/https://www.mofa.go.jp/press/kaiken/kaiken4e_000205.html,RECOVERABLE_WAYBACK
http://japan.kantei.go.jp/tyoukanpress/201511/19_a.html,japan.kantei.go.jp,2015/11/19,Japan,Press Conference by the Chief Cabinet Secretary (Excerpt),HTTP_404,True,http://web.archive.org/web/20240816003714/https://japan.kantei.go.jp/tyoukanpress/201511/19_a.html,RECOVERABLE_WAYBACK
http://japan.kantei.go.jp/tyoukanpress/201512/18_a.html,japan.kantei.go.jp,2015/12/18,Japan,Press Conference by the Chief Cabinet Secretary (Excerpt),HTTP_404,True,http://web.archive.org/web/20240815231449/https://japan.kantei.go.jp/tyoukanpress/201512/18_a.html,RECOVERABLE_WAYBACK
http://www.mofa.go.jp/press/kaiken/kaiken4e_000216.html,www.mofa.go.jp,2015/12/25,Japan,Press Conference by Foreign Minister Fumio Kishida,SKIPPED_KNOWN_BLOCKED,True,http://web.archive.org/web/20190904235136/https://www.mofa.go.jp/press/kaiken/kaiken4e_000216.html,RECOVERABLE_WAYBACK
http://japan.kantei.go.jp/tyoukanpress/201512/25_a.html,japan.kantei.go.jp,2015/12/25,Japan,Press Conference by the Chief Cabinet Secretary (Excerpt),HTTP_404,True,http://web.archive.org/web/20240815231452/https://japan.kantei.go.jp/tyoukanpress/201512/25_a.html,RECOVERABLE_WAYBACK
http://www.mofa.go.jp/mofaj/a_o/na/kr/page3e_000411.html,www.mofa.go.jp,2015/11/01,Japan/Korea,Japan-ROK Foreign Ministers’ Meeting,SKIPPED_KNOWN_BLOCKED,True,http://web.archive.org/web/20250911185516/https://www.mofa.go.jp/mofaj/a_o/na/kr/page3e_000411.html,RECOVERABLE_WAYBACK
http://www.mofa.go.jp/a_o/na/kr/page4e_000365.html,www.mofa.go.jp,2015/12/28,Japan/Korea,Japan-ROK Foreign Ministers’ Meeting,SKIPPED_KNOWN_BLOCKED,True,http://web.archive.org/web/20260314053028/https://www.mofa.go.jp/a_o/na/kr/page4e_000365.html,RECOVERABLE_WAYBACK
http://www.mofa.go.jp/a_o/na/kr/page4e_000364.html,www.mofa.go.jp,2015/12/28,Japan/Korea,Announcement by Foreign Ministers of Japan and the Republic of Korea at the Joint Press Occasion,SKIPPED_KNOWN_BLOCKED,True,http://web.archive.org/web/20260329060752/https://www.mofa.go.jp/a_o/na/kr/page4e_000364.html,RECOVERABLE_WAYBACK
http://www.mofa.go.kr/webmodule/htsboard/template/read/engreadboard.jsp?typeID=12&boardid=302&seqno=316435&c=&t=&pagenum=1&tableName=TYPE_ENGLISH&pc=&dc=&,www.mofa.go.kr,2016/4/19,Japan/Korea,ROK-Japan Vice Foreign Ministerial Meeting Held on the Sidelines of the ROK-US-Japan Vice Foreign Ministerial Meeting,SKIPPED_KNOWN_BLOCKED,False,,NOT_RECOVERABLE_YET
http://irl.mofa.go.kr/webmodule/htsboard/template/read/engreadboard.jsp?typeID=16&boardid=7714&seqno=674548&c=&t=&pagenum=1&tableName=TYPE_ENGLEGATIO&pc=&dc=&wc=&lu=&vu=&iu=&du=,irl.mofa.go.kr,2012/1/17,Korea,"Spokesperson's Press Briefing (Jan. 17, 2012)",SKIPPED_KNOWN_BLOCKED,False,,NOT_RECOVERABLE_YET
http://www.mofa.go.kr/webmodule/htsboard/template/read/engreadboard.jsp?typeID=12&boardid=4728&seqno=310872&c=all&t=comfort%20women&pagenum=1&tableName=TYPE_ENGLISH&pc=&dc=&wc=&lu=&vu=&iu=&du=,www.mofa.go.kr,2012/2/27,Korea,Statement by Dr. Kim Bong-hyun Deputy Minister for Multilateral and Global Affairs,SKIPPED_KNOWN_BLOCKED,False,,NOT_RECOVERABLE_YET
http://www.mofa.go.kr/webmodule/htsboard/template/read/engreadboard.jsp?typeID=12&boardid=303&seqno=311086&c=&t=&pagenum=1&tableName=TYPE_ENGLISH&pc=&dc=&wc=&lu=&vu=&iu=&du=,www.mofa.go.kr,2012/4/24,Korea,"Spokesperson's Press Briefing (Apr. 24, 2012)",SKIPPED_KNOWN_BLOCKED,False,,NOT_RECOVERABLE_YET
http://www.mofa.go.kr/webmodule/htsboard/template/read/engreadboard.jsp?boardid=303&typeID=12&tableName=TYPE_ENGLISH&seqno=311124,www.mofa.go.kr,2012/5/8,Korea,"Spokesperson's Press Briefing (May 8, 2012)",SKIPPED_KNOWN_BLOCKED,False,,NOT_RECOVERABLE_YET
http://www.mofa.go.kr/webmodule/htsboard/template/read/engreadboard.jsp?boardid=303&typeID=12&tableName=TYPE_ENGLISH&seqno=311272,www.mofa.go.kr,2012/6/26,Korea,"Spokesperson's Press Briefing (Jun. 26, 2012)",SKIPPED_KNOWN_BLOCKED,False,,NOT_RECOVERABLE_YET
http://www.mofa.go.kr/webmodule/htsboard/template/read/engreadboard.jsp?boardid=303&typeID=12&tableName=TYPE_ENGLISH&seqno=311925,www.mofa.go.kr,2012/12/18,Korea,"Spokesperson's Press Briefing (Dec. 18, 2012)",SKIPPED_KNOWN_BLOCKED,False,,NOT_RECOVERABLE_YET
http://www.mofa.go.kr/webmodule/htsboard/template/read/engreadboard.jsp?typeID=12&boardid=4728&seqno=317394&c=all&t=comfort%20women&pagenum=1&tableName=TYPE_ENGLISH&pc=&dc=&wc=&lu=&vu=&iu=&du=,www.mofa.go.kr,2013/2/27,Korea,Statement by Deputy Minister for Multilateral and Global Affairs at 22nd Session of UN Human Rights Council,SKIPPED_KNOWN_BLOCKED,False,,NOT_RECOVERABLE_YET
http://www.mofa.go.kr/webmodule/htsboard/template/read/engreadboard.jsp?typeID=12&boardid=302&seqno=312156&c=TITLE&t=&pagenum=4&tableName=TYPE_ENGLISH&pc=&dc=&wc=&lu=&vu=&iu=&du=,www.mofa.go.kr,2013/4/22,Korea,MOFA Spokesperson’s Commentary on Japanese Prime Minister’s Offering and Japanese Officials’ Visit to the Yasukuni Shrin,SKIPPED_KNOWN_BLOCKED,False,,NOT_RECOVERABLE_YET
http://mofa.go.kr/webmodule/htsboard/template/read/engreadboard.jsp?typeID=12&boardid=303&seqno=312301&c=&t=&pagenum=1&tableName=TYPE_ENGLISH&pc=&dc=&wc=&lu=&vu=&iu=&du=,mofa.go.kr,2013/5/13,Korea,"Spokesperson's Press Briefing (May 16, 2013)",SKIPPED_KNOWN_BLOCKED,False,,NOT_RECOVERABLE_YET
http://www.mofa.go.kr/webmodule/htsboard/template/read/engreadboard.jsp?typeID=12&boardid=303&seqno=312320,www.mofa.go.kr,2013/5/20,Korea,"Spokesperson's Press Briefing (May 20, 2013)",SKIPPED_KNOWN_BLOCKED,False,,NOT_RECOVERABLE_YET
http://www.mofa.go.kr/webmodule/htsboard/template/read/engreadboard.jsp?typeID=12&boardid=303&seqno=312357,www.mofa.go.kr,2013/5/27,Korea,"Foreign Minister's Press Briefing (May 27, 2013)",SKIPPED_KNOWN_BLOCKED,False,,NOT_RECOVERABLE_YET
http://www.mofa.go.kr/webmodule/htsboard/template/read/engreadboard.jsp?typeID=12&boardid=303&seqno=312617,www.mofa.go.kr,2013/7/26,Korea,"Spokesperson's Press Briefing (Jul. 26, 2013)",SKIPPED_KNOWN_BLOCKED,False,,NOT_RECOVERABLE_YET
http://www.mofa.go.kr/ENG/press/pressbriefings/index.jsp?menu=m_10_30&sp=/webmodule/htsboard/template/read/engreadboard.jsp%3Fboardid=303%26typeID=12%26tableName=TYPE_ENGLISH%26seqno=312630,www.mofa.go.kr,2013/7/30,Korea,"Spokesperson's Press Briefing (Jul. 30, 2013)",SKIPPED_KNOWN_BLOCKED,False,,NOT_RECOVERABLE_YET
http://mofa.go.kr/webmodule/htsboard/template/read/engreadboard.jsp?typeID=12&boardid=303&seqno=312666&c=&t=&pagenum=1&tableName=TYPE_ENGLISH&pc=&dc=&wc=&lu=&vu=&iu=&du=,mofa.go.kr,2013/8/13,Korea,"Spokesperson's Press Briefing (Aug. 13, 2013)",SKIPPED_KNOWN_BLOCKED,False,,NOT_RECOVERABLE_YET
http://mofa.go.kr/webmodule/htsboard/template/read/engreadboard.jsp?typeID=12&boardid=302&seqno=312669&c=&t=&pagenum=1&tableName=TYPE_ENGLISH&pc=&dc=&wc=&lu=&vu=&iu=&du=,mofa.go.kr,2013/8/15,Korea,MOFA Spokesperson's Commentary: Until When do Japanese Politicians Intend to Lock Their Country up in the Yasukuni Shrin,SKIPPED_KNOWN_BLOCKED,False,,NOT_RECOVERABLE_YET
http://forum.mofa.go.kr/ENG/press/ministrynews/20130816/1_55518.jsp?menu=m_10_10,forum.mofa.go.kr,2013/8/16,Korea,MOFA Spokesperson's Commentary: Until When do Japanese Politicians Intend to Lock Their Country up in the Yasukuni Shrin,SKIPPED_KNOWN_BLOCKED,False,,NOT_RECOVERABLE_YET
http://mofa.go.kr/webmodule/htsboard/template/read/engreadboard.jsp?typeID=12&boardid=303&seqno=312685&c=&t=&pagenum=1&tableName=TYPE_ENGLISH&pc=&dc=&wc=&lu=&vu=&iu=&du=,mofa.go.kr,2013/8/20,Korea,"Spokesperson's Press Briefing (Aug. 20, 2013)",SKIPPED_KNOWN_BLOCKED,False,,NOT_RECOVERABLE_YET
http://mofa.go.kr/webmodule/htsboard/template/read/engreadboard.jsp?typeID=12&boardid=303&seqno=312800&c=&t=&pagenum=1&tableName=TYPE_ENGLISH&pc=&dc=&wc=&lu=&vu=&iu=&du=,mofa.go.kr,2013/9/24,Korea,"Spokesperson's Press Briefing (Sept. 24, 2013)",SKIPPED_KNOWN_BLOCKED,False,,NOT_RECOVERABLE_YET
http://mofa.go.kr/webmodule/htsboard/template/read/engreadboard.jsp?typeID=12&boardid=303&seqno=312971&c=&t=&pagenum=1&tableName=TYPE_ENGLISH&pc=&dc=&wc=&lu=&vu=&iu=&du=,mofa.go.kr,2013/10/22,Korea,"Spokesperson's Press Briefing (Oct. 22, 2013)",SKIPPED_KNOWN_BLOCKED,False,,NOT_RECOVERABLE_YET
http://www.mofa.go.kr/webmodule/htsboard/template/read/korboardread.jsp?typeID=12&boardid=303&seqno=312988&c=&t=&pagenum=1&tableName=TYPE_ENGLISH&pc=&dc=&wc=&lu=&vu=&iu=&du=,www.mofa.go.kr,2013/10/24,Korea,"Spokesperson's Press Briefing (Oct. 24, 2013)",SKIPPED_KNOWN_BLOCKED,False,,NOT_RECOVERABLE_YET
http://mofa.go.kr/webmodule/htsboard/template/read/engreadboard.jsp?typeID=12&boardid=302&seqno=313228&c=&t=&pagenum=1&tableName=TYPE_ENGLISH&pc=&dc=&wc=&lu=&vu=&iu=&du=,mofa.go.kr,2013/12/26,Korea,Statement by the Spokesperson of the ROK Government on Japanese Prime Minister Abe’s visit to the Yasukuni Shrine,SKIPPED_KNOWN_BLOCKED,False,,NOT_RECOVERABLE_YET
http://overseas.mofa.go.kr/english/am/usa-hagatna/bilateral/bilateral/index.jsp?sp=/webmodule/htsboard/template/read/engreadboard.jsp%3FtypeID=16%26boardid=6119%26seqno=703610%26tableName=TYPE_ENGLEGATIO,overseas.mofa.go.kr,2013/12/31,Korea,Statement by the Spokesperson of the ROK Government on Japanese Prime Minister Abe’s visit to the Yasukuni Shrine,SKIPPED_KNOWN_BLOCKED,False,,NOT_RECOVERABLE_YET
http://www.mofa.go.kr/webmodule/htsboard/template/read/engreadboard.jsp?typeID=12&boardid=303&seqno=313264,www.mofa.go.kr,2014/1/9,Korea,"Spokesperson's Press Briefing (Jan. 9, 2014)",SKIPPED_KNOWN_BLOCKED,False,,NOT_RECOVERABLE_YET
http://usa.mofa.go.kr/webmodule/htsboard/template/read/new_legengreadboard.jsp?typeID=16&boardid=13912&seqno=704280&c=&t=&pagenum=1&tableName=TYPE_ENGLEGATIO&pc=&dc=&wc=&lu=&vu=&iu=&du=,usa.mofa.go.kr,2014/1/20,Korea,MOFA Spokesperson’s Commentary on the Japanese Chief Cabinet Secretary’s Remarks Regarding Korean Patriot Ahn Jung-geun,SKIPPED_KNOWN_BLOCKED,False,,NOT_RECOVERABLE_YET
http://www.mofa.go.kr/webmodule/htsboard/template/read/engreadboard.jsp?typeID=12&boardid=4728&seqno=313310&c=all&t=comfort%20women&pagenum=1&tableName=TYPE_ENGLISH&pc=&dc=&wc=&lu=&vu=&iu=&du=,www.mofa.go.kr,2014/1/30,Korea,Statement by Ambassador Oh Joon at Security Council Open Debate,SKIPPED_KNOWN_BLOCKED,False,,NOT_RECOVERABLE_YET
http://www.mofa.go.kr/webmodule/htsboard/template/read/engreadboard.jsp?typeID=12&boardid=303&seqno=313433,www.mofa.go.kr,2014/2/25,Korea,"Spokesperson's Press Briefing (Feb. 25, 2014)",SKIPPED_KNOWN_BLOCKED,False,,NOT_RECOVERABLE_YET
http://www.mofa.go.kr/webmodule/htsboard/template/read/engreadboard.jsp?typeID=12&boardid=14195&seqno=313456&c=all&t=comfort%20women&pagenum=1&tableName=TYPE_ENGLISH&pc=&dc=&wc=&lu=&vu=&iu=&du=,www.mofa.go.kr,2014/3/1,Korea,Address by President Park Geun-hye on the 95th March First Independence Movement Day,SKIPPED_KNOWN_BLOCKED,False,,NOT_RECOVERABLE_YET
http://www.mofa.go.kr/webmodule/htsboard/template/read/engreadboard.jsp?typeID=12&boardid=14137&seqno=313472&c=all&t=comfort%20women&pagenum=1&tableName=TYPE_ENGLISH&pc=&dc=&wc=&lu=&vu=&iu=&du=,www.mofa.go.kr,2014/3/5,Korea,Statement at the 25th Session of the UN Human Rights Council,SKIPPED_KNOWN_BLOCKED,False,,NOT_RECOVERABLE_YET
http://overseas.mofa.go.kr/webmodule/common/download.jsp?boardid=3266&tablename=TYPE_LEGATION&seqno=fc6029fdcff007204302d060&fileseq=02201fffd06f06cfdefa704d,overseas.mofa.go.kr,2014/3/5,Korea,Statement by H.E. Yun Byung-se Minister of Foreign Affairs Republic of Korea,SKIPPED_KNOWN_BLOCKED,False,,NOT_RECOVERABLE_YET
http://news.mofa.go.kr/enewspaper/subarticle/print_article.php?mailkey=ok&aid=6218&ltype=E,news.mofa.go.kr,2014/4/4,Korea,MOFA Spokesperson's Statements on Japan's Diplomatic Bluebook 2014 and Japan's Approval of Elementary School Textbooks,SKIPPED_KNOWN_BLOCKED,False,,NOT_RECOVERABLE_YET
http://www.mofa.go.kr/webmodule/htsboard/template/read/engreadboard.jsp?boardid=302&typeID=12&tableName=TYPE_ENGLISH&seqno=313658,www.mofa.go.kr,2014/4/21,Korea,MOFA Spokesperson’s Commentary on the Japanese Prime Minister’s Offering to the Yasukuni Shrine,SKIPPED_KNOWN_BLOCKED,False,,NOT_RECOVERABLE_YET
http://www.mofa.go.kr/webmodule/htsboard/template/read/engreadboard.jsp?typeID=12&boardid=14137&seqno=313660&c=all&t=comfort%20women&pagenum=1&tableName=TYPE_ENGLISH&pc=&dc=&wc=&lu=&vu=&iu=&du=,www.mofa.go.kr,2014/4/22,Korea,Keynote Speech at the Asan Plenum 2014,SKIPPED_KNOWN_BLOCKED,False,,NOT_RECOVERABLE_YET
http://www.mofa.go.kr/webmodule/htsboard/template/read/engreadboard.jsp?typeID=12&boardid=303&seqno=313695&c=&t=&pagenum=1&tableName=TYPE_ENGLISH&pc=&dc=&wc=&lu=&vu=&iu=&du=,www.mofa.go.kr,2014/5/1,Korea,"Spokesperson's Press Briefing (May 1, 2014)",SKIPPED_KNOWN_BLOCKED,False,,NOT_RECOVERABLE_YET
http://www.mofa.go.kr/webmodule/htsboard/template/read/engreadboard.jsp?boardid=303&typeID=12&tableName=TYPE_ENGLISH&seqno=313726,www.mofa.go.kr,2014/5/8,Korea,"Spokesperson's Press Briefing (May 8, 2014)",SKIPPED_KNOWN_BLOCKED,False,,NOT_RECOVERABLE_YET
http://www.mofa.go.kr/webmodule/htsboard/template/read/engreadboard.jsp?typeID=12&boardid=4726&seqno=313814&c=all&t=comfort%20women&pagenum=1&tableName=TYPE_ENGLISH&pc=&dc=&wc=&lu=&vu=&iu=&du=,www.mofa.go.kr,2014/5/30,Korea,2nd Vice Minister's Remarks at the Roundtable on ‘Trustpolitik and the Korean Peninsula’,SKIPPED_KNOWN_BLOCKED,False,,NOT_RECOVERABLE_YET
http://mofa.go.kr/webmodule/htsboard/template/read/engreadboard.jsp?typeID=12&boardid=303&seqno=314090&c=&t=&pagenum=1&tableName=TYPE_ENGLISH&pc=&dc=&wc=&lu=&vu=&iu=&du=,mofa.go.kr,2014/7/29,Korea,"Spokesperson's Press Briefing (July 29, 2014)",SKIPPED_KNOWN_BLOCKED,False,,NOT_RECOVERABLE_YET
http://mofa.go.kr/webmodule/htsboard/template/read/engreadboard.jsp?typeID=12&boardid=303&seqno=314123&c=&t=&pagenum=1&tableName=TYPE_ENGLISH&pc=&dc=&wc=&lu=&vu=&iu=&du=,mofa.go.kr,2014/8/7,Korea,"Deputy Spokesperson's Press Briefing (August 7, 2014)",SKIPPED_KNOWN_BLOCKED,False,,NOT_RECOVERABLE_YET
http://www.fmprc.gov.cn/mfa_eng/xwfw_665399/s2510_665401/t1329642.shtml,www.fmprc.gov.cn,2016/1/5,China,"Foreign Ministry Spokesperson Hua Chunying's Regular Press Conference on January 5, 2016",HTTP_200_REDIRECTED_TO_GENERIC_SOFT404_MARKER,True,http://web.archive.org/web/20160516094349/http://www.fmprc.gov.cn:80/mfa_eng/xwfw_665399/s2510_665401/t1329642.shtml,RECOVERABLE_WAYBACK
http://www.fmprc.gov.cn/mfa_eng/xwfw_665399/s2510_665401/2511_665403/t1329999.shtml,www.fmprc.gov.cn,2016/1/6,China,"Foreign Ministry Spokesperson Hua Chunying's Regular Press Conference on January 6, 2016",HTTP_200_REDIRECTED_TO_GENERIC_SOFT404_MARKER,True,http://web.archive.org/web/20161007092553/http://www.fmprc.gov.cn:80/mfa_eng/xwfw_665399/s2510_665401/2511_665403/t1329999.shtml,RECOVERABLE_WAYBACK
http://www.fmprc.gov.cn/mfa_eng/wjdt_665385/zyjh_665391/P020160107590414767766.pdf,www.fmprc.gov.cn,2016/1/6,China,Remarks at Foreign M inistry’s 2016 New Year Reception,HTTP_200_REDIRECTED_TO_GENERIC_SOFT404_MARKER,True,http://web.archive.org/web/20171208233339/http://www.fmprc.gov.cn:80/mfa_eng/wjdt_665385/zyjh_665391/P020160107590414767766.pdf,RECOVERABLE_WAYBACK
http://www.fmprc.gov.cn/mfa_eng/zxxx_662805/t1346238.shtml,www.fmprc.gov.cn,2016/3/9,China,Foreign Minister Wang Yi Meets the Press,HTTP_200_REDIRECTED_TO_GENERIC_SOFT404_MARKER,False,,NOT_RECOVERABLE_YET
http://www.fmprc.gov.cn/mfa_eng/xwfw_665399/s2510_665401/t1348995.shtml,www.fmprc.gov.cn,2016/3/18,China,"Foreign Ministry Spokesperson Lu Kang's Regular Press Conference on March 18, 2016",HTTP_200_REDIRECTED_TO_GENERIC_SOFT404_MARKER,False,,NOT_RECOVERABLE_YET
http://www.fmprc.gov.cn/mfa_eng/xwfw_665399/s2510_665401/t1349763.shtml,www.fmprc.gov.cn,2016/3/22,China,"Foreign Ministry Spokesperson Hua Chunying's Regular Press Conference on March 22, 2016",HTTP_200_REDIRECTED_TO_GENERIC_SOFT404_MARKER,True,http://web.archive.org/web/20160326214332/http://www.fmprc.gov.cn:80/mfa_eng/xwfw_665399/s2510_665401/t1349763.shtml,RECOVERABLE_WAYBACK
http://www.fmprc.gov.cn/mfa_eng/xwfw_665399/s2510_665401/t1351862.shtml,www.fmprc.gov.cn,2016/3/30,China,"Foreign Ministry Spokesperson Hong Lei's Regular Press Conference on March 30, 2016",HTTP_200_REDIRECTED_TO_GENERIC_SOFT404_MARKER,True,http://web.archive.org/web/20160610173514/http://www.fmprc.gov.cn:80/mfa_eng/xwfw_665399/s2510_665401/t1351862.shtml,RECOVERABLE_WAYBACK
http://www.fmprc.gov.cn/mfa_eng/xwfw_665399/s2510_665401/2511_665403/t1354724.shtml,www.fmprc.gov.cn,2016/4/11,China,"Foreign Ministry Spokesperson Lu Kang's Regular Press Conference on April 11, 2016",HTTP_200_REDIRECTED_TO_GENERIC_SOFT404_MARKER,False,,NOT_RECOVERABLE_YET
http://www.fmprc.gov.cn/mfa_eng/xwfw_665399/s2510_665401/t1357438.shtml,www.fmprc.gov.cn,2016/4/21,China,"Foreign Ministry Spokesperson Hua Chunying's Regular Press Conference on April 21, 2016",HTTP_200_REDIRECTED_TO_GENERIC_SOFT404_MARKER,True,http://web.archive.org/web/20160503161651/http://www.fmprc.gov.cn:80/mfa_eng/xwfw_665399/s2510_665401/t1357438.shtml,RECOVERABLE_WAYBACK
http://www.fmprc.gov.cn/mfa_eng/xwfw_665399/s2510_665401/t1357851.shtml,www.fmprc.gov.cn,2016/4/22,China,"Foreign Ministry Spokesperson Hua Chunying's Regular Press Conference on April 22, 2016",HTTP_200_REDIRECTED_TO_GENERIC_SOFT404_MARKER,True,http://web.archive.org/web/20160503160449/http://www.fmprc.gov.cn:80/mfa_eng/xwfw_665399/s2510_665401/t1357851.shtml,RECOVERABLE_WAYBACK
http://www.fmprc.gov.cn/mfa_eng/wjb_663304/zwjg_665342/zwbd_665378/t1357950.shtml,www.fmprc.gov.cn,2016/4/23,China,Consultations and negotiations are the right approach to disputes settlement,HTTP_200_REDIRECTED_TO_GENERIC_SOFT404_MARKER,True,http://web.archive.org/web/20180110025211/http://www.fmprc.gov.cn:80/mfa_eng/wjb_663304/zwjg_665342/zwbd_665378/t1357950.shtml,RECOVERABLE_WAYBACK
http://www.fmprc.gov.cn/mfa_eng/xwfw_665399/s2510_665401/t1364924.shtml,www.fmprc.gov.cn,2016/5/19,China,"Foreign Ministry Spokesperson Hong Lei's Regular Press Conference on May 19, 2016",HTTP_200_REDIRECTED_TO_GENERIC_SOFT404_MARKER,True,http://web.archive.org/web/20170109112403/http://www.fmprc.gov.cn:80/mfa_eng/xwfw_665399/s2510_665401/t1364924.shtml,RECOVERABLE_WAYBACK
http://www.fmprc.gov.cn/mfa_eng/xwfw_665399/s2510_665401/t1367358.shtml,www.fmprc.gov.cn,2016/5/27,China,"Foreign Ministry Spokesperson Hua Chunying's Regular Press Conference on May 27, 2016",HTTP_200_REDIRECTED_TO_GENERIC_SOFT404_MARKER,True,http://web.archive.org/web/20160730163729/http://www.fmprc.gov.cn:80/mfa_eng/xwfw_665399/s2510_665401/t1367358.shtml,RECOVERABLE_WAYBACK
http://www.fmprc.gov.cn/mfa_eng/xwfw_665399/s2510_665401/t1368227.shtml,www.fmprc.gov.cn,2016/5/31,China,"Foreign Ministry Spokesperson Hua Chunying's Regular Press Conference on May 31, 2016",HTTP_200_REDIRECTED_TO_GENERIC_SOFT404_MARKER,True,http://web.archive.org/web/20160704155400/http://www.fmprc.gov.cn:80/mfa_eng/xwfw_665399/s2510_665401/t1368227.shtml,RECOVERABLE_WAYBACK
http://www.fmprc.gov.cn/mfa_eng/xwfw_665399/s2510_665401/t1370293.shtml,www.fmprc.gov.cn,2016/6/7,China,"Foreign Ministry Spokesperson Hong Lei's Regular Press Conference on June 7, 2016",HTTP_200_REDIRECTED_TO_GENERIC_SOFT404_MARKER,True,http://web.archive.org/web/20160624043542/http://www.fmprc.gov.cn:80/mfa_eng/xwfw_665399/s2510_665401/t1370293.shtml,RECOVERABLE_WAYBACK
http://www.fmprc.gov.cn/ce/ceuk/eng/EmbassyNews/t1378315.htm,www.fmprc.gov.cn,2016/7/7,China,Ambassador Liu Xiaoming gives interview to Reuters on the South China Sea,HTTP_200_REDIRECTED_TO_GENERIC_SOFT404_MARKER,False,,NOT_RECOVERABLE_YET
http://www.fmprc.gov.cn/mfa_eng/zxxx_662805/t1379493.shtml,www.fmprc.gov.cn,2016/7/12,China,Statement of the Government of the People's Republic of China on China's Territorial Sovereignty and Maritime Rights and,HTTP_200_REDIRECTED_TO_GENERIC_SOFT404_MARKER,True,http://web.archive.org/web/20211024031341/https://www.fmprc.gov.cn/mfa_eng/zxxx_662805/t1379493.shtml,RECOVERABLE_WAYBACK
http://www.fmprc.gov.cn/ce/cesg/eng/fyrth/t1380245.htm,www.fmprc.gov.cn,2016/7/12,China,Foreign Ministry Spokesperson Lu Kang's Remarks on Japanese Foreign Minister's Statement on the Award of South China Sea,HTTP_200_REDIRECTED_TO_GENERIC_SOFT404_MARKER,False,,NOT_RECOVERABLE_YET
http://www.fmprc.gov.cn/nanhai/eng/wjbxw_1/t1381980.htm,www.fmprc.gov.cn,2016/7/13,China,Vice Foreign Minister Liu Zhenmin at the Press Conference on the White Paper Titled China Adheres to the Position of Set,HTTP_200_REDIRECTED_TO_GENERIC_SOFT404_MARKER,True,http://web.archive.org/web/20201023114517/https://www.fmprc.gov.cn/nanhai/eng/wjbxw_1/t1381980.htm,RECOVERABLE_WAYBACK
http://www.fmprc.gov.cn/mfa_eng/xwfw_665399/s2510_665401/t1382026.shtml,www.fmprc.gov.cn,2016/7/15,China,"Foreign Ministry Spokesperson Lu Kang's Regular Press Conference on July 15, 2016",HTTP_200_REDIRECTED_TO_GENERIC_SOFT404_MARKER,True,http://web.archive.org/web/20161023180908/http://www.fmprc.gov.cn:80/mfa_eng/xwfw_665399/s2510_665401/t1382026.shtml,RECOVERABLE_WAYBACK
http://www.fmprc.gov.cn/mfa_eng/wjb_663304/zwjg_665342/zwbd_665378/t1385927.shtml,www.fmprc.gov.cn,2016/7/30,China,Ambassador Liu Xiaoming's Q&A after his speech on the South China Sea at the Chatham House,HTTP_200_REDIRECTED_TO_GENERIC_SOFT404_MARKER,True,http://web.archive.org/web/20160810120904/http://www.fmprc.gov.cn:80/mfa_eng/wjb_663304/zwjg_665342/zwbd_665378/t1385927.shtml,RECOVERABLE_WAYBACK
http://www.fmprc.gov.cn/mfa_eng/xwfw_665399/s2510_665401/t1389238.shtml,www.fmprc.gov.cn,2016/8/15,China,Foreign Ministry Spokesperson Lu Kang's Remarks on Some Japanese Cabinet Members Visiting Yasukuni Shrine,HTTP_200_REDIRECTED_TO_GENERIC_SOFT404_MARKER,False,,NOT_RECOVERABLE_YET
http://www.fmprc.gov.cn/ce/cese/eng/fyrth/t1391901.htm,www.fmprc.gov.cn,2016/8/25,China,"Foreign Ministry Spokesperson Lu Kang's Regular Press Conference on August 25, 2016",HTTP_200_REDIRECTED_TO_GENERIC_SOFT404_MARKER,False,,NOT_RECOVERABLE_YET
http://www.fmprc.gov.cn/ce/cesl/eng/fyrth/t1392355.htm,www.fmprc.gov.cn,2016/8/27,China,"Foreign Ministry Spokesperson Lu Kang's Regular Press Conference on August 26, 2016",HTTP_200_REDIRECTED_TO_GENERIC_SOFT404_MARKER,False,,NOT_RECOVERABLE_YET
http://www.fmprc.gov.cn/ce/cegv/eng/fyrth/t1392725.htm,www.fmprc.gov.cn,2016/8/29,China,"Foreign Ministry Spokesperson Hua Chunying's Regular Press Conference on August 29, 2016",HTTP_200_REDIRECTED_TO_GENERIC_SOFT404_MARKER,False,,NOT_RECOVERABLE_YET
http://www.fmprc.gov.cn/mfa_eng/xwfw_665399/s2510_665401/2511_665403/t1399023.shtml,www.fmprc.gov.cn,2016/9/20,China,"Foreign Ministry Spokesperson Lu Kang's Regular Press Conference on September 20, 2016",HTTP_200_REDIRECTED_TO_GENERIC_SOFT404_MARKER,True,http://web.archive.org/web/20180709235305/http://www.fmprc.gov.cn:80/mfa_eng/xwfw_665399/s2510_665401/2511_665403/t1399023.shtml,RECOVERABLE_WAYBACK
http://www.fmprc.gov.cn/mfa_eng/xwfw_665399/s2510_665401/2511_665403/t1406504.shtml,www.fmprc.gov.cn,2016/10/17,China,"Foreign Ministry Spokesperson Hua Chunying's Regular Press Conference on October 17, 2016",HTTP_200_REDIRECTED_TO_GENERIC_SOFT404_MARKER,True,http://web.archive.org/web/20210509015202/https://www.fmprc.gov.cn/mfa_eng/xwfw_665399/s2510_665401/2511_665403/t1406504.shtml,RECOVERABLE_WAYBACK
http://www.fmprc.gov.cn/ce/cedk/eng/fyrth/t1406818.htm,www.fmprc.gov.cn,2016/10/18,China,"Foreign Ministry Spokesperson Hua Chunying's Regular Press Conference on October 18, 2016",HTTP_200_REDIRECTED_TO_GENERIC_SOFT404_MARKER,False,,NOT_RECOVERABLE_YET
http://www.fmprc.gov.cn/mfa_eng/xwfw_665399/s2510_665401/t1407178.shtml,www.fmprc.gov.cn,2016/10/19,China,"Foreign Ministry Spokesperson Hua Chunying's Regular Press Conference on October 19, 2016",HTTP_200_REDIRECTED_TO_GENERIC_SOFT404_MARKER,False,,NOT_RECOVERABLE_YET
http://www.fmprc.gov.cn/ce/cegv/eng/fyrth/t1408663.htm,www.fmprc.gov.cn,2016/10/25,China,"Foreign Ministry Spokesperson Lu Kang's Regular Press Conference on October 25, 2016",HTTP_200_REDIRECTED_TO_GENERIC_SOFT404_MARKER,False,,NOT_RECOVERABLE_YET
http://www.mofa.go.jp/press/kaiken/kaiken4e_000217.html,www.mofa.go.jp,2016/1/4,Japan,Press Conference by Foreign Minister Fumio Kishida,SKIPPED_KNOWN_BLOCKED,False,,NOT_RECOVERABLE_YET
http://japan.kantei.go.jp/97_abe/statement/201601/1215413_10999.html,japan.kantei.go.jp,2016/1/4,Japan,New Year's Press Conference by Prime Minister Shinzo Abe,HTTP_200,False,,LIVE_DIRECT
http://japan.kantei.go.jp/tyoukanpress/201601/5_a.html,japan.kantei.go.jp,2016/1/5,Japan,Press Conference by the Chief Cabinet Secretary (Excerpt),HTTP_404,True,http://web.archive.org/web/20240816003313/https://japan.kantei.go.jp/tyoukanpress/201601/5_a.html,RECOVERABLE_WAYBACK
http://www.mofa.go.jp/press/kaiken/kaiken4e_000219.html,www.mofa.go.jp,2016/1/8,Japan,Press Conference by Foreign Minister Fumio Kishida,SKIPPED_KNOWN_BLOCKED,True,http://web.archive.org/web/20230129084927/https://www.mofa.go.jp/press/kaiken/kaiken4e_000219.html,RECOVERABLE_WAYBACK
http://japan.kantei.go.jp/tyoukanpress/201601/13_p.html,japan.kantei.go.jp,2016/1/13,Japan,Press Conference by the Chief Cabinet Secretary (Excerpt),HTTP_404,True,http://web.archive.org/web/20240816003354/https://japan.kantei.go.jp/tyoukanpress/201601/13_p.html,RECOVERABLE_WAYBACK
http://www.mofa.go.jp/press/kaiken/kaiken4e_000221.html,www.mofa.go.jp,2016/1/15,Japan,Press Conference by Foreign Minister Fumio Kishida,SKIPPED_KNOWN_BLOCKED,True,http://web.archive.org/web/20230129082546/https://www.mofa.go.jp/press/kaiken/kaiken4e_000221.html,RECOVERABLE_WAYBACK
http://www.mofa.go.jp/fp/pp/page4e_000370.html,www.mofa.go.jp,2016/1/19,Japan,Policy speech by Foreign Minister Kishida at JIIA Forum,SKIPPED_KNOWN_BLOCKED,False,,NOT_RECOVERABLE_YET
http://www.mofa.go.jp/fp/pp/page24e_000140.html,www.mofa.go.jp,2016/1/22,Japan,Foreign Policy Speech by Foreign Minister Kishida to the 190th Session of the Diet,SKIPPED_KNOWN_BLOCKED,False,,NOT_RECOVERABLE_YET
http://www.mofa.go.jp/press/kaiken/kaiken4e_000223.html,www.mofa.go.jp,2016/1/22,Japan,Press Conference by Foreign Minister Fumio Kishida,SKIPPED_KNOWN_BLOCKED,False,,NOT_RECOVERABLE_YET
http://japan.kantei.go.jp/97_abe/statement/201601/1215627_10999.html,japan.kantei.go.jp,2016/1/22,Japan,Policy Speech by Prime Minister Shinzo Abe to the 190th Session of the Diet,HTTP_200,False,,LIVE_DIRECT
http://www.mofa.go.jp/press/kaiken/kaiken4e_000224.html,www.mofa.go.jp,2016/1/26,Japan,Press Conference by Foreign Minister Fumio Kishida,SKIPPED_KNOWN_BLOCKED,True,http://web.archive.org/web/20230129101933/https://www.mofa.go.jp/press/kaiken/kaiken4e_000224.html,RECOVERABLE_WAYBACK
http://japan.kantei.go.jp/tyoukanpress/201601/26_p.html,japan.kantei.go.jp,2016/1/26,Japan,Press Conference by the Chief Cabinet Secretary (Excerpt),HTTP_404,True,http://web.archive.org/web/20240816003355/https://japan.kantei.go.jp/tyoukanpress/201601/26_p.html,RECOVERABLE_WAYBACK
http://www.mofa.go.jp/press/kaiken/kaiken4e_000225.html,www.mofa.go.jp,2016/1/29,Japan,Press Conference by Foreign Minister Fumio Kishida,SKIPPED_KNOWN_BLOCKED,False,,NOT_RECOVERABLE_YET
http://japan.kantei.go.jp/97_abe/decisions/2016/1215703_11024.html,japan.kantei.go.jp,2016/1/30,Japan,Statement by the Chief Cabinet Secretary on the Visit to the Philippines by Their Majesties the Emperor and Empress of J,HTTP_200,False,,LIVE_DIRECT
http://www.mofa.go.jp/press/kaiken/kaiken4e_000244.html,www.mofa.go.jp,2016/2/17,Japan,Press Conference by Foreign Press Secretary Yasuhisa Kawamura,SKIPPED_KNOWN_BLOCKED,False,,NOT_RECOVERABLE_YET
http://japan.kantei.go.jp/tyoukanpress/201602/17_a.html,japan.kantei.go.jp,2016/2/17,Japan,Press Conference by the Chief Cabinet Secretary (Excerpt),HTTP_404,True,http://web.archive.org/web/20240816001344/https://japan.kantei.go.jp/tyoukanpress/201602/17_a.html,RECOVERABLE_WAYBACK
http://japan.kantei.go.jp/tyoukanpress/201603/1_p.html,japan.kantei.go.jp,2016/3/1,Japan,Press Conference by the Deputy Chief Cabinet Secretary (Excerpt),HTTP_404,True,http://web.archive.org/web/20250211130148/https://japan.kantei.go.jp/tyoukanpress/201603/1_p.html,RECOVERABLE_WAYBACK
http://japan.kantei.go.jp/tyoukanpress/201603/11_p.html,japan.kantei.go.jp,2016/3/11,Japan,Press Conference by the Chief Cabinet Secretary (Excerpt),HTTP_404,True,http://web.archive.org/web/20250214053520/https://japan.kantei.go.jp/tyoukanpress/201603/11_p.html,RECOVERABLE_WAYBACK
http://japan.kantei.go.jp/97_abe/statement/201605/1217844_11007.html,japan.kantei.go.jp,2016/3/27,Japan,Remarks by Prime Minister Abe during the visit to Hiroshima with President Obama of the United States,HTTP_200,False,,LIVE_DIRECT
http://www.mofa.go.jp/press/kaiken/kaiken4e_000258.html,www.mofa.go.jp,2016/4/20,Japan,Press Conference by Foreign Press Secretary Yasuhisa Kawamura,SKIPPED_KNOWN_BLOCKED,False,,NOT_RECOVERABLE_YET
http://japan.kantei.go.jp/tyoukanpress/201604/22_a.html,japan.kantei.go.jp,2016/4/22,Japan,Press Conference by the Chief Cabinet Secretary (Excerpt),HTTP_404,True,http://web.archive.org/web/20240815231618/https://japan.kantei.go.jp/tyoukanpress/201604/22_a.html,RECOVERABLE_WAYBACK
http://japan.kantei.go.jp/tyoukanpress/201605/13_p.html,japan.kantei.go.jp,2016/5/13,Japan,Press Conference by the Chief Cabinet Secretary (Excerpt),HTTP_404,True,http://web.archive.org/web/20240815233003/https://japan.kantei.go.jp/tyoukanpress/201605/13_p.html,RECOVERABLE_WAYBACK
http://japan.kantei.go.jp/tyoukanpress/201605/17_p.html,japan.kantei.go.jp,2016/5/17,Japan,Press Conference by the Chief Cabinet Secretary (Excerpt),HTTP_404,True,http://web.archive.org/web/20240815233023/https://japan.kantei.go.jp/tyoukanpress/201605/17_p.html,RECOVERABLE_WAYBACK
http://japan.kantei.go.jp/tyoukanpress/201605/30_p.html,japan.kantei.go.jp,2016/5/30,Japan,Press Conference by the Chief Cabinet Secretary (Excerpt),HTTP_404,True,http://web.archive.org/web/20240815232943/https://japan.kantei.go.jp/tyoukanpress/201605/30_p.html,RECOVERABLE_WAYBACK
http://japan.kantei.go.jp/tyoukanpress/201605/31_p.html,japan.kantei.go.jp,2016/5/31,Japan,Press Conference by the Deputy Chief Cabinet Secretary (Excerpt),HTTP_404,True,http://web.archive.org/web/20240815232956/https://japan.kantei.go.jp/tyoukanpress/201605/31_p.html,RECOVERABLE_WAYBACK
http://www.mofa.go.jp/press/kaiken/kaiken4e_000274.html,www.mofa.go.jp,2016/6/2,Japan,Press Conference by Foreign Minister Fumio Kishida,SKIPPED_KNOWN_BLOCKED,False,,NOT_RECOVERABLE_YET
http://japan.kantei.go.jp/tyoukanpress/201606/3_p.html,japan.kantei.go.jp,2016/6/3,Japan,Press Conference by the Chief Cabinet Secretary (Excerpt),HTTP_404,True,http://web.archive.org/web/20250117144937/https://japan.kantei.go.jp/tyoukanpress/201606/3_p.html,RECOVERABLE_WAYBACK
http://www.mofa.go.jp/press/kaiken/kaiken4e_000271.html,www.mofa.go.jp,2016/6/8,Japan,Press Conference by Foreign Press Secretary Yasuhisa Kawamura,SKIPPED_KNOWN_BLOCKED,True,http://web.archive.org/web/20190904121716/https://www.mofa.go.jp/press/kaiken/kaiken4e_000271.html,RECOVERABLE_WAYBACK
http://japan.kantei.go.jp/97_abe/statement/201606/1217954_11009.html,japan.kantei.go.jp,2016/6/23,Japan,Address by Prime Minister Shinzo Abe at the Memorial Ceremony to Commemorate the Fallen on the 71st Anniversary of the E,HTTP_200,False,,LIVE_DIRECT
http://japan.kantei.go.jp/tyoukanpress/201606/27_a.html,japan.kantei.go.jp,2016/6/27,Japan,Press Conference by the Chief Cabinet Secretary (Excerpt),HTTP_404,True,http://web.archive.org/web/20240816000623/https://japan.kantei.go.jp/tyoukanpress/201606/27_a.html,RECOVERABLE_WAYBACK
http://www.mofa.go.jp/press/kaiken/kaiken4e_000280.html,www.mofa.go.jp,2016/6/28,Japan,Press Conference by Foreign Minister Fumio Kishida,SKIPPED_KNOWN_BLOCKED,True,http://web.archive.org/web/20250911181938/https://www.mofa.go.jp/press/kaiken/kaiken4e_000280.html,RECOVERABLE_WAYBACK
http://www.mofa.go.jp/press/kaiken/kaiken4e_000288.html,www.mofa.go.jp,2016/7/6,Japan,Press Conference by Foreign Press Secretary Yasuhisa Kawamura,SKIPPED_KNOWN_BLOCKED,True,http://web.archive.org/web/20190904124155/https://www.mofa.go.jp/press/kaiken/kaiken4e_000288.html,RECOVERABLE_WAYBACK
http://japan.kantei.go.jp/tyoukanpress/201607/28_a.html,japan.kantei.go.jp,2016/7/28,Japan,Press Conference by the Chief Cabinet Secretary (Excerpt),HTTP_404,False,,NOT_RECOVERABLE_YET
http://www.mofa.go.jp/press/kaiken/kaiken4e_000293.html,www.mofa.go.jp,2016/8/5,Japan,Press Conference by Foreign Minister Fumio Kishida,SKIPPED_KNOWN_BLOCKED,False,,NOT_RECOVERABLE_YET
http://japan.kantei.go.jp/97_abe/statement/201608/06speech.html,japan.kantei.go.jp,2016/8/6,Japan,Address by Prime Minister Shinzo Abe at the Hiroshima Peace Memorial Ceremony,HTTP_200,False,,LIVE_DIRECT
http://japan.kantei.go.jp/97_abe/statement/201608/1218755_11013.html,japan.kantei.go.jp,2016/8/15,Japan,Address by Prime Minister Shinzo Abe at the Seventy-First National Memorial Ceremony for the War Dead,HTTP_200,False,,LIVE_DIRECT
http://japan.kantei.go.jp/tyoukanpress/201608/15_a.html,japan.kantei.go.jp,2016/8/15,Japan,Press Conference by the Chief Cabinet Secretary (Excerpt),HTTP_404,True,http://web.archive.org/web/20240815235633/https://japan.kantei.go.jp/tyoukanpress/201608/15_a.html,RECOVERABLE_WAYBACK
http://japan.kantei.go.jp/97_abe/statement/201609/71unga.html,japan.kantei.go.jp,2016/9/21,Japan,Address by Prime Minister Shinzo Abe at the Seventy-First Session of the United Nations General Assembly,HTTP_200,False,,LIVE_DIRECT
http://japan.kantei.go.jp/97_abe/statement/201609/1219335_11015.html,japan.kantei.go.jp,2016/9/23,Japan,Press Conference by Prime Minister Shinzo Abe Following the 71st Session of the United Nations General Assembly and His ,HTTP_200,False,,LIVE_DIRECT
http://www.mofa.go.jp/press/kaiken/kaiken4e_000309.html,www.mofa.go.jp,2016/10/14,Japan,Press Conference by Foreign Minister Fumio Kishida,SKIPPED_KNOWN_BLOCKED,False,,NOT_RECOVERABLE_YET
http://japan.kantei.go.jp/tyoukanpress/201610/14_a.html,japan.kantei.go.jp,2016/10/14,Japan,Press Conference by the Chief Cabinet Secretary (Excerpt),HTTP_404,False,,NOT_RECOVERABLE_YET
http://www.fmprc.gov.cn/ce/cgtrt/eng/topics/lianghui/t240621.htm,www.fmprc.gov.cn,None,China,Premier Wen Jiabao Meets Press,HTTP_200_REDIRECTED_TO_GENERIC_SOFT404_MARKER,False,,NOT_RECOVERABLE_YET
http://www.mofa.go.jp/j_info/japan/opinion/satoh.html,www.mofa.go.jp,None,Japan,"Letter written in response to the article ""Awkward Japan"" in the Washington Post",SKIPPED_KNOWN_BLOCKED,True,http://web.archive.org/web/20150907132447/http://www.mofa.go.jp/j_info/japan/opinion/satoh.html,RECOVERABLE_WAYBACK
http://www.mofa.go.jp/announce/announce/2007/3/1172927_822.html,www.mofa.go.jp,2007/3/23,Japan/China,"Japan-China Joint History Research Committee Members Pay Courtesy Call on Mr. Taro Aso, Minister for Foreign Affairs",SKIPPED_KNOWN_BLOCKED,True,http://web.archive.org/web/20190901170904/https://www.mofa.go.jp/announce/announce/2007/3/1172927_822.html,RECOVERABLE_WAYBACK
http://www.mofa.go.jp/region/asia-paci/korea/report0506.html,www.mofa.go.jp,2005/6/1,Japan/Korea,Disclosure of the Report by the Japan-ROK Joint History Research Committee,SKIPPED_KNOWN_BLOCKED,True,http://web.archive.org/web/20221005235713/https://www.mofa.go.jp/region/asia-paci/korea/report0506.html,RECOVERABLE_WAYBACK
http://mofa.go.kr/webmodule/htsboard/template/read/engreadboard.jsp?typeID=12&boardid=303&seqno=314216&c=&t=&pagenum=1&tableName=TYPE_ENGLISH&pc=&dc=&wc=&lu=&vu=&iu=&du=,mofa.go.kr,2014/9/4,Korea,"Spokesperson's Press Briefing(September 4, 2014)",SKIPPED_KNOWN_BLOCKED,False,,NOT_RECOVERABLE_YET
http://mofa.go.kr/webmodule/htsboard/template/read/engreadboard.jsp?boardid=303&typeID=12&tableName=TYPE_ENGLISH&seqno=314268,mofa.go.kr,2014/9/23,Korea,"Spokesperson's Press Briefing (September 23, 2014)",SKIPPED_KNOWN_BLOCKED,False,,NOT_RECOVERABLE_YET
http://mofa.go.kr/webmodule/htsboard/template/read/engreadboard.jsp?boardid=303&typeID=12&tableName=TYPE_ENGLISH&seqno=314281,mofa.go.kr,2014/9/25,Korea,"Spokesperson's Press Briefing (September 25, 2014)",SKIPPED_KNOWN_BLOCKED,False,,NOT_RECOVERABLE_YET
https://www.mofa.go.kr/webmodule/htsboard/template/read/engreadboard.jsp?boardid=303&typeID=12&tableName=TYPE_ENGLISH&seqno=314462,www.mofa.go.kr,2014/10/28,Korea,"Spokesperson's Press Briefing (October 28, 2014)",SKIPPED_KNOWN_BLOCKED,False,,NOT_RECOVERABLE_YET
http://www.mofa.go.kr/webmodule/htsboard/template/read/engreadboard.jsp?typeID=12&boardid=303&seqno=314498,www.mofa.go.kr,2014/11/6,Korea,"Spokesperson's Press Briefing (November 6, 2014)",SKIPPED_KNOWN_BLOCKED,False,,NOT_RECOVERABLE_YET
http://www.mofa.go.kr/webmodule/htsboard/template/read/engreadboard.jsp?typeID=12&boardid=303&seqno=314526,www.mofa.go.kr,2014/11/13,Korea,"Spokesperson's Press Briefing (November 13, 2014)",SKIPPED_KNOWN_BLOCKED,False,,NOT_RECOVERABLE_YET
http://www.mofa.go.kr/webmodule/htsboard/template/read/engreadboard.jsp?typeID=12&boardid=303&seqno=314586,www.mofa.go.kr,2014/11/27,Korea,"Spokesperson's Press Briefing (November 27, 2014)",SKIPPED_KNOWN_BLOCKED,False,,NOT_RECOVERABLE_YET
http://mcms.mofa.go.kr/webmodule/htsboard/template/read/engreadboard.jsp?typeID=12&boardid=303&seqno=314789&c=&t=&pagenum=1&tableName=TYPE_ENGLISH&pc=&dc=&wc=&lu=&vu=&iu=&du=,mcms.mofa.go.kr,2015/1/13,Korea,"Spokesperson's Press Briefing (January 13, 2015)",SKIPPED_KNOWN_BLOCKED,False,,NOT_RECOVERABLE_YET
http://www.mofa.go.kr/webmodule/htsboard/template/read/engreadboard.jsp?typeID=12&boardid=303&seqno=314812,www.mofa.go.kr,2015/1/22,Korea,"Spokesperson's Press Briefing (January 22, 2015)",SKIPPED_KNOWN_BLOCKED,False,,NOT_RECOVERABLE_YET
http://www.mofa.go.kr/webmodule/htsboard/template/read/engreadboard.jsp?typeID=12&boardid=303&seqno=314830,www.mofa.go.kr,2015/1/27,Korea,"Spokesperson's Press Briefing (January 27, 2015)",SKIPPED_KNOWN_BLOCKED,False,,NOT_RECOVERABLE_YET
http://www.mofa.go.kr/webmodule/htsboard/template/read/engreadboard.jsp?typeID=12&boardid=14137&seqno=313402&c=&t=&pagenum=1&tableName=TYPE_ENGLISH&pc=&dc=&wc=&lu=&vu=&iu=&du=,www.mofa.go.kr,2015/2/18,Korea,Congratulatory Remarks at the Launching Ceremony of the Peninsula Club,SKIPPED_KNOWN_BLOCKED,False,,NOT_RECOVERABLE_YET
http://www.mofa.go.kr/ENG/press/pressbriefings/index.jsp?menu=m_10_30&sp=/webmodule/htsboard/template/read/engreadboard.jsp%3FtypeID=12%26boardid=303%26seqno=314924,www.mofa.go.kr,2015/2/26,Korea,"Spokesperson's Press Briefing (February 26, 2015)",SKIPPED_KNOWN_BLOCKED,False,,NOT_RECOVERABLE_YET
http://www.mofa.go.kr/webmodule/htsboard/template/read/engreadboard.jsp?typeID=12&boardid=14195&seqno=315046&c=all&t=comfort%20women&pagenum=1&tableName=TYPE_ENGLISH&pc=&dc=&wc=&lu=&vu=&iu=&du=,www.mofa.go.kr,2015/3/1,Korea,Address by President Park Geun-hye on the 96th March First Independence Movement Day,SKIPPED_KNOWN_BLOCKED,False,,NOT_RECOVERABLE_YET
http://www.mofa.go.kr/webmodule/htsboard/template/read/engreadboard.jsp?typeID=12&boardid=4726&seqno=314939&c=all&t=comfort%20women&pagenum=1&tableName=TYPE_ENGLISH&pc=&dc=&wc=&lu=&vu=&iu=&du=,www.mofa.go.kr,2015/3/3,Korea,2nd Vice Minister's Statement at the High-level Segment of the 28th Session of the UN Human Rights Council,SKIPPED_KNOWN_BLOCKED,False,,NOT_RECOVERABLE_YET
http://www.mofa.go.kr/webmodule/htsboard/template/read/engreadboard.jsp?typeID=12&boardid=303&seqno=314961,www.mofa.go.kr,2015/3/10,Korea,"Spokesperson's Press Briefing (March 10, 2015)",SKIPPED_KNOWN_BLOCKED,False,,NOT_RECOVERABLE_YET
http://www.mofa.go.kr/webmodule/htsboard/template/read/engreadboard.jsp?typeID=12&boardid=10826&seqno=315113&c=&t=&pagenum=1&tableName=TYPE_ENGLISH&pc=&dc=&wc=&lu=&vu=&iu=&du=,www.mofa.go.kr,2015/4/8,Korea,MOFA Spokesperson’s Statement on the Account of ROK-Japan Relations in Japan’s Diplomatic Bluebook 2015,SKIPPED_KNOWN_BLOCKED,False,,NOT_RECOVERABLE_YET
http://www.mofa.go.kr/webmodule/htsboard/template/read/engreadboard.jsp?typeID=12&boardid=4726&seqno=315135&c=all&t=comfort%20women&pagenum=1&tableName=TYPE_ENGLISH&pc=&dc=&wc=&lu=&vu=&iu=&du=,www.mofa.go.kr,2015/4/13,Korea,2nd Vice Minister's Speech at the World Journalist Conference 2015,SKIPPED_KNOWN_BLOCKED,False,,NOT_RECOVERABLE_YET
http://www.mofa.go.kr/webmodule/htsboard/template/read/engreadboard.jsp?boardid=302&typeID=12&tableName=TYPE_ENGLISH&seqno=315169,www.mofa.go.kr,2015/4/22,Korea,MOFA Spokesperson’s Commentary on Japanese Leaders Sending Offerings to and Paying Tribute at the Yasukuni Shrine,SKIPPED_KNOWN_BLOCKED,False,,NOT_RECOVERABLE_YET
http://www.mofa.go.kr/webmodule/htsboard/template/read/engreadboard.jsp?typeID=12&boardid=303&seqno=315329,www.mofa.go.kr,2015/6/11,Korea,"Spokesperson's Press Briefing (June 11, 2015)",SKIPPED_KNOWN_BLOCKED,False,,NOT_RECOVERABLE_YET
http://www.mofa.go.kr/webmodule/htsboard/template/read/engreadboard.jsp?typeID=12&boardid=303&seqno=315347,www.mofa.go.kr,2015/6/16,Korea,"Spokesperson's Press Briefing (June 16, 2015)",SKIPPED_KNOWN_BLOCKED,False,,NOT_RECOVERABLE_YET
http://www.mofa.go.kr/webmodule/htsboard/template/read/engreadboard.jsp?typeID=12&boardid=303&seqno=315451,www.mofa.go.kr,2015/7/9,Korea,"Spokesperson's Press Briefing (July 9, 2015)",SKIPPED_KNOWN_BLOCKED,False,,NOT_RECOVERABLE_YET
http://www.mofa.go.kr/webmodule/htsboard/template/read/engreadboard.jsp?typeID=12&boardid=14195&seqno=315910&c=all&t=comfort%20women&pagenum=1&tableName=TYPE_ENGLISH&pc=&dc=&wc=&lu=&vu=&iu=&du=,www.mofa.go.kr,2015/8/15,Korea,Commemorative Address by President Park Geun-hye on the 70th Anniversary of Liberation,SKIPPED_KNOWN_BLOCKED,False,,NOT_RECOVERABLE_YET
http://www.mofa.go.kr/webmodule/htsboard/template/read/engreadboard.jsp?typeID=12&boardid=302&seqno=315568&c=&t=&pagenum=1&tableName=TYPE_ENGLISH&pc=&dc=&wc=&lu=&vu=&iu=&du=,www.mofa.go.kr,2015/8/15,Korea,MOFA Spokesperson’s Commentary on the Abe Statement Issued to Mark the 70th Anniversary of the End of World War II,SKIPPED_KNOWN_BLOCKED,False,,NOT_RECOVERABLE_YET
http://www.mofa.go.kr/webmodule/htsboard/template/read/engreadboard.jsp?boardid=302&typeID=12&tableName=TYPE_ENGLISH&seqno=315569,www.mofa.go.kr,2015/8/15,Korea,MOFA Spokesperson’s Commentary on the Japanese Prime Minister Sending a Cash Offering to the Yasukuni Shrine,SKIPPED_KNOWN_BLOCKED,False,,NOT_RECOVERABLE_YET
http://usa-dallas.mofa.go.kr/english/am/usa-dallas/mission/notice/index.jsp?sp=/webmodule/htsboard/template/read/engreadboard.jsp%3FtypeID=16%26boardid=14092%26seqno=724278%26tableName=TYPE_ENGLEGATIO,usa-dallas.mofa.go.kr,2015/8/15,Korea,70th Anniversary of Liberation Speech,SKIPPED_KNOWN_BLOCKED,False,,NOT_RECOVERABLE_YET
http://www.mofa.go.kr/ENG/press/pressbriefings/index.jsp?menu=m_10_30&sp=/webmodule/htsboard/template/read/engreadboard.jsp%3FtypeID=12%26boardid=303%26seqno=315748,www.mofa.go.kr,2015/10/13,Korea,"Spokesperson's Press Briefing (October 13, 2015)",SKIPPED_KNOWN_BLOCKED,False,,NOT_RECOVERABLE_YET
http://www.mofa.go.kr/webmodule/htsboard/template/read/engreadboard.jsp?boardid=302&typeID=12&tableName=TYPE_ENGLISH&seqno=315777,www.mofa.go.kr,2015/10/18,Korea,MOFA Spokesperson’s Commentary on the Japanese Prime Minister Sending an Offering to the Yasukuni Shrine,SKIPPED_KNOWN_BLOCKED,False,,NOT_RECOVERABLE_YET
http://www.mofa.go.kr/ENG/press/pressbriefings/index.jsp?menu=m_10_30&sp=/webmodule/htsboard/template/read/engreadboard.jsp%3FtypeID=12%26boardid=303%26seqno=315932,www.mofa.go.kr,2015/12/8,Korea,"Spokesperson's Press Briefing (December 8, 2015)",SKIPPED_KNOWN_BLOCKED,False,,NOT_RECOVERABLE_YET
http://www.mofa.go.kr/webmodule/htsboard/template/read/engreadboard.jsp?typeID=12&boardid=303&seqno=315928,www.mofa.go.kr,2015/12/10,Korea,"Spokesperson's Press Briefing (December 10, 2015)",SKIPPED_KNOWN_BLOCKED,False,,NOT_RECOVERABLE_YET
http://www.mofa.go.kr/webmodule/htsboard/template/read/engreadboard.jsp?typeID=11&boardid=303&seqno=315962&tableName=TYPE_ENGLISH,www.mofa.go.kr,2015/12/15,Korea,"Spokesperson's Press Briefing (December 15, 2015)",SKIPPED_KNOWN_BLOCKED,False,,NOT_RECOVERABLE_YET
http://www.mofa.go.kr/ENG/press/pressbriefings/index.jsp?menu=m_10_30&sp=/webmodule/htsboard/template/read/engreadboard.jsp%3FtypeID=12%26boardid=303%26seqno=315972%26tableName=TYPE_ENGLISH,www.mofa.go.kr,2015/12/22,Korea,"Spokesperson's Press Briefing (December 22, 2015)",SKIPPED_KNOWN_BLOCKED,False,,NOT_RECOVERABLE_YET
http://www.mofa.go.kr/webmodule/htsboard/template/read/engreadboard.jsp?typeID=12&boardid=14195&seqno=316814&c=TITLE&t=comfort%20women&pagenum=1&tableName=TYPE_ENGLISH&pc=&dc=&wc=&lu=&vu=&iu=&du=,www.mofa.go.kr,2015/12/31,Korea,"Address to the Nation on the Agreement on the ""Comfort Women"" issue",SKIPPED_KNOWN_BLOCKED,False,,NOT_RECOVERABLE_YET
http://www.mofa.go.kr/webmodule/htsboard/template/read/engreadboard.jsp?typeID=12&boardid=303&seqno=316104,www.mofa.go.kr,2016/1/19,Korea,"Spokesperson's Press Briefing (January 19, 2016)",SKIPPED_KNOWN_BLOCKED,False,,NOT_RECOVERABLE_YET
http://www.mofa.go.kr/webmodule/htsboard/template/read/engreadboard.jsp?typeID=12&boardid=303&seqno=316099,www.mofa.go.kr,2016/1/21,Korea,"Spokesperson's Press Briefing (January 21, 2016)",SKIPPED_KNOWN_BLOCKED,False,,NOT_RECOVERABLE_YET
http://www.mofa.go.kr/webmodule/htsboard/template/read/engreadboard.jsp?typeID=12&boardid=303&seqno=316209&tableName=TYPE_ENGLISH,www.mofa.go.kr,2016/2/18,Korea,"Spokesperson's Press Briefing (February 18, 2016)",SKIPPED_KNOWN_BLOCKED,False,,NOT_RECOVERABLE_YET
http://un.mofa.go.kr/webmodule/htsboard/template/read/legengreadboard.jsp?typeID=16&boardid=10470&seqno=732769&c=&t=&pagenum=1&tableName=TYPE_ENGLEGATIO&pc=&dc=&wc=&lu=&vu=&iu=&du=,un.mofa.go.kr,2016/3/18,Korea,MOFA Spokesperson’s Statement on Japan’s Authorization of High School Textbooks,SKIPPED_KNOWN_BLOCKED,False,,NOT_RECOVERABLE_YET
http://www.mofa.go.kr/webmodule/htsboard/template/read/engreadboard.jsp?typeID=12&boardid=14195&seqno=316820&c=all&t=comfort%20women&pagenum=1&tableName=TYPE_ENGLISH&pc=&dc=&wc=&lu=&vu=&iu=&du=,www.mofa.go.kr,2016/5/17,Korea,Congratulatory Remarks by President Park Geun-hye at the 7th Asian Leadership Conference,SKIPPED_KNOWN_BLOCKED,False,,NOT_RECOVERABLE_YET
http://www.mofa.go.kr/webmodule/htsboard/template/read/engreadboard.jsp?typeID=12&boardid=303&seqno=316585,www.mofa.go.kr,2016/5/31,Korea,"Spokesperson's Press Briefing (May 31, 2016)",SKIPPED_KNOWN_BLOCKED,False,,NOT_RECOVERABLE_YET
http://www.mofa.go.kr/webmodule/htsboard/template/read/engreadboard.jsp?typeID=12&boardid=4726&seqno=317362&c=all&t=comfort%20women&pagenum=1&tableName=TYPE_ENGLISH&pc=&dc=&wc=&lu=&vu=&iu=&du=,www.mofa.go.kr,2016/7/4,Korea,2nd Vice Minister's Keynote Address at the Opening Ceremony of the 2016 Seoul Academy of International Law,SKIPPED_KNOWN_BLOCKED,False,,NOT_RECOVERABLE_YET
http://mcms.mofa.go.kr/webmodule/htsboard/template/read/engreadboard.jsp?typeID=12&boardid=302&seqno=316923&c=&t=&pagenum=1&tableName=TYPE_ENGLISH&pc=&dc=&wc=&lu=&vu=&iu=&du=,mcms.mofa.go.kr,2016/8/15,Korea,MOFA Spokesperson’s Commentary on Japanese Political Leaders Sending Offerings to and Paying Tribute at the Yasukuni Shr,SKIPPED_KNOWN_BLOCKED,False,,NOT_RECOVERABLE_YET
https://mcms.mofa.go.kr:9090/ENG/press/ministrynews/20161013/1_76195.jsp?menu=m_10_10,mcms.mofa.go.kr:9090,2016/10/13,Korea,MOFA Spokesperson’s Commentary on Sending Offerings to and Paying Tribute at the Yasukuni Shrine,ERROR_URLError,False,,NOT_RECOVERABLE_YET
http://mofa.go.kr/webmodule/htsboard/template/read/engreadboard.jsp?typeID=12&boardid=302&seqno=317549&c=&t=&pagenum=1&tableName=TYPE_ENGLISH&pc=&dc=&wc=&lu=&vu=&iu=&du=,mofa.go.kr,2016/10/18,Korea,MOFA Spokesperson’s Commentary on Sending Offerings to and Paying Tribute at the Yasukuni Shrine,SKIPPED_KNOWN_BLOCKED,False,,NOT_RECOVERABLE_YET
http://www.mofa.go.kr/webmodule/htsboard/template/read/korboardread.jsp?typeID=12&boardid=302&seqno=313421&c=&t=&pagenum=1&tableName=TYPE_ENGLISH&pc=&dc=&wc=&lu=&vu=&iu=&du=,www.mofa.go.kr,None,Korea,MOFA Spokesperson’s Statement: “Japan’s provocation over Dokdo and its evasion of responsibility for sexual slavery vict,SKIPPED_KNOWN_BLOCKED,False,,NOT_RECOVERABLE_YET
http://www.mofa.go.kr/webmodule/htsboard/template/read/korboardread.jsp?typeID=12&boardid=302&seqno=313658&c=&t=&pagenum=1&tableName=TYPE_ENGLISH&pc=&dc=&wc=&lu=&vu=&iu=&du=,www.mofa.go.kr,None,Korea,MOFA Spokesperson’s Commentary on the Japanese Prime Minister’s Offering to the Yasukuni Shrine,SKIPPED_KNOWN_BLOCKED,False,,NOT_RECOVERABLE_YET
http://www.mofa.go.kr/webmodule/htsboard/template/read/korboardread.jsp?typeID=12&boardid=10826&seqno=313430&c=&t=&pagenum=1&tableName=TYPE_ENGLISH&pc=&dc=&wc=&lu=&vu=&iu=&du=,www.mofa.go.kr,None,Korea,MOFA Spokesperson’s Statement on Japan’s Inclusion of Dokdo Claims in Revised Teaching Manuals,SKIPPED_KNOWN_BLOCKED,False,,NOT_RECOVERABLE_YET
http://uga.mofa.go.kr/webmodule/htsboard/template/read/korboardread.jsp?typeID=16&boardid=13912&seqno=714537&c=&t=&pagenum=1&tableName=TYPE_ENGLEGATIO&pc=&dc=&wc=&lu=&vu=&iu=&du=,uga.mofa.go.kr,None,Korea,ROK MOFA Spokesperson’s Commentary on the Deletion of the Asian Women’s Fund Statement from the Japanese MOFA Website,SKIPPED_KNOWN_BLOCKED,False,,NOT_RECOVERABLE_YET
http://www.mofa.go.kr/webmodule/htsboard/template/read/korboardread.jsp?typeID=12&boardid=302&seqno=312383&c=&t=&pagenum=1&tableName=TYPE_ENGLISH&pc=&dc=&wc=&lu=&vu=&iu=&du=,www.mofa.go.kr,None,Korea,ROK Government Expresses Grave Concern over the Issue of Military Sexual Slavery Victims by Japan and Japan’s Historical,SKIPPED_KNOWN_BLOCKED,False,,NOT_RECOVERABLE_YET
http://uga.mofa.go.kr/webmodule/htsboard/template/read/korboardread.jsp?typeID=16&boardid=13912&seqno=684655&c=&t=&pagenum=1&tableName=TYPE_ENGLEGATIO&pc=&dc=&wc=&lu=&vu=&iu=&du=,uga.mofa.go.kr,None,Korea,Seoul Strongly Urges Tokyo to Repeal History Textbook Approval,SKIPPED_KNOWN_BLOCKED,False,,NOT_RECOVERABLE_YET
http://www.mofa.go.kr/webmodule/htsboard/template/read/korboardread.jsp?typeID=12&boardid=10826&seqno=310812&c=&t=&pagenum=1&tableName=TYPE_ENGLISH&pc=&dc=&wc=&lu=&vu=&iu=&du=,www.mofa.go.kr,None,Korea,MOFAT Spokesperson’s Statement on the Japanese Foreign Minister’s Remarks Regarding Dokdo,SKIPPED_KNOWN_BLOCKED,False,,NOT_RECOVERABLE_YET
http://www.mofa.go.kr/webmodule/htsboard/template/read/korboardread.jsp?typeID=12&boardid=302&seqno=313285&c=&t=&pagenum=1&tableName=TYPE_ENGLISH&pc=&dc=&wc=&lu=&vu=&iu=&du=,www.mofa.go.kr,None,Korea,MOFA Spokesperson’s Commentary on the Japanese Chief Cabinet Secretary’s Remarks Regarding Korean Patriot Ahn Jung-geun,SKIPPED_KNOWN_BLOCKED,False,,NOT_RECOVERABLE_YET
http://www.mofa.go.jp/policy/postwar/issue9308.html,www.mofa.go.jp,1993/8/4,Japan,"On the Issue of ""Comfort Women""",SKIPPED_KNOWN_BLOCKED,False,,NOT_RECOVERABLE_YET
http://www.mofa.go.jp/policy/women/fund/project0107-1.html,www.mofa.go.jp,2001/7/13,Japan,On the Completion of the 'Atonement Project' of the Asian Women's Fund (AWF) in the Netherlands,SKIPPED_KNOWN_BLOCKED,True,http://web.archive.org/web/20250126032404/https://www.mofa.go.jp/policy/women/fund/project0107-1.html,RECOVERABLE_WAYBACK
http://japan.kantei.go.jp/koizumiphoto/2001/08/15senbotusya_e.html,japan.kantei.go.jp,2001/8/15,Japan,Prime Minister Attends the Memorial Service for the War Dead,HTTP_404,True,http://web.archive.org/web/20240815184100/https://japan.kantei.go.jp/koizumiphoto/2001/08/15senbotusya_e.html,RECOVERABLE_WAYBACK
http://www.mofa.go.jp/policy/postwar/outline.html,www.mofa.go.jp,2001/11/30,Japan,"Outline of the"" Peace, Friendship, and Exchange Initiative""",SKIPPED_KNOWN_BLOCKED,True,http://web.archive.org/web/20260609184653/https://www.mofa.go.jp/policy/postwar/outline.html,RECOVERABLE_WAYBACK
http://japan.kantei.go.jp/koizumiphoto/2002/08/15shusen_e.html,japan.kantei.go.jp,2002/8/15,Japan,Prime Minister Attends the Memorial Service for the War Dead,HTTP_404,False,,NOT_RECOVERABLE_YET
http://japan.kantei.go.jp/koizumiphoto/2003/08/15shusen_e.html,japan.kantei.go.jp,2003/8/15,Japan,Prime Minister Attends the Memorial Service for the War Dead,HTTP_404,True,http://web.archive.org/web/20240815184805/https://japan.kantei.go.jp/koizumiphoto/2003/08/15shusen_e.html,RECOVERABLE_WAYBACK
http://japan.kantei.go.jp/koizumiphoto/2004/08/15shusen_e.html,japan.kantei.go.jp,2004/8/15,Japan,Prime Minister Attends the Memorial Service for the War Dead,HTTP_404,True,http://web.archive.org/web/20240815183943/https://japan.kantei.go.jp/koizumiphoto/2004/08/15shusen_e.html,RECOVERABLE_WAYBACK
http://www.mofa.go.jp/policy/un/fmv0504/speech.html,www.mofa.go.jp,2005/4/29,Japan,Japan's Global Strategy and the Japan-US Global Partnership on the 60th Anniversary of the End of World War II,SKIPPED_KNOWN_BLOCKED,True,http://web.archive.org/web/20260917135557/https://www.mofa.go.jp/policy/un/fmv0504/speech.html,RECOVERABLE_WAYBACK
http://www.mofa.go.jp/policy/education/textbooks/index.html,www.mofa.go.jp,2005/6,Japan,Japan's School Textbook Examination Procedure,SKIPPED_KNOWN_BLOCKED,True,http://web.archive.org/web/20201030170538/https://www.mofa.go.jp/policy/education/textbooks/index.html,RECOVERABLE_WAYBACK
http://japan.kantei.go.jp/koizumiphoto/2005/08/15syuusen_e.html,japan.kantei.go.jp,2005/8/15,Japan,Prime Minister Attends the Memorial Service for the War Dead,HTTP_404,True,http://web.archive.org/web/20240815184614/https://japan.kantei.go.jp/koizumiphoto/2005/08/15syuusen_e.html,RECOVERABLE_WAYBACK
http://www.mofa.go.jp/policy/postwar/yasukuni/position.html,www.mofa.go.jp,2005/10,Japan,Basic Position of the Government of Japan Regarding Prime Minister Koizumi's Visits to Yasukuni Shrine,SKIPPED_KNOWN_BLOCKED,True,http://web.archive.org/web/20200827231440/https://www.mofa.go.jp/policy/postwar/yasukuni/position.html,RECOVERABLE_WAYBACK
http://www.mofa.go.jp/announce/event/2007/3/1172851_844.html,www.mofa.go.jp,2007/3/17,Japan/China,Second Meeting of the Japan-China Joint History Research Committee,SKIPPED_KNOWN_BLOCKED,True,http://web.archive.org/web/20251213050628/https://www.mofa.go.jp/announce/event/2007/3/1172851_844.html,RECOVERABLE_WAYBACK
http://www.mofa.go.jp/announce/event/2007/4/1173217_846.html,www.mofa.go.jp,2007/4/27,Japan/Korea,"""Second Phase of the Japan-ROK Joint History Research Committee"" First Meeting of Chairpersons",SKIPPED_KNOWN_BLOCKED,True,http://web.archive.org/web/20230529011352/https://www.mofa.go.jp/announce/event/2007/4/1173217_846.html,RECOVERABLE_WAYBACK
http://www.mofa.go.jp/announce/event/2007/6/1174185_850.html,www.mofa.go.jp,2007/6/25,Japan/Korea,"First Assistance Committee for the ""Second Phase of the Japan-ROK Joint History Research"" and the First Regular Consulta",SKIPPED_KNOWN_BLOCKED,False,,NOT_RECOVERABLE_YET
http://www.mofa.go.jp/policy/page3e_000118.html,www.mofa.go.jp,2013/11/6,Japan,The views of the Government of Japan on issues of history including “comfort women”,SKIPPED_KNOWN_BLOCKED,True,http://web.archive.org/web/20251120075946/https://www.mofa.go.jp/policy/page3e_000118.html,RECOVERABLE_WAYBACK
http://www.mofa.go.jp/mofaj/files/000042167.pdf,www.mofa.go.jp,2014/6/20,Japan,Details of Exchanges Between Japan and the Republic of Korea (ROK) Regarding the Comfort Women Issue: From the Drafting ,SKIPPED_KNOWN_BLOCKED,False,,NOT_RECOVERABLE_YET
http://www.mofa.go.jp/policy/women/fund/policy.html,www.mofa.go.jp,2014/10/14,Japan,"Measures Taken by the Government of Japan on the Issue known as ""Comfort Women""",SKIPPED_KNOWN_BLOCKED,True,http://web.archive.org/web/20251227213935/https://www.mofa.go.jp/policy/women/fund/policy.html,RECOVERABLE_WAYBACK
http://www.mofa.go.jp/a_o/na/kr/page3e_000408.html,www.mofa.go.jp,2015/11/2,Japan/Korea,Japan-ROK Summit Meeting,SKIPPED_KNOWN_BLOCKED,False,,NOT_RECOVERABLE_YET
http://www.mofa.go.jp/policy/q_a/faq16.html,www.mofa.go.jp,2016/8/9,Japan,History Issues Q&A,SKIPPED_KNOWN_BLOCKED,True,http://web.archive.org/web/20260719150757/https://www.mofa.go.jp/policy/q_a/faq16.html,RECOVERABLE_WAYBACK
http://www.mofa.go.kr/webmodule/htsboard/template/read/engreadboard.jsp?boardid=302&typeID=12&tableName=TYPE_ENGLISH&seqno=315017,www.mofa.go.kr,2015/3/21,Korea,Foreign Minister Meets with his Japanese Counterpart on the Sidelines of an ROK-Japan-China Foreign Ministers’ Meeting,SKIPPED_KNOWN_BLOCKED,False,,NOT_RECOVERABLE_YET
http://www.mofa.go.jp/region/asia-paci/china/pmv0110/meet-2.html,www.mofa.go.jp,2001/10/8,2001-2005,Visit to the People's Republic of China by Prime Minister Junichiro Koizumi,SKIPPED_KNOWN_BLOCKED,False,,NOT_RECOVERABLE_YET
http://www.mofa.go.kr/webmodule/htsboard/template/read/engreadboard.jsp?typeID=12&boardid=302&seqno=315369,www.mofa.go.kr,2015/6/21,2011-2015,Foreign Minister Meets with his Japanese Counterpart,SKIPPED_KNOWN_BLOCKED,False,,NOT_RECOVERABLE_YET
http://www.mofa.go.kr/webmodule/htsboard/template/read/engreadboard.jsp?typeID=12&boardid=302&seqno=316069&c=&t=&pagenum=1&tableName=TYPE_ENGLISH&pc=&dc=&wc=&lu=&vu=&iu=&du=,www.mofa.go.kr,2016/1/16,2016-Present,Outcome of the ROK-Japan Vice Foreign Ministerial Meeting Held on the Sidelines of the ROK-US-Japan Vice Foreign Ministe,SKIPPED_KNOWN_BLOCKED,False,,NOT_RECOVERABLE_YET
http://www.mofa.go.jp/policy/other/bluebook/1986/1986-appendix.htm,www.mofa.go.jp,1986/1/27,1986-1990,Main Speeches by the Prime Minister and the Minister for Foreign Affairs,SKIPPED_KNOWN_BLOCKED,True,http://web.archive.org/web/20240724141810/https://www.mofa.go.jp/policy/other/bluebook/1986/1986-appendix.htm,RECOVERABLE_WAYBACK
